-- phpMyAdmin SQL Dump
-- version 3.2.4
-- http://www.phpmyadmin.net
--
-- Host: localhost
-- Generation Time: Jul 11, 2013 at 09:13 AM
-- Server version: 5.1.41
-- PHP Version: 5.3.1

SET SQL_MODE="NO_AUTO_VALUE_ON_ZERO";


/*!40101 SET @OLD_CHARACTER_SET_CLIENT=@@CHARACTER_SET_CLIENT */;
/*!40101 SET @OLD_CHARACTER_SET_RESULTS=@@CHARACTER_SET_RESULTS */;
/*!40101 SET @OLD_COLLATION_CONNECTION=@@COLLATION_CONNECTION */;
/*!40101 SET NAMES utf8 */;

--
-- Database: `rs_jember`
--

-- --------------------------------------------------------

--
-- Table structure for table `admission_bayar`
--

CREATE TABLE IF NOT EXISTS `admission_bayar` (
  `id` int(3) NOT NULL AUTO_INCREMENT,
  `cara_bayar` varchar(30) NOT NULL,
  `keterangan` varchar(20) NOT NULL,
  PRIMARY KEY (`id`)
) ENGINE=MyISAM  DEFAULT CHARSET=latin1 AUTO_INCREMENT=15 ;

--
-- Dumping data for table `admission_bayar`
--

INSERT INTO `admission_bayar` (`id`, `cara_bayar`, `keterangan`) VALUES
(1, 'PROGRAM', ''),
(2, 'ANAK SEKOLAH', ''),
(3, 'PRIBADI', ''),
(4, 'JAMSOSTEK', ''),
(5, 'JAMPERSAL', ''),
(6, 'JAMKESDA', ''),
(7, 'JAMKESMAS', ''),
(8, 'ASKES', '');

-- --------------------------------------------------------

--
-- Table structure for table `admission_klinik`
--

CREATE TABLE IF NOT EXISTS `admission_klinik` (
  `id` int(3) NOT NULL AUTO_INCREMENT,
  `nama_klinik` varchar(30) NOT NULL,
  `keterangan` varchar(20) NOT NULL,
  PRIMARY KEY (`id`)
) ENGINE=MyISAM  DEFAULT CHARSET=latin1 AUTO_INCREMENT=18 ;

--
-- Dumping data for table `admission_klinik`
--

INSERT INTO `admission_klinik` (`id`, `nama_klinik`, `keterangan`) VALUES
(1, 'Anak', 'poli anak misale'),
(2, 'IGD', 'poli lain misale'),
(3, 'Dewasa', ''),
(4, 'Gizi', ''),
(5, 'Gigi', ''),
(6, 'Imunisasi', ''),
(7, 'Kebidanan', ''),
(8, 'KB', ''),
(9, 'Laboratorium', ''),
(10, 'Lansia', '');

-- --------------------------------------------------------

--
-- Table structure for table `admission_petugas`
--

CREATE TABLE IF NOT EXISTS `admission_petugas` (
  `id` int(5) unsigned NOT NULL AUTO_INCREMENT,
  `username` varchar(50) DEFAULT NULL,
  `password` varchar(50) DEFAULT NULL,
  `petugas_role_id` int(3) DEFAULT NULL,
  `handphone` varchar(14) NOT NULL,
  `email` varchar(50) NOT NULL,
  `no_identitas` varchar(20) NOT NULL,
  `nama_lengkap` varchar(20) NOT NULL,
  `birth` date NOT NULL,
  `sex` varchar(1) NOT NULL,
  `alamat_lengkap` varchar(150) NOT NULL,
  `gambar_profil` varchar(300) NOT NULL,
  PRIMARY KEY (`id`)
) ENGINE=MyISAM DEFAULT CHARSET=latin1 AUTO_INCREMENT=1 ;

--
-- Dumping data for table `admission_petugas`
--


-- --------------------------------------------------------

--
-- Table structure for table `admission_petugas_role`
--

CREATE TABLE IF NOT EXISTS `admission_petugas_role` (
  `id` int(11) NOT NULL AUTO_INCREMENT,
  `nama_role` varchar(50) NOT NULL,
  `keterangan` varchar(100) NOT NULL,
  PRIMARY KEY (`id`)
) ENGINE=MyISAM  DEFAULT CHARSET=latin1 AUTO_INCREMENT=8 ;

--
-- Dumping data for table `admission_petugas_role`
--

INSERT INTO `admission_petugas_role` (`id`, `nama_role`, `keterangan`) VALUES
(1, 'admin', ''),
(2, 'Dokter Gigi', ''),
(3, 'Dokter Umum', ''),
(4, 'Perawat', ''),
(5, 'Perawat Gigi', ''),
(6, 'Bidan', ''),
(7, 'Administrasi', '');

-- --------------------------------------------------------

--
-- Table structure for table `admission_registrasi`
--

CREATE TABLE IF NOT EXISTS `admission_registrasi` (
  `id` varchar(35) NOT NULL,
  `anggota_keluarga_id` int(11) NOT NULL,
  `klinik_id` int(2) NOT NULL,
  `bayar_id` int(2) NOT NULL,
  `petugas_id` int(4) NOT NULL,
  `tanggal_registrasi` date NOT NULL,
  `nomor_antrian` int(4) NOT NULL,
  `unit_kerja_id` int(3) NOT NULL,
  `validasi_reg` int(1) NOT NULL,
  `validasi_billing` int(1) NOT NULL,
  `kunjungan_jenis` int(1) NOT NULL,
  `idpemeriksaan` int(11) NOT NULL AUTO_INCREMENT,
  `ket_rujuk` varchar(100) NOT NULL,
  `klinik_perujuk_id` int(11) NOT NULL,
  `umur_id` int(11) NOT NULL,
  PRIMARY KEY (`idpemeriksaan`)
) ENGINE=MyISAM DEFAULT CHARSET=latin1 AUTO_INCREMENT=1 ;

--
-- Dumping data for table `admission_registrasi`
--


-- --------------------------------------------------------

--
-- Table structure for table `admission_tindakan`
--

CREATE TABLE IF NOT EXISTS `admission_tindakan` (
  `id` int(3) NOT NULL AUTO_INCREMENT,
  `namatindakan` varchar(30) NOT NULL DEFAULT '',
  `tindakan_kelompok_id` varchar(10) NOT NULL DEFAULT '',
  `harga` int(9) NOT NULL,
  `keterangan` varchar(20) NOT NULL,
  PRIMARY KEY (`id`)
) ENGINE=MyISAM  DEFAULT CHARSET=latin1 AUTO_INCREMENT=1188 ;

--
-- Dumping data for table `admission_tindakan`
--

INSERT INTO `admission_tindakan` (`id`, `namatindakan`, `tindakan_kelompok_id`, `harga`, `keterangan`) VALUES
(1, 'Tymphanoplasty', '7', 8239, 'TMOKIII105'),
(2, 'Uretero Sigmoidostomi ', '3', 8766, 'TMOKIII106'),
(4, 'Tirodektomi ', '6', 8116, 'TMOKIII99'),
(5, 'Trabekulektomi ', '1', 3281, 'TMOKIII100'),
(6, 'Trabekulektomi', '4', 1058, 'TMOKIII100'),
(8, 'Membuka gibs sirkuler', '4', 4446, 'TMNOGDR02'),
(10, 'Pemasangan oropharingeal tube', '4', 8058, 'TMNOGDR04'),
(11, 'Penanganan Epistaxis', '9', 5951, 'TMNOGDR05'),
(12, 'Irigasi Telinga', '10', 4582, 'TMNOGDR06'),
(13, 'Epilasi bulu Mata', '3', 4058, 'TMNOGDR07'),
(14, 'Irigasi Mata', '4', 5545, 'TMNOGDR08'),
(15, 'Gibs Spalk', '3', 4553, 'TMNOGDS01'),
(16, 'Nekrotomi', '3', 5128, 'TMNOGDS02'),
(17, 'Reposisi dislokasi sendi kaki', '2', 10980, 'TMNOGDS03'),
(18, 'Pemasangan ransel bag', '4', 8519, 'TMNOGDS04'),
(20, 'Reposisi dislokasi mandi mata', '1', 8656, 'TMNOGDB01'),
(21, 'pemasangan gips sirkuler', '5', 6724, 'TMNOGDB02'),
(23, 'pemasangan ET', '5', 6653, 'TMNOGDB04'),
(24, 'Terapi latihan', '10', 2093, 'FISSR01'),
(25, 'Mssage', '7', 9506, 'FISSR02'),
(26, 'Sinar infra merah', '2', 10252, 'FISSR03'),
(27, 'Sinar ultra violet', '10', 1742, 'FISSR04'),
(32, 'Gips', '1', 6953, 'FISORSR02'),
(33, 'Black splint', '10', 8542, 'FISORSR03'),
(34, 'Coak up splint', '6', 10850, 'FISORSR04'),
(35, 'Aeroplan splint', '10', 7626, 'FISORSR05'),
(36, 'Tongkat', '1', 4581, 'FISPROSR01'),
(37, 'Kruk', '6', 9025, 'FISPROSR02'),
(38, 'Walker (thomas, iron walker)', '8', 10385, 'FISPROSR03'),
(39, 'Tripos', '9', 3851, 'FISPROSR04'),
(40, 'Paradik', '1', 7098, 'FISSD01'),
(41, 'Galpanik', '7', 2941, 'FISSD02'),
(42, 'Ionisasi ', '4', 2408, 'FISSD03'),
(43, 'Tens', '6', 2219, 'FISSD04'),
(44, 'SWD', '9', 2872, 'FISSD05'),
(45, 'Ultra soud terapi', '7', 6702, 'FISSD06'),
(47, 'Sepatu lutut', '1', 3896, 'FISORSD01'),
(48, 'Rocker leg satu buah', '7', 8376, 'FISORSD02'),
(49, 'Crace knee joint', '9', 9190, 'FISORSD03'),
(50, 'Long leg brance', '5', 9825, 'FISORSD04'),
(51, 'Brance knee joint', '6', 10553, 'FISORSD05'),
(52, 'Short leg brance', '6', 2290, 'FISORSD06'),
(53, 'Paralel bar', '9', 8794, 'FISPROSD01'),
(54, 'Tangga bertingkat', '8', 6101, 'FISPROSD02'),
(55, 'Kursi roda', '4', 3123, 'FISPROSD03'),
(56, 'Protesta jari-jari satu ruas', '3', 6313, 'FISPROSD04'),
(57, 'Protesta bawah siku work hand', '2', 1194, 'FISPROSD05'),
(58, 'Protesta bawah lutut PIP', '3', 6034, 'FISPROSD06'),
(59, 'Protesta syme', '6', 5589, 'FISPROSD07'),
(61, 'Corset lengan atas', '10', 8841, 'FISORCG01'),
(62, 'Corset lengan bawah', '4', 6441, 'FISORCG02'),
(63, 'Corset betis', '1', 4681, 'FISORCG03'),
(64, 'Corset paha/femur', '10', 3081, 'FISORCG04'),
(65, 'Long leg brance femur corset', '8', 10365, 'FISORCG05'),
(68, 'Prostesa kosmetik hand', '8', 1581, 'FISPROCG03'),
(69, 'Prostesa bawah kosmetik hand', '10', 5811, 'FISPROCG04'),
(70, 'Amnioscopy', '4', 3311, 'EM001'),
(71, 'Audiometri', '1', 8122, 'EM002'),
(72, 'Auto Refraktometer (Refraksi),', '9', 9677, 'EM003'),
(74, 'Bera (Evoked Potensial)', '8', 3021, 'EM005'),
(75, 'Biometri', '3', 5074, 'EM006'),
(76, 'Brain Mapping ', '10', 5308, 'EM007'),
(77, 'Bronchial Provocation Test', '10', 10320, 'EM008'),
(78, 'Bronchoscopy', '2', 4676, 'EM009'),
(79, 'Bronchoscopy + Biopsi ', '8', 1419, 'EM010'),
(80, 'Bronchospirometri', '2', 2067, 'EM011'),
(81, 'Cardiotopografi', '5', 5078, 'EM012'),
(82, 'Carotid Doppler', '2', 8190, 'EM013'),
(83, 'Colonoskopi', '1', 4717, 'EM014'),
(84, 'Colonoskopi + Biopsi', '10', 8014, 'EM015'),
(85, 'Colonoskopi + Sclerosing', '6', 4922, 'EM016'),
(86, 'CTG', '10', 9566, 'EM017'),
(87, 'Defibrilator', '1', 2067, 'EM018'),
(88, 'Dopler Kebidanan', '5', 10636, 'EM019'),
(90, 'E C G', '7', 5978, 'EM021'),
(91, 'Echo Kardiografi', '3', 6985, 'EM022'),
(92, 'Electro Ensefalo Grafi (EEG)', '2', 5990, 'EM023'),
(93, 'Electro Myografi (EMG) ', '3', 7994, 'EM024'),
(94, 'Electro Nystagmography (ENG)', '7', 1001, 'EM025'),
(95, 'Endoscopy & sclerosing', '7', 10026, 'EM026'),
(96, 'Endoscopy dengan biopsy', '3', 6126, 'EM027'),
(98, 'Esofagogastroduodenoskopi', '3', 9554, 'EM029'),
(103, 'Foto terapi', '5', 8390, 'EM034'),
(104, 'Funduscopy', '1', 2289, 'EM035'),
(105, 'Holter Monitoring', '8', 5278, 'EM036'),
(106, 'Kolposcopy', '6', 8520, 'EM037'),
(107, 'Laparascopy / Peritoneoscopy', '5', 5769, 'EM038'),
(108, 'Laryngoscopy', '8', 2286, 'EM039'),
(109, 'Nebuliser', '4', 3124, 'EM040'),
(110, 'Optalmoscopy', '5', 7759, 'EM041'),
(111, 'Oxymetri', '4', 8427, 'EM042'),
(112, 'Rectosigmoidoscopy ', '5', 7859, 'EM043'),
(113, 'Rectosigmoidoscopy + Biopsi ', '1', 3011, 'EM044'),
(115, 'Retinoscopy', '1', 10481, 'EM046'),
(116, 'Sinuscopy', '7', 2373, 'EM047'),
(117, 'Speech Audiometri', '3', 9424, 'EM048'),
(118, 'Spirometri, Telemetri', '4', 8999, 'EM049'),
(119, 'TEE (Traso Eshopageal Echo)', '10', 5723, 'EM050'),
(120, 'Telemetri', '9', 10617, 'EM051'),
(121, 'Timpanometri', '4', 4920, 'EM052'),
(122, 'Tonografi, Tonometri', '2', 1748, 'EM053'),
(123, 'Treadmill', '8', 2981, 'EM054'),
(125, 'Ultra Sono Grafi', '7', 8660, 'EM056'),
(126, 'Ultra Sono Grafi Color', '10', 3359, 'EM057'),
(127, 'Urethroscopy / Cystoscopy', '9', 9816, 'EM058'),
(128, 'USG Organ (termasuk mata)', '4', 8002, 'EM059'),
(129, 'Vaskular Doppler', '2', 9563, 'EM060'),
(130, 'Vaskular Doppler terbatas', '9', 2810, 'EM061'),
(132, 'Vektor Cardiographi', '5', 4362, 'EM063'),
(133, 'Ventilator', '5', 2378, 'EM064'),
(134, 'VO2 Max', '8', 7806, 'EM065'),
(135, 'Pasang Oksigen', '7', 10897, 'TP01'),
(136, 'Pasang Rectal Tube', '8', 10069, 'TP02'),
(139, 'Angkat Jahitan < 5 jahitan', '2', 6654, 'TP05'),
(140, 'Injeksi IM/IV/SCV/IC', '1', 2062, 'TP06'),
(141, 'Pasang Spalk', '9', 9351, 'TP07'),
(142, 'Inhalasi Terapi', '3', 9569, 'TP08'),
(143, 'Pengambilan darah arteri', '6', 8793, 'TP09'),
(144, 'Pengambilan darah Vena/perifer', '10', 4259, 'TP10'),
(145, 'Pemasangan infuse', '1', 3914, 'TP11'),
(146, 'Pemasangan NGT', '6', 5794, 'TP12'),
(147, 'Cuci Lambung', '6', 6231, 'TP13'),
(148, 'Pengeluaran tinja manual', '10', 2772, 'TP14'),
(149, 'Pemasangan Cateter', '4', 4169, 'TP15'),
(150, 'Vulva Higiene', '7', 1528, 'TP16'),
(152, 'Angkat jahitan 6 -10 jahitan', '3', 4133, 'TP18'),
(153, 'Perawatan jenazah', '7', 5081, 'TP19'),
(154, 'Nekrotomi', '4', 2008, 'TMNOGDS02'),
(155, 'Memberikan diet Via sonde', '8', 3796, 'TP21'),
(156, 'Irigasi mata/hidung/telinga', '8', 1959, 'TP22'),
(157, 'Perawatan Epilepsi', '7', 7405, 'TP23'),
(158, 'Scorsteen', '1', 10150, 'TP24'),
(159, 'Breast care', '3', 7534, 'TP25'),
(160, 'Vaginal Toucher/RT', '2', 6222, 'TP26'),
(161, 'Memandikan pasien', '1', 7507, 'TP27'),
(162, 'Mencuci Rambut', '8', 7869, 'TP28'),
(163, 'Oral Higiene', '4', 5824, 'TP29'),
(164, 'Suction', '8', 4513, 'TP30'),
(165, 'Perawatan WSD', '7', 4093, 'TP31'),
(166, 'Perawatan Colostomi', '2', 5927, 'TP32'),
(169, 'Angkat jahitan > 10 jahitan', '5', 6355, 'TP35'),
(170, 'Pemasangan infuse tali pusat', '2', 2997, 'TP36'),
(171, 'Lavement', '4', 4919, 'TP37'),
(172, 'Resusitasi Jantung Paru / Bayi', '3', 4603, 'TP38'),
(173, 'Memasang ET', '3', 7261, 'TP39'),
(174, 'Menjahit perenium', '5', 1496, 'TP40'),
(175, 'Debridement', '7', 4699, 'TP41'),
(176, 'Episiotomi', '10', 8004, 'TP42'),
(177, 'Transfusi tukar', '8', 4927, 'TP43'),
(178, 'Pasang / Lepas  IUD', '8', 9623, 'TP44'),
(179, 'Manual Plasenta oleh bidan', '8', 2332, 'TP45'),
(180, 'Tampon Vagina', '5', 1794, 'TP46'),
(181, 'Digital (Evakuasi Kandungan)', '9', 10975, 'TP47'),
(182, 'Cross insisi ', '10', 8492, 'TP48'),
(183, 'Broncho toilet', '3', 8536, 'TP49'),
(184, 'Kompresi bi Manual', '6', 6203, 'TP50'),
(185, 'Haemoglobin', '9', 4409, 'LAB01'),
(186, 'Hematocrite ', '7', 2437, 'LAB02'),
(187, 'Leucocyt', '7', 7959, 'LAB03'),
(188, 'Hitung Jenis Leukosit', '4', 1485, 'LAB04'),
(189, 'Eritrocyt', '9', 2546, 'LAB05'),
(190, 'Trombocyt', '1', 7279, 'LAB06'),
(191, 'Laju Enap Darah', '8', 7755, 'LAB07'),
(192, 'Retikulocyt', '6', 5938, 'LAB08'),
(193, 'VER/HER/KHER', '6', 5426, 'LAB09'),
(194, 'Eosinofil', '3', 8317, 'LAB10'),
(195, 'Waktu Pembekuan', '5', 4308, 'LAB11'),
(196, 'Waktu Perdarahan', '7', 5588, 'LAB12'),
(197, 'Percobaan Pembendungan', '10', 4019, 'LAB13'),
(198, 'Retraksi Bekuan', '7', 2330, 'LAB14'),
(199, 'Malaria', '6', 8592, 'LAB15'),
(200, 'Golongan Darah ', '10', 4971, 'LAB16'),
(201, 'Urinalisa ', '8', 8079, 'LAB17'),
(202, 'Reduksi Urine', '10', 4485, 'LAB18'),
(203, 'Sedimen Urine', '7', 7188, 'LAB19'),
(204, 'Faeces Lengkap', '3', 1484, 'LAB20'),
(205, 'Benzidin Slide', '5', 4856, 'LAB21'),
(206, 'Amilase Darah ', '5', 8830, 'LAB22'),
(207, 'Amilase Urine', '1', 8583, 'LAB23'),
(208, 'Analisa Batu ', '8', 5424, 'LAB24'),
(209, 'Analisa Gas Darah', '7', 10373, 'LAB25'),
(210, 'Asam empedu', '1', 4594, 'LAB26'),
(211, 'Asam Urat', '2', 10852, 'LAB27'),
(212, 'Calcium Ion', '8', 9479, 'LAB28'),
(213, 'Chlorida Darah', '4', 3839, 'LAB29'),
(214, 'Chlorida Urine', '3', 9759, 'LAB30'),
(215, 'Cholinesterase', '5', 6277, 'LAB31'),
(216, 'CK (Creatine Kinase)', '6', 1109, 'LAB32'),
(217, 'CK-MB', '2', 5716, 'LAB33'),
(218, 'Elektroforese Protein', '4', 4253, 'LAB34'),
(219, 'Fosfatase asam', '3', 3117, 'LAB35'),
(220, 'Fruktosamin', '4', 1827, 'LAB36'),
(221, 'GLDH', '7', 8783, 'LAB37'),
(222, 'HBDH', '5', 7436, 'LAB38'),
(223, 'Kalium  Darah', '3', 9832, 'LAB39'),
(224, 'Kalium Urine', '1', 5851, 'LAB40'),
(225, 'Kalsium Darah ', '4', 8760, 'LAB41'),
(226, 'Kalsium Urine', '7', 5250, 'LAB42'),
(227, 'Lipase Darah', '2', 8967, 'LAB43'),
(228, 'Lipase Urine', '8', 8085, 'LAB44'),
(229, 'Magnesium', '4', 2527, 'LAB45'),
(230, 'Natrium Darah', '4', 7380, 'LAB46'),
(231, 'Natrium Urine ', '9', 8318, 'LAB47'),
(232, 'Phosphat Darah ', '1', 8450, 'LAB48'),
(233, 'Phosphat Urine', '7', 6296, 'LAB49'),
(234, 'Troponin T ', '3', 5130, 'LAB50'),
(235, ' Glikolysis HB / HbA1c ', '4', 5764, 'LAB51'),
(236, ' Glukosa Darah PP', '10', 2428, 'LAB52'),
(237, ' Glukosa Darah Puasa ', '8', 3850, 'LAB53'),
(238, ' Glukosa Darah Sewaktu', '10', 10969, 'LAB54'),
(239, ' Glukosa Toleransi Test ', '3', 2292, 'LAB55'),
(240, ' Urine 4 porsi/ kurve harian', '5', 7556, 'LAB56'),
(241, ' Albumin', '7', 9903, 'LAB57'),
(242, ' Alkali Fosfatase', '9', 5847, 'LAB58'),
(243, ' Bilirubin Direk/Indirek', '4', 8526, 'LAB59'),
(244, ' Bilirubin Total', '1', 4092, 'LAB60'),
(245, ' Gamma GT', '1', 3880, 'LAB61'),
(246, ' Globulin', '4', 6127, 'LAB62'),
(247, ' Protein Total', '7', 7993, 'LAB63'),
(248, ' SGOT', '1', 10584, 'LAB64'),
(249, ' SGPT', '4', 7941, 'LAB65'),
(250, 'Creatinin', '6', 6955, 'LAB66'),
(251, 'Creatinin Clearance', '8', 9953, 'LAB67'),
(252, 'Urea Clearance', '3', 7898, 'LAB68'),
(253, 'Ureum', '10', 8635, 'LAB69'),
(254, ' Cholesterol  HDL', '2', 8478, 'LAB70'),
(255, ' Cholesterol  LDL', '6', 5487, 'LAB71'),
(256, ' Cholesterol Total', '7', 1000, 'LAB72'),
(257, ' Trigliserida', '4', 7542, 'LAB73'),
(258, ' Asam Folat', '10', 3709, 'LAB74'),
(259, ' Elektroforesis Hb', '8', 4920, 'LAB75'),
(260, ' Ferritin', '9', 2472, 'LAB76'),
(261, ' G6PD', '2', 6600, 'LAB77'),
(262, ' Ham''s test', '10', 4586, 'LAB78'),
(263, ' Hb F', '3', 2130, 'LAB79'),
(264, ' NAP', '7', 5893, 'LAB80'),
(265, ' NSE', '6', 2077, 'LAB81'),
(266, ' Pewarnaan Acid Phosphatase', '7', 1706, 'LAB82'),
(267, ' Pewarnaan Besi', '6', 1301, 'LAB83'),
(268, ' Pewarnaan Sumsum Tulang', '8', 10386, 'LAB84'),
(270, ' Sugar Water test', '7', 7026, 'LAB86'),
(272, ' Transferrin', '9', 2973, 'LAB88'),
(273, ' Anti CMV IgG', '2', 2787, 'LAB89'),
(274, ' Anti CMV IgM', '9', 4019, 'LAB90'),
(275, ' Anti HAV IgM', '2', 10731, 'LAB91'),
(276, ' Anti HAV Total', '10', 10601, 'LAB92'),
(277, ' Anti HBc IgM', '6', 9810, 'LAB93'),
(278, ' Anti HBc Total', '10', 6248, 'LAB94'),
(279, ' Anti Hbe', '10', 10809, 'LAB95'),
(280, ' Anti HBs', '8', 4304, 'LAB96'),
(281, ' Anti HCV', '2', 8093, 'LAB97'),
(282, ' Anti Helicobacter Pylori IgG', '5', 6554, 'LAB98'),
(283, ' Anti Helicobacter Pylori IgM ', '10', 7492, 'LAB99'),
(284, ' Anti HSV I IgG', '4', 6799, 'LAB100'),
(285, ' Anti HSV I IgM', '1', 10518, 'LAB101'),
(286, ' Anti HSV II IgG', '1', 1193, 'LAB102'),
(287, ' Anti HVS II IgM', '3', 3412, 'LAB103'),
(288, ' Anti Rubella IgG', '9', 2482, 'LAB104'),
(289, ' Anti Rubella IgM ', '8', 1175, 'LAB105'),
(290, ' Anti TB ', '2', 7428, 'LAB106'),
(291, ' Anti Toxoplasma IgG', '6', 2614, 'LAB107'),
(292, ' Anti Toxoplasma IgM ', '1', 9789, 'LAB108'),
(293, ' ASTO', '8', 10103, 'LAB109'),
(294, ' CMV IgG Avidity', '8', 10150, 'LAB110'),
(295, ' CRP ', '6', 9439, 'LAB111'),
(296, ' Dengue Blot IgG', '3', 5745, 'LAB112'),
(297, ' Dengue Blot IgM ', '8', 9408, 'LAB113'),
(298, ' Faktor Rhematoid', '1', 8806, 'LAB114'),
(299, ' FTA-ABS', '10', 4807, 'LAB115'),
(300, ' HBe Ag', '6', 6616, 'LAB116'),
(301, ' HBs Ag', '8', 7662, 'LAB117'),
(302, ' HSV I IgG', '3', 7463, 'LAB118'),
(303, ' HSV II IgM', '1', 3329, 'LAB119'),
(305, ' VDRL', '5', 3255, 'LAB121'),
(306, ' Widal', '7', 5287, 'LAB122'),
(307, 'Biakan Jamur', '2', 5674, 'LAB123'),
(310, 'Sediaan Langsung Pewarnaan BTA', '7', 1509, 'LAB126'),
(312, ' Beta HCG ', '4', 9523, 'LAB128'),
(313, ' Esbach', '2', 2089, 'LAB129'),
(314, ' Hemosiderin', '8', 10875, 'LAB130'),
(315, ' Oval Fat Body', '5', 7108, 'LAB131'),
(316, ' Protein Kuantitatif', '8', 1915, 'LAB132'),
(317, 'Estradiol', '5', 7252, 'LAB133'),
(318, 'Estrogen', '1', 9514, 'LAB134'),
(319, 'Free T3', '9', 4817, 'LAB135'),
(320, 'Free T4', '2', 4543, 'LAB136'),
(321, 'FSH', '3', 7265, 'LAB137'),
(322, 'LH', '10', 1697, 'LAB138'),
(323, 'Progesteron', '8', 5689, 'LAB139'),
(324, 'Prolactine', '10', 2357, 'LAB140'),
(325, 'T3', '6', 3716, 'LAB141'),
(326, 'T3 Up Take', '9', 10511, 'LAB142'),
(327, 'T4', '8', 10406, 'LAB143'),
(329, 'Cairan Otak', '1', 9497, 'LAB145'),
(330, 'Cairan pleura/acitest', '6', 5267, 'LAB146'),
(331, 'Cairan Sendi ', '7', 6847, 'LAB147'),
(332, 'Aminophylin', '4', 7435, 'LAB148'),
(333, ' Agregasi Trombosit ', '1', 5635, 'LAB149'),
(334, ' Anti faktor Xa', '10', 4869, 'LAB150'),
(335, ' Anti Trombin III', '9', 6439, 'LAB151'),
(337, ' Assay faktor IX', '8', 6590, 'LAB153'),
(338, ' Assay faktor VIII', '9', 2634, 'LAB154'),
(339, ' F.Von Willebrands', '2', 2400, 'LAB155'),
(340, ' Fibrinogen', '2', 3100, 'LAB156'),
(342, ' Inhibitor VIII', '7', 7299, 'LAB158'),
(343, ' Lupus anticoagulan', '9', 6195, 'LAB159'),
(344, ' Masa lisis Euglobolin', '3', 8081, 'LAB160'),
(345, ' PT (Prothombin Time)', '9', 10820, 'LAB161'),
(347, ' Thrombotest', '3', 8855, 'LAB163'),
(348, 'Alfa 1 Antitrifsin Kwantitatif', '5', 10816, 'LAB164'),
(350, 'ANA Titrasi', '1', 6517, 'LAB166'),
(351, 'Anti Kappa ', '1', 9135, 'LAB167'),
(352, 'Anti Lamda', '8', 5127, 'LAB168'),
(353, 'Complement 3 (C3)', '9', 7229, 'LAB169'),
(354, 'Complement 4 (C4)', '9', 9765, 'LAB170'),
(355, 'Cryoglobulin', '6', 6139, 'LAB171'),
(356, 'IgA / IgG / IgM ', '4', 10401, 'LAB172'),
(357, 'IgE', '2', 2587, 'LAB173'),
(360, 'Sel LE', '6', 10735, 'LAB176'),
(361, 'SMA (smooth muscle anti body)', '3', 4913, 'LAB177'),
(362, 'T Cel dan B Cel', '4', 1359, 'LAB178'),
(363, 'Test Kehamilan', '2', 1058, 'LAB179'),
(364, 'AFP', '6', 10212, 'LAB180'),
(365, 'CA 12-5', '4', 6886, 'LAB181'),
(366, 'CA 15-3', '10', 2795, 'LAB182'),
(367, 'CA 19-9', '8', 2318, 'LAB183'),
(368, 'CEA', '9', 2205, 'LAB184'),
(369, 'MCA', '2', 3071, 'LAB185'),
(370, 'Prostat Specific Antigen (PSA)', '2', 7742, 'LAB186'),
(371, 'Biopsi jaringan kecil', '4', 8496, 'LAB187'),
(372, 'Biopsi jaringan sedang', '1', 8256, 'LAB188'),
(373, 'Biopsi jaringan besar', '6', 4793, 'LAB189'),
(375, 'PA Potong Beku (VC)', '8', 8197, 'LAB191'),
(376, ' Hormonal serial 4x', '10', 5605, 'LAB192'),
(377, ' Pap Smear', '4', 2436, 'LAB193'),
(379, ' Sitologi 3x Serial ', '9', 4364, 'LAB195'),
(380, ' Sputum 1x', '3', 3514, 'LAB196'),
(382, ' Urine Serial 3x', '6', 3477, 'LAB198'),
(383, 'Haemoglobin', '7', 5846, 'LAB01'),
(384, 'Hematocrite ', '8', 7798, 'LAB02'),
(385, 'Leucocyt', '9', 10453, 'LAB03'),
(386, 'Hitung Jenis Leukosit', '8', 7871, 'LAB04'),
(387, 'Eritrocyt', '4', 6995, 'LAB05'),
(388, 'Trombocyt', '5', 10365, 'LAB06'),
(389, 'Laju Enap Darah', '2', 9841, 'LAB07'),
(390, 'Retikulocyt', '5', 7110, 'LAB08'),
(391, 'VER/HER/KHER', '7', 5026, 'LAB09'),
(392, 'Eosinofil', '2', 2803, 'LAB10'),
(393, 'Waktu Pembekuan', '6', 7934, 'LAB11'),
(394, 'Waktu Perdarahan', '4', 10265, 'LAB12'),
(395, 'Percobaan Pembendungan', '4', 6521, 'LAB13'),
(396, 'Retraksi Bekuan', '4', 10812, 'LAB14'),
(397, 'Malaria', '1', 3497, 'LAB15'),
(398, 'Golongan Darah ', '10', 4048, 'LAB16'),
(399, 'Urinalisa ', '7', 8750, 'LAB17'),
(400, 'Reduksi Urine', '6', 10605, 'LAB18'),
(401, 'Sedimen Urine', '10', 5779, 'LAB19'),
(402, 'Faeces Lengkap', '9', 6077, 'LAB20'),
(403, 'Benzidin Slide', '3', 2049, 'LAB21'),
(404, 'Amilase Darah ', '10', 1017, 'LAB22'),
(405, 'Amilase Urine', '9', 7937, 'LAB23'),
(406, 'Analisa Batu ', '4', 5634, 'LAB24'),
(407, 'Analisa Gas Darah', '3', 3361, 'LAB25'),
(408, 'Asam empedu', '1', 8902, 'LAB26'),
(409, 'Asam Urat', '5', 3429, 'LAB27'),
(410, 'Calcium Ion', '3', 9437, 'LAB28'),
(411, 'Chlorida Darah', '1', 5901, 'LAB29'),
(412, 'Chlorida Urine', '4', 10194, 'LAB30'),
(413, 'Cholinesterase', '7', 2268, 'LAB31'),
(414, 'CK (Creatine Kinase)', '1', 9759, 'LAB32'),
(415, 'CK-MB', '6', 10992, 'LAB33'),
(416, 'Elektroforese Protein', '4', 4685, 'LAB34'),
(417, 'Fosfatase asam', '3', 9446, 'LAB35'),
(418, 'Fruktosamin', '3', 2179, 'LAB36'),
(419, 'GLDH', '7', 1554, 'LAB37'),
(420, 'HBDH', '2', 10236, 'LAB38'),
(421, 'Kalium  Darah', '1', 5518, 'LAB39'),
(422, 'Kalium Urine', '7', 5882, 'LAB40'),
(423, 'Kalsium Darah ', '4', 1855, 'LAB41'),
(424, 'Kalsium Urine', '6', 10629, 'LAB42'),
(425, 'Lipase Darah', '9', 6582, 'LAB43'),
(426, 'Lipase Urine', '5', 10022, 'LAB44'),
(427, 'Magnesium', '7', 9365, 'LAB45'),
(428, 'Natrium Darah', '2', 5758, 'LAB46'),
(429, 'Natrium Urine ', '7', 9697, 'LAB47'),
(430, 'Phosphat Darah ', '7', 10211, 'LAB48'),
(431, 'Phosphat Urine', '4', 10967, 'LAB49'),
(432, 'Troponin T ', '8', 3199, 'LAB50'),
(433, ' Glikolysis HB / HbA1c ', '10', 2097, 'LAB51'),
(434, ' Glukosa Darah PP', '4', 9887, 'LAB52'),
(435, ' Glukosa Darah Puasa ', '10', 2145, 'LAB53'),
(436, ' Glukosa Darah Sewaktu', '8', 10063, 'LAB54'),
(437, ' Glukosa Toleransi Test ', '8', 2881, 'LAB55'),
(438, ' Urine 4 porsi/ kurve harian', '6', 3216, 'LAB56'),
(439, ' Albumin', '4', 6438, 'LAB57'),
(440, ' Alkali Fosfatase', '1', 1541, 'LAB58'),
(441, ' Bilirubin Direk/Indirek', '2', 7394, 'LAB59'),
(442, ' Bilirubin Total', '8', 1347, 'LAB60'),
(443, ' Gamma GT', '1', 3553, 'LAB61'),
(444, ' Globulin', '4', 2726, 'LAB62'),
(445, ' Protein Total', '5', 1973, 'LAB63'),
(446, ' SGOT', '2', 10684, 'LAB64'),
(447, ' SGPT', '3', 6501, 'LAB65'),
(448, 'Creatinin', '1', 9457, 'LAB66'),
(449, 'Creatinin Clearance', '7', 6780, 'LAB67'),
(450, 'Urea Clearance', '9', 4530, 'LAB68'),
(451, 'Ureum', '5', 1311, 'LAB69'),
(452, ' Cholesterol  HDL', '6', 1964, 'LAB70'),
(453, ' Cholesterol  LDL', '4', 4890, 'LAB71'),
(454, ' Cholesterol Total', '2', 7558, 'LAB72'),
(455, ' Trigliserida', '10', 2118, 'LAB73'),
(456, ' Asam Folat', '10', 6918, 'LAB74'),
(457, ' Elektroforesis Hb', '3', 7236, 'LAB75'),
(458, ' Ferritin', '2', 4425, 'LAB76'),
(459, ' G6PD', '1', 9419, 'LAB77'),
(460, ' Ham''s test', '10', 2821, 'LAB78'),
(461, ' Hb F', '6', 4847, 'LAB79'),
(462, ' NAP', '7', 4772, 'LAB80'),
(463, ' NSE', '8', 8320, 'LAB81'),
(464, ' Pewarnaan Acid Phosphatase', '10', 6285, 'LAB82'),
(465, ' Pewarnaan Besi', '6', 5467, 'LAB83'),
(466, ' Pewarnaan Sumsum Tulang', '7', 7480, 'LAB84'),
(468, ' Sugar Water test', '6', 9998, 'LAB86'),
(470, ' Transferrin', '9', 6549, 'LAB88'),
(471, ' Anti CMV IgG', '3', 1753, 'LAB89'),
(472, ' Anti CMV IgM', '5', 8120, 'LAB90'),
(473, ' Anti HAV IgM', '7', 4341, 'LAB91'),
(474, ' Anti HAV Total', '9', 6344, 'LAB92'),
(475, ' Anti HBc IgM', '5', 7698, 'LAB93'),
(476, ' Anti HBc Total', '5', 8460, 'LAB94'),
(477, ' Anti Hbe', '10', 8204, 'LAB95'),
(478, ' Anti HBs', '5', 4642, 'LAB96'),
(479, ' Anti HCV', '6', 7600, 'LAB97'),
(480, ' Anti Helicobacter Pylori IgG', '5', 3073, 'LAB98'),
(481, ' Anti Helicobacter Pylori IgM ', '4', 1565, 'LAB99'),
(482, ' Anti HSV I IgG', '6', 7605, 'LAB100'),
(483, ' Anti HSV I IgM', '9', 2332, 'LAB101'),
(484, ' Anti HSV II IgG', '4', 7845, 'LAB102'),
(485, ' Anti HVS II IgM', '3', 1230, 'LAB103'),
(486, ' Anti Rubella IgG', '2', 1614, 'LAB104'),
(487, ' Anti Rubella IgM ', '3', 3380, 'LAB105'),
(488, ' Anti TB ', '5', 1058, 'LAB106'),
(489, ' Anti Toxoplasma IgG', '9', 4153, 'LAB107'),
(490, ' Anti Toxoplasma IgM ', '8', 6590, 'LAB108'),
(491, ' ASTO', '3', 9491, 'LAB109'),
(492, ' CMV IgG Avidity', '9', 6686, 'LAB110'),
(493, ' CRP ', '6', 3959, 'LAB111'),
(494, ' Dengue Blot IgG', '1', 8736, 'LAB112'),
(495, ' Dengue Blot IgM ', '9', 10805, 'LAB113'),
(496, ' Faktor Rhematoid', '8', 6818, 'LAB114'),
(497, ' FTA-ABS', '6', 10674, 'LAB115'),
(498, ' HBe Ag', '6', 1915, 'LAB116'),
(499, ' HBs Ag', '2', 6555, 'LAB117'),
(500, ' HSV I IgG', '8', 6030, 'LAB118'),
(501, ' HSV II IgM', '7', 9484, 'LAB119'),
(503, ' VDRL', '5', 8331, 'LAB121'),
(504, ' Widal', '5', 2205, 'LAB122'),
(505, 'Biakan Jamur', '9', 5033, 'LAB123'),
(508, 'Sediaan Langsung Pewarnaan BTA', '5', 7549, 'LAB126'),
(510, ' Beta HCG ', '7', 1646, 'LAB128'),
(511, ' Esbach', '6', 4586, 'LAB129'),
(512, ' Hemosiderin', '8', 6991, 'LAB130'),
(513, ' Oval Fat Body', '1', 10198, 'LAB131'),
(514, ' Protein Kuantitatif', '2', 9016, 'LAB132'),
(515, 'Estradiol', '7', 3489, 'LAB133'),
(516, 'Estrogen', '7', 9395, 'LAB134'),
(517, 'Free T3', '2', 5508, 'LAB135'),
(518, 'Free T4', '1', 8354, 'LAB136'),
(519, 'FSH', '10', 4250, 'LAB137'),
(520, 'LH', '3', 5189, 'LAB138'),
(521, 'Progesteron', '5', 2192, 'LAB139'),
(522, 'Prolactine', '8', 4396, 'LAB140'),
(523, 'T3', '2', 4403, 'LAB141'),
(524, 'T3 Up Take', '6', 7830, 'LAB142'),
(525, 'T4', '4', 4941, 'LAB143'),
(527, 'Cairan Otak', '1', 10213, 'LAB145'),
(528, 'Cairan pleura/acitest', '2', 5244, 'LAB146'),
(529, 'Cairan Sendi ', '6', 4583, 'LAB147'),
(530, 'Aminophylin', '3', 6184, 'LAB148'),
(531, ' Agregasi Trombosit ', '6', 6170, 'LAB149'),
(532, ' Anti faktor Xa', '2', 1299, 'LAB150'),
(533, ' Anti Trombin III', '1', 6985, 'LAB151'),
(535, ' Assay faktor IX', '6', 10030, 'LAB153'),
(536, ' Assay faktor VIII', '9', 8194, 'LAB154'),
(537, ' F.Von Willebrands', '7', 9881, 'LAB155'),
(538, ' Fibrinogen', '8', 3822, 'LAB156'),
(540, ' Inhibitor VIII', '8', 8468, 'LAB158'),
(541, ' Lupus anticoagulan', '6', 9873, 'LAB159'),
(542, ' Masa lisis Euglobolin', '2', 2963, 'LAB160'),
(543, ' PT (Prothombin Time)', '4', 4198, 'LAB161'),
(545, ' Thrombotest', '3', 1099, 'LAB163'),
(546, 'Alfa 1 Antitrifsin Kwantitatif', '4', 1901, 'LAB164'),
(548, 'ANA Titrasi', '3', 5211, 'LAB166'),
(549, 'Anti Kappa ', '2', 9351, 'LAB167'),
(550, 'Anti Lamda', '10', 10122, 'LAB168'),
(551, 'Complement 3 (C3)', '5', 1560, 'LAB169'),
(552, 'Complement 4 (C4)', '3', 6431, 'LAB170'),
(553, 'Cryoglobulin', '8', 6477, 'LAB171'),
(554, 'IgA / IgG / IgM ', '2', 2094, 'LAB172'),
(555, 'IgE', '4', 10038, 'LAB173'),
(558, 'Sel LE', '8', 2910, 'LAB176'),
(559, 'SMA (smooth muscle anti body)', '9', 3434, 'LAB177'),
(560, 'T Cel dan B Cel', '1', 7444, 'LAB178'),
(561, 'Test Kehamilan', '7', 5916, 'LAB179'),
(562, 'AFP', '10', 6248, 'LAB180'),
(563, 'CA 12-5', '2', 2491, 'LAB181'),
(564, 'CA 15-3', '6', 2714, 'LAB182'),
(565, 'CA 19-9', '7', 5095, 'LAB183'),
(566, 'CEA', '3', 6337, 'LAB184'),
(567, 'MCA', '6', 5398, 'LAB185'),
(568, 'Prostat Specific Antigen (PSA)', '8', 6979, 'LAB186'),
(569, 'Biopsi jaringan kecil', '4', 7701, 'LAB187'),
(570, 'Biopsi jaringan sedang', '5', 6569, 'LAB188'),
(571, 'Biopsi jaringan besar', '2', 8743, 'LAB189'),
(573, 'PA Potong Beku (VC)', '4', 3009, 'LAB191'),
(574, ' Hormonal serial 4x', '10', 7815, 'LAB192'),
(575, ' Pap Smear', '9', 9049, 'LAB193'),
(577, ' Sitologi 3x Serial ', '9', 10800, 'LAB195'),
(578, ' Sputum 1x', '8', 5853, 'LAB196'),
(580, ' Urine Serial 3x', '8', 5865, 'LAB198'),
(581, 'Persalinan Normal  BIDAN', '1', 10765, 'PARN01'),
(582, 'Persalinan Normal DOKTER UMUM', '3', 5234, 'PARN02'),
(585, 'Persalinan Abnormal BIDAN', '6', 2874, 'PARAB01'),
(589, 'Photo Abdomen 1 Posisi', '8', 7668, 'RO01'),
(592, 'Photo Gigi Biasa', '8', 8720, 'RO04'),
(593, 'Photo Jaringan Lunak', '8', 9596, 'RO05'),
(594, 'Photo Kepala (Sinus, Mastoid)', '8', 10818, 'RO06'),
(595, 'Photo Kolumna Vertebralis', '5', 4305, 'RO07'),
(596, 'Photo Pelvis 1 Posisi', '10', 8073, 'RO08'),
(597, 'Photo Thoraks ', '6', 6449, 'RO09'),
(598, 'Abdomen 3 Posisi', '7', 7026, 'RO10'),
(599, 'Appendikografi', '7', 4784, 'RO11'),
(600, 'Arteriografi', '5', 1840, 'RO12'),
(601, 'BNO + IVP', '4', 3851, 'RO13'),
(602, 'Cholecystografi ', '3', 2737, 'RO14'),
(603, 'Colon in Loop ', '1', 1129, 'RO15'),
(604, 'Fistulografi', '7', 6438, 'RO16'),
(605, 'Foto OMD ', '1', 7801, 'RO17'),
(606, 'Gastrografi', '2', 8693, 'RO18'),
(607, 'Hysterosalpingografi (HSG)', '8', 9061, 'RO19'),
(608, 'Mammografi', '2', 8226, 'RO20'),
(609, 'MCU', '6', 2948, 'RO21'),
(610, 'Myelografi ', '2', 9065, 'RO22'),
(611, 'Oesophagusgrafi', '1', 5478, 'RO23'),
(612, 'Phlebografi ', '2', 9196, 'RO24'),
(613, 'RPG (Retrograde Pyelography)', '4', 8549, 'RO25'),
(614, 'Sistografi', '6', 4155, 'RO26'),
(615, 'Survey Tulang', '4', 4131, 'RO27'),
(617, 'Uretrografi', '4', 7188, 'RO29'),
(618, 'X-Ray C Arm', '1', 2547, 'RO30'),
(619, 'Panoramic', '3', 10172, 'RO31'),
(621, 'Kepala (DENGAN KONTRAS)', '1', 2219, 'RO33'),
(622, 'Nasofaring (DENGAN KONTRAS)', '8', 9581, 'RO34'),
(624, 'Thorax (DENGAN KONTRAS)', '4', 10247, 'RO36'),
(625, 'Thyroid (DENGAN KONTRAS)', '5', 1492, 'RO37'),
(627, 'Lumbal (DENGAN KONTRAS)', '3', 5721, 'RO39'),
(628, 'Pelvis (DENGAN KONTRAS)', '3', 3129, 'RO40'),
(629, 'Whole Abdomen (DENGAN KONTRAS)', '4', 7484, 'RO41'),
(630, 'Wholebody (DENGAN KONTRAS)', '2', 7032, 'RO42'),
(632, 'Kepala (TANPA KONTRAS)', '7', 1708, 'RO44'),
(633, 'Nasofaring (TANPA KONTRAS)', '7', 6443, 'RO45'),
(635, 'Thorax (TANPA KONTRAS)', '2', 6093, 'RO47'),
(636, 'Thyroid (TANPA KONTRAS)', '1', 10138, 'RO48'),
(638, 'Lumbal (TANPA KONTRAS)', '3', 1411, 'RO50'),
(639, 'Pelvis (TANPA KONTRAS)', '6', 5641, 'RO51'),
(640, 'Whole Abdomen (TANPA KONTRAS)', '7', 2973, 'RO52'),
(641, 'Wholebody (TANPA KONTRAS)', '7', 6942, 'RO53'),
(642, 'Photo Abdomen 1 Posisi ', '3', 4792, 'RO01'),
(645, 'Photo Gigi Biasa ', '9', 2133, 'RO04'),
(646, 'Photo Jaringan Lunak ', '6', 5290, 'RO05'),
(647, 'Photo Kepala (Sinus, Mastoid) ', '1', 9054, 'RO06'),
(648, 'Photo Kolumna Vertebralis ', '8', 8398, 'RO07'),
(649, 'Photo Pelvis 1 Posisi ', '4', 3828, 'RO08'),
(650, 'Photo Thoraks ', '7', 2946, 'RO09'),
(651, 'Abdomen 3 Posisi ', '1', 2248, 'RO10'),
(652, 'Appendikografi ', '4', 1403, 'RO11'),
(653, 'Arteriografi ', '7', 9270, 'RO12'),
(654, 'BNO + IVP ', '3', 1142, 'RO13'),
(655, 'Cholecystografi ', '4', 6900, 'RO14'),
(656, 'Colon in Loop ', '8', 10074, 'RO15'),
(657, 'Fistulografi ', '10', 8673, 'RO16'),
(658, 'Foto OMD ', '4', 2142, 'RO17'),
(659, 'Gastrografi ', '2', 3690, 'RO18'),
(660, 'Hysterosalpingografi (HSG) ', '4', 1027, 'RO19'),
(661, 'Mammografi ', '7', 3066, 'RO20'),
(662, 'MCU ', '10', 1250, 'RO21'),
(663, 'Myelografi ', '8', 6050, 'RO22'),
(664, 'Oesophagusgrafi ', '2', 5503, 'RO23'),
(665, 'Phlebografi ', '3', 8365, 'RO24'),
(666, 'RPG (Retrograde Pyelography) ', '1', 4317, 'RO25'),
(667, 'Sistografi ', '4', 5488, 'RO26'),
(668, 'Survey Tulang ', '5', 3491, 'RO27'),
(670, 'Uretrografi ', '8', 9992, 'RO29'),
(671, 'X-Ray C Arm ', '2', 8487, 'RO30'),
(672, 'Panoramic ', '7', 1460, 'RO31'),
(674, 'Kepala (DENGAN KONTRAS) ', '3', 10837, 'RO33'),
(675, 'Nasofaring (DENGAN KONTRAS) ', '5', 8809, 'RO34'),
(677, 'Thorax (DENGAN KONTRAS) ', '4', 10532, 'RO36'),
(678, 'Thyroid (DENGAN KONTRAS) ', '5', 5236, 'RO37'),
(680, 'Lumbal (DENGAN KONTRAS) ', '9', 3585, 'RO39'),
(681, 'Pelvis (DENGAN KONTRAS) ', '3', 1214, 'RO40'),
(682, 'Whole Abdomen (DENGAN KONTRAS)', '8', 4318, 'RO41'),
(683, 'Wholebody (DENGAN KONTRAS) ', '9', 6947, 'RO42'),
(685, 'Kepala (TANPA KONTRAS) ', '2', 10784, 'RO44'),
(686, 'Nasofaring (TANPA KONTRAS) ', '2', 2078, 'RO45'),
(688, 'Thorax (TANPA KONTRAS) ', '5', 7038, 'RO47'),
(689, 'Thyroid (TANPA KONTRAS) ', '7', 7959, 'RO48'),
(691, 'Lumbal (TANPA KONTRAS) ', '9', 7680, 'RO50'),
(692, 'Pelvis (TANPA KONTRAS) ', '3', 3525, 'RO51'),
(693, 'Whole Abdomen (TANPA KONTRAS) ', '6', 3586, 'RO52'),
(694, 'Wholebody (TANPA KONTRAS) ', '9', 6353, 'RO53'),
(695, 'Allergi Test / Patch Test ', '6', 10007, 'TMNOK01'),
(697, 'Angkat K-Wire ', '4', 9978, 'TMNOK03'),
(698, 'ARK/ keratometer', '5', 8871, 'TMNOK04'),
(699, 'Buka gips sirkuler', '3', 3418, 'TMNOK05'),
(700, 'Dilatasi Phimosis ', '9', 9480, 'TMNOK06'),
(701, 'Eksisi Clavus ', '8', 6146, 'TMNOK07'),
(702, 'Eksisi Condiloma Accuminata ', '9', 1289, 'TMNOK08'),
(703, 'Eksisi Granuloma Pyogenikum ', '3', 7008, 'TMNOK09'),
(704, 'Eksisi Keloid < 5 cm ', '8', 10174, 'TMNOK10'),
(705, 'Eksisi Syringoma ', '1', 8847, 'TMNOK11'),
(706, 'Eksisi Veruka Vulgaris ', '9', 2713, 'TMNOK12'),
(707, 'Ekstirpasi serumen', '4', 6025, 'TMNOK13'),
(708, 'Ekstraksi Kalium Oxalat ', '10', 10986, 'TMNOK14'),
(709, 'Ektraksi Kuku ', '10', 5855, 'TMNOK15'),
(710, 'Elecktrocauter < 5 lesi', '7', 5319, 'TMNOK16'),
(711, 'Epilasi Bulu Mata ', '5', 8031, 'TMNOGDR07'),
(712, 'Facial', '3', 3199, 'TMNOK18'),
(713, 'FNA (Fine Needle Aspiration) ', '9', 10904, 'TMNOK19'),
(715, 'Injeksi intra lesi(acne)', '3', 3920, 'TMNOK21'),
(717, 'Insisi Furunkel / Abses ', '8', 5888, 'TMNOK23'),
(719, 'Irigasi Telinga oleh dokter', '5', 6683, 'TMNOK25'),
(720, 'Kaustik ', '8', 4752, 'TMNOK26'),
(721, 'Koreksi refraksi', '5', 2710, 'TMNOK27'),
(722, 'Kuretasi< 3 lesi', '1', 8297, 'TMNOK28'),
(723, 'Lobulaplasti 1 Telinga ', '10', 2353, 'TMNOK29'),
(724, 'Mantoux Test ', '4', 5877, 'TMNOK30'),
(725, 'Pasang dan Angkat Jahit ', '1', 1324, 'TMNOK31'),
(726, 'Pasang Pesarium ', '2', 7989, 'TMNOK32'),
(727, 'Pemasangan Belog Tampon ', '7', 4975, 'TMNOK33'),
(729, 'Pemeriksaan genekologis', '4', 9909, 'TMNOK35'),
(730, 'Pemeriksaan visus', '4', 3620, 'TMNOK36'),
(731, 'Pengeluaran Corpus Alienum ', '4', 7375, 'TMNOK37'),
(732, 'Pengobatan Epistaksis ', '9', 5013, 'TMNOK38'),
(733, 'Pulpatomi ', '2', 1940, 'TMNOK39'),
(734, 'Punksi Batu', '1', 3661, 'TMNOK40'),
(735, 'Spooling Bola Mata', '1', 1486, 'TMNOK41'),
(736, 'Spooling Cerumen Telinga ', '2', 5448, 'TMNOK42'),
(737, 'Stayging kanker', '6', 1781, 'TMNOK43'),
(738, 'Tampon anterior', '3', 1564, 'TMNOK44'),
(739, 'Tampon belloq', '7', 1478, 'TMNOK45'),
(740, 'Tes buta warna', '6', 1699, 'TMNOK46'),
(741, 'Test fluorescein', '6', 3062, 'TMNOK47'),
(742, 'Tindakan Anoscopy ', '2', 9213, 'TMNOK48'),
(745, 'Tindakan Roser Plasty ', '10', 5878, 'TMNOK51'),
(746, 'Water Drinking Test', '9', 10750, 'TMNOK52'),
(747, 'Aspirasi Haemarthrosis', '5', 5120, 'TMNOS01'),
(748, 'Douglas punctie', '8', 2347, 'TMNOS02'),
(750, 'Elektrocauter  5- 10 lesi', '2', 5377, 'TMNOS04'),
(752, 'Kuretasi 5-10 cm', '5', 8845, 'TMNOS06'),
(753, 'Laser soft peel (perkali)', '10', 7096, 'TMNOS07'),
(754, 'Laser Tatto', '2', 7945, 'TMNOS08'),
(755, 'Lepas laminaria', '10', 7436, 'TMNOS09'),
(756, 'Lepas pesarium', '5', 2345, 'TMNOS10'),
(757, 'Lepas spiral benang positif', '2', 8418, 'TMNOS11'),
(758, 'Microdermbrasi', '4', 4057, 'TMNOS12'),
(759, 'Nekretomi ', '3', 4032, 'TMNOS13'),
(760, 'Papsmear (Pengambilan Sekret) ', '5', 6989, 'TMNOS14'),
(761, 'Parasentense telinga ', '3', 1848, 'TMNOS15'),
(762, 'Pasang laminaria', '2', 7276, 'TMNOS16'),
(763, 'Pasang spiral', '10', 9837, 'TMNOS17'),
(764, 'Pasang tampon vaginal', '2', 6357, 'TMNOS18'),
(765, 'Pasang/Angkat Implant', '8', 1275, 'TMNOS19'),
(766, 'Peeling', '6', 6303, 'TMNOS20'),
(767, 'Pemasangan Gips Spalk', '4', 6690, 'TMNOS21'),
(768, 'Punksi Hematoma Telinga ', '3', 3541, 'TMNOS22'),
(770, 'Sondage Canalculi Lacrimalis', '5', 6638, 'TMNOS24'),
(771, 'Subcision', '4', 1564, 'TMNOS25'),
(774, 'Angkat spiral benang negative', '9', 6910, 'TMNOB01'),
(775, 'Dermabrasi skar >10 cm2', '7', 8857, 'TMNOB02'),
(776, 'Elektro couter >10 lesi', '7', 2554, 'TMNOB03'),
(777, 'Funduscopi dengan midriatil', '1', 5199, 'TMNOB04'),
(778, 'Hair removal', '7', 7334, 'TMNOB05'),
(779, 'Hylafom', '9', 10076, 'TMNOB06'),
(780, 'Injeksi botox', '5', 7376, 'TMNOB07'),
(781, 'Kuretasi > 10 lesi', '6', 5655, 'TMNOB08'),
(782, 'Laser  tatto > 10 cm2', '5', 5146, 'TMNOB09'),
(783, 'Mesoterapi', '6', 7767, 'TMNOB10'),
(784, 'Pasang pesarium', '6', 2396, 'TMNOK32'),
(785, 'Pasang tampon utero vaginal', '1', 7680, 'TMNOB12'),
(786, 'Pemasangan Gips Cirkular', '4', 10211, 'TMNOB13'),
(787, 'Pigmensation', '9', 7018, 'TMNOB14'),
(790, 'Reposisi prolaputeri', '10', 3456, 'TMNOB17'),
(791, 'Streak retinoscopi', '8', 5228, 'TMNOB18'),
(792, 'Streatch mark', '6', 4772, 'TMNOB19'),
(793, 'Vascular (teleangiectasia)', '9', 7178, 'TMNOB20'),
(794, 'Insisi abses othematoma', '5', 10572, 'TMOKI43'),
(795, 'Iridectomi basal perifer', '8', 10327, 'TMOKI44'),
(796, 'Jahit konjungtiva', '3', 8919, 'TMOKI45'),
(797, 'Jahit kulit palpebra', '9', 2617, 'TMOKI46'),
(798, 'Kolostomi ', '9', 5326, 'TMOKI47'),
(799, 'Kolpoperineiplastik', '6', 7778, 'TMOKI48'),
(800, 'Kolporapia', '1', 1915, 'TMOKI49'),
(801, 'Kolpotomi', '9', 5240, 'TMOKI50'),
(802, 'Komkotomi', '2', 9456, 'TMOKI51'),
(804, 'Labioplasti Unilateral ', '7', 10562, 'TMOKI53'),
(805, 'Laparatomy Percobaan ', '8', 3440, 'TMOKI54'),
(806, 'Laparoscopi diagnostik', '7', 4515, 'TMOKI55'),
(807, 'Lapartomi mini ', '10', 1254, 'TMOKI56'),
(808, 'Lepas spiral benang negatif', '8', 1728, 'TMOKI57'),
(809, 'Marsupialisasi Ranula ', '8', 3880, 'TMOKI58'),
(810, 'Meatotomi ', '8', 3214, 'TMOKI59'),
(812, 'Neurofibroma', '3', 3429, 'TMOKI61'),
(815, 'Operasi Hydrokel ', '2', 6506, 'TMOKI64'),
(816, 'Operasi katarak ICCE / ECCE ', '3', 1244, 'TMOKI65'),
(817, 'Operasi shoudkan', '1', 5701, 'TMOKI66'),
(820, 'Peritomi', '3', 3772, 'TMOKI69'),
(821, 'Polipektomi', '3', 10759, 'TMOKI70'),
(826, 'Repair Komplikasi AV Shunt ', '3', 1478, 'TMOKI75'),
(827, 'Repair kontraktur/ organ lain', '10', 4115, 'TMOKI76'),
(830, 'Resposisi fraktur os nasale', '2', 5141, 'TMOKI79'),
(832, 'Sequesterectomy dengan narkose', '10', 2360, 'TMOKI81'),
(833, 'Sirklase ', '2', 5380, 'TMOKI82'),
(835, 'Sistostomi ', '6', 8819, 'TMOKI84'),
(836, 'Tatoage kornea', '8', 6955, 'TMOKI85'),
(837, 'Terapi Sklerosing ', '1', 7319, 'TMOKI86'),
(839, 'Tonsilektomi ', '10', 4729, 'TMOKI88'),
(840, 'Tracheostomi', '7', 10688, 'TMOKI89'),
(841, 'Tubektomi dengan narkose', '4', 8254, 'TMOKI90'),
(842, 'Turbinektomi ', '9', 8207, 'TMOKI91'),
(843, 'Uretrolitotomi pars anterior', '1', 5275, 'TMOKI92'),
(844, 'Varikokel', '8', 10754, 'TMOKI93'),
(845, 'Vesicolitotomi', '6', 6943, 'TMOKI94'),
(846, 'Adenolisis', '6', 1456, 'TMOKII01'),
(847, 'Adenotonsilektomy ', '3', 5453, 'TMOKII02'),
(848, 'Amputasi Transmedular ', '7', 1894, 'TMOKII03'),
(849, 'Anoplasti', '5', 2112, 'TMOKII04'),
(850, 'Anoplasti sederhana (Cut Back)', '3', 3879, 'TMOKII05'),
(851, 'Apendektomi Perforata', '1', 2060, 'TMOKII06'),
(852, 'Atrostomi & Adenoidektomi ', '6', 7664, 'TMOKII07'),
(853, 'Blepharoplastik', '6', 1142, 'TMOKII08'),
(854, 'Caldwell Luc Anthrostomi ', '3', 1716, 'TMOKII09'),
(855, 'Colostomi', '4', 4155, 'TMOKII10'),
(856, 'CWL', '10', 4630, 'TMOKII11'),
(857, 'Debridement pada luka bakar ', '7', 9683, 'TMOKII12'),
(858, 'Drainage Kista Pankreas ', '8', 3524, 'TMOKII13'),
(859, 'Drainage Periureter ', '5', 7575, 'TMOKII14'),
(860, 'Eksisi Chodee ', '2', 6301, 'TMOKII15'),
(861, 'Eksisi Higroma ', '4', 7782, 'TMOKII16'),
(863, 'Eksisi Kista Tiroglosus ', '10', 9008, 'TMOKII18'),
(864, 'Eksisi Kista Urachus ', '4', 10694, 'TMOKII19'),
(865, 'Eksplorasi Abses Parafaringeal', '9', 5446, 'TMOKII20'),
(866, 'Eksplorasi abses septum', '2', 4147, 'TMOKII21'),
(867, 'Eksplorasi Kista Branchial ', '1', 3398, 'TMOKII22'),
(869, 'Eksplorasi Kista Tiroid ', '9', 3548, 'TMOKII24'),
(874, 'Embriotomi', '3', 6549, 'TMOKII29'),
(875, 'Enukleusio bulbi', '4', 1099, 'TMOKII30'),
(876, 'Ethmoidektomi (Intranasal) ', '1', 4852, 'TMOKII31'),
(877, 'Etmoi dectomi', '10', 9960, 'TMOKII32'),
(878, 'Eviscerasi', '9', 4247, 'TMOKII33'),
(880, 'Extirpatie Plunging Ranula', '1', 10356, 'TMOKII35'),
(881, 'Fiksasi Interna Yang Kompleks ', '3', 8040, 'TMOKII36'),
(882, 'Fissurektomi ', '1', 8131, 'TMOKII37'),
(883, 'Fissurektomi peri anal ', '5', 5536, 'TMOKII38'),
(884, 'Histerektomi supra vaginal', '4', 2288, 'TMOKII39'),
(885, 'Histerektomi total', '2', 3833, 'TMOKII40'),
(886, 'Histerotomi', '10', 1300, 'TMOKII41'),
(887, 'Hystrecktomy Partial', '4', 4000, 'TMOKII42'),
(888, 'Iridectomi', '10', 5102, 'TMOKII43'),
(889, 'Jahit kornea', '7', 2511, 'TMOKII44'),
(890, 'Jahit sclera', '3', 6250, 'TMOKII45'),
(893, 'Kistektomi', '10', 2717, 'TMOKII48'),
(894, 'Kistektomi', '3', 3837, 'TMOKII48'),
(895, 'Koreksi Disartikulasi ', '2', 10032, 'TMOKII50'),
(896, 'Koreksi Extropion / Entropion ', '3', 7649, 'TMOKII51'),
(897, 'Koreksi Priapismus ', '7', 7150, 'TMOKII52'),
(898, 'Koreksi Symblepharon ', '4', 1805, 'TMOKII53'),
(899, 'Koreksi Torsio Testis ', '1', 6574, 'TMOKII54'),
(901, 'Labhioplasty parotidectomi', '3', 6456, 'TMOKII56'),
(902, 'Labioplasti Bilateral ', '1', 1557, 'TMOKII57'),
(904, 'Laparotomi', '6', 7420, 'TMOKII59'),
(905, 'Lapartomi', '8', 1427, 'TMOKII60'),
(906, 'Laporotomi eksplorasi', '4', 3877, 'TMOKII61'),
(907, 'Ligasi Tinggi Hidrokel ', '4', 4106, 'TMOKII62'),
(908, 'Mastektomi', '7', 7896, 'TMOKII63'),
(909, 'Mastektomi Subkutaneus ', '4', 6166, 'TMOKII64'),
(910, 'Mastoidectomi', '9', 6141, 'TMOKII65'),
(911, 'Mastoidektomi Sederhana (THT) ', '10', 1209, 'TMOKII66'),
(912, 'Miomektomi', '4', 6623, 'TMOKII67'),
(914, 'Myomectomy', '5', 8488, 'TMOKII69'),
(915, 'Oovotektoimi', '5', 1571, 'TMOKII70'),
(916, 'Open Renal Biopsi ', '10', 1391, 'TMOKII71'),
(917, 'Operasi  Hernia Incarcerata', '3', 1243, 'TMOKII72'),
(919, 'Operasi Hypospadia ', '4', 1045, 'TMOKII74'),
(920, 'Operasi Manchester Fortegil', '10', 10493, 'TMOKII75'),
(921, 'Operasi mikrotia ', '6', 8331, 'TMOKII76'),
(922, 'Operasi pada Spermatocele ', '8', 9178, 'TMOKII77'),
(924, 'Operasi Palatoplasti ', '10', 9898, 'TMOKII79'),
(925, 'Orchidectomi', '9', 10956, 'TMOKII80'),
(926, 'Orchidektomi Subkapsuler ', '5', 4088, 'TMOKII81'),
(927, 'Parotidectomi', '7', 6573, 'TMOKII82'),
(928, 'Pemasangan Pipa Shepard ', '10', 9598, 'TMOKII83'),
(929, 'Pemasangan T Tube ', '10', 7275, 'TMOKII84'),
(930, 'Penektomi ', '10', 6581, 'TMOKII85'),
(932, 'Potong Flap ', '7', 10081, 'TMOKII87'),
(933, 'Protis plastik rekonstruksi', '5', 9661, 'TMOKII88'),
(934, 'Regional Flap ', '4', 7063, 'TMOKII89'),
(936, 'Rekonstruksi Kontraktur ', '7', 5332, 'TMOKII91'),
(937, 'Rekontruksi hidung', '8', 4474, 'TMOKII92'),
(938, 'Repair Atresia Choanae (THT)', '7', 5372, 'TMOKII93'),
(939, 'Repair Fistel ', '2', 2438, 'TMOKII94'),
(940, 'Repair fraktur penis ', '8', 5076, 'TMOKII95'),
(942, 'Repair tendon jari ', '1', 7066, 'TMOKII97'),
(943, 'Reposisi Fixatie (Compucate)', '6', 9102, 'TMOKII98'),
(947, 'Reposisi Fraktur Rahang Simple', '3', 3313, 'TMOKII102'),
(948, 'Reposisi terbuka patah tulang', '3', 8261, 'TMOKII103'),
(949, 'Salpingektomi', '2', 10367, 'TMOKII104'),
(950, 'Salpingo oovarektomi bilateral', '4', 6052, 'TMOKII105'),
(952, 'Salpingolisis', '1', 8161, 'TMOKII107'),
(953, 'Salpingoofarektomi unilateral', '6', 1647, 'TMOKII108'),
(954, 'Segmentektomi ', '7', 2755, 'TMOKII109'),
(956, 'Septum Reseksi ', '6', 7834, 'TMOKII111'),
(957, 'Septup reseksi', '4', 9904, 'TMOKII112'),
(958, 'Skingrafting yang tidak luas. ', '10', 5020, 'TMOKII113'),
(959, 'Stumektomi', '8', 4387, 'TMOKII114'),
(960, 'Thorakotomi', '10', 5877, 'TMOKII115'),
(961, 'Tindakan Argon Laser / Kenon  ', '6', 5223, 'TMOKII116'),
(962, 'Tindakan Blok Resectie', '9', 7485, 'TMOKII117'),
(964, 'Tindakan Cyclodia Termi ', '10', 10757, 'TMOKII119'),
(966, 'Tindakan pada Kolpodeksis', '8', 10329, 'TMOKII121'),
(967, 'Tonsilo Adenoidectomi ', '9', 8376, 'TMOKII122'),
(968, 'Trabeculetomi filtrasi operasi', '10', 9894, 'TMOKII123'),
(969, 'Tracheostomi ', '3', 3342, 'TMOKI89'),
(970, 'Transplantasi amnion', '4', 6026, 'TMOKII125'),
(971, 'Trepanase', '10', 9108, 'TMOKII126'),
(972, 'Ureterolysis ', '9', 6461, 'TMOKII127'),
(973, 'Ureterostomi ', '4', 3980, 'TMOKII128'),
(974, 'Urethrolithotomi', '4', 9520, 'TMOKII129'),
(976, 'Vasografi ', '4', 4660, 'TMOKII131'),
(978, 'Angiofibroma', '3', 3741, 'TMOKIII02'),
(980, 'Arthrosplasty ', '10', 3725, 'TMOKIII04'),
(981, 'Broncoscopi', '4', 6404, 'TMOKIII05'),
(983, 'Ceserarian histerectomi', '8', 9844, 'TMOKIII07'),
(984, 'Dakrio rinostomi', '2', 9009, 'TMOKIII08'),
(985, 'De Bulkging', '4', 4512, 'TMOKIII09'),
(986, 'Decompresi fasialis', '7', 4536, 'TMOKIII10'),
(988, 'Divertikulektomi ', '5', 8143, 'TMOKIII12'),
(989, 'Eksisi Angiofibroma Nasofaring', '8', 6106, 'TMOKIII13'),
(990, 'Eksisi hemangiona kompleks ', '2', 5104, 'TMOKIII14'),
(991, 'Eksisi Mamma Aberran ', '8', 6202, 'TMOKIII15'),
(992, 'Eksplorasi Duktus Koledokus ', '2', 4699, 'TMOKIII16'),
(993, 'Eksterasio bulbi / orbita', '8', 3887, 'TMOKIII17'),
(995, 'Enukleasi Kista Ginjal ', '10', 4342, 'TMOKIII19'),
(997, 'Extraksi Linear ', '10', 9048, 'TMOKIII21'),
(998, 'Fare Head Flap ', '6', 1214, 'TMOKIII22'),
(999, 'Faringoplasi', '10', 7928, 'TMOKIII23'),
(1000, 'Faringotomi ', '1', 4998, 'TMOKIII24'),
(1001, 'Fistula ureterovesika ', '5', 10206, 'TMOKIII25'),
(1003, 'Goniotomi ', '9', 5035, 'TMOKIII27'),
(1004, 'Graf Vena membuat A Vistula ', '10', 3561, 'TMOKIII28'),
(1005, 'Hemiglosektomi ', '5', 1697, 'TMOKIII29'),
(1006, 'Herniatomi Bilateral ', '2', 6805, 'TMOKIII30'),
(1007, 'Hysterectomi dengan penyulit', '4', 7935, 'TMOKIII31'),
(1008, 'Hystrecktomy Total ', '4', 8259, 'TMOKIII32'),
(1009, 'Internal Urethrotomi ', '7', 6489, 'TMOKIII33'),
(1010, 'Isthobektomi ', '1', 6670, 'TMOKIII34'),
(1011, 'Karatoplastik', '5', 2883, 'TMOKIII35'),
(1012, 'Keratoplastie lamelar ', '3', 3405, 'TMOKIII36'),
(1013, 'Kolesistektomi ', '9', 7377, 'TMOKIII37'),
(1014, 'Koreksi Atresia Ani', '3', 5670, 'TMOKIII38'),
(1017, 'Koreksi Strabismus ', '3', 5218, 'TMOKIII41'),
(1018, 'Labiopalatoplasti Bilateral ', '4', 8082, 'TMOKIII42'),
(1019, 'Laparatomi Eksplorasi ', '8', 3755, 'TMOKIII43'),
(1020, 'Laparatomi VC ', '9', 3530, 'TMOKIII44'),
(1021, 'Lithotripsi', '8', 5384, 'TMOKIII45'),
(1022, 'Litotripsi ', '4', 5332, 'TMOKIII46'),
(1023, 'Maksilektomi Partialis ', '4', 9510, 'TMOKIII47'),
(1024, 'Mandibulektomi Marginalis ', '7', 10552, 'TMOKIII48'),
(1025, 'Mastektomi Simpleks ', '4', 3232, 'TMOKIII49'),
(1026, 'Mastoidektomi Modifikasi (THT)', '6', 3503, 'TMOKIII50'),
(1027, 'Mastoidektomi Radikal ', '1', 6819, 'TMOKIII51'),
(1028, 'Midfacial degloving (THT)', '3', 2589, 'TMOKIII52'),
(1029, 'Myringoplasty ', '3', 1489, 'TMOKIII53'),
(1030, 'Nefropexie', '8', 8678, 'TMOKIII54'),
(1031, 'Nefrostomi Open ', '7', 7923, 'TMOKIII55'),
(1032, 'Neurektomi Saraf Vidian ', '2', 2579, 'TMOKIII56'),
(1034, 'Operasi ablasio retinae', '7', 8130, 'TMOKIII58'),
(1035, 'Operasi Cyclodialysa ', '6', 1914, 'TMOKIII59'),
(1036, 'Operasi Peyronie', '9', 4180, 'TMOKIII60'),
(1038, 'Operasi Tumor Jinak Ovarium ', '7', 4156, 'TMOKIII62'),
(1039, 'Operasi Tumor Pembuluh Darah ', '4', 7241, 'TMOKIII63'),
(1041, 'Orchidektomi Ligasi Tinggi ', '2', 2740, 'TMOKIII65'),
(1042, 'Orthognatie Surgery ', '3', 10976, 'TMOKIII66'),
(1043, 'Pan histerektomi', '9', 5662, 'TMOKIII67'),
(1044, 'Parotidektomi ', '3', 4379, 'TMOKIII68'),
(1045, 'Pembedahan Kompartemental ', '10', 3913, 'TMOKIII69'),
(1047, 'Phacoemulsifikasi', '6', 5429, 'TMOKIII71'),
(1048, 'Prostatektomi Retropubik ', '6', 4404, 'TMOKIII72'),
(1049, 'Pyelolithotomi ', '10', 4735, 'TMOKIII73'),
(1050, 'Pyeloplasty ', '2', 9463, 'TMOKIII74'),
(1052, 'Rekontruksi Blassemeck ', '3', 2111, 'TMOKIII76'),
(1054, 'Rekontruksi Vesika ', '2', 1166, 'TMOKIII78'),
(1057, 'Resectie Rahang ', '4', 8499, 'TMOKIII81'),
(1058, 'Reseksi Adenomiosis', '8', 7998, 'TMOKIII82'),
(1059, 'Reseksi Anastomosis ', '9', 3491, 'TMOKIII83'),
(1060, 'Reseksi Partial Vesika ', '1', 2464, 'TMOKIII84'),
(1061, 'Reseksi Urachus ', '7', 10846, 'TMOKIII85'),
(1062, 'Resektio caesaria', '1', 5838, 'TMOKIII86'),
(1064, 'Rinotomi Lateralis', '8', 5654, 'TMOKIII88'),
(1065, 'Salpingoofarektomi bilateral', '7', 9755, 'TMOKIII89'),
(1066, 'Salvaging operasi mikro ', '10', 10814, 'TMOKIII90'),
(1067, 'Simpatektomi ', '10', 3804, 'TMOKIII91'),
(1068, 'Sistoplasti Reduksi ', '8', 5578, 'TMOKIII92'),
(1069, 'Skingrafting yang luas ', '10', 5480, 'TMOKIII93'),
(1070, 'Solenektomi ', '3', 9665, 'TMOKIII94'),
(1071, 'Sphenoimidektomi (THT)', '7', 10887, 'TMOKIII95'),
(1072, 'Tindakan Dekompresi Fasialis ', '6', 4442, 'TMOKIII96'),
(1073, 'Konsul Dokter Umum', '9', 8547, 'KON'),
(1074, 'Pembalut', '8', 8412, 'BHP'),
(1076, 'Ureterocutaneostomi ', '4', 5418, 'TMOKIII108'),
(1077, 'Uretero Ureterostomi ', '2', 10855, 'TMOKIII107'),
(1078, 'Transeksi Esofagus ', '6', 7021, 'TMOKIII103'),
(1079, 'Trans uretrae reseksi', '6', 1541, 'TMOKIII102'),
(1080, 'Tindakan Pharyngeal Flap ', '9', 5644, 'TMOKIII98'),
(1082, 'TEST', '9', 2596, 'ELM'),
(1083, 'Ureterolithotomi  ', '4', 5050, 'TMOKIII109'),
(1085, 'Himenektomi', '10', 6463, 'TMOKI41'),
(1086, 'Hidrocelectomi', '10', 6166, 'TMOKI40'),
(1087, 'Herniotomi ', '9', 10442, 'TMOKI39'),
(1088, 'Hemoroidektomi ', '6', 2713, 'TMOKI38'),
(1089, 'Haemangioma diameter 1-2 cm', '10', 1237, 'TMOKI37'),
(1090, 'Foto Koagulasi ', '1', 7049, 'TMOKI36'),
(1091, 'Flebektomi ', '4', 10534, 'TMOKI35'),
(1092, 'Fistulektomi pada Digestif', '9', 10525, 'TMOKI34'),
(1093, 'Fistulektomi', '1', 10023, 'TMOKI33'),
(1094, 'Fimbriektomi', '7', 7538, 'TMOKI32'),
(1095, 'Fiksasi Interna Sederhana ', '1', 6622, 'TMOKI31'),
(1096, 'Fiksasi Externa Sederhana ', '3', 9499, 'TMOKI30'),
(1098, 'Extirpasi Polip ', '10', 6627, 'TMOKI28'),
(1099, 'Excochliasi ', '8', 3639, 'TMOKI27'),
(1100, 'Enuclealasi/Evicerasi (MATA)', '9', 7317, 'TMOKI26'),
(1101, 'Enucleatie Kista ', '2', 4666, 'TMOKI25'),
(1102, 'Eksterpasi pterigium', '2', 10380, 'TMOKI24'),
(1104, 'Eksterpasi kista', '2', 6901, 'TMOKI22'),
(1106, 'Eksisi/Konisasi ', '8', 2366, 'TMOKI20'),
(1107, 'Dilatasi Urethra ', '1', 10127, 'TMOKI19'),
(1108, 'Dibredement Fraktur Terbuka ', '3', 2537, 'TMOKI18'),
(1109, 'Dermabrasi tatto < 5 cm ', '9', 1306, 'TMOKI17'),
(1110, 'Dermabrasi skar < 5 cm', '5', 7921, 'TMOKI16'),
(1112, 'Blok saraf tepi ', '8', 4686, 'TMOKI14'),
(1113, 'Biopsi testis ', '5', 8669, 'TMOKI13'),
(1114, 'Biopsi saraf kutaneus/otot ', '8', 8288, 'TMOKI12'),
(1115, 'Biopsi prostat ', '6', 4432, 'TMOKI11'),
(1116, 'Biopsi dalam Narkose Umum ', '7', 6295, 'TMOKI10'),
(1117, 'Biopsi aknesa', '6', 7183, 'TMOKI09'),
(1118, 'Bedah beku < 5 cm', '7', 6028, 'TMOKI08'),
(1119, 'Apendektomi laparoskopi ', '8', 7594, 'TMOKI07'),
(1120, 'Apendektomi akut ', '10', 8885, 'TMOKI06'),
(1121, 'Antrostomi sinus maksilaris', '2', 10645, 'TMOKI05'),
(1122, 'Antrostomi Irigasi (THT)', '1', 5570, 'TMOKI04'),
(1123, 'Angkat Pen/Screw ', '8', 4917, 'TMOKI03'),
(1125, 'Adenoidektomy', '7', 6875, 'TMOKI01'),
(1126, 'Vena Seksi ', '10', 8624, 'TMOK53'),
(1127, 'Vasektomi ', '10', 1494, 'TMOK52'),
(1128, 'Tumor Palpebra', '6', 10599, 'TMOK51'),
(1129, 'Tubektomi ', '2', 7513, 'TMOK50'),
(1130, 'Tindakan Deepening Sulcus ', '10', 4771, 'TMOK49'),
(1131, 'Spoeling kanalis lakrimalis', '5', 10315, 'TMOK48'),
(1132, 'Sistostomi', '4', 6261, 'TMOKI84'),
(1133, 'Reposisi dengan anestesi Lokal', '2', 9361, 'TMOK46'),
(1135, 'Punksi/Irigasi Pleura ', '6', 7025, 'TMOK44'),
(1136, 'Plasenta manual', '6', 6041, 'TMOK42'),
(1137, 'Punksi Sumsum Tulang', '1', 8130, 'TMOK43'),
(1138, 'Perineorapi', '7', 1527, 'TMOK41'),
(1139, 'Perawatan molax', '10', 2244, 'TMOK40'),
(1140, 'Penutupan Oroantral Fistula ', '10', 5641, 'TMOK39'),
(1141, 'Pemasangan WSD ', '1', 10473, 'TMOK38'),
(1142, 'Parasintesa', '3', 4442, 'TMOK37'),
(1143, 'Operculectomy', '2', 9791, 'TMOK36'),
(1145, 'Marsupilisisi', '3', 4632, 'TMOK34'),
(1146, 'Kuretase tanpa narkose', '6', 2788, 'TMOK33'),
(1147, 'Insisi Mucocele', '2', 9043, 'TMOK32'),
(1148, 'Insisi Chalasion herdeolum', '10', 5854, 'TMOK31'),
(1149, 'Insisi abses septum nasi', '4', 1139, 'TMOK30'),
(1150, 'Insisi abses mastoid', '10', 7132, 'TMOK29'),
(1151, 'Insisi abses', '6', 1245, 'TMOK28'),
(1155, 'Hecting Conjunctiva (MATA)', '9', 3831, 'TMOK24'),
(1156, 'Gingivectomy ', '5', 4420, 'TMOK23'),
(1157, 'Frenectomi ', '9', 9609, 'TMOK22'),
(1158, 'Fistulektomi (tanpa narkose)', '9', 3784, 'TMOK21'),
(1159, 'Epilasi', '8', 9094, 'TMOK20'),
(1160, 'Enucleatie Kista D 42', '4', 3119, 'TMOK19'),
(1161, 'Ektirpasi Fibroma', '4', 7314, 'TMOK18'),
(1162, 'Ekstraksi kuku/Paranichia', '9', 6213, 'TMOK17'),
(1164, 'Ekstraksi kalsium oksalat', '6', 8125, 'TMOK15'),
(1165, 'Ekstraksi granuloma', '10', 10986, 'TMOK14'),
(1168, 'Eksisi Pterigium ', '2', 9556, 'TMOK11'),
(1169, 'Debridemen luka', '6', 3823, 'TMOK10'),
(1170, 'Corpus alienum tanpa penyulit.', '7', 9449, 'TMOK09'),
(1171, 'Cirkumsisi', '6', 4774, 'TMOK08'),
(1172, 'Bouginasi', '8', 4525, 'TMOK07'),
(1173, 'Biopsi tumor nasofaring', '1', 7302, 'TMOK06'),
(1174, 'Biopsi', '3', 1934, 'TMOK05'),
(1175, 'Amputasi Jari (tanpa narkose)', '9', 6767, 'TMOK04'),
(1176, 'Amotio lithiasis', '7', 7032, 'TMOK03'),
(1178, 'Alveolectomi ', '6', 3860, 'TMOK01'),
(1179, 'Urethrektomi ', '7', 7205, 'TMOKIII110'),
(1180, 'Uretroplasti ', '6', 3445, 'TMOKIII111'),
(1182, 'Operasi stabismus', '6', 4612, 'TMOSUS02'),
(1183, 'Operatif Laparoscopy', '1', 1723, 'TMOSUS03'),
(1186, 'Transplantasi kornea', '6', 3782, 'TMOSUS06'),
(1187, 'Tymphanoplasty', '2', 2741, 'TMOKIII105');

-- --------------------------------------------------------

--
-- Table structure for table `admission_tindakan_kelompok`
--

CREATE TABLE IF NOT EXISTS `admission_tindakan_kelompok` (
  `id` int(3) NOT NULL,
  `tindakan_kelompok` varchar(100) NOT NULL,
  `admission_klinik_id` int(3) NOT NULL,
  `keterangan` varchar(20) NOT NULL,
  PRIMARY KEY (`id`)
) ENGINE=MyISAM DEFAULT CHARSET=latin1;

--
-- Dumping data for table `admission_tindakan_kelompok`
--

INSERT INTO `admission_tindakan_kelompok` (`id`, `tindakan_kelompok`, `admission_klinik_id`, `keterangan`) VALUES
(1, 'Anak', 1, ''),
(2, 'IGD', 2, '-'),
(3, 'Dewasa', 3, '-'),
(4, 'Gizi', 4, '-'),
(5, 'Gigi', 5, '-'),
(6, 'Imunisasi', 6, '-'),
(7, 'Kebidanan', 7, '-'),
(8, 'KB', 8, '-'),
(9, 'Laboratorium', 9, '-'),
(10, 'Lansia', 10, '-');

-- --------------------------------------------------------

--
-- Table structure for table `aplikasi`
--

CREATE TABLE IF NOT EXISTS `aplikasi` (
  `kab` varchar(50) NOT NULL,
  `prov` varchar(50) NOT NULL,
  `kode_id` varchar(4) NOT NULL,
  `kode_prov` varchar(4) NOT NULL,
  `kode_kab` varchar(4) NOT NULL,
  `title` varchar(255) NOT NULL,
  `daerah` varchar(50) NOT NULL,
  `max_tahun` year(4) NOT NULL,
  `inspektur` varchar(50) NOT NULL,
  `pph` int(11) NOT NULL,
  `ppn` int(11) NOT NULL,
  `kop_daerah` varchar(50) NOT NULL
) ENGINE=MyISAM DEFAULT CHARSET=latin1;

--
-- Dumping data for table `aplikasi`
--

INSERT INTO `aplikasi` (`kab`, `prov`, `kode_id`, `kode_prov`, `kode_kab`, `title`, `daerah`, `max_tahun`, `inspektur`, `pph`, `ppn`, `kop_daerah`) VALUES
('TARAKAN', 'KALIMANTAN TIMUR', '12', '11', '07', 'Sistem Informasi Manajemen Pengawasan Insepektorat', 'KAB', 0000, '19660804 199303 1 005', 0, 12, 'KUTAI KARTANEGARA');

-- --------------------------------------------------------

--
-- Table structure for table `apotek_lplpo`
--

CREATE TABLE IF NOT EXISTS `apotek_lplpo` (
  `id` int(11) NOT NULL AUTO_INCREMENT,
  `tanggal_lplpo` date NOT NULL,
  `obat_id` int(11) NOT NULL,
  `stok_awal` int(11) NOT NULL,
  `penerimaan` int(11) NOT NULL,
  `pemakaian` int(11) NOT NULL,
  `rusak` int(11) NOT NULL,
  `sisa_stok` int(11) NOT NULL,
  `stok_real` int(11) NOT NULL,
  `permintaan` int(11) NOT NULL,
  `unit_kerja_id` int(11) NOT NULL,
  PRIMARY KEY (`id`)
) ENGINE=MyISAM DEFAULT CHARSET=latin1 AUTO_INCREMENT=1 ;

--
-- Dumping data for table `apotek_lplpo`
--


-- --------------------------------------------------------

--
-- Table structure for table `apotek_penerimaan`
--

CREATE TABLE IF NOT EXISTS `apotek_penerimaan` (
  `id` int(11) NOT NULL,
  `tanggal_terima` datetime NOT NULL,
  `obat_id` varchar(6) NOT NULL,
  `jumlah` int(6) NOT NULL,
  `stok_awal` int(9) NOT NULL,
  `persediaan` int(9) NOT NULL,
  `unit_kerja_id` int(3) NOT NULL,
  `user_id` varchar(10) NOT NULL
) ENGINE=MyISAM DEFAULT CHARSET=latin1;

--
-- Dumping data for table `apotek_penerimaan`
--


-- --------------------------------------------------------

--
-- Table structure for table `apotek_penerimaan_header`
--

CREATE TABLE IF NOT EXISTS `apotek_penerimaan_header` (
  `id` varchar(15) NOT NULL,
  `no_nota` int(11) NOT NULL,
  `unit_kerja_id` int(11) NOT NULL,
  `tanggal_terima` date NOT NULL,
  `sumber_id` int(11) NOT NULL,
  `supplier_id` int(11) NOT NULL,
  `sales_id` int(11) NOT NULL,
  `user_id` varchar(11) NOT NULL,
  PRIMARY KEY (`id`)
) ENGINE=MyISAM DEFAULT CHARSET=latin1;

--
-- Dumping data for table `apotek_penerimaan_header`
--


-- --------------------------------------------------------

--
-- Table structure for table `apotek_penerimaan_header2`
--

CREATE TABLE IF NOT EXISTS `apotek_penerimaan_header2` (
  `id` varchar(15) NOT NULL,
  `no_nota` int(11) NOT NULL,
  `unit_kerja_id` int(11) NOT NULL,
  `tanggal_keluar` date NOT NULL,
  `user_id` varchar(11) NOT NULL,
  `tujuan` int(11) NOT NULL,
  `cek` varchar(5) NOT NULL,
  PRIMARY KEY (`id`)
) ENGINE=MyISAM DEFAULT CHARSET=latin1;

--
-- Dumping data for table `apotek_penerimaan_header2`
--


-- --------------------------------------------------------

--
-- Table structure for table `apotek_penerimaan_item`
--

CREATE TABLE IF NOT EXISTS `apotek_penerimaan_item` (
  `id` int(11) NOT NULL AUTO_INCREMENT,
  `obat_id` varchar(6) NOT NULL,
  `jumlah` int(6) NOT NULL,
  `terima_id` varchar(15) NOT NULL,
  `keterangan` varchar(200) NOT NULL,
  PRIMARY KEY (`id`)
) ENGINE=MyISAM DEFAULT CHARSET=latin1 AUTO_INCREMENT=1 ;

--
-- Dumping data for table `apotek_penerimaan_item`
--


-- --------------------------------------------------------

--
-- Table structure for table `apotek_penerimaan_item2`
--

CREATE TABLE IF NOT EXISTS `apotek_penerimaan_item2` (
  `id` int(11) NOT NULL AUTO_INCREMENT,
  `obat_id` int(5) NOT NULL,
  `jumlah` int(6) NOT NULL,
  `keluar_id` varchar(15) NOT NULL,
  `jenis_keluar` varchar(30) NOT NULL,
  `keterangan` varchar(500) NOT NULL,
  PRIMARY KEY (`id`)
) ENGINE=MyISAM DEFAULT CHARSET=latin1 AUTO_INCREMENT=1 ;

--
-- Dumping data for table `apotek_penerimaan_item2`
--


-- --------------------------------------------------------

--
-- Table structure for table `apotek_penerimaan_log`
--

CREATE TABLE IF NOT EXISTS `apotek_penerimaan_log` (
  `id` int(11) NOT NULL,
  `tanggal_terima` datetime NOT NULL,
  `obat_id` varchar(6) NOT NULL,
  `jumlah` int(6) NOT NULL,
  `terima_id` varchar(10) NOT NULL,
  `unit_kerja_id` int(3) NOT NULL,
  `user_id` varchar(10) NOT NULL
) ENGINE=MyISAM DEFAULT CHARSET=latin1;

--
-- Dumping data for table `apotek_penerimaan_log`
--


-- --------------------------------------------------------

--
-- Table structure for table `apotek_pengeluaran`
--

CREATE TABLE IF NOT EXISTS `apotek_pengeluaran` (
  `id` int(11) NOT NULL AUTO_INCREMENT,
  `tanggal_keluar` datetime NOT NULL,
  `obat_id` varchar(6) NOT NULL,
  `jumlah` int(6) NOT NULL,
  `keluar_id` varchar(10) NOT NULL,
  `unit_kerja_id` int(3) NOT NULL,
  `admission_klinik_id` int(3) NOT NULL,
  `user_id` varchar(10) NOT NULL,
  PRIMARY KEY (`id`)
) ENGINE=MyISAM DEFAULT CHARSET=latin1 AUTO_INCREMENT=1 ;

--
-- Dumping data for table `apotek_pengeluaran`
--


-- --------------------------------------------------------

--
-- Table structure for table `apotek_resep`
--

CREATE TABLE IF NOT EXISTS `apotek_resep` (
  `id` int(11) NOT NULL,
  `admission_registrasi_id` int(11) NOT NULL,
  `obat_id` varchar(6) NOT NULL,
  `jumlah` int(6) NOT NULL,
  `aturan_pakai` varchar(50) NOT NULL,
  `keterangan` varchar(100) NOT NULL,
  `validasi` int(1) NOT NULL
) ENGINE=MyISAM DEFAULT CHARSET=latin1;

--
-- Dumping data for table `apotek_resep`
--


-- --------------------------------------------------------

--
-- Table structure for table `apt_gol`
--

CREATE TABLE IF NOT EXISTS `apt_gol` (
  `id_golongan` int(5) NOT NULL AUTO_INCREMENT,
  `nama_golongan` varchar(200) NOT NULL,
  PRIMARY KEY (`id_golongan`)
) ENGINE=MyISAM  DEFAULT CHARSET=latin1 AUTO_INCREMENT=13 ;

--
-- Dumping data for table `apt_gol`
--

INSERT INTO `apt_gol` (`id_golongan`, `nama_golongan`) VALUES
(10, 'Golongan 2'),
(3, 'Golongan 1');

-- --------------------------------------------------------

--
-- Table structure for table `apt_item`
--

CREATE TABLE IF NOT EXISTS `apt_item` (
  `id_item` int(11) NOT NULL AUTO_INCREMENT,
  `kode_item` varchar(20) NOT NULL,
  `nama_item` varchar(255) NOT NULL,
  `id_satuan` varchar(11) NOT NULL,
  `harga_beli` int(11) NOT NULL,
  `harga_jual` int(11) NOT NULL,
  `qtt` bigint(11) NOT NULL,
  `fk_jenis` varchar(11) NOT NULL,
  `fk_golongan` int(11) NOT NULL,
  PRIMARY KEY (`id_item`),
  KEY `kode_item` (`kode_item`),
  KEY `kode_item_2` (`kode_item`),
  KEY `kode_item_3` (`kode_item`)
) ENGINE=MyISAM  DEFAULT CHARSET=latin1 AUTO_INCREMENT=551 ;

--
-- Dumping data for table `apt_item`
--

INSERT INTO `apt_item` (`id_item`, `kode_item`, `nama_item`, `id_satuan`, `harga_beli`, `harga_jual`, `qtt`, `fk_jenis`, `fk_golongan`) VALUES
(1, 'A0001', 'Aminofilin 200 mg', '91', 0, 19451, 400, '1', 0),
(2, 'A0002', 'Ambeven', '12', 0, 3079, 5, '1', 0),
(3, 'A0003', 'Albendazole', '29', 0, 16544, 684, '1', 0),
(4, 'A0004', 'Allopurinol 100 mg', '14', 0, 12982, 680, '1', 0),
(5, 'A0005', 'Ambroksol 30 mg', '14', 0, 14779, 1132, '1', 0),
(6, 'A0006', 'Amoksilin 250 mg', '96', 0, 14449, 0, '1', 0),
(7, 'A0007', 'Amoksisilin 500 mg', '14', 0, 7409, 5589, '1', 0),
(8, 'A0008', 'Ampisilin 500 mg', '14', 0, 13199, 145, '1', 0),
(9, 'A0009', 'Antalgin 500 mg', '44', 0, 3269, 0, '1', 0),
(10, 'A0010', 'Antasida DOEN', '44', 0, 16248, 1194, '1', 0),
(11, 'A0011', 'Asam Folat', '40', 0, 10934, 0, '1', 0),
(12, 'A0012', 'Asam Mefenamat 500 mg', '12', 0, 5424, 3186, '1', 0),
(13, 'A0013', 'Acyclovir 200 mg', '14', 0, 13820, 321, '1', 0),
(14, 'A0014', 'Acyclovir 400 mg', '97', 0, 12329, 0, '1', 0),
(15, 'A0015', 'Acetosal 500 mg', '14', 0, 19684, 0, '1', 0),
(16, 'A0016', 'Besi sulfat', '98', 0, 934, 1021, '1', 0),
(17, 'A0017', 'Bromhexin Hcl 8mg (Hustab P)', '99', 0, 5117, 88, '1', 0),
(18, 'A0018', 'Bisacodyl   ( Dulcolax )', '100', 0, 2285, 32, '1', 0),
(19, 'A0019', 'Captopril 25 mg', '14', 0, 15572, 2149, '1', 0),
(20, 'A0020', 'Captopril 12,5 mg', '14', 0, 10509, 0, '1', 0),
(21, 'A0021', 'Cefadroxil 500 mg', '101', 0, 5328, 0, '1', 0),
(22, 'A0022', 'Chloramphenicol 250 mg', '96', 0, 14612, 47, '1', 0),
(23, 'A0023', 'Chloramphenicol 250 mg', '102', 0, 16578, 0, '1', 0),
(24, 'A0024', 'Ciprofloxacin 500 mg', '97', 0, 18554, 974, '1', 0),
(25, 'A0025', 'CTM 4 mg', '44', 0, 2538, 855, '1', 0),
(26, 'A0026', 'Deksametasone 0,5 mg', '44', 0, 16528, 0, '1', 0),
(27, 'A0027', 'Deksametasone 0,5 mg (Lanadexone)', '14', 0, 14526, 372, '1', 0),
(28, 'A0028', 'Deksametasone 0,5 mg', '14', 0, 2548, 2504, '1', 0),
(29, 'A0029', 'Dekstrometorfan 15 mg', '44', 0, 8661, 0, '1', 0),
(30, 'A0030', 'Dekstrometorfan 15 mg', '14', 0, 15163, 1701, '1', 0),
(31, 'A0031', 'Digoksin 0,25 mg', '14', 0, 9332, 30, '1', 0),
(32, 'A0032', 'Dimenhidrinat 50 mg', '42', 0, 670, 350, '1', 0),
(33, 'A0033', 'Domperidone 10 mg', '14', 0, 14854, 148, '1', 0),
(34, 'A0034', 'Doxycycline 100 mg', '12', 0, 11760, 91, '1', 0),
(35, 'A0035', 'Cimetidine tab', '14', 0, 13740, 1720, '1', 0),
(36, 'A0036', 'Dopamet (Metyldopa ) 250 mg', '14', 0, 12920, 67, '1', 0),
(37, 'A0037', 'Ekstrak Belladona', '44', 0, 2881, 0, '1', 0),
(38, 'A0038', 'Enzymfort', '14', 0, 15145, 0, '1', 0),
(39, 'A0039', 'Equal', '103', 0, 6581, 0, '1', 0),
(40, 'A0040', 'Ergotamine Kafein', '42', 0, 6970, 98, '1', 0),
(41, 'A0041', 'Erythromycin 500 mg', '14', 0, 14609, 0, '1', 0),
(42, 'A0042', 'Famotidine 20 mg', '97', 0, 11635, 0, '1', 0),
(43, 'A0043', 'Fenoxymethyl Penisilina 500 mg', '14', 0, 13850, 0, '1', 0),
(44, 'A0044', 'Fluoconazole 150 mg', '104', 0, 13846, 163, '1', 0),
(45, 'A0045', 'Fluor 1 mg', '42', 0, 7180, 0, '1', 0),
(46, 'A0046', 'Furosemide 40 mg', '14', 0, 13861, 50, '1', 0),
(47, 'A0047', 'Furosemide 40 mg', '20', 0, 7265, 39, '1', 0),
(48, 'A0048', 'Glibenklamide 5 mg', '14', 0, 14242, 2501, '1', 0),
(49, 'A0049', 'Gliseril Guayakolat 100 mg', '45', 0, 8917, 470, '1', 0),
(50, 'A0050', 'Griseofulvin 125 mg', '14', 0, 1360, 606, '1', 0),
(51, 'A0051', 'H C T  25 mg', '45', 0, 19549, 94, '1', 0),
(52, 'A0052', 'Ibuprofen 200 mg', '42', 0, 13165, 4135, '1', 0),
(53, 'A0053', 'Ibuprofen 400 mg', '42', 0, 6681, 513, '1', 0),
(54, 'A0054', 'Isosorbit Dinitrat  5 mg', '14', 0, 13409, 64, '1', 0),
(55, 'A0055', 'Kalnex 500mg(Asam Tranexamat)/Nexa', '14', 0, 6501, 48, '1', 0),
(56, 'A0056', 'Kalsium Laktat 500 mg', '45', 0, 11779, 939, '1', 0),
(57, 'A0057', 'Ketokonazole 200 mg', '97', 0, 18891, 176, '1', 0),
(58, 'A0058', 'Kinina 222 mg', '105', 0, 18621, 78, '1', 0),
(59, 'A0059', 'Klindamycin 150 mg', '106', 0, 15933, 38, '1', 0),
(60, 'A0060', 'Klindamycin 300 mg', '106', 0, 3301, 3, '1', 0),
(61, 'A0061', 'Kotrimoksazol 120 mg', '14', 0, 8205, 75, '1', 0),
(62, 'A0062', 'Kotrimoksazol 120 mg', '42', 0, 10624, 0, '1', 0),
(63, 'A0063', 'Kotrimoksazol 480 mg', '14', 0, 8004, 930, '1', 0),
(64, 'A0064', 'Kotrimoksazol 480 mg', '42', 0, 7648, 0, '1', 0),
(65, 'A0065', 'Lyncomycin 500 mg', '107', 0, 13730, 39, '1', 0),
(66, 'A0066', 'Levofloxacine  500 mg', '108', 0, 5206, 47, '1', 0),
(67, 'A0067', 'Mebendazol', '108', 0, 4340, 14, '1', 0),
(68, 'A0068', 'Metylprednisolone 16 mg', '108', 0, 5584, 5, '1', 0),
(69, 'A0069', 'Metformin 500 mg', '14', 0, 14402, 337, '1', 0),
(70, 'A0070', 'Maprotiline (Ludiomil) 25 mg', '97', 0, 14756, 20, '1', 0),
(71, 'A0071', 'Metilergometrine 0,125 mg', '14', 0, 10077, 182, '1', 0),
(72, 'A0072', 'Metoklopramide 10 mg', '14', 0, 5617, 70, '1', 0),
(73, 'A0073', 'Metronidazol 500 mg', '42', 0, 17356, 697, '1', 0),
(74, 'A0074', 'Metronidazol 250 mg', '14', 0, 9428, 0, '1', 0),
(75, 'A0075', 'Mineral Mix', '109', 0, 14575, 36, '1', 0),
(76, 'A0076', 'Nistatin tablet salut', '14', 0, 4088, 0, '1', 0),
(77, 'A0077', 'Nifedipin 10 mg', '14', 0, 16216, 158, '1', 0),
(78, 'A0078', 'Oralit 200 ml', '110', 0, 8317, 672, '1', 0),
(79, 'A0079', 'Papaverin 40 mg', '44', 0, 12437, 54, '1', 0),
(80, 'A0080', 'Parasetamol 100 mg', '42', 0, 16734, 0, '1', 0),
(81, 'A0081', 'Parasetamol 500 mg', '44', 0, 5861, 0, '1', 0),
(82, 'A0082', 'Parasetamol 500 mg', '14', 0, 18603, 8755, '1', 0),
(83, 'A0083', 'Pirantel Pamoat 125 mg', '91', 0, 14935, 0, '1', 0),
(84, 'A0084', 'Pirantel Pamoat 125 mg', '14', 0, 18363, 73, '1', 0),
(85, 'A0085', 'Piroksikam 10 mg', '14', 0, 6510, 4656, '1', 0),
(86, 'A0086', 'Piroksikam 20 mg', '14', 0, 16963, 0, '1', 0),
(87, 'A0087', 'Prednison  5 mg', '44', 0, 4785, 15, '1', 0),
(88, 'A0088', 'Primakuin 15 mg', '44', 0, 12538, 21, '1', 0),
(89, 'A0112', 'Primakuin 15 mg', '44', 0, 7836, 15, '1', 0),
(90, 'A0089', 'Propanolol 10 mg', '14', 0, 1064, 50, '1', 0),
(91, 'A0090', 'Propanolol 40 mg', '14', 0, 1311, 181, '1', 0),
(92, 'A0091', 'Resperidone  2mg', '97', 0, 2867, 20, '1', 0),
(93, 'A0092', 'PTU 100 mg', '42', 0, 9903, 38, '1', 0),
(94, 'A0113', 'PTU 100 mg', '42', 0, 20413, 2, '1', 0),
(95, 'A0093', 'Ranitidine 150 mg', '14', 0, 11856, 877, '1', 0),
(96, 'A0094', 'Reserpin 0,25 mg', '111', 0, 17541, 10, '1', 0),
(97, 'A0095', 'Salbutamol 2 mg', '14', 0, 11638, 606, '1', 0),
(98, 'A0096', 'Salbutamol 4 mg', '14', 0, 5067, 337, '1', 0),
(99, 'A0097', 'Simvastatin 10mg', '108', 0, 9921, 92, '1', 0),
(100, 'A0098', 'Scopamin', '14', 0, 13907, 15, '1', 0),
(101, 'A0099', 'Tetrasiklin 250 mg', '112', 0, 19272, 0, '1', 0),
(102, 'A0100', 'Tetrasiklin 500 mg', '12', 0, 14139, 0, '1', 0),
(103, 'A0101', 'Thiamphenicol 500 mg', '12', 0, 12377, 0, '1', 0),
(104, 'A0102', 'Vitamin A 200.000 IU', '113', 0, 18972, 3775, '1', 0),
(105, 'A0103', 'Vitamin A 100.000 IU', '113', 0, 17229, 119, '1', 0),
(106, 'A0104', 'Vitamin B Kompleks', '44', 0, 8727, 384, '1', 0),
(107, 'A0105', 'Vitamin B6 10 mg', '44', 0, 11452, 177, '1', 0),
(108, 'A0106', 'Vitamin B1 50 mg', '44', 0, 10577, 84, '1', 0),
(109, 'A0107', 'Vitamin B12', '44', 0, 18032, 0, '1', 0),
(110, 'A0108', 'Vitamin C 50 mg', '44', 0, 17927, 647, '1', 0),
(111, 'A0109', 'Vitamin K 10 mg', '42', 0, 15039, 26, '1', 0),
(112, 'A0110', 'Vitamin K 10 mg', '91', 0, 913, 0, '1', 0),
(113, 'A0111', 'Voltadex 50 mg/Na.Diklofenak 50 mg', '97', 0, 18952, 3287, '1', 0),
(114, 'B0001', 'Ambroksol sirup', '6', 0, 11522, 1300, '2', 0),
(115, 'B0002', 'Amoksisilin Sirup Kering', '39', 0, 20252, 6660, '2', 0),
(116, 'B0003', 'Ampisilin Sirup Kering', '6', 0, 6194, 0, '2', 0),
(117, 'B0004', 'Antasida suspensi', '6', 0, 9718, 8600, '2', 0),
(118, 'B0005', 'Bromhexin sirup (Hustab P )', '6', 0, 9505, 0, '2', 0),
(119, 'B0006', 'Chloramphenicol sirup(Hufamycetine )', '6', 0, 17872, 144, '2', 0),
(120, 'B0007', 'Chloramphenicol Syrup', '6', 0, 20344, 136, '2', 0),
(121, 'B0008', 'Dekstrometorfan sirup', '39', 0, 7607, 4405, '2', 0),
(122, 'B0009', 'Domperidone Syrup (Vesperum)', '6', 0, 16503, 1355, '2', 0),
(123, 'B0010', 'Erythromycin Syrup Kering', '6', 0, 19195, 0, '2', 0),
(124, 'B0011', 'Kotrimoksazol suspensi', '39', 0, 5965, 7350, '2', 0),
(125, 'B0012', 'Laxadin sirup', '6', 0, 11740, 0, '2', 0),
(126, 'B0013', 'OBH Sirup', '6', 0, 20308, 7170, '2', 0),
(127, 'B0015', 'OBH Sirup', '6', 0, 5821, 1120, '2', 0),
(128, 'B0014', 'Parasetamol Sirup', '39', 0, 7681, 6750, '2', 0),
(129, 'C0001', 'Amitriptilin 25 mg', '14', 0, 20441, 12, '3', 0),
(130, 'C0002', 'Alprazolam  0,5 mg', '14', 0, 18663, 20, '3', 0),
(131, 'C0003', 'Carbamazepin 200 mg', '14', 0, 11492, 20, '3', 0),
(132, 'C0004', 'Diazepam 2 mg', '91', 0, 971, 990, '3', 0),
(133, 'C0005', 'Diazepam 5 mg', '91', 0, 9879, 650, '3', 0),
(134, 'C0006', 'Diazepam 5 mg', '51', 0, 5984, 0, '3', 0),
(135, 'C0007', 'Diazepam 5 mg', '47', 0, 19782, 0, '3', 0),
(136, 'C0008', 'Diazepam Inj', '1', 0, 20461, 563, '3', 0),
(137, 'C0009', 'Fenobarbital 30 mg', '91', 0, 2457, 20000, '3', 0),
(138, 'C0024', 'Fenobarbital 30 mg', '91', 0, 10403, 5700, '3', 0),
(139, 'C0010', 'Fenobarbital 100 mg', '47', 0, 4147, 0, '3', 0),
(140, 'C0011', 'Fenobarbital Injeksi', '1', 0, 9024, 330, '3', 0),
(141, 'C0025', 'Fenobarbital Injeksi', '1', 0, 12179, 12, '3', 0),
(142, 'C0012', 'Klozapin  25 mg ( Luften )', '97', 0, 13324, 40, '3', 0),
(143, 'C0013', 'Haloperidol 5 mg', '14', 0, 9583, 0, '3', 0),
(144, 'C0014', 'Klorpromazin 100 mg', '91', 0, 7443, 4000, '3', 0),
(145, 'C0015', 'Klorpromazin 25 mg', '91', 0, 7967, 5000, '3', 0),
(146, 'C0016', 'Kodein 10 mg', '91', 0, 17009, 300, '3', 0),
(147, 'C0017', 'Morfin Inj', '1', 0, 642, 15, '3', 0),
(148, 'C0018', 'Pethidin inj', '1', 0, 11684, 15, '3', 0),
(149, 'C0019', 'Stesolid Rectal 5 mg', '114', 0, 15993, 147, '3', 0),
(150, 'C0020', 'Stesolid Rectal 10 mg', '114', 0, 4414, 103, '3', 0),
(151, 'C0021', 'Triheksifenidil 2 mg', '14', 0, 13591, 30, '3', 0),
(152, 'C0022', 'Valisanbe 2 mg', '14', 0, 14216, 150, '3', 0),
(153, 'C0023', 'Valisanbe 5 mg', '14', 0, 9805, 0, '3', 0),
(154, 'D0001', 'Ethambutol 250 mg', '20', 0, 5878, 220, '4', 0),
(155, 'D0002', 'Ethambutol 500 mg', '20', 0, 19477, 0, '4', 0),
(156, 'D0003', 'I N H 100 mg', '44', 0, 19252, 0, '4', 0),
(157, 'D0004', 'I N H 300 mg', '44', 0, 17330, 0, '4', 0),
(158, 'D0005', 'OAT Kategori I', '64', 0, 8394, 492, '4', 0),
(159, 'D0006', 'OAT Kategori II', '64', 0, 9479, 13, '4', 0),
(160, 'D0007', 'OAT Kategori Anak', '64', 0, 1716, 24, '4', 0),
(161, 'D0008', 'OAT Anak', '64', 0, 19641, 0, '4', 0),
(162, 'D0009', 'Pirazinamid 500 mg', '14', 0, 12558, 515, '4', 0),
(163, 'D0010', 'Rifampisin 600 mg', '14', 0, 3370, 96, '4', 0),
(164, 'D0011', 'Rifampisin 300 mg', '12', 0, 18674, 15, '4', 0),
(165, 'D0012', 'Rifampisin 450 mg', '12', 0, 2759, 0, '4', 0),
(166, 'D0013', 'Streptomycin Injeksi', '94', 0, 17275, 2200, '4', 0),
(167, 'D0014', 'MDT Combi MB Dewasa', '5', 0, 17599, 238, '4', 0),
(168, 'D0015', 'MDT Combi MB Anak', '5', 0, 15672, 43, '4', 0),
(169, 'D0016', 'MDT Combi PB Dewasa', '5', 0, 5063, 34, '4', 0),
(170, 'D0017', 'MDT Combi PB Anak', '5', 0, 17800, 0, '4', 0),
(171, 'E0001', 'Andalan Laktasi', '90', 0, 13312, 0, '5', 0),
(172, 'E0002', 'Implan KB', '87', 0, 12660, 0, '5', 0),
(173, 'E0003', 'Microdiol (Pil Kombinasi)', '90', 0, 2865, 0, '5', 0),
(174, 'E0004', 'Medroxyprogesteron Asetat inj', '19', 0, 15844, 0, '5', 0),
(175, 'E0005', 'Cyclo Andalan Inj', '94', 0, 10124, 7240, '5', 0),
(176, 'E0006', 'Depo  Progestin inj  150 ml/ 1ml', '94', 0, 2591, 5400, '5', 0),
(177, 'E0007', 'Depo Progestin inj(andalan)', '94', 0, 2085, 0, '5', 0),
(178, 'E0008', 'Oksitosin Inj (Pitogin Injeksi)', '1', 0, 2149, 1400, '5', 0),
(179, 'E0009', 'Pil KB Andalan', '115', 0, 3992, 0, '5', 0),
(180, 'F0001', 'Alvogyl Pasta', '6', 0, 13013, 0, '6', 0),
(181, 'F0002', 'Amalgam (Duralloy''s)', '87', 0, 12589, 0, '6', 0),
(182, 'F0003', 'CHKM', '6', 0, 3405, 14, '6', 0),
(183, 'F0004', 'Cresophen', '6', 0, 18760, 14, '6', 0),
(184, 'F0005', 'Bonding + Etching Agent', '87', 0, 3087, 66, '6', 0),
(185, 'F0006', 'Carpule no 12', '13', 0, 18653, 32, '6', 0),
(186, 'F0007', 'Carpule no 16', '13', 0, 3505, 76, '6', 0),
(187, 'F0008', 'Caviton/ Cavit Pasta Pink', '64', 0, 1065, 15, '6', 0),
(188, 'F0009', 'Caviton/Cavit Pasta White', '64', 0, 14311, 13, '6', 0),
(189, 'F0010', 'Cocoa Butter', '92', 0, 7860, 13, '6', 0),
(190, 'F0011', 'Composite / solare A 2', '87', 0, 15869, 0, '6', 0),
(191, 'F0012', 'Curaspon (Spons Gelatin Cubieles)', '84', 0, 15263, 4550, '6', 0),
(192, 'F0013', 'Dentorama  K- Files 15- 40', '116', 0, 8212, 7, '6', 0),
(193, 'F0014', 'Dentorama K - Files 45-80', '116', 0, 14769, 16, '6', 0),
(194, 'F0015', 'Devitalisasi Pasta', '64', 0, 8708, 17, '6', 0),
(195, 'F0016', 'Dycal/Calcidor', '87', 0, 18735, 2, '6', 0),
(196, 'F0017', 'Endomethasone  Pasta', '87', 0, 7053, 13, '6', 0),
(197, 'F0018', 'Eugenol Cairan', '87', 0, 18559, 9, '6', 0),
(198, 'F0019', 'Etsa Asam', '6', 0, 11136, 90, '6', 0),
(199, 'F0020', 'Elite Cement 100 L- 100', '87', 0, 19504, 16, '6', 0),
(200, 'F0021', 'Eugenol Cement P- 50', '6', 0, 3612, 13, '6', 0),
(201, 'F0022', 'GIC Fuji  A 2', '6', 0, 19048, 8, '6', 0),
(202, 'F0023', 'GIC (Glass Ionnomer Cement A3 )', '6', 0, 3904, 11, '6', 0),
(203, 'F0024', 'Elite Cement 100  P 125', '85', 0, 1876, 17, '6', 0),
(204, 'F0025', 'G IC Fuji  A 3,5', '85', 0, 17170, 13, '6', 0),
(205, 'F0026', 'G I C Fuji  VII White', '6', 0, 19722, 15, '6', 0),
(206, 'F0027', 'G I C Fuji VII Pink', '6', 0, 6599, 15, '6', 0),
(207, 'F0028', 'Iodoform Pasta', '85', 0, 13329, 9, '6', 0),
(208, 'F0029', 'Jarum Exterpasi', '117', 0, 6351, 18, '6', 0),
(209, 'F0030', 'Jarum Lentulo  25- 40', '118', 0, 11269, 23, '6', 0),
(210, 'F0031', 'Farmocresol Liq', '6', 0, 16791, 14, '6', 0),
(211, 'F0032', 'Lipid Panel Strip', '119', 0, 9647, 12, '6', 0),
(212, 'F0033', 'Liner (Biocal Dent )/Hydcal', '87', 0, 17365, 33, '6', 0),
(213, 'F0034', 'Mata Boor High Speed', '87', 0, 17382, 39, '6', 0),
(214, 'F0035', 'Mata Boor Low Speed', '87', 0, 14317, 2, '6', 0),
(215, 'F0036', 'Myltrip /Dental Mylartrip', '84', 0, 18939, 14, '6', 0),
(216, 'F0037', 'Mummifying Pasta', '6', 0, 11245, 18, '6', 0),
(217, 'F0038', 'OCO (Tooth Cleansing Tincture)', '6', 0, 18906, 18, '6', 0),
(218, 'F0039', 'Pulperil', '32', 0, 20298, 26, '6', 0),
(219, 'F0040', 'Rokle''s', '6', 0, 4273, 10, '6', 0),
(220, 'F0041', 'Resin Composit (Solare A3)', '87', 0, 19969, 10, '6', 0),
(221, 'F0042', 'TKF (Tricresol Formalin)', '87', 0, 6528, 14, '6', 0),
(222, 'F0043', 'Xylestesin Inj', '62', 0, 12232, 175, '6', 0),
(223, 'F0044', 'Solare  P   A2', '92', 0, 1076, 32, '6', 0),
(224, 'F0045', 'Zink Phospat Cement/Elite Cement', '87', 0, 8185, 0, '6', 0),
(225, 'G0001', 'Asam Klorida 0,1 N', '46', 0, 17197, 48, '7', 0),
(226, 'G0002', 'Ammonium Oxalat sol', '46', 0, 932, 0, '7', 0),
(227, 'G0003', 'Blood Uric Acid test (Easy Touch )', '120', 0, 12569, 43, '7', 0),
(228, 'G0004', 'Ammonium Oxalat sol 1 liter', '6', 0, 19549, 72, '7', 0),
(229, 'G0005', 'Ether Alkohol', '46', 0, 19538, 20, '7', 0),
(230, 'G0006', 'Aquasonic Gel/ Ultrasonic Gel', '6', 0, 18542, 113, '7', 0),
(231, 'G0007', 'Asam Sulfosalisilat 20 %', '6', 0, 13598, 28, '7', 0),
(232, 'G0008', 'Barium Klorida 10 %', '6', 0, 11866, 5, '7', 0),
(233, 'G0009', 'Benedict', '46', 0, 18037, 29, '7', 0),
(234, 'G0010', 'Benedict', '121', 0, 14086, 0, '7', 0),
(235, 'G0011', 'Billirubin Liq  Stanbio', '56', 0, 15820, 5, '7', 0),
(236, 'G0012', 'Blood Cholesterol test', '122', 0, 16344, 52, '7', 0),
(237, 'G0013', 'Cholesterol liq 250 ml', '56', 0, 13761, 12, '7', 0),
(238, 'G0014', 'Creatin Liq Stanbio', '56', 0, 19271, 8, '7', 0),
(239, 'G0015', 'Cat Gram', '6', 0, 14574, 90, '7', 0),
(240, 'G0016', 'Cadmium test', '120', 0, 14558, 1, '7', 0),
(241, 'G0017', 'Diluent SFRI 20 liter', '123', 0, 8566, 6, '7', 0),
(242, 'G0018', 'Diluent RD 20 liter', '123', 0, 18657, 2, '7', 0),
(243, 'G0019', 'DG Blood (IgG IgM  Blood)', '56', 0, 7087, 22, '7', 0),
(244, 'G0020', 'Larutan Eosin 2 %', '6', 0, 18964, 11, '7', 0),
(245, 'G0021', 'Larutan Giemsa', '31', 0, 13059, 8, '7', 0),
(246, 'G0022', 'Glucose Stik Nesco ( Multicheck)', '120', 0, 7903, 14, '7', 0),
(247, 'G0023', 'Blood Glucose Easy Touch', '120', 0, 19841, 84, '7', 0),
(248, 'G0024', 'Larutan Hayem', '46', 0, 14993, 3, '7', 0),
(249, 'G0025', 'Larutan Hayem 500 ml', '6', 0, 14946, 5, '7', 0),
(250, 'G0026', 'HBSAG Test pack', '124', 0, 9249, 11, '7', 0),
(251, 'G0027', 'Larutan Nat. Citrat 3,8% 1000ml', '6', 0, 910, 5, '7', 0),
(252, 'G0028', 'Larutan Eosin 1%', '46', 0, 16303, 1, '7', 0),
(253, 'G0029', 'KOH', '6', 0, 18284, 97, '7', 0),
(254, 'G0030', 'Larutan  Xylene', '6', 0, 2014, 17, '7', 0),
(255, 'G0031', 'Asam Urat Nesco Multicheck', '125', 0, 14718, 15, '7', 0),
(256, 'G0032', 'Metanol', '46', 0, 7049, 14, '7', 0),
(257, 'G0033', 'Metanol', '126', 0, 10589, 6, '7', 0),
(258, 'G0034', 'Larutan EDTA 10%', '6', 0, 11298, 8, '7', 0),
(259, 'G0035', 'Larutan Oil Imersi', '121', 0, 4226, 33, '7', 0),
(260, 'G0036', 'Larutan Rees Ecker', '6', 0, 6735, 4, '7', 0),
(261, 'G0037', 'Iodine test', '87', 0, 20497, 100, '7', 0),
(262, 'G0038', 'Nitrogen Urea (BUN ) Stanbio', '56', 0, 1780, 12, '7', 0),
(263, 'G0039', 'Nitrit test ( NO2 )', '127', 0, 6910, 2, '7', 0),
(264, 'G0040', 'Triglyserida Humalyser', '56', 0, 8711, 3, '7', 0),
(265, 'G0041', 'AST / SGOT  Liq. UV Stanbio', '87', 0, 2327, 12, '7', 0),
(266, 'G0042', 'ALT /SGPT Liq. UV  Stanbio', '87', 0, 5000, 12, '7', 0),
(267, 'G0043', 'Rhematoid Faktor/Plasmatec/RA Latex test', '56', 0, 17520, 3, '7', 0),
(268, 'G0044', 'Stiek Kolesterol Multicheck Nesco', '128', 0, 12100, 21, '7', 0),
(269, 'G0045', 'Salmonella Typi H', '6', 0, 7439, 70, '7', 0),
(270, 'G0046', 'Salmonela Typi O', '6', 0, 20397, 68, '7', 0),
(271, 'G0047', 'Service Oil', '6', 0, 19169, 14, '7', 0),
(272, 'G0048', 'Stik Urine Lengkap/Mision U', '64', 0, 14154, 125, '7', 0),
(273, 'G0049', 'Spiritus Bakar', '6', 0, 12764, 72, '7', 0),
(274, 'G0050', 'Trigliserida  Liq Stanbio', '6', 0, 859, 15, '7', 0),
(275, 'G0051', 'Larutan Turk', '6', 0, 5503, 38, '7', 0),
(276, 'G0052', 'Total  Protein Liq. Stanbio', '56', 0, 4439, 4, '7', 0),
(277, 'G0053', 'Total Hardnes cell', '64', 0, 5184, 4, '7', 0),
(278, 'G0054', 'Wright Stain', '6', 0, 12106, 3, '7', 0),
(279, 'G0055', 'Xylol  1000 ml', '6', 0, 4477, 10, '7', 0),
(280, 'G0056', 'Ziehl Nielsen', '129', 0, 5570, 9, '7', 0),
(281, 'H0001', 'Aquadest steriil 1000 ml', '63', 0, 13917, 29, '8', 0),
(282, 'H0002', 'Aquadest non steriil 1000 ml', '6', 0, 12375, 60, '8', 0),
(283, 'H0003', 'Alkohol 95 % 300 ml', '6', 0, 19624, 62, '8', 0),
(284, 'H0004', 'Alkohol 70 % 1000 ml', '6', 0, 20495, 320, '8', 0),
(285, 'H0005', 'Alkohol 95% 1000 ml', '6', 0, 3107, 1, '8', 0),
(286, 'H0006', 'Aquadest steriil 500 ml', '6', 0, 13547, 227, '8', 0),
(287, 'H0007', 'Aquabidest steriil 500 ml', '6', 0, 17916, 162, '8', 0),
(288, 'H0008', 'Bioplacenton Jelly', '92', 0, 8441, 265, '8', 0),
(289, 'H0009', 'Burnazine salep kulit', '92', 0, 7958, 52, '8', 0),
(290, 'H0010', 'Acyclovir  cream', '92', 0, 13965, 1775, '8', 0),
(291, 'H0011', 'Betametasone Krim', '92', 0, 5452, 1375, '8', 0),
(292, 'H0012', 'Borax Gliserin sol', '6', 0, 4864, 152, '8', 0),
(293, 'H0013', 'Daktarin Powder', '6', 0, 7465, 0, '8', 0),
(294, 'H0014', 'Dettol Liquid', '38', 0, 2233, 38, '8', 0),
(295, 'H0015', 'Dulcolax (Bisacodyl) 10 mg', '114', 0, 8271, 0, '8', 0),
(296, 'H0016', 'Dumin Supp 125mg/2,5 ml', '6', 0, 14158, 0, '8', 0),
(297, 'H0017', 'Etil Klorida Spray', '46', 0, 5475, 91, '8', 0),
(298, 'H0018', 'Fenol Gliserol Tts Telinga', '6', 0, 4404, 288, '8', 0),
(299, 'H0019', 'Formalin tab 1 Gram', '6', 0, 5095, 0, '8', 0),
(300, 'H0020', 'Gentamycin Salep Kulit', '92', 0, 11762, 7920, '8', 0),
(301, 'H0021', 'Gentian Violet Sol', '6', 0, 3025, 456, '8', 0),
(302, 'H0022', 'Gliserin', '46', 0, 19340, 45, '8', 0),
(303, 'H0023', 'Gameksan Emulsi 1%', '6', 0, 7127, 0, '8', 0),
(304, 'H0024', 'Hidrogen Peroksida (H2O2) 800 ml 3%', '6', 0, 17114, 131, '8', 0),
(305, 'H0025', 'Hibiscrub Sol', '6', 0, 3688, 0, '8', 0),
(306, 'H0026', 'Hibiscrub Sol (One Scrub)', '121', 0, 6600, 0, '8', 0),
(307, 'H0027', 'Hydrocortisone Cream 1%', '92', 0, 1437, 460, '8', 0),
(308, 'H0028', 'Hydrocortisone Cream 2,5%', '92', 0, 6883, 250, '8', 0),
(309, 'H0029', 'Ichtyol Salep 10 gr', '92', 0, 9608, 276, '8', 0),
(310, 'H0030', 'Jelly EKG', '92', 0, 6888, 47, '8', 0),
(311, 'H0031', 'Kaltrofen supp', '114', 0, 5119, 0, '8', 0),
(312, 'H0032', 'Kloramfenicol Salep Kulit (Kalmicetine)', '92', 0, 4432, 510, '8', 0),
(313, 'H0033', 'Kloramfenikol Salep Mata 1 %', '92', 0, 6301, 2048, '8', 0),
(314, 'H0034', 'Kloramfenikol tetes Mata', '6', 0, 17712, 2478, '8', 0),
(315, 'H0035', 'Kloramfenikol Tetes Telinga', '6', 0, 9159, 312, '8', 0),
(316, 'H0036', 'Klorin', '43', 0, 12156, 148, '8', 0),
(317, 'H0037', 'Lisol 1000 ml', '6', 0, 12805, 7, '8', 0),
(318, 'H0038', 'Mikonazole Krim', '92', 0, 7058, 4104, '8', 0),
(319, 'H0039', 'Nistatin Vaginal Tablet', '14', 0, 16373, 38, '8', 0),
(320, 'H0040', 'Oksitetrasiklin Salep Kulit 3 %', '92', 0, 20193, 6235, '8', 0),
(321, 'H0041', 'Oksitetrasiklin Salep Mata 1 %', '92', 0, 11347, 0, '8', 0),
(322, 'H0042', 'Propyretic  80', '114', 0, 15657, 948, '8', 0),
(323, 'H0043', 'Propyretic 160', '114', 0, 3744, 1008, '8', 0),
(324, 'H0044', 'Pantocain TM', '6', 0, 11251, 30, '8', 0),
(325, 'H0045', 'Salisil Bedak', '54', 0, 4521, 2188, '8', 0),
(326, 'H0046', 'Sale 2-4', '85', 0, 8352, 6137, '8', 0),
(327, 'H0047', 'Scabicid Krim 10 gr', '92', 0, 7701, 768, '8', 0),
(328, 'H0048', 'PK Kristal', '85', 0, 12946, 50, '8', 0),
(329, 'H0049', 'Yodium Pov.1000ml(Betadine )', '6', 0, 1129, 264, '8', 0),
(330, 'H0050', 'Yodium Povidone Sol 300 ml', '6', 0, 6308, 0, '8', 0),
(331, 'H0051', 'Y-M Lubricatting jelly', '6', 0, 7652, 10, '8', 0),
(332, 'I0001', 'Aqua Pro Inj', '1', 0, 18835, 377, '9', 0),
(333, 'I0002', 'Adrenalin inj/ Ephinefrin inj', '1', 0, 10722, 306, '9', 0),
(334, 'I0003', 'Amoxycilin inj(Widecillin)', '94', 0, 16604, 150, '9', 0),
(335, 'I0004', 'Ampicillin 1gr inj', '94', 0, 10357, 0, '9', 0),
(336, 'I0005', 'Aminophyllin inj', '1', 0, 1472, 225, '9', 0),
(337, 'I0006', 'Antalgin  inj', '1', 0, 15790, 390, '9', 0),
(338, 'I0007', 'Atropin Inj', '1', 0, 14032, 482, '9', 0),
(339, 'I0008', 'Bisolvon inj', '1', 0, 2293, 50, '9', 0),
(340, 'I0009', 'Co-Amoxyclav 1gr  inj', '94', 0, 8869, 250, '9', 0),
(341, 'I0010', 'Cortison inj', '94', 0, 16966, 259, '9', 0),
(342, 'I0011', 'Deksametasone Inj', '1', 0, 17722, 1957, '9', 0),
(343, 'I0012', 'Difenhidramin Inj', '1', 0, 17213, 120, '9', 0),
(344, 'I0013', 'Gentamicin 80 mg inj', '25', 0, 12400, 0, '9', 0),
(345, 'I0014', 'Gluconas Kalsikus 10% inj', '1', 0, 9863, 0, '9', 0),
(346, 'I0015', 'Asam Tranexamat 250 mg inj(Nexa inj)', '1', 0, 11616, 165, '9', 0),
(347, 'I0016', 'Kalnex inj /As.Tranexamat inj/Nexa inj 500mg', '1', 0, 7988, 0, '9', 0),
(348, 'I0017', 'Ketorolac 1 % Injeksi 30mg/ml', '1', 0, 4596, 169, '9', 0),
(349, 'I0018', 'Lidokain Inj', '1', 0, 18516, 9000, '9', 0),
(350, 'I0019', 'Lidokain comp', '22', 0, 18293, 87, '9', 0),
(351, 'I0020', 'Mantoux  inj', '92', 0, 15415, 26, '9', 0),
(352, 'I0021', 'Metronidazole inj 500 mg', '6', 0, 1699, 0, '9', 0),
(353, 'I0022', 'MgSO4 40 %', '1', 0, 1748, 289, '9', 0),
(354, 'I0023', 'Metilergometrine inj (Myomergin )', '1', 0, 3145, 2110, '9', 0),
(355, 'I0024', 'Mylon inj', '92', 0, 9983, 100, '9', 0),
(356, 'I0025', 'MgSO4 20 %', '92', 0, 19980, 400, '9', 0),
(357, 'I0026', 'Metoklopramide  inj/Ethiran inj', '1', 0, 9450, 102, '9', 0),
(358, 'I0027', 'Neurobion 5000 inj', '1', 0, 6812, 95, '9', 0),
(359, 'I0028', 'Phenytoin Inj', '1', 0, 5210, 100, '9', 0),
(360, 'I0029', 'Procain Benzil Penicilin', '92', 0, 5113, 50, '9', 0),
(361, 'I0030', 'Vitamin B1 inj', '1', 0, 9436, 300, '9', 0),
(362, 'I0031', 'Vitamin B 12 inj', '1', 0, 11340, 500, '9', 0),
(363, 'I0032', 'Vitamin K  Injeksi', '1', 0, 7895, 440, '9', 0),
(364, 'I0033', 'Ulsikur inj', '25', 0, 4956, 59, '9', 0),
(365, 'I0034', 'Ventolin Nebul', '1', 0, 595, 980, '9', 0),
(366, 'I0035', 'Ventolin Inhaler', '6', 0, 7608, 0, '9', 0),
(367, 'J0001', 'Dextran 70% inf', '63', 0, 15755, 0, '10', 0),
(368, 'J0002', 'Dextrose 5 % - NaCl 0,45%', '63', 0, 15453, 182, '10', 0),
(369, 'J0003', 'Dextrose 5 % - NaCl 1/4', '63', 0, 9500, 115, '10', 0),
(370, 'J0004', 'Dextrose 5 %', '63', 0, 643, 370, '10', 0),
(371, 'J0005', 'Dextrose 40%', '63', 0, 14212, 50, '10', 0),
(372, 'J0006', 'Natrium Klorida Infus', '63', 0, 8633, 1679, '10', 0),
(373, 'J0007', 'Ringer  Laktat  inf', '63', 0, 20030, 22, '10', 0),
(374, 'J0008', 'Abbocath  no  18', '84', 0, 13752, 2243, '10', 0),
(375, 'J0009', 'Abbocath  no  20', '84', 0, 8169, 1760, '10', 0),
(376, 'J0010', 'Abbocath  no  22', '84', 0, 19092, 305, '10', 0),
(377, 'J0011', 'Abbocath  no  24', '84', 0, 10451, 915, '10', 0),
(378, 'J0012', 'Infus Set Anak', '87', 0, 14482, 329, '10', 0),
(379, 'J0013', 'Infus Set Dewasa', '87', 0, 558, 1004, '10', 0),
(380, 'K0001', 'Alat  Suntik 5 ml', '84', 0, 18843, 6600, '11', 0),
(381, 'K0002', 'Alat Suntik 1 ml', '84', 0, 12043, 10200, '11', 0),
(382, 'K0003', 'Alat Suntik 3 ml', '13', 0, 3186, 391, '11', 0),
(383, 'K0004', 'Alat Suntik 10 ml', '84', 0, 19302, 1180, '11', 0),
(384, 'K0005', 'Alat Suntik 20 ml', '84', 0, 6451, 390, '11', 0),
(385, 'K0006', 'Blood Lancet', '13', 0, 13848, 152, '11', 0),
(386, 'K0007', 'Blood Set', '87', 0, 9390, 0, '11', 0),
(387, 'K0008', 'Catgut plain 2/0  100 m', '86', 0, 4904, 1, '11', 0),
(388, 'K0009', 'Catgut chromic 3/0 100 m', '84', 0, 15852, 2, '11', 0),
(389, 'K0010', 'Catgut 3/0  75 cm', '84', 0, 4048, 0, '11', 0),
(390, 'K0011', 'Chromic Catgut no.1', '16', 0, 12183, 30, '11', 0),
(391, 'K0012', 'Chromic Catgut no.2/0 + nald', '95', 0, 8275, 0, '11', 0),
(392, 'K0013', 'Cup Sample', '130', 0, 4323, 9, '11', 0),
(393, 'K0014', 'Catgut Plain 2/0 + Nald  75 cm', '95', 0, 16293, 0, '11', 0),
(394, 'K0015', 'Disp 2,5ml', '131', 0, 7996, 38, '11', 0),
(395, 'K0016', 'Elastic verband  75cm x 4,5 m', '86', 0, 10602, 12, '11', 0),
(396, 'K0017', 'Folley Chateter No. 18', '84', 0, 8520, 45, '11', 0),
(397, 'K0018', 'Gluco DR Strip Glucose', '132', 0, 10297, 45, '11', 0),
(398, 'K0019', 'Gaas roll  40 yard x 80 cm', '86', 0, 5423, 750, '11', 0),
(399, 'K0020', 'Grave speculum  ukr."S"', '84', 0, 15728, 81, '11', 0),
(400, 'K0021', 'Hand Schoen No 6.5', '133', 0, 1869, 0, '11', 0),
(401, 'K0022', 'Hand Schoen No 7', '133', 0, 1661, 1494, '11', 0),
(402, 'K0023', 'Hand Schoen No 7,5', '133', 0, 2199, 2017, '11', 0),
(403, 'K0024', 'Hand Schoen no 7,5 steriil', '133', 0, 5513, 206, '11', 0),
(404, 'K0025', 'Hand Schoen Obbgyn', '133', 0, 20467, 54, '11', 0),
(405, 'K0026', 'Hypafix /Ultrafix 5 cm x 5 m', '86', 0, 5298, 473, '11', 0),
(406, 'K0027', 'Kertas Saring', '134', 0, 4587, 99, '11', 0),
(407, 'K0028', 'Kapas Pembalut 250 gram', '86', 0, 6544, 726, '11', 0),
(408, 'K0029', 'Cotton Aplikator', '13', 0, 18459, 0, '11', 0),
(409, 'K0030', 'Dempul tabung Hemato Vitrex', '84', 0, 12163, 12, '11', 0),
(410, 'K0031', 'Mata Bor Polishing Rubber', '84', 0, 4941, 15, '11', 0),
(411, 'K0032', 'Mata Bor Polishing Stone', '84', 0, 7714, 29, '11', 0),
(412, 'K0033', 'Kasa Steril 16 x 16', '64', 0, 3248, 371, '11', 0),
(413, 'K0034', 'Mucus Extrator', '84', 0, 12598, 1000, '11', 0),
(414, 'K0035', 'Nald Hecting no.10 (Jarum Kulit)', '88', 0, 12745, 60, '11', 0),
(415, 'K0036', 'Masker', '26', 0, 5434, 1086, '11', 0),
(416, 'K0037', 'Nald Hecting otot (Jarum otot) no. 11', '88', 0, 8435, 1800, '11', 0),
(417, 'K0038', 'Nald Hecting Kulit No 11', '135', 0, 5374, 130, '11', 0),
(418, 'K0039', 'Nald Hecting no 13 (Jarum Kulit)', '135', 0, 1064, 456, '11', 0),
(419, 'K0040', 'Nald Hecting no 15 (Jarum Kulit)', '135', 0, 8700, 296, '11', 0),
(420, 'K0041', 'NGT No. 12 (Feeding Tube)', '87', 0, 19806, 30, '11', 0),
(421, 'K0042', 'NGT No. 16 (Feeding Tube)', '87', 0, 12432, 30, '11', 0),
(422, 'K0043', 'Selang  O 2 Anak', '84', 0, 2244, 105, '11', 0),
(423, 'K0044', 'Selang O 2 Dewasa', '84', 0, 13422, 130, '11', 0),
(424, 'K0045', 'PP test', '132', 0, 19880, 370, '11', 0),
(425, 'K0046', 'Rohren tube 3,5 ml,  55 x 12 mm', '136', 0, 18633, 2, '11', 0),
(426, 'K0047', 'Scalvein No. 23', '84', 0, 13027, 500, '11', 0),
(427, 'K0048', 'Tabung centrifuge', '84', 0, 8737, 2014, '11', 0),
(428, 'K0049', 'Silk 3/0  75 cm non jarum', '95', 0, 4103, 1308, '11', 0),
(429, 'K0050', 'Plester 5m  x  4,5cm (Isoplast )', '86', 0, 13803, 257, '11', 0),
(430, 'K0051', 'Underpad', '137', 0, 16210, 133, '11', 0),
(431, 'K0052', 'Plester 1,25 x 4,5 cm', '86', 0, 19140, 51, '11', 0),
(432, 'K0053', 'Zinc Oxide Adhesive  2 x 5 yard', '138', 0, 6570, 0, '11', 0),
(433, 'K0054', 'Urine Bag', '87', 0, 14929, 174, '11', 0),
(434, 'K0055', 'Urine strip Pemeriksaan Protein & Gula', '139', 0, 14436, 0, '11', 0),
(435, 'K0056', 'Umbilical Cord klem', '84', 0, 6895, 470, '11', 0),
(436, 'L0001', 'Plastik Klip 8 x 5 cm', '3', 0, 10666, 0, '12', 0),
(437, 'L0002', 'Plastik Klip 10 x 8,7 cm', '3', 0, 12144, 0, '12', 0),
(438, 'L0003', 'Plastik Klip 13 x 8,7 cm', '3', 0, 8225, 446, '12', 0),
(439, 'L0004', 'Kertas Puyer', '140', 0, 4193, 115, '12', 0),
(440, 'L0005', 'Kertas Lensa', '141', 0, 15789, 19, '12', 0),
(441, 'L0006', 'Kertas saring', '7', 0, 5868, 12, '12', 0),
(442, 'M0001', 'Azitromycin-Cefixime Kombifax', '142', 0, 1472, 182, '13', 0),
(443, 'M0002', 'Arsuamoon  75 mg', '143', 0, 9259, 140, '13', 0),
(444, 'M0003', 'Azithromycin 500 mg', '144', 0, 1379, 0, '13', 0),
(445, 'M0004', 'ICT Malaria', '56', 0, 18617, 1, '13', 0),
(446, 'M0005', 'Kuinin Dihidroklorida inj', '22', 0, 8451, 20, '13', 0),
(447, 'M0006', 'Oseltamivir 75 mg', '12', 0, 5901, 9, '13', 0),
(448, 'M0007', 'Malaria Pf/ Pan  ACON', '56', 0, 3655, 28, '13', 0),
(449, 'M0008', 'Kelambu Berinsektisida (LLINS)', '134', 0, 20073, 65, '13', 0),
(450, 'N0001', 'Zinc 20 mg', '131', 0, 8898, 593, '14', 0),
(451, 'O0001', 'Alumunium Test', '145', 0, 3772, 3, '15', 0),
(452, 'O0002', 'Alkohol 95% 1000 ml', '6', 0, 11665, 1, '15', 0),
(453, 'O0003', 'Asam Asetat Glasial', '6', 0, 6512, 1, '15', 0),
(454, 'O0004', 'Asam Urat Humalisir', '56', 0, 17066, 6, '15', 0),
(455, 'O0005', 'Alkohol Swabbs', '13', 0, 5292, 1524, '15', 0),
(456, 'O0006', 'Alkaline Phosphat Liq', '56', 0, 14762, 5, '15', 0),
(457, 'O0007', 'Albumin Liq  Stanbio', '56', 0, 17437, 4, '15', 0),
(458, 'O0008', 'Ammonium Test', '146', 0, 2397, 1, '15', 0),
(459, 'O0009', 'Blue Tip', '27', 0, 19175, 22, '15', 0),
(460, 'O0010', 'C R P  Latex Test', '56', 0, 8185, 2, '15', 0),
(461, 'O0011', 'Cover Glass', '66', 0, 2900, 1158, '15', 0),
(462, 'O0012', 'Cholesterol Humalyser', '56', 0, 9446, 6, '15', 0),
(463, 'O0013', 'Diagnostik Standar SD HIV 1/2  3.0', '84', 0, 18029, 100, '15', 0),
(464, 'O0014', 'Lyce - BC', '6', 0, 1308, 5, '15', 0),
(465, 'O0015', 'Imunnocom II Bispot HIV', '13', 0, 11954, 2, '15', 0),
(466, 'O0016', 'M- 18 E-Z Cleanser', '6', 0, 15348, 3, '15', 0),
(467, 'O0017', 'Micropipet 20 ul', '64', 0, 20379, 4, '15', 0),
(468, 'O0018', 'Micropipet 50 ul', '84', 0, 15351, 5, '15', 0),
(469, 'O0019', 'Creatin Humalyser', '56', 0, 15117, 2, '15', 0),
(470, 'O0020', 'One Step Anti HIV(1&2)Tri-Line Tes C', '89', 0, 9034, 310, '15', 0),
(471, 'O0021', 'Oncoprobe', '84', 0, 19318, 125, '15', 0),
(472, 'O0022', 'Glucose Liq 250 ml Stanbi', '56', 0, 8989, 16, '15', 0),
(473, 'O0023', 'Female condom', '147', 0, 6492, 5, '15', 0),
(474, 'O0024', 'Venoject no. 22', '13', 0, 4994, 24, '15', 0),
(475, 'O0025', 'VDRL Test', '7', 0, 4992, 1, '15', 0),
(476, 'O0026', 'Yellow Tip', '148', 0, 9481, 20, '15', 0),
(477, 'O0027', 'Torniquit', '84', 0, 11927, 24, '15', 0),
(478, 'O0028', 'VDRL  Carbon Antigen', '94', 0, 10693, 9, '15', 0),
(479, 'O0029', 'Slide ( Objek Glass)', '149', 0, 17186, 386, '15', 0),
(480, 'O0030', 'Pantom wanita', '84', 0, 13351, 11, '15', 0),
(481, 'O0031', 'Dildo (Alat Peraga)', '84', 0, 14695, 17, '15', 0),
(482, 'O0032', 'White tip', '148', 0, 12925, 12, '15', 0),
(483, 'O0033', 'Box  Kaca Slide', '64', 0, 20041, 117, '15', 0),
(484, 'O0034', 'Hematologi -16 Control RD 7021', '150', 0, 930, 0, '15', 0),
(485, 'O0035', 'Hematologi Clener- M', '6', 0, 4028, 2, '15', 0),
(486, 'O0036', 'Hematologi M-Lyse', '6', 0, 16849, 3, '15', 0),
(487, 'O0037', 'Lugol 1000 ml', '6', 0, 11660, 1, '15', 0),
(488, 'O0038', 'Cairan  Develover', '123', 0, 7256, 15, '15', 0),
(489, 'O0039', 'Cairan Fixer', '123', 0, 801, 15, '15', 0),
(490, 'O0040', 'Copfer Test', '151', 0, 1737, 2, '15', 0),
(491, 'O0041', 'Clorine Test', '152', 0, 5784, 1, '15', 0),
(492, 'O0042', 'Cyanide Test', '153', 0, 3209, 1, '15', 0),
(493, 'O0043', 'Floride Test', '154', 0, 18193, 2, '15', 0),
(494, 'O0044', 'Iron Test', '151', 0, 839, 1, '15', 0),
(495, 'O0045', 'Mangan Test', '146', 0, 9118, 1, '15', 0),
(496, 'O0046', 'Nitrat Test', '154', 0, 2572, 4, '15', 0),
(497, 'O0047', 'Kertas EKG Welch Allyn', '83', 0, 5005, 23, '15', 0),
(498, 'O0048', 'Kertas EKG Contrast', '155', 0, 16813, 2, '15', 0),
(499, 'O0049', 'Tabung serologi 16 x 150 cm', '84', 0, 8548, 200, '15', 0),
(500, 'O0050', 'Tabung reaksi 13 x 100 mm', '84', 0, 11801, 100, '15', 0),
(501, 'O0051', 'Tabung Reaksi 12 x 75 mm', '84', 0, 12862, 200, '15', 0),
(502, 'O0052', 'Asam Urat Liq. 250 ml', '87', 0, 8406, 12, '15', 0),
(503, 'O0053', 'Cromate Test', '151', 0, 2945, 3, '15', 0),
(504, 'O0054', 'Drabkins 500ml', '6', 0, 9009, 6, '15', 0),
(505, 'O0055', 'Vacutest  EDTA', '13', 0, 15708, 16, '15', 0),
(506, 'O0056', 'Vacutest non EDTA', '13', 0, 11014, 30, '15', 0),
(507, 'O0057', 'Tabung Hematokrit', '84', 0, 7449, 17, '15', 0),
(508, 'O0058', 'Tabung Westergen', '84', 0, 3700, 3, '15', 0),
(509, 'O0059', 'Hanschoend sterill no.7 (Maxter )', '27', 0, 15656, 55, '15', 0),
(510, 'O0060', 'Hanscoend sterill no.7,5   (Biotoch )', '27', 0, 6678, 426, '15', 0),
(511, 'O0061', 'Hanscoend sterill no.6,5', '27', 0, 5923, 20, '15', 0),
(512, 'O0062', 'HDL Cholesterol Stanbio', '156', 0, 9083, 8, '15', 0),
(513, 'O0063', 'Film 35 x 35cm', '141', 0, 7148, 10, '15', 0),
(514, 'O0064', 'Film 30 x 40 cm', '141', 0, 7988, 9, '15', 0),
(515, 'O0065', 'Film 24 x 30 cm', '141', 0, 18000, 9, '15', 0),
(516, 'O0066', 'Panoramic Gigi 15 x 30 cm', '7', 0, 5535, 6, '15', 0),
(517, 'O0067', 'Dental Film 3 x 4 cm', '157', 0, 13175, 8, '15', 0),
(518, 'O0068', 'Rak Tabung Reaksi', '84', 0, 8772, 8, '15', 0),
(519, 'O0069', 'Golongan Darah Anti A', '6', 0, 3833, 62, '15', 0),
(520, 'O0070', 'Golongan Darah Anti AB', '6', 0, 12351, 62, '15', 0),
(521, 'O0071', 'Golongan Darah Anti D (Rhesus )', '6', 0, 9755, 62, '15', 0),
(522, 'O0072', 'Golongan Darah Anti B', '6', 0, 11223, 62, '15', 0),
(523, 'O0073', 'Guttae Percha ( 15-40)', '87', 0, 6350, 20, '15', 0),
(524, 'O0074', 'Folley  Cath. No 20', '84', 0, 17583, 47, '15', 0),
(525, 'O0075', 'Bisturi no.13', '13', 0, 8363, 22, '15', 0),
(526, 'O0076', 'EDTA 100 Grm Merk', '46', 0, 8569, 1, '15', 0),
(527, 'O0077', 'Lead Test / Pb', '124', 0, 17258, 1, '15', 0),
(528, 'O0078', 'Maxiflow  Anak', '84', 0, 20080, 143, '15', 0),
(529, 'O0079', 'Maxiflow Dewasa', '84', 0, 8127, 45, '15', 0),
(530, 'O0080', 'Nald 23', '13', 0, 19894, 9, '15', 0),
(531, 'O0081', 'Oil Emersi', '46', 0, 14592, 1, '15', 0),
(532, 'O0082', 'Salmonella O Paratypi a', '6', 0, 12777, 44, '15', 0),
(533, 'O0083', 'Salmonella H Paratypi a', '6', 0, 19610, 42, '15', 0),
(534, 'O0084', 'Paper Point (45-80)', '87', 0, 19219, 25, '15', 0),
(535, 'O0085', 'Paper Point (15-40)', '87', 0, 16765, 25, '15', 0),
(536, 'O0086', 'Soft Plastik Sweper', '84', 0, 5670, 41, '15', 0),
(537, 'O0087', 'Sikat Tabung', '84', 0, 17554, 39, '15', 0),
(538, 'O0088', 'Kapsul Kosong', '158', 0, 10263, 4, '15', 0),
(539, 'O0089', 'Pipet Tetes Panjang', '84', 0, 18152, 1147, '15', 0),
(540, 'O0090', 'Glucose Humalyser', '56', 0, 19472, 2, '15', 0),
(541, 'O0091', 'Lar.Giemsa  500 ml', '6', 0, 2402, 16, '15', 0),
(542, 'O0092', 'Haemoglobine Meter Humalyser', '56', 0, 13098, 2, '15', 0),
(543, 'O0093', 'Humatrol N (Serum Control Humalyser)', '56', 0, 17784, 2, '15', 0),
(544, 'O0094', 'SGPT  Humalyser', '56', 0, 9126, 0, '15', 0),
(545, 'O0095', 'SGOT Humalyser', '56', 0, 11779, 0, '15', 0),
(546, 'O0096', 'HBsAb  Test  Acon', '159', 0, 11018, 9, '15', 0),
(547, 'O0097', 'Determine HIV 1/2', '160', 0, 19251, 200, '15', 0),
(548, 'O0098', 'Gutta Percha (45-80)', '87', 0, 2704, 11, '15', 0),
(549, 'O0099', 'Surflo 26', '84', 0, 15265, 140, '15', 0),
(550, 'F001', 'Aa', '12', 1000, 7715, 80, '1', 2);

-- --------------------------------------------------------

--
-- Table structure for table `apt_sales`
--

CREATE TABLE IF NOT EXISTS `apt_sales` (
  `id_sales` int(11) NOT NULL AUTO_INCREMENT,
  `nama_sales` varchar(255) NOT NULL,
  `alamat_sales` text NOT NULL,
  `nama_kota` varchar(100) NOT NULL,
  `telp` bigint(20) NOT NULL,
  `komisi_opsi` enum('Per Faktur','Per Item') NOT NULL,
  `nominal_opsi` enum('Persen','Nominal') NOT NULL,
  `nominal_jumlah` int(11) NOT NULL,
  `supplier_id` int(11) NOT NULL,
  PRIMARY KEY (`id_sales`)
) ENGINE=MyISAM  DEFAULT CHARSET=latin1 AUTO_INCREMENT=3 ;

--
-- Dumping data for table `apt_sales`
--

INSERT INTO `apt_sales` (`id_sales`, `nama_sales`, `alamat_sales`, `nama_kota`, `telp`, `komisi_opsi`, `nominal_opsi`, `nominal_jumlah`, `supplier_id`) VALUES
(1, 'qwe', 'qwe', 'qwe', 123, 'Per Faktur', 'Persen', 0, 1),
(2, 'Budi', 'jogja', 'Jogja', 8876, 'Per Item', 'Persen', 10000, 2);

-- --------------------------------------------------------

--
-- Table structure for table `apt_satuan`
--

CREATE TABLE IF NOT EXISTS `apt_satuan` (
  `id_satuan` int(11) NOT NULL AUTO_INCREMENT,
  `nama_satuan` varchar(50) NOT NULL,
  PRIMARY KEY (`id_satuan`)
) ENGINE=MyISAM  DEFAULT CHARSET=latin1 AUTO_INCREMENT=185 ;

--
-- Dumping data for table `apt_satuan`
--

INSERT INTO `apt_satuan` (`id_satuan`, `nama_satuan`) VALUES
(1, 'Amp'),
(2, 'Bks'),
(3, 'Bks/100 lbr'),
(4, 'Bks/strip'),
(5, 'Blister'),
(6, 'Botol'),
(7, 'Box'),
(8, 'Box/10 pcs'),
(9, 'Box/10 psg'),
(10, 'Box/10 Supp'),
(11, 'Box/100 amp'),
(12, 'Box/100 kap'),
(13, 'Box/100 Pcs'),
(14, 'Box/100 tab'),
(15, 'Box/100 amp'),
(16, 'Box/12 Pcs'),
(17, 'Box/120 pcs'),
(18, 'Box/12 sachet'),
(19, 'Box/20 Vial'),
(20, 'Box/200 tab'),
(21, 'Box/3 strip'),
(22, 'Box/30 amp'),
(23, 'Box/36 Pcs'),
(24, 'Box/40 lbr'),
(25, 'Box/5 amp'),
(26, 'Box/50 Pcs'),
(27, 'Box/50 psg'),
(28, 'Box/6 Supp'),
(29, 'Box/30 tab'),
(30, 'Btl @ 10 ml'),
(31, 'Btl @ 100 ml'),
(32, 'Btl @ 15 ml'),
(33, 'Btl @ 500 ml'),
(34, 'Btl 100 ml'),
(35, 'Btl 1000 ml'),
(36, 'Btl 20 g'),
(37, 'Btl 2x125ml'),
(38, 'Btl 50 ml'),
(39, 'Btl 60 ml'),
(40, 'Btl/100 tab'),
(41, 'Btl/10'),
(42, 'Btl/100'),
(43, 'Btl/1000 ml'),
(44, 'Btl/1000 tab'),
(45, 'Btl/1000tab'),
(46, 'Btl/100ml'),
(47, 'Btl/250 tab'),
(48, 'Btl/2x62.5ml'),
(49, 'Btl/4x50ml'),
(50, 'Btl/50 pcs'),
(51, 'Btl/500 tab'),
(52, 'Btl/5x100ml'),
(53, 'Btl/6x50ml'),
(54, 'Btl/kotak'),
(55, 'Cap'),
(56, 'Kit'),
(57, 'Kit 25'),
(58, 'Kit/25pcs'),
(59, 'Kit/2x100ml'),
(60, 'Kit/4x30ml'),
(61, 'Kit/50pcs'),
(62, 'Klg/50 Amp'),
(63, 'Kolf'),
(64, 'Ktk'),
(65, 'Ktk/100amp'),
(66, 'Ktk/100pcs'),
(67, 'Ktk/10amp'),
(68, 'Ktk/10supp'),
(69, 'Ktk/10vial'),
(70, 'Ktk/2 tube'),
(71, 'Ktk/20amp'),
(72, 'Ktk/24'),
(73, 'Ktk/24pcs'),
(74, 'Ktk/25'),
(75, 'Ktk/2vial'),
(76, 'Ktk/30 amp'),
(77, 'Ktk/50pcs'),
(78, 'Ktk/5amp'),
(79, 'Ktk/5supp'),
(80, 'Ktk/6amp'),
(81, 'Ktk/6supp'),
(82, 'Liter'),
(83, 'Paket'),
(84, 'Pcs'),
(85, 'Pot'),
(86, 'Roll'),
(87, 'Set'),
(88, 'Set/12 pcs'),
(89, 'Stik'),
(90, 'Strip'),
(91, 'Tablet'),
(92, 'Tube'),
(93, 'Tube @ 10 gr'),
(94, 'Vial'),
(95, 'sacch'),
(96, 'box/120 cap'),
(97, 'box/50 tab'),
(98, 'box/20sachet'),
(99, 'box/300 tab'),
(100, 'box/80 tab'),
(101, 'box/100 cap'),
(102, 'btl/250 mg'),
(103, 'btl/200tab'),
(104, 'box/10 tab'),
(105, 'box/60 tab'),
(106, 'box/50 kap'),
(107, 'box/60cap'),
(108, 'box/30 tab'),
(109, 'box/40 sacch'),
(110, 'box/100 sach'),
(111, 'box/100cap'),
(112, 'btl/1000 kap'),
(113, 'btl/50 kaps'),
(114, 'Supp'),
(115, 'dos/2 blister'),
(116, 'pak/ 6 pcs'),
(117, 'pak/12 pcs'),
(118, 'pak/ 4 pcs'),
(119, 'box/15 stik'),
(120, 'btl/25 test'),
(121, 'btl/500 ml'),
(122, 'btl/10 test'),
(123, 'galon'),
(124, 'box/50 test'),
(125, 'box/25 test'),
(126, 'btl/2500 ml'),
(127, 'ktk/335 test'),
(128, 'ktk/10 test'),
(129, 'btl/100'),
(130, 'bks/500 pcs'),
(131, 'box/100'),
(132, 'box/50 stik'),
(133, 'box/50 psg'),
(134, 'lembar'),
(135, 'bks/12 pcs'),
(136, 'box/500 pcs'),
(137, 'pak/10 lemb'),
(138, 'box/6 roll'),
(139, 'box/10test'),
(140, 'Ikat/1200lbr'),
(141, 'ktk/100 lbr'),
(142, 'box/10 bks'),
(143, 'box/3strip'),
(144, 'kotak/3 tablet'),
(145, 'box/350'),
(146, 'box/500 test'),
(147, 'box/5 pack'),
(148, 'bks/1000 pcs'),
(149, 'box/72pcs'),
(151, 'box/250 test'),
(152, 'box/200 test'),
(153, 'kit/100 test'),
(154, 'box/100 test'),
(155, 'rim'),
(156, 'btl/20 ml'),
(157, 'box/150 pcs'),
(158, 'bks/10000 pcs'),
(159, 'ktk/50 test');

-- --------------------------------------------------------

--
-- Table structure for table `apt_sumber`
--

CREATE TABLE IF NOT EXISTS `apt_sumber` (
  `id_sumber` int(11) NOT NULL AUTO_INCREMENT,
  `nama_sumber` varchar(50) NOT NULL,
  PRIMARY KEY (`id_sumber`),
  KEY `kode_item` (`nama_sumber`),
  KEY `kode_item_2` (`nama_sumber`),
  KEY `kode_item_3` (`nama_sumber`)
) ENGINE=MyISAM  DEFAULT CHARSET=latin1 AUTO_INCREMENT=24 ;

--
-- Dumping data for table `apt_sumber`
--

INSERT INTO `apt_sumber` (`id_sumber`, `nama_sumber`) VALUES
(2, 'APBD'),
(3, 'APBDP'),
(4, 'APBN');

-- --------------------------------------------------------

--
-- Table structure for table `apt_supplier`
--

CREATE TABLE IF NOT EXISTS `apt_supplier` (
  `id_supplier` int(11) NOT NULL AUTO_INCREMENT,
  `nama_supplier` varchar(255) NOT NULL,
  `alamat_supplier` text NOT NULL,
  `nama_kota` varchar(100) NOT NULL,
  `kodepos` int(5) NOT NULL,
  `telp` bigint(20) NOT NULL,
  `bank` varchar(255) NOT NULL,
  `bank_no` bigint(30) NOT NULL,
  `bank_an` varchar(255) NOT NULL,
  `cp` bigint(20) NOT NULL,
  `email` varchar(255) NOT NULL,
  `ket` text NOT NULL,
  PRIMARY KEY (`id_supplier`)
) ENGINE=MyISAM  DEFAULT CHARSET=latin1 AUTO_INCREMENT=3 ;

--
-- Dumping data for table `apt_supplier`
--

INSERT INTO `apt_supplier` (`id_supplier`, `nama_supplier`, `alamat_supplier`, `nama_kota`, `kodepos`, `telp`, `bank`, `bank_no`, `bank_an`, `cp`, `email`, `ket`) VALUES
(1, 'supli', 'jogja', 'jogja', 55513, 988787, 'mandiri', 56779669706, 'suplionoa', 9800809890, 'sup@jogja.com', ''),
(2, 'Medika Pratama', 'Jogja', 'Jogja', 566, 4666, 'Mandiri', 98656, 'JOKO', 807, 'AAAAAA@LL.COM', '');

-- --------------------------------------------------------

--
-- Table structure for table `ci_sessions`
--

CREATE TABLE IF NOT EXISTS `ci_sessions` (
  `session_id` varchar(40) NOT NULL DEFAULT '0',
  `ip_address` varchar(16) NOT NULL DEFAULT '0',
  `user_agent` varchar(50) NOT NULL,
  `last_activity` int(10) unsigned NOT NULL DEFAULT '0',
  `user_data` text NOT NULL,
  PRIMARY KEY (`session_id`)
) ENGINE=MyISAM DEFAULT CHARSET=latin1;

--
-- Dumping data for table `ci_sessions`
--


-- --------------------------------------------------------

--
-- Table structure for table `dlmbg_setting`
--

CREATE TABLE IF NOT EXISTS `dlmbg_setting` (
  `id_setting` int(10) NOT NULL AUTO_INCREMENT,
  `tipe` varchar(50) NOT NULL,
  `title` varchar(100) NOT NULL,
  `content_setting` text NOT NULL,
  PRIMARY KEY (`id_setting`)
) ENGINE=InnoDB  DEFAULT CHARSET=latin1 AUTO_INCREMENT=15 ;

--
-- Dumping data for table `dlmbg_setting`
--

INSERT INTO `dlmbg_setting` (`id_setting`, `tipe`, `title`, `content_setting`) VALUES
(1, 'site_title', 'Nama Situs', 'RRTAJOGJA.COM | Sebuah Website TOUR AND TRAVEL TICKET'),
(2, 'site_footer', 'Teks Footer', 'Copyright RRTAJOGJA.COM<br>\r\n'),
(3, 'site_quotes', 'Quotes Situs', '\r\n'),
(4, 'site_slider', 'Aktifkan Slider', 'yes'),
(5, 'site_kepala_dinas', 'Foto Pemilik ', '53f0879087d11f4eb783661f63f63ded.png'),
(6, 'site_limit_pengumuman_sidebar', 'Limit View Pengumuman - Sidebar', '4'),
(7, 'site_limit_agenda_sidebar', 'Limit View Agenda - Sidebar', '4'),
(8, 'site_kepala_dinas_nama_kepala', 'Nama Kepala Dinas', 'Drs. I Wayan Gede Suma Wijaya'),
(9, 'site_kepala_dinas_nip', 'NIP Kepala Dinas', 'NIP. 110910035004021991'),
(10, 'site_limit_artikel_sekolah_footer', 'Limit View Artikel Sekolah - Footer', '4'),
(11, 'site_limit_berita_slider', 'Limit View Berita - Slider', '5'),
(12, 'site_slider_always', 'Tampilkan Slider di Semua Halaman', 'no'),
(13, 'site_theme', 'Nama Tampilan', 'blue-clouds'),
(14, 'site_sambutan', 'Kata Sambutan', '<strong>Rrta Jogja,</strong><br /><br />\r\nWebsite ini sebagai sarana untuk memudahkan anda dalam perjalanan. RRTA JOGJA adalah salah satu media untuk pemesanan tiket tour and travel anda. Rrta Jogja juga menyediakan info-info menarik seputar promo, harga-harga hotel, penyewaan mobil, ticket box, event dan masig banyak lagi info menarik untuk anda. Jadikan kami sahabat dan keluarga perjalanan anda.');

-- --------------------------------------------------------

--
-- Table structure for table `dokter`
--

CREATE TABLE IF NOT EXISTS `dokter` (
  `nik_dokter` varchar(50) NOT NULL,
  `nama_dokter` varchar(50) NOT NULL,
  `id_spesialisasi` varchar(10) NOT NULL,
  `telp_dokter` varchar(20) NOT NULL,
  `status_dokter` varchar(20) NOT NULL,
  PRIMARY KEY (`nik_dokter`)
) ENGINE=MyISAM DEFAULT CHARSET=latin1;

--
-- Dumping data for table `dokter`
--

INSERT INTO `dokter` (`nik_dokter`, `nama_dokter`, `id_spesialisasi`, `telp_dokter`, `status_dokter`) VALUES
('001', 'dr. H. Nowohadi Tjintro Suwito, Sp. PD.', '2', '081324866067', 'Tetap'),
('003', 'dr. H.M. Bagus Merdikanto, Sp. A.', '4', '0813246478', 'Tetap'),
('004', 'dr. Jimmy Eko Budi H. Sp.S', '3', '08132787675', 'Tetap'),
('006', 'dr. H. Lukman Mus`at, Sp.THT.', '4', '081327678543', '0'),
('007', 'dr. Agus Sunanto, Sp. OG.', '5', '0813276487766', '0'),
('008 343423', 'dr. Y. Priyo Triyono, Sp.M.', '6', '081326577876', 'Tetap'),
('009', 'dr. Albertus Rumbiyana, Sp. PD.', '7', '08876776653', 'Tetap'),
('098734', 'dr. Joko Padwanto, Sp. An.', '8', '081543765534', 'Tetap'),
('100', 'dr. H. Cahyo Nugroho', '9', '081524378656', 'Tetap'),
('101', 'dr. Intaningtyas S.', '10', '081423576545', 'Tetap'),
('102', 'dr. Hj Esti Nursofiati', '4', '081325676578', 'Tetap'),
('103', 'dr. Syamsul Huda.', '2', '081756543678', 'Tetap'),
('104', 'dr. Budi Darmawan', '3', '081324565786', 'Tetap'),
('105', 'dr. Sri Wahyuli', '1', '0813245665434', 'Tetap'),
('106', 'dr. Edi Yanuarto.', '5', '081325657891', 'Tetap'),
('107', 'dr. Dimas Oktarianto', '6', '081432765987', 'Tetap'),
('108', 'dr. Mikke Faridha Santhy', '7', '081326578976', 'Tetap'),
('109', 'dr. Desti Ariani Kristianti.', '8', '081325476876', 'Tetap'),
('110', 'dr. Bernadeta Bondan', '9', '081323565686', 'Tetap'),
('111', ' dr. Jarisden Purba, Sp.B. ', '10', '08132545678', 'Tetap');

-- --------------------------------------------------------

--
-- Table structure for table `dtds`
--

CREATE TABLE IF NOT EXISTS `dtds` (
  `id` int(4) unsigned zerofill NOT NULL AUTO_INCREMENT,
  `nama_dtd` varchar(100) NOT NULL,
  `keterangan` varchar(250) NOT NULL,
  PRIMARY KEY (`id`)
) ENGINE=MyISAM  DEFAULT CHARSET=latin1 AUTO_INCREMENT=2501 ;

--
-- Dumping data for table `dtds`
--

INSERT INTO `dtds` (`id`, `nama_dtd`, `keterangan`) VALUES
(0100, 'PENYAKIT INFEKSI PADA USUS', ''),
(0101, 'Kolera', ''),
(0102, 'Diare ( termasuk tersangka Kolera)', ''),
(0103, 'Disentri', ''),
(0104, 'Infeksi penyakit usus yang lain', ''),
(0200, 'PENYAKIT TUBERKULOSA', ''),
(0201, 'TB Paru', ''),
(0202, 'TB Selain Paru (Extra Pulnomoner)', ''),
(0300, 'PENYAKIT BAKTERI', ''),
(0301, 'Kusta I/T ( MB )', ''),
(0302, 'Kusta B/L ( PB )', ''),
(0303, 'Difteria', ''),
(0304, 'Batuk Rejan', ''),
(0305, 'Tetanus', ''),
(0306, 'Pes', ''),
(0400, 'PENYAKIT VIRUS', ''),
(0401, 'Poliomyelitis Akut (AFP)', ''),
(0402, 'Campak', ''),
(0403, 'Radang hati menular', ''),
(0404, 'Rabies (Lyssa)', ''),
(0405, 'DHF ( Demam Berdarah Dengue )', ''),
(0406, 'Cacar Air', ''),
(0500, 'RIKETSIASIS DAN PENYAKIT KARENA ARTHRODA LAIN', ''),
(0501, 'Malaria dengan pemeriksaan Lab.', ''),
(0502, 'Malaria Tropika ( P. Falsiparum )', ''),
(0503, 'Malaria tanpa pemerikasaan Lab.( Malaria Klinis )', ''),
(0504, 'Anthrax', ''),
(0600, 'PENYAKIT KELAMIN', ''),
(0601, 'Infeksi Gonokok', ''),
(0602, 'Non Gonokok', ''),
(0603, 'Penyakit Kelamin Lainnya', ''),
(0700, 'PENYAKIT INFEKSI KARENA PARASIT DAN AKIBAT KEMUDIAN', ''),
(0701, 'Frambusia', ''),
(0702, 'Filariasis', ''),
(0703, 'Penyakit Kecacingan', ''),
(0704, 'S c a b i e s', ''),
(0800, 'GANGGUAN MENTAL', ''),
(0801, 'Gangguan Psikotik', ''),
(0802, 'Gangguan Neurotik', ''),
(0803, 'Retardasi Mental', ''),
(0804, 'Gangguan Kes.Jiwa bermula pada Bayi , Anak , dan Remaja dan perkembangan', ''),
(0805, 'Penyakit Jiwa lainnya', ''),
(0900, 'PENYAKIT SUSUNAN SYARAF', ''),
(0901, 'Epilepsi', ''),
(0902, 'Penyakit dan Kelainan Susunan Syaraf Lainnya', ''),
(1000, 'PENYAKIT MATA DAN ADNEKSA', ''),
(1001, 'Glaukoma', ''),
(1002, 'Katarak', ''),
(1003, 'Kelainan Refraksi', ''),
(1004, 'Kelainan Kornea', ''),
(1005, 'Penyakit Mata lain-lain', ''),
(1100, 'PENYAKIT PADA TELINGA DAN MASTOID', ''),
(1101, 'Infeksi Telinga Tengah', ''),
(1102, 'Infeksi Mastoid ( Mastoiditis )', ''),
(1200, 'PENYAKIT TEKANAN DARAH TINGGI', ''),
(1300, 'PENYAKIT SALURAN PERNAPASAN ATAS', ''),
(1301, 'Tonsilitis', ''),
(1302, 'Infeksi Akut lain pada Saluran Pernafasan Bag.Atas', ''),
(1303, 'Penyakit Lain pada Saluran Pernafasan Bag.Atas', ''),
(1400, 'PENYAKIT LAIN PADA SALURAN PERNAFASAN BAWAH', ''),
(1401, 'Pneumonia', ''),
(1402, 'Bronkhitis', ''),
(1403, 'A s m a', ''),
(1404, 'Penyakit Lain dari Saluran Pernafasan Bawah', ''),
(1500, 'PENYAKIT RONGGA MULUT', ''),
(1501, 'Karies Gigi', ''),
(1502, 'Penyakit Pulpa dan Jaringan Periapikal', ''),
(1503, 'Gingivitis dan Penyakit Periodental', ''),
(1504, 'Gangguan Gigi dan Jaringan Penyangga Lainnya', ''),
(1505, 'Penyakit Rongga Mulut, Kelenjar Ludah, Rahang dan lainnya', ''),
(1600, 'PENYAKIT PADA SALURAN KENCING', ''),
(1700, 'SEBAB KELAINAN KEBIDANAN LANGSUNG', ''),
(1701, 'Keguguran', ''),
(1702, 'Perdarahan pd Kehamilan Persalinan dan Masa Nifas', ''),
(1703, 'Keracunan Kehamilan ( Eklamsia )', ''),
(1704, 'Partus Lama', ''),
(1705, 'Infeksi pd Masa Kehamilan, Persalinan dan Nifas', ''),
(1706, 'Hyperemesis', ''),
(1800, 'KEADAAN TERTENTU PADA MASA PERINATAL', ''),
(1801, 'Trauma Lahir', ''),
(1802, 'Asfiksia', ''),
(1803, 'Tetanus Neonatorum', ''),
(1900, 'KECELAKAAN DAN KERACUNAN', ''),
(1901, 'Kecelakaan dan Ruda Paksa', ''),
(1902, 'Keracunan Bahan Kimia', ''),
(1903, 'Keracunan Makanan', ''),
(2000, 'PENYAKIT KULIT DAN JARINGAN SUB KUTAN', ''),
(2001, 'Penyakit Kulit Infeksi', ''),
(2002, 'Penyakit Kulit Alergi', ''),
(2003, 'Penyakit Kulit karena jamur', ''),
(2100, 'PENYAKIT PD SISTIM OTOT DAN JARINGAN PENGIKAT (PENY.TULANG BELULANG,RADANG SENDI TERMASUK REUMATIK )', ''),
(2200, 'PENYAKIT KENCING MANIS ( D.M. )', ''),
(2300, 'PENYAKIT ANEMIA ( KURANG DARAH )', ''),
(2400, 'PENYAKIT NEOPLASMA', ''),
(2401, 'Tumor Jinak', ''),
(2402, 'Tumor Ganas', ''),
(2500, 'PENYAKIT LAINNYA', '');

-- --------------------------------------------------------

--
-- Table structure for table `farmasi_lplpo`
--

CREATE TABLE IF NOT EXISTS `farmasi_lplpo` (
  `id` int(11) NOT NULL AUTO_INCREMENT,
  `tanggal_lplpo` date NOT NULL,
  `obat_id` int(11) NOT NULL,
  `stok_awal` int(11) NOT NULL,
  `penerimaan` int(11) NOT NULL,
  `pemakaian` int(11) NOT NULL,
  `rusak` int(11) NOT NULL,
  `sisa_stok` int(11) NOT NULL,
  `stok_real` int(11) NOT NULL,
  `permintaan` int(11) NOT NULL,
  `unit_kerja_id` int(11) NOT NULL,
  PRIMARY KEY (`id`)
) ENGINE=MyISAM  DEFAULT CHARSET=latin1 AUTO_INCREMENT=34 ;

--
-- Dumping data for table `farmasi_lplpo`
--

INSERT INTO `farmasi_lplpo` (`id`, `tanggal_lplpo`, `obat_id`, `stok_awal`, `penerimaan`, `pemakaian`, `rusak`, `sisa_stok`, `stok_real`, `permintaan`, `unit_kerja_id`) VALUES
(1, '2013-04-27', 1, 0, 0, 0, 0, 0, 0, 0, 8),
(2, '2013-04-27', 2, 0, 0, 0, 0, 0, 0, 0, 8),
(3, '2013-04-27', 3, 0, 0, 0, 0, 0, 0, 0, 8),
(4, '2013-04-27', 4, 0, 0, 0, 0, 0, 0, 0, 8),
(5, '2013-04-27', 5, 0, 0, 0, 0, 0, 0, 0, 8),
(6, '2013-04-27', 6, 0, 0, 0, 0, 0, 0, 0, 8),
(7, '2013-04-27', 7, 0, 0, 0, 0, 0, 0, 0, 8),
(8, '2013-04-27', 8, 0, 0, 0, 0, 0, 0, 0, 8),
(9, '2013-04-27', 9, 0, 0, 0, 0, 0, 0, 0, 8),
(10, '2013-04-27', 10, 0, 0, 0, 0, 0, 0, 0, 8),
(11, '2013-04-27', 11, 0, 0, 0, 0, 0, 0, 0, 8),
(12, '2013-04-27', 12, 0, 0, 0, 0, 0, 0, 0, 8),
(13, '2013-04-27', 13, 0, 0, 0, 0, 0, 0, 0, 8),
(14, '2013-04-27', 14, 0, 0, 0, 0, 0, 0, 0, 8),
(15, '2013-04-27', 15, 0, 0, 0, 0, 0, 0, 0, 8),
(16, '2013-04-27', 16, 0, 0, 0, 0, 0, 0, 0, 8),
(17, '2013-04-27', 17, 0, 0, 0, 0, 0, 0, 0, 8),
(18, '2013-04-27', 18, 0, 0, 0, 0, 0, 0, 0, 8),
(19, '2013-04-27', 19, 0, 0, 0, 0, 0, 0, 0, 8),
(20, '2013-04-27', 20, 0, 0, 0, 0, 0, 0, 0, 8),
(21, '2013-04-27', 21, 0, 0, 0, 0, 0, 0, 0, 8),
(22, '2013-04-27', 22, 0, 0, 0, 0, 0, 0, 0, 8),
(23, '2013-04-27', 23, 0, 0, 0, 0, 0, 0, 0, 8),
(24, '2013-04-27', 24, 0, 0, 0, 0, 0, 0, 0, 8),
(25, '2013-04-27', 25, 0, 0, 0, 0, 0, 0, 0, 8),
(26, '2013-04-27', 26, 0, 0, 1110, 0, -1110, -1110, 1221, 8),
(27, '2013-04-27', 27, 0, 0, 0, 0, 0, 0, 0, 8),
(28, '2013-04-27', 28, 0, 0, 0, 0, 0, 0, 0, 8),
(29, '2013-04-27', 29, 0, 0, 0, 0, 0, 0, 0, 8),
(30, '2013-04-27', 30, 0, 0, 0, 0, 0, 0, 0, 8),
(31, '2013-04-27', 31, 0, 0, 0, 0, 0, 0, 0, 8),
(32, '2013-04-27', 32, 0, 0, 0, 0, 0, 0, 0, 8),
(33, '2013-04-27', 34, 0, 0, 0, 0, 0, 0, 0, 8);

-- --------------------------------------------------------

--
-- Table structure for table `farmasi_obats`
--

CREATE TABLE IF NOT EXISTS `farmasi_obats` (
  `id` int(5) NOT NULL AUTO_INCREMENT,
  `nama_obat` varchar(100) NOT NULL,
  `obat_jenis_id` int(11) NOT NULL,
  `satuan_obat_id` int(11) NOT NULL,
  `golongan_id` int(11) NOT NULL,
  `dosis` int(11) NOT NULL,
  `qtt` bigint(11) NOT NULL,
  `harga_beli` int(11) NOT NULL,
  `harga_jual` int(11) NOT NULL,
  `keterangan_obat` varchar(50) NOT NULL,
  `aksi` varchar(20) NOT NULL,
  PRIMARY KEY (`id`)
) ENGINE=MyISAM  DEFAULT CHARSET=latin1 AUTO_INCREMENT=36 ;

--
-- Dumping data for table `farmasi_obats`
--

INSERT INTO `farmasi_obats` (`id`, `nama_obat`, `obat_jenis_id`, `satuan_obat_id`, `golongan_id`, `dosis`, `qtt`, `harga_beli`, `harga_jual`, `keterangan_obat`, `aksi`) VALUES
(1, 'Ambeven', 24, 12, 3, 646, 4, 2000, 3000, '', 'belum'),
(2, 'Asam Folat', 24, 40, 3, 355, 0, 2000, 3000, '', 'belum'),
(3, 'Besi sulfat', 24, 158, 10, 52, 7, 2000, 3000, '', 'belum'),
(4, 'Bisacodyl  ( Dulcolax )', 24, 159, 10, 525235, 0, 2000, 3000, '', 'belum'),
(5, 'CTM 4 mg', 24, 155, 3, 3363, 0, 2000, 3000, '', 'belum'),
(6, 'Captopril 25 mg', 24, 152, 3, 5325, 0, 2000, 3000, '', 'belum'),
(7, 'Digoksin 0,25 mg', 24, 148, 3, 24242, 0, 2000, 3000, '', 'belum'),
(8, 'Doxycycline 100 mg', 24, 149, 3, 535, 0, 2000, 3000, '', 'belum'),
(9, 'Ekstrak Belladona', 24, 148, 3, 4242, 0, 2000, 3000, '', 'belum'),
(10, 'Equal', 24, 153, 3, 23424, 0, 2000, 3000, '', 'belum'),
(11, 'Furosemide 40 mg', 24, 152, 3, 242, 0, 2000, 3000, '', 'belum'),
(12, 'Fluor 1 mg', 24, 156, 3, 52523, 0, 2000, 3000, '', 'belum'),
(13, 'Glibenklamide 5 mg', 24, 158, 3, 523523, 0, 2000, 3000, '', 'belum'),
(14, 'Griseofulvin 125 mg', 24, 152, 3, 52355, 0, 2000, 3000, '', 'belum'),
(15, 'H C T  25 mg', 24, 149, 3, 235235, 0, 2000, 3000, '', 'belum'),
(16, 'Ibuprofen 200 mg', 24, 148, 3, 525235, 0, 2000, 3000, '', 'belum'),
(17, 'Isosorbit Dinitrat  5 mg', 24, 158, 3, 242412, 0, 2000, 3000, '', 'belum'),
(18, 'Kalsium Laktat 500 mg', 24, 157, 3, 24214, 0, 2000, 3000, '', 'belum'),
(19, 'Kinina 222 mg', 24, 147, 3, 34234, 0, 2000, 3000, '', 'belum'),
(20, 'Lyncomycin 500 mg', 24, 157, 3, 422, 0, 2000, 3000, '', 'belum'),
(21, 'Mebendazol', 24, 148, 3, 2464, 0, 2000, 3000, '', 'belum'),
(22, 'Nifedipin 10 mg', 24, 154, 3, 24234, 0, 2000, 3000, '', 'belum'),
(23, 'Oralit 200 ml', 24, 149, 3, 2424, 0, 2000, 3000, '', 'belum'),
(24, 'Prednison  5 mg', 24, 156, 3, 4124, 0, 2000, 3000, '', 'belum'),
(25, 'Resperidone  2mg', 24, 154, 3, 5525, 0, 2000, 3000, '', 'belum'),
(26, 'Salbutamol 2 mg', 24, 155, 3, 24, 0, 2000, 3000, '', 'belum'),
(27, 'Tetrasiklin 500 mg', 24, 157, 3, 424, 0, 2000, 3000, '', 'belum'),
(28, 'Vitamin A 200.000 IU', 24, 157, 3, 244, 0, 2000, 3000, '', 'belum'),
(29, 'Wright Stain', 24, 156, 3, 41241, 0, 2000, 3000, '', 'belum'),
(30, 'Xylol  1000 ml', 24, 153, 3, 4235, 0, 2000, 3000, '', 'belum'),
(31, 'Yodium Pov.1000ml(Betadine )', 24, 153, 3, 3242, 0, 2000, 3000, '', 'belum'),
(32, 'Zinc Oxide Adhesive  2 x 5 yard', 24, 158, 3, 52353, 0, 2000, 3000, '', 'belum'),
(34, '12', 36, 159, 12, 12, 0, 12, 12, '', 'belum');

-- --------------------------------------------------------

--
-- Table structure for table `farmasi_obat_jenis`
--

CREATE TABLE IF NOT EXISTS `farmasi_obat_jenis` (
  `id` int(5) NOT NULL AUTO_INCREMENT,
  `nama_obat_jenis` varchar(100) NOT NULL,
  `keterangan_jenis` int(5) NOT NULL,
  PRIMARY KEY (`id`)
) ENGINE=MyISAM  DEFAULT CHARSET=latin1 AUTO_INCREMENT=37 ;

--
-- Dumping data for table `farmasi_obat_jenis`
--

INSERT INTO `farmasi_obat_jenis` (`id`, `nama_obat_jenis`, `keterangan_jenis`) VALUES
(11, 'PROGRAM DIARE', 0),
(10, 'TAMBAHAN', 0),
(12, 'OBAT PROGRAM P2PL', 0),
(13, 'BAHAN NON MEDIS', 0),
(14, 'ALKES HABIS PAKAI', 0),
(15, 'CAIRAN INFUS DAN ALAT', 0),
(16, 'OBAT SUNTIK', 0),
(17, 'OBAT LUAR', 0),
(18, 'BAHAN LABORATORIUM', 0),
(19, 'OBAT PERAWATAN GIGI', 0),
(20, 'OBAT K.B. DAN PERALATAN', 0),
(21, 'OBAT TB PARU/MDT/IMS', 0),
(22, 'OBAT NAPZA', 0),
(23, 'OBAT JENIS SIRUP', 0),
(24, 'TABLET/KAPSUL/KAPLET', 0);

-- --------------------------------------------------------

--
-- Table structure for table `farmasi_penerimaan`
--

CREATE TABLE IF NOT EXISTS `farmasi_penerimaan` (
  `id` int(11) NOT NULL AUTO_INCREMENT,
  `tanggal_terima` datetime NOT NULL,
  `obat_id` varchar(6) NOT NULL,
  `jumlah` int(6) NOT NULL,
  `stok_awal` int(9) NOT NULL,
  `persediaan` int(9) NOT NULL,
  `keterangan` varchar(500) NOT NULL,
  `user_id` varchar(10) NOT NULL,
  PRIMARY KEY (`id`)
) ENGINE=MyISAM DEFAULT CHARSET=latin1 AUTO_INCREMENT=1 ;

--
-- Dumping data for table `farmasi_penerimaan`
--


-- --------------------------------------------------------

--
-- Table structure for table `farmasi_penerimaan_header`
--

CREATE TABLE IF NOT EXISTS `farmasi_penerimaan_header` (
  `id` varchar(15) NOT NULL,
  `no_nota` int(11) NOT NULL,
  `unit_kerja_id` int(11) NOT NULL,
  `tanggal_terima` date NOT NULL,
  `sumber_id` int(11) NOT NULL,
  `supplier_id` int(11) NOT NULL,
  `sales_id` int(11) NOT NULL,
  `user_id` varchar(11) NOT NULL,
  PRIMARY KEY (`id`)
) ENGINE=MyISAM DEFAULT CHARSET=latin1;

--
-- Dumping data for table `farmasi_penerimaan_header`
--


-- --------------------------------------------------------

--
-- Table structure for table `farmasi_penerimaan_item`
--

CREATE TABLE IF NOT EXISTS `farmasi_penerimaan_item` (
  `id` int(11) NOT NULL AUTO_INCREMENT,
  `obat_id` varchar(6) NOT NULL,
  `nama_obat` varchar(100) NOT NULL,
  `jumlah` int(6) NOT NULL,
  `terima_id` varchar(15) NOT NULL,
  `keterangan` varchar(200) NOT NULL,
  `aksi` varchar(5) NOT NULL,
  PRIMARY KEY (`id`)
) ENGINE=MyISAM DEFAULT CHARSET=latin1 AUTO_INCREMENT=1 ;

--
-- Dumping data for table `farmasi_penerimaan_item`
--


-- --------------------------------------------------------

--
-- Table structure for table `farmasi_pengeluaran_header`
--

CREATE TABLE IF NOT EXISTS `farmasi_pengeluaran_header` (
  `id` varchar(15) NOT NULL,
  `no_nota` int(11) NOT NULL,
  `unit_kerja_id` int(11) NOT NULL,
  `tanggal_keluar` date NOT NULL,
  `user_id` varchar(11) NOT NULL,
  `tujuan` int(11) NOT NULL,
  PRIMARY KEY (`id`)
) ENGINE=MyISAM DEFAULT CHARSET=latin1;

--
-- Dumping data for table `farmasi_pengeluaran_header`
--


-- --------------------------------------------------------

--
-- Table structure for table `farmasi_pengeluaran_item`
--

CREATE TABLE IF NOT EXISTS `farmasi_pengeluaran_item` (
  `id` int(11) NOT NULL AUTO_INCREMENT,
  `obat_id` int(5) NOT NULL,
  `jumlah` int(6) NOT NULL,
  `keluar_id` varchar(15) NOT NULL,
  `jenis_keluar` varchar(30) NOT NULL,
  `keterangan` varchar(500) NOT NULL,
  PRIMARY KEY (`id`)
) ENGINE=MyISAM DEFAULT CHARSET=latin1 AUTO_INCREMENT=1 ;

--
-- Dumping data for table `farmasi_pengeluaran_item`
--


-- --------------------------------------------------------

--
-- Table structure for table `gudang_lplpo`
--

CREATE TABLE IF NOT EXISTS `gudang_lplpo` (
  `id` int(11) NOT NULL AUTO_INCREMENT,
  `tanggal_lplpo` date NOT NULL,
  `obat_id` int(11) NOT NULL,
  `stok_awal` int(11) NOT NULL,
  `penerimaan` int(11) NOT NULL,
  `pemakaian` int(11) NOT NULL,
  `rusak` int(11) NOT NULL,
  `sisa_stok` int(11) NOT NULL,
  `stok_real` int(11) NOT NULL,
  `permintaan` int(11) NOT NULL,
  `unit_kerja_id` int(11) NOT NULL,
  PRIMARY KEY (`id`)
) ENGINE=MyISAM DEFAULT CHARSET=latin1 AUTO_INCREMENT=1 ;

--
-- Dumping data for table `gudang_lplpo`
--


-- --------------------------------------------------------

--
-- Table structure for table `gudang_penerimaan`
--

CREATE TABLE IF NOT EXISTS `gudang_penerimaan` (
  `id` int(11) NOT NULL,
  `tanggal_terima` datetime NOT NULL,
  `obat_id` varchar(6) NOT NULL,
  `jumlah` int(6) NOT NULL,
  `stok_awal` int(9) NOT NULL,
  `persediaan` int(9) NOT NULL,
  `unit_kerja_id` int(3) NOT NULL,
  `user_id` varchar(10) NOT NULL
) ENGINE=MyISAM DEFAULT CHARSET=latin1;

--
-- Dumping data for table `gudang_penerimaan`
--


-- --------------------------------------------------------

--
-- Table structure for table `gudang_penerimaan_header`
--

CREATE TABLE IF NOT EXISTS `gudang_penerimaan_header` (
  `id` varchar(15) NOT NULL,
  `no_nota` varchar(20) NOT NULL,
  `unit_kerja_id` int(11) NOT NULL,
  `tanggal_terima` date NOT NULL,
  `sumber_id` int(11) NOT NULL,
  `supplier_id` int(11) NOT NULL,
  `user_id` varchar(11) NOT NULL,
  PRIMARY KEY (`id`)
) ENGINE=MyISAM DEFAULT CHARSET=latin1;

--
-- Dumping data for table `gudang_penerimaan_header`
--


-- --------------------------------------------------------

--
-- Table structure for table `gudang_penerimaan_header2`
--

CREATE TABLE IF NOT EXISTS `gudang_penerimaan_header2` (
  `id` varchar(15) NOT NULL,
  `no_nota` int(11) NOT NULL,
  `unit_kerja_id` int(11) NOT NULL,
  `tanggal_keluar` date NOT NULL,
  `user_id` varchar(11) NOT NULL,
  `tujuan` int(11) NOT NULL,
  `cek` varchar(5) NOT NULL,
  PRIMARY KEY (`id`)
) ENGINE=MyISAM DEFAULT CHARSET=latin1;

--
-- Dumping data for table `gudang_penerimaan_header2`
--


-- --------------------------------------------------------

--
-- Table structure for table `gudang_penerimaan_item`
--

CREATE TABLE IF NOT EXISTS `gudang_penerimaan_item` (
  `id` int(11) NOT NULL AUTO_INCREMENT,
  `obat_id` varchar(6) NOT NULL,
  `jumlah` int(6) NOT NULL,
  `terima_id` varchar(15) NOT NULL,
  `keterangan` varchar(200) NOT NULL,
  PRIMARY KEY (`id`)
) ENGINE=MyISAM DEFAULT CHARSET=latin1 AUTO_INCREMENT=1 ;

--
-- Dumping data for table `gudang_penerimaan_item`
--


-- --------------------------------------------------------

--
-- Table structure for table `gudang_penerimaan_item2`
--

CREATE TABLE IF NOT EXISTS `gudang_penerimaan_item2` (
  `id` int(11) NOT NULL AUTO_INCREMENT,
  `obat_id` int(5) NOT NULL,
  `jumlah` int(6) NOT NULL,
  `keluar_id` varchar(15) NOT NULL,
  `jenis_keluar` varchar(30) NOT NULL,
  `keterangan` varchar(500) NOT NULL,
  PRIMARY KEY (`id`)
) ENGINE=MyISAM DEFAULT CHARSET=latin1 AUTO_INCREMENT=1 ;

--
-- Dumping data for table `gudang_penerimaan_item2`
--


-- --------------------------------------------------------

--
-- Table structure for table `gudang_pengeluaran`
--

CREATE TABLE IF NOT EXISTS `gudang_pengeluaran` (
  `id` int(11) NOT NULL,
  `tanggal_keluar` datetime NOT NULL,
  `obat_id` varchar(6) NOT NULL,
  `jumlah` int(6) NOT NULL,
  `keluar_id` varchar(10) NOT NULL,
  `unit_kerja_id` int(3) NOT NULL,
  `admission_klinik_id` int(3) NOT NULL,
  `user_id` varchar(10) NOT NULL
) ENGINE=MyISAM DEFAULT CHARSET=latin1;

--
-- Dumping data for table `gudang_pengeluaran`
--


-- --------------------------------------------------------

--
-- Table structure for table `gudang_pengeluaran_header`
--

CREATE TABLE IF NOT EXISTS `gudang_pengeluaran_header` (
  `id` varchar(15) NOT NULL,
  `no_nota` int(11) NOT NULL,
  `unit_kerja_id` int(11) NOT NULL,
  `tanggal_keluar` date NOT NULL,
  `user_id` varchar(11) NOT NULL,
  `tujuan` int(11) NOT NULL,
  PRIMARY KEY (`id`)
) ENGINE=MyISAM DEFAULT CHARSET=latin1;

--
-- Dumping data for table `gudang_pengeluaran_header`
--


-- --------------------------------------------------------

--
-- Table structure for table `gudang_pengeluaran_item`
--

CREATE TABLE IF NOT EXISTS `gudang_pengeluaran_item` (
  `id` int(11) NOT NULL AUTO_INCREMENT,
  `obat_id` int(5) NOT NULL,
  `jumlah` int(6) NOT NULL,
  `keluar_id` varchar(15) NOT NULL,
  `jenis_keluar` varchar(30) NOT NULL,
  `keterangan` varchar(500) NOT NULL,
  PRIMARY KEY (`id`)
) ENGINE=MyISAM DEFAULT CHARSET=latin1 AUTO_INCREMENT=1 ;

--
-- Dumping data for table `gudang_pengeluaran_item`
--


-- --------------------------------------------------------

--
-- Table structure for table `icd_kelompok`
--

CREATE TABLE IF NOT EXISTS `icd_kelompok` (
  `kode_kelompok` varchar(6) NOT NULL,
  `nama_kelompok` varchar(150) NOT NULL,
  PRIMARY KEY (`kode_kelompok`)
) ENGINE=InnoDB DEFAULT CHARSET=latin1;

--
-- Dumping data for table `icd_kelompok`
--

INSERT INTO `icd_kelompok` (`kode_kelompok`, `nama_kelompok`) VALUES
('A00', 'PENYAKIT PARASITIK DAN INFEKSI TERTENTU'),
('B00', 'NEOPLASMA'),
('C00', 'PENYAKIT DARAH DAN ORGAN PEMBUATNYA, DAN BEBERAPA KELAINAN YANG BERHUBUNGAN DENGAN MEKANISME IMUM'),
('D00', 'PENYAKIT ENDOKRIN, GIZI, DAN METABOLIK'),
('E00', 'GANGUAN JIWA DAN PERILAKU'),
('F00', 'PENYAKIT SUSUNAN SARAF'),
('G00', 'PENYAKIT MATA DAN ADNEKSA'),
('H00', 'PENYAKIT TELINGA DAN PROSESUS MASTOID'),
('I00', 'PENYAKIT SISTEM SIRKULASI'),
('J00', 'PENYAKIT SISTEM PERNAFASAN'),
('K00', 'PENYAKIT SISTEM CERNA'),
('L00', 'PENYAKIT KULIT DAN JARINGAN SUBKUTAN'),
('M00', 'PENYAKIT SISTEM MUSKULOSKELETAL DAN JARINGAN IKAT'),
('N00', 'PENYAKIT SISTEM KEMIH KELAMIN'),
('O00', 'KEHAMILAN, PERSALINAN DAN NIFAS'),
('P00', 'KONDISI TERTENTU YANG BERMULA PADA MASA PERINATAL'),
('Q00', 'MALFORMASI KONGENITAL, DEFORMITAS DAN KELAINAN KHROMOSOM'),
('R00', 'GEJALA, TANDA DAN HASIL PEMERIKSAAN LABORATORIUM DAN KLINIK TIDAK NORMAL, YANG TIDAK DIKLASIFIKASIKAN DI TEMPAT LAIN'),
('S00', 'CEDERA KERACUNAN DAN AKIBAT LAIN PENYEBAB LUAR'),
('V00', 'PENYEBAB LUAR MORBIDITAS DAN MORTALITAS'),
('Z00', 'FAKTOR-FAKTOR YANG MEMPENGARUHI KESEHATAN YANG BERHUBUNGAN DENGAN PELAYANAN KESEHATAN');

-- --------------------------------------------------------

--
-- Table structure for table `icd_penyakit`
--

CREATE TABLE IF NOT EXISTS `icd_penyakit` (
  `id` int(11) NOT NULL AUTO_INCREMENT,
  `kode_penyakit` varchar(10) NOT NULL,
  `nama_penyakit` varchar(100) NOT NULL,
  `subkelompok` varchar(10) NOT NULL,
  `dtd_id` int(4) NOT NULL,
  PRIMARY KEY (`id`)
) ENGINE=InnoDB  DEFAULT CHARSET=latin1 AUTO_INCREMENT=12026 ;

--
-- Dumping data for table `icd_penyakit`
--

INSERT INTO `icd_penyakit` (`id`, `kode_penyakit`, `nama_penyakit`, `subkelompok`, `dtd_id`) VALUES
(1, 'A00', 'Cholera', 'A00', 0),
(2, 'A00.0', 'Cholera due to Vibrio cholerae 01, biovar cholerae', 'A00', 0),
(3, 'A00.1', 'Cholera due to Vibrio cholerae 01, biovar eltorttt', 'A00', 0),
(4, 'A00.9', 'Cholera, unspecified', 'A00', 0),
(5, 'A01', 'Typhoid and paratyphoid fevers', 'A00', 0),
(6, 'A01.0', 'Typhoid fever', 'A00', 0),
(7, 'A01.1', 'Paratyphoid fever A', 'A00', 0),
(8, 'A01.2', 'Paratyphoid fever B', 'A00', 0),
(9, 'A01.3', 'Paratyphoid fever C', 'A00', 0),
(10, 'A01.4', 'Paratyphoid fever, unspecified', 'A00', 0),
(11, 'A02', 'Other salmonella infections', 'A00', 0),
(12, 'A02.0', 'Salmonella enteritis', 'A00', 0),
(13, 'A02.1', 'Salmonella septicaemia', 'A00', 0),
(14, 'A02.2+', 'Localized salmonella infections', 'A00', 0),
(15, 'A02.8', 'Other specified salmonella infections', 'A00', 0),
(16, 'A02.9', 'Salmonella infection, unspecified', 'A00', 0),
(17, 'A03', 'Shigellosis', 'A00', 0),
(18, 'A03.0', 'Shigellosis due to Shigella dysenteriae', 'A00', 0),
(19, 'A03.1', 'Shigellosis due to Shigella flexneri', 'A00', 0),
(20, 'A03.2', 'Shigellosis due to Shigella boydii', 'A00', 0),
(21, 'A03.3', 'Shigellosis due to Shigella sonnei', 'A00', 0),
(22, 'A03.8', 'Other shigellosis', 'A00', 0),
(23, 'A03.9', 'Shigellosis, unspecified', 'A00', 0),
(24, 'A04', 'Other bacterial intestinal infections', 'A00', 0),
(25, 'A04.0', 'Enteropathogenic Escherichia coli infection', 'A00', 0),
(26, 'A04.1', 'Enterotoxigenic Escherichia coli infection', 'A00', 0),
(27, 'A04.2', 'Enteroinvasive Escherichia coli infection', 'A00', 0),
(28, 'A04.3', 'Enterohaemorrhagic Escherichia coli infection', 'A00', 0),
(29, 'A04.4', 'Other intestinal Escherichia coli infections', 'A00', 0),
(30, 'A04.5', 'Campylobacter enteritis', 'A00', 0),
(31, 'A04.6', 'Enteritis due to Yersinia enterocolitica', 'A00', 0),
(32, 'A04.7', 'Enterocolitis due to Clostridium difficile', 'A00', 0),
(33, 'A04.8', 'Other specified bacterial intestinal infections', 'A00', 0),
(34, 'A04.9', 'Bacterial intestinal infection, unspecified', 'A00', 0),
(35, 'A05', 'Other bacterial foodborne intoxications', 'A00', 0),
(36, 'A05.0', 'Foodborne staphylococcal intoxication', 'A00', 0),
(37, 'A05.1', 'Botulism', 'A00', 0),
(38, 'A05.2', 'Foodborne Clostridium perfringens [Clostridium welchii] intoxication', 'A00', 0),
(39, 'A05.3', 'Foodborne Vibrio parahaemolyticus intoxication', 'A00', 0),
(40, 'A05.4', 'Foodborne Bacillus cereus intoxication', 'A00', 0),
(41, 'A05.8', 'Other specified bacterial foodborne intoxications', 'A00', 0),
(42, 'A05.9', 'Bacterial foodborne intoxication, unspecified', 'A00', 0),
(43, 'A06', 'Amoebiasis', 'A00', 0),
(44, 'A06.0', 'Acute amoebic dysentery', 'A00', 0),
(45, 'A06.1', 'Chronic intestinal amoebiasis', 'A00', 0),
(46, 'A06.2', 'Amoebic nondysenteric colitis', 'A00', 0),
(47, 'A06.3', 'Amoeboma of intestine', 'A00', 0),
(48, 'A06.4', 'Amoebic liver abscess', 'A00', 0),
(49, 'A06.5+', 'Amoebic lung abscess (J99.8*)', 'A00', 0),
(50, 'A06.6+', 'Amoebic brain abscess (G07*)', 'A00', 0),
(51, 'A06.7', 'Cutaneous amoebiasis', 'A00', 0),
(52, 'A06.8', 'Amoebic infection of other sites', 'A00', 0),
(53, 'A06.9', 'Amoebiasis, unspecified', 'A00', 0),
(54, 'A07', 'Other protozoal intestinal diseases', 'A00', 0),
(55, 'A07.0', 'Balantidiasis', 'A00', 0),
(56, 'A07.1', 'Giardiasis [lambliasis]', 'A00', 0),
(57, 'A07.2', 'Cryptosporidiosis', 'A00', 0),
(58, 'A07.3', 'Isosporiasis', 'A00', 0),
(59, 'A07.8', 'Other specified protozoal intestinal diseases', 'A00', 0),
(60, 'A07.9', 'Protozoal intestinal disease, unspecified', 'A00', 0),
(61, 'A08', 'Viral and other specified intestinal infections', 'A00', 0),
(62, 'A08.0', 'Rotaviral enteritis', 'A00', 0),
(63, 'A08.1', 'Acute gastroenteropathy due to Norwalk agent', 'A00', 0),
(64, 'A08.2', 'Adenoviral enteritis', 'A00', 0),
(65, 'A08.3', 'Other viral enteritis', 'A00', 0),
(66, 'A08.4', 'Viral intestinal infection, unspecified', 'A00', 0),
(67, 'A08.5', 'Other specified intestinal infections', 'A00', 0),
(68, 'A09', 'Diarrhoea and gastroenteritis of presumed infectious origin', 'A00', 0),
(69, 'A15', 'Respiratory tuberculosis, bacteriologically and histologicallyconfirmed', 'A01', 0),
(70, 'A15.0', 'Tuberculosis of lung, confirmed by sputum microscopy with or withoutculture', 'A01', 0),
(71, 'A15.1', 'Tuberculosis of lung, confirmed by culture only', 'A01', 0),
(72, 'A15.2', 'Tuberculosis of lung, confirmed histologically', 'A01', 0),
(73, 'A15.3', 'Tuberculosis of lung, confirmed by unspecified means', 'A01', 0),
(74, 'A15.4', 'Tuberculosis of intrathoracic lymph nodes, confirmedbacteriologically and histologically', 'A01', 0),
(75, 'A15.5', 'Tuberculosis of larynx, trachea and bronchus, confirmedbacteriologically and histologically', 'A01', 0),
(76, 'A15.6', 'Tuberculous pleurisy, confirmed bacteriologically andhistologically', 'A01', 0),
(77, 'A15.7', 'Primary respiratory tuberculosis, confirmedbacteriologically and histologically', 'A01', 0),
(78, 'A15.8', 'Other respiratory tuberculosis, confirmedbacteriologically and histologically', 'A01', 0),
(79, 'A15.9', 'Respiratory tuberculosis unspecified, confirmed bacteriologicallyand histologically', 'A01', 0),
(80, 'A16', 'Respiratory tuberculosis, not confirmed bacteriologicallyor histologically', 'A01', 0),
(81, 'A16.0', 'Tuberculosis of lung, bacteriologically and histologically negative', 'A01', 0),
(82, 'A16.1', 'Tuberculosis of lung, bacteriological and histological examinationnot done', 'A01', 0),
(83, 'A16.2', 'Tuberculosis of lung, without mention of bacteriologicalor histological confirmation', 'A01', 0),
(84, 'A16.3', 'Tuberculosis of intrathoracic lymph nodes, without mentionof bacteriological or histological confirm', 'A01', 0),
(85, 'A16.4', 'Tuberculosis of larynx, trachea and bronchus, withoutmention of bacteriological or histological conf', 'A01', 0),
(86, 'A16.5', 'Tuberculous pleurisy, without mention of bacteriologicalor histological confirmation', 'A01', 0),
(87, 'A16.7', 'Primary respiratory tuberculosis without mention of bacteriologicalor histological confirmation', 'A01', 0),
(88, 'A16.8', 'Other respiratory tuberculosis, without mention ofbacteriological or histological confirmation', 'A01', 0),
(89, 'A16.9', 'Respiratory tuberculosis unspecified, without mention ofbacteriological or histological confirmation', 'A01', 0),
(90, 'A17+', 'Tuberculosis of nervous system', 'A01', 0),
(91, 'A17.0+', 'Tuberculous meningitis (G01*)', 'A01', 0),
(92, 'A17.1+', 'Meningeal tuberculoma (G07*)', 'A01', 0),
(93, 'A17.8+', 'Other tuberculosis of nervous system', 'A01', 0),
(94, 'A17.9+', 'Tuberculosis of nervous system, unspecified (G99.8*)', 'A01', 0),
(95, 'A18', 'Tuberculosis of other organs', 'A01', 0),
(96, 'A18.0+', 'Tuberculosis of bones and joints', 'A01', 0),
(97, 'A18.1+', 'Tuberculosis of genitourinary system', 'A01', 0),
(98, 'A18.2', 'Tuberculous peripheral lymphadenopathy', 'A01', 0),
(99, 'A18.3', 'Tuberculosis of intestines, peritoneum and mesenteric glands', 'A01', 0),
(100, 'A18.4', 'Tuberculosis of skin and subcutaneous tissue', 'A01', 0),
(101, 'A18.5+', 'Tuberculosis of eye', 'A01', 0),
(102, 'A18.6+', 'Tuberculosis of ear', 'A01', 0),
(103, 'A18.7+', 'Tuberculosis of adrenal glands (E35.1*)', 'A01', 0),
(104, 'A18.8+', 'Tuberculosis of other specified organs', 'A01', 0),
(105, 'A19', 'Miliary tuberculosis', 'A01', 0),
(106, 'A19.0', 'Acute miliary tuberculosis of a single specified site', 'A01', 0),
(107, 'A19.1', 'Acute miliary tuberculosis of multiple sites', 'A01', 0),
(108, 'A19.2', 'Acute miliary tuberculosis, unspecified', 'A01', 0),
(109, 'A19.8', 'Other miliary tuberculosis', 'A01', 0),
(110, 'A19.9', 'Miliary tuberculosis, unspecified', 'A01', 0),
(111, 'A20', 'Plague', 'A01', 0),
(112, 'A20.0', 'Bubonic plague', 'A01', 0),
(113, 'A20.1', 'Cellulocutaneous plague', 'A01', 0),
(114, 'A20.2', 'Pneumonic plague', 'A01', 0),
(115, 'A20.3', 'Plague meningitis', 'A01', 0),
(116, 'A20.7', 'Septicaemic plague', 'A01', 0),
(117, 'A20.8', 'Other forms of plague', 'A01', 0),
(118, 'A20.9', 'Plague, unspecified', 'A01', 0),
(119, 'A21', 'Tularaemia', 'A01', 0),
(120, 'A21.0', 'Ulceroglandular tularaemia', 'A01', 0),
(121, 'A21.1', 'Oculoglandular tularaemia', 'A01', 0),
(122, 'A21.2', 'Pulmonary tularaemia', 'A01', 0),
(123, 'A21.3', 'Gastrointestinal tularaemia', 'A01', 0),
(124, 'A21.7', 'Generalized tularaemia', 'A01', 0),
(125, 'A21.8', 'Other forms of tularaemia', 'A01', 0),
(126, 'A21.9', 'Tularaemia, unspecified', 'A01', 0),
(127, 'A22', 'Anthrax', 'A01', 0),
(128, 'A22.0', 'Cutaneous anthrax', 'A01', 0),
(129, 'A22.1', 'Pulmonary anthrax', 'A01', 0),
(130, 'A22.2', 'Gastrointestinal anthrax', 'A01', 0),
(131, 'A22.7', 'Anthrax septicaemia', 'A01', 0),
(132, 'A22.8', 'Other forms of anthrax', 'A01', 0),
(133, 'A22.9', 'Anthrax, unspecified', 'A01', 0),
(134, 'A23', 'Brucellosis', 'A01', 0),
(135, 'A23.0', 'Brucellosis due to Brucella melitensis', 'A01', 0),
(136, 'A23.1', 'Brucellosis due to Brucella abortus', 'A01', 0),
(137, 'A23.2', 'Brucellosis due to Brucella suis', 'A01', 0),
(138, 'A23.3', 'Brucellosis due to Brucella canis', 'A01', 0),
(139, 'A23.8', 'Other brucellosis', 'A01', 0),
(140, 'A23.9', 'Brucellosis, unspecified', 'A01', 0),
(141, 'A24', 'Glanders and melioidosis', 'A01', 0),
(142, 'A24.0', 'Glanders', 'A01', 0),
(143, 'A24.1', 'Acute and fulminating melioidosis', 'A01', 0),
(144, 'A24.2', 'Subacute and chronic melioidosis', 'A01', 0),
(145, 'A24.3', 'Other melioidosis', 'A01', 0),
(146, 'A24.4', 'Melioidosis, unspecified', 'A01', 0),
(147, 'A25', 'Rat-bite fevers', 'A01', 0),
(148, 'A25.0', 'Spirillosis', 'A01', 0),
(149, 'A25.1', 'Streptobacillosis', 'A01', 0),
(150, 'A25.9', 'Rat-bite fever, unspecified', 'A01', 0),
(151, 'A26', 'Erysipeloid', 'A01', 0),
(152, 'A26.0', 'Cutaneous erysipeloid', 'A01', 0),
(153, 'A26.7', 'Erysipelothrix septicaemia', 'A01', 0),
(154, 'A26.8', 'Other forms of erysipeloid', 'A01', 0),
(155, 'A26.9', 'Erysipeloid, unspecified', 'A01', 0),
(156, 'A27', 'Leptospirosis', 'A01', 0),
(157, 'A27.0', 'Leptospirosis icterohaemorrhagica', 'A01', 0),
(158, 'A27.8', 'Other forms of leptospirosis', 'A01', 0),
(159, 'A27.9', 'Leptospirosis, unspecified', 'A01', 0),
(160, 'A28', 'Other zoonotic bacterial diseases, not elsewhere classified', 'A01', 0),
(161, 'A28.0', 'Pasteurellosis', 'A01', 0),
(162, 'A28.1', 'Cat-scratch disease', 'A01', 0),
(163, 'A28.2', 'Extraintestinal yersiniosis', 'A01', 0),
(164, 'A28.8', 'Other specified zoonotic bacterial diseases, not elsewhereclassified', 'A01', 0),
(165, 'A28.9', 'Zoonotic bacterial disease, unspecified', 'A01', 0),
(166, 'A30', 'Leprosy [Hansen''s disease]', 'A02', 0),
(167, 'A30.0', 'Indeterminate leprosy', 'A02', 0),
(168, 'A30.1', 'Tuberculoid leprosy', 'A02', 0),
(169, 'A30.2', 'Borderline tuberculoid leprosy', 'A02', 0),
(170, 'A30.3', 'Borderline leprosy', 'A02', 0),
(171, 'A30.4', 'Borderline lepromatous leprosy', 'A02', 0),
(172, 'A30.5', 'Lepromatous leprosy', 'A02', 0),
(173, 'A30.8', 'Other forms of leprosy', 'A02', 0),
(174, 'A30.9', 'Leprosy, unspecified', 'A02', 0),
(175, 'A31', 'Infection due to other mycobacteria', 'A02', 0),
(176, 'A31.0', 'Pulmonary mycobacterial infection', 'A02', 0),
(177, 'A31.1', 'Cutaneous mycobacterial infection', 'A02', 0),
(178, 'A31.8', 'Other mycobacterial infections', 'A02', 0),
(179, 'A31.9', 'Mycobacterial infection, unspecified', 'A02', 0),
(180, 'A32', 'Listeriosis', 'A02', 0),
(181, 'A32.0', 'Cutaneous listeriosis', 'A02', 0),
(182, 'A32.1+', 'Listerial meningitis and meningoencephalitis', 'A02', 0),
(183, 'A32.7', 'Listerial septicaemia', 'A02', 0),
(184, 'A32.8', 'Other forms of listeriosis', 'A02', 0),
(185, 'A32.9', 'Listeriosis, unspecified', 'A02', 0),
(186, 'A33', 'Tetanus neonatorum', 'A02', 0),
(187, 'A34', 'Obstetrical tetanus', 'A02', 0),
(188, 'A35', 'Other tetanus', 'A02', 0),
(189, 'A36', 'Diphtheria', 'A02', 0),
(190, 'A36.0', 'Pharyngeal diphtheria', 'A02', 0),
(191, 'A36.1', 'Nasopharyngeal diphtheria', 'A02', 0),
(192, 'A36.2', 'Laryngeal diphtheria', 'A02', 0),
(193, 'A36.3', 'Cutaneous diphtheria', 'A02', 0),
(194, 'A36.8', 'Other diphtheria', 'A02', 0),
(195, 'A36.9', 'Diphtheria, unspecified', 'A02', 0),
(196, 'A37', 'Whooping cough', 'A02', 0),
(197, 'A37.0', 'Whooping cough due to Bordetella pertussis', 'A02', 0),
(198, 'A37.1', 'Whooping cough due to Bordetella parapertussis', 'A02', 0),
(199, 'A37.8', 'Whooping cough due to other Bordetella species', 'A02', 0),
(200, 'A37.9', 'Whooping cough, unspecified', 'A02', 0),
(201, 'A38', 'Scarlet fever', 'A02', 0),
(202, 'A39', 'Meningococcal infection', 'A02', 0),
(203, 'A39.0+', 'Meningococcal meningitis (G01*)', 'A02', 0),
(204, 'A39.1+', 'Waterhouse-Friderichsen syndrome (E35.1*)', 'A02', 0),
(205, 'A39.2', 'Acute meningococcaemia', 'A02', 0),
(206, 'A39.3', 'Chronic meningococcaemia', 'A02', 0),
(207, 'A39.4', 'Meningococcaemia, unspecified', 'A02', 0),
(208, 'A39.5+', 'Meningococcal heart disease', 'A02', 0),
(209, 'A39.8', 'Other meningococcal infections', 'A02', 0),
(210, 'A39.9', 'Meningococcal infection, unspecified', 'A02', 0),
(211, 'A40', 'Streptococcal septicaemia', 'A02', 0),
(212, 'A40.0', 'Septicaemia due to streptococcus, group A', 'A02', 0),
(213, 'A40.1', 'Septicaemia due to streptococcus, group B', 'A02', 0),
(214, 'A40.2', 'Septicaemia due to streptococcus, group D', 'A02', 0),
(215, 'A40.3', 'Septicaemia due to Streptococcus pneumoniae', 'A02', 0),
(216, 'A40.8', 'Other streptococcal septicaemia', 'A02', 0),
(217, 'A40.9', 'Streptococcal septicaemia, unspecified', 'A02', 0),
(218, 'A41', 'Other septicaemia', 'A02', 0),
(219, 'A41.0', 'Septicaemia due to Staphylococcus aureus', 'A02', 0),
(220, 'A41.1', 'Septicaemia due to other specified staphylococcus', 'A02', 0),
(221, 'A41.2', 'Septicaemia due to unspecified staphylococcus', 'A02', 0),
(222, 'A41.3', 'Septicaemia due to Haemophilus influenzae', 'A02', 0),
(223, 'A41.4', 'Septicaemia due to anaerobes', 'A02', 0),
(224, 'A41.5', 'Septicaemia due to other Gram-negative organisms', 'A02', 0),
(225, 'A41.8', 'Other specified septicaemia', 'A02', 0),
(226, 'A41.9', 'Septicaemia, unspecified', 'A02', 0),
(227, 'A42', 'Actinomycosis', 'A02', 0),
(228, 'A42.0', 'Pulmonary actinomycosis', 'A02', 0),
(229, 'A42.1', 'Abdominal actinomycosis', 'A02', 0),
(230, 'A42.2', 'Cervicofacial actinomycosis', 'A02', 0),
(231, 'A42.7', 'Actinomycotic septicaemia', 'A02', 0),
(232, 'A42.8', 'Other forms of actinomycosis', 'A02', 0),
(233, 'A42.9', 'Actinomycosis, unspecified', 'A02', 0),
(234, 'A43', 'Nocardiosis', 'A02', 0),
(235, 'A43.0', 'Pulmonary nocardiosis', 'A02', 0),
(236, 'A43.1', 'Cutaneous nocardiosis', 'A02', 0),
(237, 'A43.8', 'Other forms of nocardiosis', 'A02', 0),
(238, 'A43.9', 'Nocardiosis, unspecified', 'A02', 0),
(239, 'A44', 'Bartonellosis', 'A02', 0),
(240, 'A44.0', 'Systemic bartonellosis', 'A02', 0),
(241, 'A44.1', 'Cutaneous and mucocutaneous bartonellosis', 'A02', 0),
(242, 'A44.8', 'Other forms of bartonellosis', 'A02', 0),
(243, 'A44.9', 'Bartonellosis, unspecified', 'A02', 0),
(244, 'A46', 'Erysipelas', 'A02', 0),
(245, 'A48', 'Other bacterial diseases, not elsewhere classified', 'A02', 0),
(246, 'A48.0', 'Gas gangrene', 'A02', 0),
(247, 'A48.1', 'Legionnaires'' disease', 'A02', 0),
(248, 'A48.2', 'Nonpneumonic Legionnaires'' disease [Pontiac fever]', 'A02', 0),
(249, 'A48.3', 'Toxic shock syndrome', 'A02', 0),
(250, 'A48.4', 'Brazilian purpuric fever', 'A02', 0),
(251, 'A48.8', 'Other specified bacterial diseases', 'A02', 0),
(252, 'A49', 'Bacterial infection of unspecified site', 'A02', 0),
(253, 'A49.0', 'Staphylococcal infection, unspecified', 'A02', 0),
(254, 'A49.1', 'Streptococcal infection, unspecified', 'A02', 0),
(255, 'A49.2', 'Haemophilus influenzae infection, unspecified', 'A02', 0),
(256, 'A49.3', 'Mycoplasma infection, unspecified', 'A02', 0),
(257, 'A49.8', 'Other bacterial infections of unspecified site', 'A02', 0),
(258, 'A49.9', 'Bacterial infection, unspecified', 'A02', 0),
(259, 'A50', 'Congenital syphilis', 'A02', 0),
(260, 'A50.0', 'Early congenital syphilis, symptomatic', 'A02', 0),
(261, 'A50.1', 'Early congenital syphilis, latent', 'A02', 0),
(262, 'A50.2', 'Early congenital syphilis, unspecified', 'A02', 0),
(263, 'A50.3', 'Late congenital syphilitic oculopathy', 'A02', 0),
(264, 'A50.4', 'Late congenital neurosyphilis [juvenile neurosyphilis]', 'A02', 0),
(265, 'A50.5', 'Other late congenital syphilis, symptomatic', 'A02', 0),
(266, 'A50.6', 'Late congenital syphilis, latent', 'A02', 0),
(267, 'A50.7', 'Late congenital syphilis, unspecified', 'A02', 0),
(268, 'A50.9', 'Congenital syphilis, unspecified', 'A02', 0),
(269, 'A51', 'Early syphilis', 'A02', 0),
(270, 'A51.0', 'Primary genital syphilis', 'A02', 0),
(271, 'A51.1', 'Primary anal syphilis', 'A02', 0),
(272, 'A51.2', 'Primary syphilis of other sites', 'A02', 0),
(273, 'A51.3', 'Secondary syphilis of skin and mucous membranes', 'A02', 0),
(274, 'A51.4', 'Other secondary syphilis', 'A02', 0),
(275, 'A51.5', 'Early syphilis, latent', 'A02', 0),
(276, 'A51.9', 'Early syphilis, unspecified', 'A02', 0),
(277, 'A52', 'Late syphilis', 'A02', 0),
(278, 'A52.0+', 'Cardiovascular syphilis', 'A02', 0),
(279, 'A52.1', 'Symptomatic neurosyphilis', 'A02', 0),
(280, 'A52.2', 'Asymptomatic neurosyphilis', 'A02', 0),
(281, 'A52.3', 'Neurosyphilis, unspecified', 'A02', 0),
(282, 'A52.7', 'Other symptomatic late syphilis', 'A02', 0),
(283, 'A52.8', 'Late syphilis, latent', 'A02', 0),
(284, 'A52.9', 'Late syphilis, unspecified', 'A02', 0),
(285, 'A53', 'Other and unspecified syphilis', 'A02', 0),
(286, 'A53.0', 'Latent syphilis, unspecified as early or late', 'A02', 0),
(287, 'A53.9', 'Syphilis, unspecified', 'A02', 0),
(288, 'A54', 'Gonococcal infection', 'A02', 0),
(289, 'A54.0', 'Gonococcal infection of lower genitourinary tract withoutperiurethral or accessory gland abscess', 'A02', 0),
(290, 'A54.1', 'Gonococcal infection of lower genitourinary tract with periurethraland accessory gland abscess', 'A02', 0),
(291, 'A54.2+', 'Gonococcal pelviperitonitis and other gonococcal genitourinaryinfections', 'A02', 0),
(292, 'A54.3', 'Gonococcal infection of eye', 'A02', 0),
(293, 'A54.4+', 'Gonococcal infection of musculoskeletal system', 'A02', 0),
(294, 'A54.5', 'Gonococcal pharyngitis', 'A02', 0),
(295, 'A54.6', 'Gonococcal infection of anus and rectum', 'A02', 0),
(296, 'A54.8', 'Other gonococcal infections', 'A02', 0),
(297, 'A54.9', 'Gonococcal infection, unspecified', 'A02', 0),
(298, 'A55', 'Chlamydial lymphogranuloma (venereum)', 'A02', 0),
(299, 'A56', 'Other sexually transmitted chlamydial diseases', 'A02', 0),
(300, 'A56.0', 'Chlamydial infection of lower genitourinary tract', 'A02', 0),
(301, 'A56.1+', 'Chlamydial infection of pelviperitoneum and other genitourinaryorgans', 'A02', 0),
(302, 'A56.2', 'Chlamydial infection of genitourinary tract, unspecified', 'A02', 0),
(303, 'A56.3', 'Chlamydial infection of anus and rectum', 'A02', 0),
(304, 'A56.4', 'Chlamydial infection of pharynx', 'A02', 0),
(305, 'A56.8', 'Sexually transmitted chlamydial infection of other sites', 'A02', 0),
(306, 'A57', 'Chancroid', 'A02', 0),
(307, 'A58', 'Granuloma inguinale', 'A02', 0),
(308, 'A59', 'Trichomoniasis', 'A02', 0),
(309, 'A59.0', 'Urogenital trichomoniasis', 'A02', 0),
(310, 'A59.8', 'Trichomoniasis of other sites', 'A02', 0),
(311, 'A59.9', 'Trichomoniasis, unspecified', 'A02', 0),
(312, 'A60', 'Anogenital herpesviral [herpes simplex] infection', 'A02', 0),
(313, 'A60.0', 'Herpesviral infection of genitalia and urogenital tract', 'A02', 0),
(314, 'A60.1', 'Herpesviral infection of perianal skin and rectum', 'A02', 0),
(315, 'A60.9', 'Anogenital herpesviral infection, unspecified', 'A02', 0),
(316, 'A63', 'Other predominantly sexually transmitted diseases, not elsewhereclassified', 'A02', 0),
(317, 'A63.0', 'Anogenital (venereal) warts', 'A02', 0),
(318, 'A63.8', 'Other specified predominantly sexually transmitted diseases', 'A02', 0),
(319, 'A64', 'Unspecified sexually transmitted disease', 'A02', 0),
(320, 'A65', 'Nonvenereal syphilis', 'A02', 0),
(321, 'A66', 'Yaws', 'A02', 0),
(322, 'A66.0', 'Initial lesions of yaws', 'A02', 0),
(323, 'A66.1', 'Multiple papillomata and wet crab yaws', 'A02', 0),
(324, 'A66.2', 'Other early skin lesions of yaws', 'A02', 0),
(325, 'A66.3', 'Hyperkeratosis of yaws', 'A02', 0),
(326, 'A66.4', 'Gummata and ulcers of yaws', 'A02', 0),
(327, 'A66.5', 'Gangosa', 'A02', 0),
(328, 'A66.6', 'Bone and joint lesions of yaws', 'A02', 0),
(329, 'A66.7', 'Other manifestations of yaws', 'A02', 0),
(330, 'A66.8', 'Latent yaws', 'A02', 0),
(331, 'A66.9', 'Yaws, unspecified', 'A02', 0),
(332, 'A67', 'Pinta [carate]', 'A02', 0),
(333, 'A67.0', 'Primary lesions of pinta', 'A02', 0),
(334, 'A67.1', 'Intermediate lesions of pinta', 'A02', 0),
(335, 'A67.2', 'Late lesions of pinta', 'A02', 0),
(336, 'A67.3', 'Mixed lesions of pinta', 'A02', 0),
(337, 'A67.9', 'Pinta, unspecified', 'A02', 0),
(338, 'A68', 'Relapsing fevers', 'A02', 0),
(339, 'A68.0', 'Louse-borne relapsing fever', 'A02', 0),
(340, 'A68.1', 'Tick-borne relapsing fever', 'A02', 0),
(341, 'A68.9', 'Relapsing fever, unspecified', 'A02', 0),
(342, 'A69', 'Other spirochaetal infections', 'A02', 0),
(343, 'A69.0', 'Necrotizing ulcerative stomatitis', 'A02', 0),
(344, 'A69.1', 'Other Vincent''s infections', 'A02', 0),
(345, 'A69.2', 'Lyme disease', 'A02', 0),
(346, 'A69.8', 'Other specified spirochaetal infections', 'A02', 0),
(347, 'A69.9', 'Spirochaetal infection, unspecified', 'A02', 0),
(348, 'A70', 'Chlamydia psittaci infection', 'A03', 0),
(349, 'A71', 'Trachoma', 'A03', 0),
(350, 'A71.0', 'Initial stage of trachoma', 'A03', 0),
(351, 'A71.1', 'Active stage of trachoma', 'A03', 0),
(352, 'A71.9', 'Trachoma, unspecified', 'A03', 0),
(353, 'A74', 'Other diseases caused by chlamydiae', 'A03', 0),
(354, 'A74.0+', 'Chlamydial conjunctivitis (H13.1*)', 'A03', 0),
(355, 'A74.8', 'Other chlamydial diseases', 'A03', 0),
(356, 'A74.9', 'Chlamydial infection, unspecified', 'A03', 0),
(357, 'A75', 'Typhus fever', 'A04', 0),
(358, 'A75.0', 'Epidemic louse-borne typhus fever due to Rickettsia prowazekii', 'A04', 0),
(359, 'A75.1', 'Recrudescent typhus [Brill''s disease]', 'A04', 0),
(360, 'A75.2', 'Typhus fever due to Rickettsia typhi', 'A04', 0),
(361, 'A75.3', 'Typhus fever due to Rickettsia tsutsugamushi', 'A04', 0),
(362, 'A75.9', 'Typhus fever, unspecified', 'A04', 0),
(363, 'A77', 'Spotted fever [tick-borne rickettsioses]', 'A04', 0),
(364, 'A77.0', 'Spotted fever due to Rickettsia rickettsii', 'A04', 0),
(365, 'A77.1', 'Spotted fever due to Rickettsia conorii', 'A04', 0),
(366, 'A77.2', 'Spotted fever due to Rickettsia sibirica', 'A04', 0),
(367, 'A77.3', 'Spotted fever due to Rickettsia australis', 'A04', 0),
(368, 'A77.8', 'Other spotted fevers', 'A04', 0),
(369, 'A77.9', 'Spotted fever, unspecified', 'A04', 0),
(370, 'A78', 'Q fever', 'A04', 0),
(371, 'A79', 'Other rickettsioses', 'A04', 0),
(372, 'A79.0', 'Trench fever', 'A04', 0),
(373, 'A79.1', 'Rickettsialpox due to Rickettsia akari', 'A04', 0),
(374, 'A79.8', 'Other specified rickettsioses', 'A04', 0),
(375, 'A79.9', 'Rickettsiosis, unspecified', 'A04', 0),
(376, 'A80', 'Acute poliomyelitis', 'A05', 0),
(377, 'A80.0', 'Acute paralytic poliomyelitis, vaccine-associated', 'A05', 0),
(378, 'A80.1', 'Acute paralytic poliomyelitis, wild virus, imported', 'A05', 0),
(379, 'A80.2', 'Acute paralytic poliomyelitis, wild virus, indigenous', 'A05', 0),
(380, 'A80.3', 'Acute paralytic poliomyelitis, other and unspecified', 'A05', 0),
(381, 'A80.4', 'Acute nonparalytic poliomyelitis', 'A05', 0),
(382, 'A80.9', 'Acute poliomyelitis, unspecified', 'A05', 0),
(383, 'A81', 'Slow virus infections of central nervous system', 'A05', 0),
(384, 'A81.0', 'Creutzfeldt-Jakob disease', 'A05', 0),
(385, 'A81.1', 'Subacute sclerosing panencephalitis', 'A05', 0),
(386, 'A81.2', 'Progressive multifocal leukoencephalopathy', 'A05', 0),
(387, 'A81.8', 'Other slow virus infections of central nervous system', 'A05', 0),
(388, 'A81.9', 'Slow virus infection of central nervous system, unspecified', 'A05', 0),
(389, 'A82', 'Rabies', 'A05', 0),
(390, 'A82.0', 'Sylvatic rabies', 'A05', 0),
(391, 'A82.1', 'Urban rabies', 'A05', 0),
(392, 'A82.9', 'Rabies, unspecified', 'A05', 0),
(393, 'A83', 'Mosquito-borne viral encephalitis', 'A05', 0),
(394, 'A83.0', 'Japanese encephalitis', 'A05', 0),
(395, 'A83.1', 'Western equine encephalitis', 'A05', 0),
(396, 'A83.2', 'Eastern equine encephalitis', 'A05', 0),
(397, 'A83.3', 'St Louis encephalitis', 'A05', 0),
(398, 'A83.4', 'Australian encephalitis', 'A05', 0),
(399, 'A83.5', 'California encephalitis', 'A05', 0),
(400, 'A83.6', 'Rocio virus disease', 'A05', 0),
(401, 'A83.8', 'Other mosquito-borne viral encephalitis', 'A05', 0),
(402, 'A83.9', 'Mosquito-borne viral encephalitis, unspecified', 'A05', 0),
(403, 'A84', 'Tick-borne viral encephalitis', 'A05', 0),
(404, 'A84.0', 'Far Eastern tick-borne encephalitis [Russian spring-summerencephalitis]', 'A05', 0),
(405, 'A84.1', 'Central European tick-borne encephalitis', 'A05', 0),
(406, 'A84.8', 'Other tick-borne viral encephalitis', 'A05', 0),
(407, 'A84.9', 'Tick-borne viral encephalitis, unspecified', 'A05', 0),
(408, 'A85', 'Other viral encephalitis, not elsewhere classified', 'A05', 0),
(409, 'A85.0+', 'Enteroviral encephalitis (G05.1*)', 'A05', 0),
(410, 'A85.1+', 'Adenoviral encephalitis (G05.1*)', 'A05', 0),
(411, 'A85.2', 'Arthropod-borne viral encephalitis, unspecified', 'A05', 0),
(412, 'A85.8', 'Other specified viral encephalitis', 'A05', 0),
(413, 'A86', 'Unspecified viral encephalitis', 'A05', 0),
(414, 'A87', 'Viral meningitis', 'A05', 0),
(415, 'A87.0+', 'Enteroviral meningitis (G02.0*)', 'A05', 0),
(416, 'A87.1+', 'Adenoviral meningitis (G02.0*)', 'A05', 0),
(417, 'A87.2', 'Lymphocytic choriomeningitis', 'A05', 0),
(418, 'A87.8', 'Other viral meningitis', 'A05', 0),
(419, 'A87.9', 'Viral meningitis, unspecified', 'A05', 0),
(420, 'A88', 'Other viral infections of central nervous system, not elsewhereclassified', 'A05', 0),
(421, 'A88.0', 'Enteroviral exanthematous fever [Boston exanthem]', 'A05', 0),
(422, 'A88.1', 'Epidemic vertigo', 'A05', 0),
(423, 'A88.8', 'Other specified viral infections of central nervous system', 'A05', 0),
(424, 'A89', 'Unspecified viral infection of central nervous system', 'A05', 0),
(425, 'A90', 'Dengue fever [classical dengue]', 'A06', 0),
(426, 'A91', 'Dengue haemorrhagic fever', 'A06', 0),
(427, 'A92', 'Other mosquito-borne viral fevers', 'A06', 0),
(428, 'A92.0', 'Chikungunya virus disease', 'A06', 0),
(429, 'A92.1', 'O''nyong-nyong fever', 'A06', 0),
(430, 'A92.2', 'Venezuelan equine fever', 'A06', 0),
(431, 'A92.3', 'West Nile fever', 'A06', 0),
(432, 'A92.4', 'Rift Valley fever', 'A06', 0),
(433, 'A92.8', 'Other specified mosquito-borne viral fevers', 'A06', 0),
(434, 'A92.9', 'Mosquito-borne viral fever, unspecified', 'A06', 0),
(435, 'A93', 'Other arthropod-borne viral fevers, not elsewhere classified', 'A06', 0),
(436, 'A93.0', 'Oropouche virus disease', 'A06', 0),
(437, 'A93.1', 'Sandfly fever', 'A06', 0),
(438, 'A93.2', 'Colorado tick fever', 'A06', 0),
(439, 'A93.8', 'Other specified arthropod-borne viral fevers', 'A06', 0),
(440, 'A94', 'Unspecified arthropod-borne viral fever', 'A06', 0),
(441, 'A95', 'Yellow fever', 'A06', 0),
(442, 'A95.0', 'Sylvatic yellow fever', 'A06', 0),
(443, 'A95.1', 'Urban yellow fever', 'A06', 0),
(444, 'A95.9', 'Yellow fever, unspecified', 'A06', 0),
(445, 'A96', 'Arenaviral haemorrhagic fever', 'A06', 0),
(446, 'A96.0', 'Junin haemorrhagic fever', 'A06', 0),
(447, 'A96.1', 'Machupo haemorrhagic fever', 'A06', 0),
(448, 'A96.2', 'Lassa fever', 'A06', 0),
(449, 'A96.8', 'Other arenaviral haemorrhagic fevers', 'A06', 0),
(450, 'A96.9', 'Arenaviral haemorrhagic fever, unspecified', 'A06', 0),
(451, 'A98', 'Other viral haemorrhagic fevers, not elsewhere classified', 'A06', 0),
(452, 'A98.0', 'Crimean-Congo haemorrhagic fever', 'A06', 0),
(453, 'A98.1', 'Omsk haemorrhagic fever', 'A06', 0),
(454, 'A98.2', 'Kyasanur Forest disease', 'A06', 0),
(455, 'A98.3', 'Marburg virus disease', 'A06', 0),
(456, 'A98.4', 'Ebola virus disease', 'A06', 0),
(457, 'A98.5', 'Haemorrhagic fever with renal syndrome', 'A06', 0),
(458, 'A98.8', 'Other specified viral haemorrhagic fevers', 'A06', 0),
(459, 'A99', 'Unspecified viral haemorrhagic fever', 'A06', 0),
(460, 'B00', 'Herpesviral [herpes simplex] infections', 'A07', 0),
(461, 'B00.0', 'Eczema herpeticum', 'A07', 0),
(462, 'B00.1', 'Herpesviral vesicular dermatitis', 'A07', 0),
(463, 'B00.2', 'Herpesviral gingivostomatitis and pharyngotonsillitis', 'A07', 0),
(464, 'B00.3+', 'Herpesviral meningitis (G02.0*)', 'A07', 0),
(465, 'B00.4+', 'Herpesviral encephalitis (G05.1*)', 'A07', 0),
(466, 'B00.5+', 'Herpesviral ocular disease', 'A07', 0),
(467, 'B00.7', 'Disseminated herpesviral disease', 'A07', 0),
(468, 'B00.8', 'Other forms of herpesviral infection', 'A07', 0),
(469, 'B00.9', 'Herpesviral infection, unspecified', 'A07', 0),
(470, 'B01', 'Varicella [chickenpox]', 'A07', 0),
(471, 'B01.0+', 'Varicella meningitis (G02.0*)', 'A07', 0),
(472, 'B01.1+', 'Varicella encephalitis (G05.1*)', 'A07', 0),
(473, 'B01.2+', 'Varicella pneumonia (J17.1*)', 'A07', 0),
(474, 'B01.8', 'Varicella with other complications', 'A07', 0),
(475, 'B01.9', 'Varicella without complication', 'A07', 0),
(476, 'B02', 'Zoster [herpes zoster]', 'A07', 0),
(477, 'B02.0+', 'Zoster encephalitis (G05.1*)', 'A07', 0),
(478, 'B02.1+', 'Zoster meningitis (G02.0*)', 'A07', 0),
(479, 'B02.2+', 'Zoster with other nervous system involvement', 'A07', 0),
(480, 'B02.3+', 'Zoster ocular disease', 'A07', 0),
(481, 'B02.7', 'Disseminated zoster', 'A07', 0),
(482, 'B02.8', 'Zoster with other complications', 'A07', 0),
(483, 'B02.9', 'Zoster without complication', 'A07', 0),
(484, 'B03', 'Smallpox', 'A07', 0),
(485, 'B04', 'Monkeypox', 'A07', 0),
(486, 'B05', 'Measles', 'A07', 0),
(487, 'B05.0+', 'Measles complicated by encephalitis (G05.1*)', 'A07', 0),
(488, 'B05.1+', 'Measles complicated by meningitis (G02.0*)', 'A07', 0),
(489, 'B05.2+', 'Measles complicated by pneumonia (J17.1*)', 'A07', 0),
(490, 'B05.3+', 'Measles complicated by otitis media (H67.1*)', 'A07', 0),
(491, 'B05.4', 'Measles with intestinal complications', 'A07', 0),
(492, 'B05.8', 'Measles with other complications', 'A07', 0),
(493, 'B05.9', 'Measles without complication', 'A07', 0),
(494, 'B06', 'Rubella [German measles]', 'A07', 0),
(495, 'B06.0+', 'Rubella with neurological complications', 'A07', 0),
(496, 'B06.8', 'Rubella with other complications', 'A07', 0),
(497, 'B06.9', 'Rubella without complication', 'A07', 0),
(498, 'B07', 'Viral warts', 'A07', 0),
(499, 'B08', 'Other viral infections characterized by skin and mucous membranelesions, not elsewhere classified', 'A07', 0),
(500, 'B08.0', 'Other orthopoxvirus infections', 'A07', 0),
(501, 'B08.1', 'Molluscum contagiosum', 'A07', 0),
(502, 'B08.2', 'Exanthema subitum [sixth disease]', 'A07', 0),
(503, 'B08.3', 'Erythema infectiosum [fifth disease]', 'A07', 0),
(504, 'B08.4', 'Enteroviral vesicular stomatitis with exanthem', 'A07', 0),
(505, 'B08.5', 'Enteroviral vesicular pharyngitis', 'A07', 0),
(506, 'B08.8', 'Other specified viral infections characterized by skin and mucousmembrane lesions', 'A07', 0),
(507, 'B09', 'Unspecified viral infection characterized by skin and mucousmembrane lesions', 'A07', 0),
(508, 'B15', 'Acute hepatitis A', 'A08', 0),
(509, 'B15.0', 'Hepatitis A with hepatic coma', 'A08', 0),
(510, 'B15.9', 'Hepatitis A without hepatic coma', 'A08', 0),
(511, 'B16', 'Acute hepatitis B', 'A08', 0),
(512, 'B16.0', 'Acute hepatitis B with delta-agent (coinfection) with hepatic coma', 'A08', 0),
(513, 'B16.1', 'Acute hepatitis B with delta-agent (coinfection) without hepaticcoma', 'A08', 0),
(514, 'B16.2', 'Acute hepatitis B without delta-agent with hepatic coma', 'A08', 0),
(515, 'B16.9', 'Acute hepatitis B without delta-agent and without hepatic coma', 'A08', 0),
(516, 'B17', 'Other acute viral hepatitis', 'A08', 0),
(517, 'B17.0', 'Acute delta-(super)infection of hepatitis B carrier', 'A08', 0),
(518, 'B17.1', 'Acute hepatitis C', 'A08', 0),
(519, 'B17.2', 'Acute hepatitis E', 'A08', 0),
(520, 'B17.8', 'Other specified acute viral hepatitis', 'A08', 0),
(521, 'B18', 'Chronic viral hepatitis', 'A08', 0),
(522, 'B18.0', 'Chronic viral hepatitis B with delta-agent', 'A08', 0),
(523, 'B18.1', 'Chronic viral hepatitis B without delta-agent', 'A08', 0),
(524, 'B18.2', 'Chronic viral hepatitis C', 'A08', 0),
(525, 'B18.8', 'Other chronic viral hepatitis', 'A08', 0),
(526, 'B18.9', 'Chronic viral hepatitis, unspecified', 'A08', 0),
(527, 'B19', 'Unspecified viral hepatitis', 'A08', 0),
(528, 'B19.0', 'Unspecified viral hepatitis hepatic with coma', 'A08', 0),
(529, 'B19.9', 'Unspecified viral hepatitis without hepatic coma', 'A08', 0),
(530, 'B20', 'Human immunodeficiency virus [HIV] disease resulting in infectiousand parasitic diseases', 'A09', 0),
(531, 'B20.0', 'HIV disease resulting in mycobacterial infection', 'A09', 0),
(532, 'B20.1', 'HIV disease resulting in other bacterial infections', 'A09', 0),
(533, 'B20.2', 'HIV disease resulting in cytomegaloviral disease', 'A09', 0),
(534, 'B20.3', 'HIV disease resulting in other viral infections', 'A09', 0),
(535, 'B20.4', 'HIV disease resulting in candidiasis', 'A09', 0),
(536, 'B20.5', 'HIV disease resulting in other mycoses', 'A09', 0),
(537, 'B20.7', 'HIV disease resulting in multiple infections', 'A09', 0),
(538, 'B20.8', 'HIV disease resulting in other infectious and parasitic diseases', 'A09', 0),
(539, 'B20.9', 'HIV disease resulting in unspecified infectious or parasitic disease', 'A09', 0),
(540, 'B21', 'Human immunodeficiency virus [HIV] disease resulting in malignantneoplasms', 'A09', 0),
(541, 'B21.0', 'HIV disease resulting in Kaposi''s sarcoma', 'A09', 0),
(542, 'B21.1', 'HIV disease resulting in Burkitt''s lymphoma', 'A09', 0),
(543, 'B21.2', 'HIV disease resulting in other types of non-Hodgkin''s lymphoma', 'A09', 0),
(544, 'B21.3', 'HIV disease resulting in other malignant neoplasms of lymphoid,haematopoietic and related tissue', 'A09', 0),
(545, 'B21.7', 'HIV disease resulting in multiple malignant neoplasms', 'A09', 0),
(546, 'B21.8', 'HIV disease resulting in other malignant neoplasms', 'A09', 0),
(547, 'B21.9', 'HIV disease resulting in unspecified malignant neoplasm', 'A09', 0),
(548, 'B22', 'Human immunodeficiency virus [HIV] disease resulting in otherspecified diseases', 'A09', 0),
(549, 'B22.0', 'HIV disease resulting in encephalopathy', 'A09', 0),
(550, 'B22.1', 'HIV disease resulting in lymphoid interstitial pneumonitis', 'A09', 0),
(551, 'B22.2', 'HIV disease resulting in wasting syndrome', 'A09', 0),
(552, 'B22.7', 'HIV disease resulting in multiple diseases classified elsewhere', 'A09', 0),
(553, 'B23', 'Human immunodeficiency virus [HIV] disease resulting in otherconditions', 'A09', 0),
(554, 'B23.0', 'Acute HIV infection syndrome', 'A09', 0),
(555, 'B23.1', 'HIV disease resulting in (persistent) generalized lymphadenopathy', 'A09', 0),
(556, 'B23.2', 'HIV disease resulting in haematological and immunologicalabnormalities, not elsewhere classified', 'A09', 0),
(557, 'B23.8', 'HIV disease resulting in other specified conditions', 'A09', 0),
(558, 'B24', 'Unspecified human immunodeficiency virus [HIV] disease', 'A09', 0),
(559, 'B25', 'Cytomegaloviral disease', 'A10', 0),
(560, 'B25.0+', 'Cytomegaloviral pneumonitis (J17.1*)', 'A10', 0),
(561, 'B25.1+', 'Cytomegaloviral hepatitis (K77.0*)', 'A10', 0),
(562, 'B25.2+', 'Cytomegaloviral pancreatitis (K87.1*)', 'A10', 0),
(563, 'B25.8', 'Other cytomegaloviral diseases', 'A10', 0),
(564, 'B25.9', 'Cytomegaloviral disease, unspecified', 'A10', 0),
(565, 'B26', 'Mumps', 'A10', 0),
(566, 'B26.0+', 'Mumps orchitis (N51.1*)', 'A10', 0),
(567, 'B26.1+', 'Mumps meningitis (G02.0*)', 'A10', 0),
(568, 'B26.2+', 'Mumps encephalitis (G05.1*)', 'A10', 0),
(569, 'B26.3+', 'Mumps pancreatitis (K87.1*)', 'A10', 0),
(570, 'B26.8', 'Mumps with other complications', 'A10', 0),
(571, 'B26.9', 'Mumps without complication', 'A10', 0),
(572, 'B27', 'Infectious mononucleosis', 'A10', 0),
(573, 'B27.0', 'Gammaherpesviral mononucleosis', 'A10', 0),
(574, 'B27.1', 'Cytomegaloviral mononucleosis', 'A10', 0),
(575, 'B27.8', 'Other infectious mononucleosis', 'A10', 0),
(576, 'B27.9', 'Infectious mononucleosis, unspecified', 'A10', 0),
(577, 'B30', 'Viral conjunctivitis', 'A10', 0),
(578, 'B30.0+', 'Keratoconjunctivitis due to adenovirus (H19.2*)', 'A10', 0),
(579, 'B30.1+', 'Conjunctivitis due to adenovirus (H13.1*)', 'A10', 0),
(580, 'B30.2', 'Viral pharyngoconjunctivitis', 'A10', 0),
(581, 'B30.3+', 'Acute epidemic haemorrhagic conjunctivitis (enteroviral) (H13.1*)', 'A10', 0),
(582, 'B30.8+', 'Other viral conjunctivitis (H13.1*)', 'A10', 0),
(583, 'B30.9', 'Viral conjunctivitis, unspecified', 'A10', 0),
(584, 'B33', 'Other viral diseases, not elsewhere classified', 'A10', 0),
(585, 'B33.0', 'Epidemic myalgia', 'A10', 0),
(586, 'B33.1', 'Ross River disease', 'A10', 0),
(587, 'B33.2', 'Viral carditis', 'A10', 0),
(588, 'B33.3', 'Retrovirus infections, not elsewhere classified', 'A10', 0),
(589, 'B33.8', 'Other specified viral diseases', 'A10', 0),
(590, 'B34', 'Viral infection of unspecified site', 'A10', 0),
(591, 'B34.0', 'Adenovirus infection, unspecified', 'A10', 0),
(592, 'B34.1', 'Enterovirus infection, unspecified', 'A10', 0),
(593, 'B34.2', 'Coronavirus infection, unspecified', 'A10', 0),
(594, 'B34.3', 'Parvovirus infection, unspecified', 'A10', 0),
(595, 'B34.4', 'Papovavirus infection, unspecified', 'A10', 0),
(596, 'B34.8', 'Other viral infections of unspecified site', 'A10', 0),
(597, 'B34.9', 'Viral infection, unspecified', 'A10', 0),
(598, 'B35', 'Dermatophytosis', 'A10', 0),
(599, 'B35.0', 'Tinea barbae and tinea capitis', 'A11', 0),
(600, 'B35.1', 'Tinea unguium', 'A11', 0),
(601, 'B35.2', 'Tinea manuum', 'A11', 0),
(602, 'B35.3', 'Tinea pedis', 'A11', 0),
(603, 'B35.4', 'Tinea corporis', 'A11', 0),
(604, 'B35.5', 'Tinea imbricata', 'A11', 0),
(605, 'B35.6', 'Tinea cruris', 'A11', 0),
(606, 'B35.8', 'Other dermatophytoses', 'A11', 0),
(607, 'B35.9', 'Dermatophytosis, unspecified', 'A11', 0),
(608, 'B36', 'Other superficial mycoses', 'A11', 0),
(609, 'B36.0', 'Pityriasis versicolor', 'A11', 0),
(610, 'B36.1', 'Tinea nigra', 'A11', 0),
(611, 'B36.2', 'White piedra', 'A11', 0),
(612, 'B36.3', 'Black piedra', 'A11', 0),
(613, 'B36.8', 'Other specified superficial mycoses', 'A11', 0),
(614, 'B36.9', 'Superficial mycosis, unspecified', 'A11', 0),
(615, 'B37', 'Candidiasis', 'A11', 0),
(616, 'B37.0', 'Candidal stomatitis', 'A11', 0),
(617, 'B37.1', 'Pulmonary candidiasis', 'A11', 0),
(618, 'B37.2', 'Candidiasis of skin and nail', 'A11', 0),
(619, 'B37.3+', 'Candidiasis of vulva and vagina (N77.1*)', 'A11', 0),
(620, 'B37.4+', 'Candidiasis of other urogenital sites', 'A11', 0),
(621, 'B37.5+', 'Candidal meningitis (G02.1*)', 'A11', 0),
(622, 'B37.6+', 'Candidal endocarditis (I39.8*)', 'A11', 0),
(623, 'B37.7', 'Candidal septicaemia', 'A11', 0),
(624, 'B37.8', 'Candidiasis of other sites', 'A11', 0),
(625, 'B37.9', 'Candidiasis, unspecified', 'A11', 0),
(626, 'B38', 'Coccidioidomycosis', 'A11', 0),
(627, 'B38.0', 'Acute pulmonary coccidioidomycosis', 'A11', 0),
(628, 'B38.1', 'Chronic pulmonary coccidioidomycosis', 'A11', 0),
(629, 'B38.2', 'Pulmonary coccidioidomycosis, unspecified', 'A11', 0),
(630, 'B38.3', 'Cutaneous coccidioidomycosis', 'A11', 0),
(631, 'B38.4+', 'Coccidioidomycosis meningitis (G02.1*)', 'A11', 0),
(632, 'B38.7', 'Disseminated coccidioidomycosis', 'A11', 0),
(633, 'B38.8', 'Other forms of coccidioidomycosis', 'A11', 0),
(634, 'B38.9', 'Coccidioidomycosis, unspecified', 'A11', 0),
(635, 'B39', 'Histoplasmosis', 'A11', 0),
(636, 'B39.0', 'Acute pulmonary histoplasmosis capsulati', 'A11', 0),
(637, 'B39.1', 'Chronic pulmonary histoplasmosis capsulati', 'A11', 0),
(638, 'B39.2', 'Pulmonary histoplasmosis capsulati, unspecified', 'A11', 0),
(639, 'B39.3', 'Disseminated histoplasmosis capsulati', 'A11', 0),
(640, 'B39.4', 'Histoplasmosis capsulati, unspecified', 'A11', 0),
(641, 'B39.5', 'Histoplasmosis duboisii', 'A11', 0),
(642, 'B39.9', 'Histoplasmosis, unspecified', 'A11', 0),
(643, 'B40', 'Blastomycosis', 'A11', 0),
(644, 'B40.0', 'Acute pulmonary blastomycosis', 'A11', 0),
(645, 'B40.1', 'Chronic pulmonary blastomycosis', 'A11', 0),
(646, 'B40.2', 'Pulmonary blastomycosis, unspecified', 'A11', 0),
(647, 'B40.3', 'Cutaneous blastomycosis', 'A11', 0),
(648, 'B40.7', 'Disseminated blastomycosis', 'A11', 0),
(649, 'B40.8', 'Other forms of blastomycosis', 'A11', 0),
(650, 'B40.9', 'Blastomycosis, unspecified', 'A11', 0),
(651, 'B41', 'Paracoccidioidomycosis', 'A11', 0),
(652, 'B41.0', 'Pulmonary paracoccidioidomycosis', 'A11', 0),
(653, 'B41.7', 'Disseminated paracoccidioidomycosis', 'A11', 0),
(654, 'B41.8', 'Other forms of paracoccidioidomycosis', 'A11', 0),
(655, 'B41.9', 'Paracoccidioidomycosis, unspecified', 'A11', 0),
(656, 'B42', 'Sporotrichosis', 'A11', 0),
(657, 'B42.0+', 'Pulmonary sporotrichosis (J99.8*)', 'A11', 0),
(658, 'B42.1', 'Lymphocutaneous sporotrichosis', 'A11', 0),
(659, 'B42.7', 'Disseminated sporotrichosis', 'A11', 0),
(660, 'B42.8', 'Other forms of sporotrichosis', 'A11', 0),
(661, 'B42.9', 'Sporotrichosis, unspecified', 'A11', 0),
(662, 'B43', 'Chromomycosis and phaeomycotic abscess', 'A11', 0),
(663, 'B43.0', 'Cutaneous chromomycosis', 'A11', 0),
(664, 'B43.1', 'Phaeomycotic brain abscess', 'A11', 0),
(665, 'B43.2', 'Subcutaneous phaeomycotic abscess and cyst', 'A11', 0),
(666, 'B43.8', 'Other forms of chromomycosis', 'A11', 0),
(667, 'B43.9', 'Chromomycosis, unspecified', 'A11', 0),
(668, 'B44', 'Aspergillosis', 'A11', 0),
(669, 'B44.0', 'Invasive pulmonary aspergillosis', 'A11', 0),
(670, 'B44.1', 'Other pulmonary aspergillosis', 'A11', 0),
(671, 'B44.2', 'Tonsillar aspergillosis', 'A11', 0),
(672, 'B44.7', 'Disseminated aspergillosis', 'A11', 0),
(673, 'B44.8', 'Other forms of aspergillosis', 'A11', 0),
(674, 'B44.9', 'Aspergillosis, unspecified', 'A11', 0),
(675, 'B45', 'Cryptococcosis', 'A11', 0),
(676, 'B45.0', 'Pulmonary cryptococcosis', 'A11', 0),
(677, 'B45.1', 'Cerebral cryptococcosis', 'A11', 0),
(678, 'B45.2', 'Cutaneous cryptococcosis', 'A11', 0),
(679, 'B45.3', 'Osseous cryptococcosis', 'A11', 0),
(680, 'B45.7', 'Disseminated cryptococcosis', 'A11', 0),
(681, 'B45.8', 'Other forms of cryptococcosis', 'A11', 0),
(682, 'B45.9', 'Cryptococcosis, unspecified', 'A11', 0),
(683, 'B46', 'Zygomycosis', 'A11', 0),
(684, 'B46.0', 'Pulmonary mucormycosis', 'A11', 0),
(685, 'B46.1', 'Rhinocerebral mucormycosis', 'A11', 0),
(686, 'B46.2', 'Gastrointestinal mucormycosis', 'A11', 0),
(687, 'B46.3', 'Cutaneous mucormycosis', 'A11', 0),
(688, 'B46.4', 'Disseminated mucormycosis', 'A11', 0),
(689, 'B46.5', 'Mucormycosis, unspecified', 'A11', 0),
(690, 'B46.8', 'Other zygomycoses', 'A11', 0),
(691, 'B46.9', 'Zygomycosis, unspecified', 'A11', 0),
(692, 'B47', 'Mycetoma', 'A11', 0),
(693, 'B47.0', 'Eumycetoma', 'A11', 0),
(694, 'B47.1', 'Actinomycetoma', 'A11', 0),
(695, 'B47.9', 'Mycetoma, unspecified', 'A11', 0),
(696, 'B48', 'Other mycoses, not elsewhere classified', 'A11', 0),
(697, 'B48.0', 'Lobomycosis', 'A11', 0),
(698, 'B48.1', 'Rhinosporidiosis', 'A11', 0),
(699, 'B48.2', 'Allescheriasis', 'A11', 0),
(700, 'B48.3', 'Geotrichosis', 'A11', 0),
(701, 'B48.4', 'Penicillosis', 'A11', 0),
(702, 'B48.7', 'Opportunistic mycoses', 'A11', 0),
(703, 'B48.8', 'Other specified mycoses', 'A11', 0),
(704, 'B49', 'Unspecified mycosis', 'A11', 0),
(705, 'B50', 'Plasmodium falciparum malaria', 'A12', 0),
(706, 'B50.0', 'Plasmodium falciparum malaria with cerebral complications', 'A12', 0),
(707, 'B50.8', 'Other severe and complicated Plasmodium falciparum malaria', 'A12', 0),
(708, 'B50.9', 'Plasmodium falciparum malaria, unspecified', 'A12', 0),
(709, 'B51', 'Plasmodium vivax malaria', 'A12', 0),
(710, 'B51.0', 'Plasmodium vivax malaria with rupture of spleen', 'A12', 0),
(711, 'B51.8', 'Plasmodium vivax malaria with other complications', 'A12', 0),
(712, 'B51.9', 'Plasmodium vivax malaria without complication', 'A12', 0),
(713, 'B52', 'Plasmodium malariae malaria', 'A12', 0),
(714, 'B52.0', 'Plasmodium malariae malaria with nephropathy', 'A12', 0),
(715, 'B52.8', 'Plasmodium malariae malaria with other complications', 'A12', 0),
(716, 'B52.9', 'Plasmodium malariae malaria without complication', 'A12', 0),
(717, 'B53', 'Other parasitologically confirmed malaria', 'A12', 0),
(718, 'B53.0', 'Plasmodium ovale malaria', 'A12', 0),
(719, 'B53.1', 'Malaria due to simian plasmodia', 'A12', 0),
(720, 'B53.8', 'Other parasitologically confirmed malaria, not elsewhere classified', 'A12', 0),
(721, 'B54', 'Unspecified malaria', 'A12', 0),
(722, 'B55', 'Leishmaniasis', 'A12', 0),
(723, 'B55.0', 'Visceral leishmaniasis', 'A12', 0),
(724, 'B55.1', 'Cutaneous leishmaniasis', 'A12', 0),
(725, 'B55.2', 'Mucocutaneous leishmaniasis', 'A12', 0),
(726, 'B55.9', 'Leishmaniasis, unspecified', 'A12', 0),
(727, 'B56', 'African trypanosomiasis', 'A12', 0),
(728, 'B56.0', 'Gambiense trypanosomiasis', 'A12', 0),
(729, 'B56.1', 'Rhodesiense trypanosomiasis', 'A12', 0),
(730, 'B56.9', 'African trypanosomiasis, unspecified', 'A12', 0),
(731, 'B57', 'Chagas'' disease', 'A12', 0),
(732, 'B57.0+', 'Acute Chagas'' disease with heart involvement (I41.2*, I98.1*)', 'A12', 0),
(733, 'B57.1', 'Acute Chagas'' disease without heart involvement', 'A12', 0),
(734, 'B57.2+', 'Chagas'' disease (chronic) with heart involvement (I41.2*, I98.1*)', 'A12', 0),
(735, 'B57.3', 'Chagas'' disease (chronic) with digestive system involvement', 'A12', 0),
(736, 'B57.4', 'Chagas'' disease (chronic) with nervous system involvement', 'A12', 0),
(737, 'B57.5', 'Chagas'' disease (chronic) with other organ involvement', 'A12', 0),
(738, 'B58', 'Toxoplasmosis', 'A12', 0),
(739, 'B58.0+', 'Toxoplasma oculopathy', 'A12', 0),
(740, 'B58.1+', 'Toxoplasma hepatitis (K77.0*)', 'A12', 0),
(741, 'B58.2+', 'Toxoplasma meningoencephalitis (G05.2*)', 'A12', 0),
(742, 'B58.3+', 'Pulmonary toxoplasmosis (J17.3*)', 'A12', 0),
(743, 'B58.8', 'Toxoplasmosis with other organ involvement', 'A12', 0),
(744, 'B58.9', 'Toxoplasmosis, unspecified', 'A12', 0),
(745, 'B59', 'Pneumocystosis', 'A12', 0),
(746, 'B60', 'Other protozoal diseases, not elsewhere classified', 'A12', 0),
(747, 'B60.0', 'Babesiosis', 'A12', 0),
(748, 'B60.1', 'Acanthamoebiasis', 'A12', 0),
(749, 'B60.2', 'Naegleriasis', 'A12', 0),
(750, 'B60.8', 'Other specified protozoal diseases', 'A12', 0),
(751, 'B64', 'Unspecified protozoal disease', 'A12', 0),
(752, 'B65', 'Schistosomiasis [bilharziasis]', 'A13', 0),
(753, 'B65.0', 'Schistosomiasis due to Schistosoma haematobium [urinaryschistosomiasis]', 'A13', 0),
(754, 'B65.1', 'Schistosomiasis due to Schistosoma mansoni [intestinalschistosomiasis]', 'A13', 0),
(755, 'B65.2', 'Schistosomiasis due to Schistosoma japonicum', 'A13', 0),
(756, 'B65.3', 'Cercarial dermatitis', 'A13', 0),
(757, 'B65.8', 'Other schistosomiases', 'A13', 0),
(758, 'B65.9', 'Schistosomiasis, unspecified', 'A13', 0),
(759, 'B66', 'Other fluke infections', 'A13', 0),
(760, 'B66.0', 'Opisthorchiasis', 'A13', 0),
(761, 'B66.1', 'Clonorchiasis', 'A13', 0),
(762, 'B66.2', 'Dicrocoeliasis', 'A13', 0),
(763, 'B66.3', 'Fascioliasis', 'A13', 0),
(764, 'B66.4', 'Paragonimiasis', 'A13', 0),
(765, 'B66.5', 'Fasciolopsiasis', 'A13', 0),
(766, 'B66.8', 'Other specified fluke infections', 'A13', 0),
(767, 'B66.9', 'Fluke infection, unspecified', 'A13', 0),
(768, 'B67', 'Echinococcosis', 'A13', 0),
(769, 'B67.0', 'Echinococcus granulosus infection of liver', 'A13', 0),
(770, 'B67.1', 'Echinococcus granulosus infection of lung', 'A13', 0),
(771, 'B67.2', 'Echinococcus granulosus infection of bone', 'A13', 0),
(772, 'B67.3', 'Echinococcus granulosus infection, other and multiple sites', 'A13', 0),
(773, 'B67.4', 'Echinococcus granulosus infection, unspecified', 'A13', 0),
(774, 'B67.5', 'Echinococcus multilocularis infection of liver', 'A13', 0),
(775, 'B67.6', 'Echinococcus multilocularis infection, other and multiple sites', 'A13', 0),
(776, 'B67.7', 'Echinococcus multilocularis infection, unspecified', 'A13', 0),
(777, 'B67.8', 'Echinococcosis, unspecified, of liver', 'A13', 0),
(778, 'B67.9', 'Echinococcosis, other and unspecified', 'A13', 0),
(779, 'B68', 'Taeniasis', 'A13', 0),
(780, 'B68.0', 'Taenia solium taeniasis', 'A13', 0),
(781, 'B68.1', 'Taenia saginata taeniasis', 'A13', 0),
(782, 'B68.9', 'Taeniasis, unspecified', 'A13', 0),
(783, 'B69', 'Cysticercosis', 'A13', 0),
(784, 'B69.0', 'Cysticercosis of central nervous system', 'A13', 0),
(785, 'B69.1', 'Cysticercosis of eye', 'A13', 0),
(786, 'B69.8', 'Cysticercosis of other sites', 'A13', 0),
(787, 'B69.9', 'Cysticercosis, unspecified', 'A13', 0),
(788, 'B70', 'Diphyllobothriasis and sparganosis', 'A13', 0),
(789, 'B70.0', 'Diphyllobothriasis', 'A13', 0),
(790, 'B70.1', 'Sparganosis', 'A13', 0),
(791, 'B71', 'Other cestode infections', 'A13', 0),
(792, 'B71.0', 'Hymenolepiasis', 'A13', 0),
(793, 'B71.1', 'Dipylidiasis', 'A13', 0),
(794, 'B71.8', 'Other specified cestode infections', 'A13', 0),
(795, 'B71.9', 'Cestode infection, unspecified', 'A13', 0),
(796, 'B72', 'Dracunculiasis', 'A13', 0),
(797, 'B73', 'Onchocerciasis', 'A13', 0),
(798, 'B74', 'Filariasis', 'A13', 0),
(799, 'B74.0', 'Filariasis due to Wuchereria bancrofti', 'A13', 0),
(800, 'B74.1', 'Filariasis due to Brugia malayi', 'A13', 0),
(801, 'B74.2', 'Filariasis due to Brugia timori', 'A13', 0),
(802, 'B74.3', 'Loiasis', 'A13', 0),
(803, 'B74.4', 'Mansonelliasis', 'A13', 0),
(804, 'B74.8', 'Other filariases', 'A13', 0),
(805, 'B74.9', 'Filariasis, unspecified', 'A13', 0),
(806, 'B75', 'Trichinellosis', 'A13', 0),
(807, 'B76', 'Hookworm diseases', 'A13', 0),
(808, 'B76.0', 'Ancylostomiasis', 'A13', 0),
(809, 'B76.1', 'Necatoriasis', 'A13', 0),
(810, 'B76.8', 'Other hookworm diseases', 'A13', 0),
(811, 'B76.9', 'Hookworm disease, unspecified', 'A13', 0),
(812, 'B77', 'Ascariasis', 'A13', 0),
(813, 'B77.0', 'Ascariasis with intestinal complications', 'A13', 0),
(814, 'B77.8', 'Ascariasis with other complications', 'A13', 0),
(815, 'B77.9', 'Ascariasis, unspecified', 'A13', 0),
(816, 'B78', 'Strongyloidiasis', 'A13', 0),
(817, 'B78.0', 'Intestinal strongyloidiasis', 'A13', 0),
(818, 'B78.1', 'Cutaneous strongyloidiasis', 'A13', 0),
(819, 'B78.7', 'Disseminated strongyloidiasis', 'A13', 0),
(820, 'B78.9', 'Strongyloidiasis, unspecified', 'A13', 0),
(821, 'B79', 'Trichuriasis', 'A13', 0),
(822, 'B80', 'Enterobiasis', 'A13', 0),
(823, 'B81', 'Other intestinal helminthiases, not elsewhere classified', 'A13', 0),
(824, 'B81.0', 'Anisakiasis', 'A13', 0),
(825, 'B81.1', 'Intestinal capillariasis', 'A13', 0),
(826, 'B81.2', 'Trichostrongyliasis', 'A13', 0),
(827, 'B81.3', 'Intestinal angiostrongyliasis', 'A13', 0),
(828, 'B81.4', 'Mixed intestinal helminthiases', 'A13', 0),
(829, 'B81.8', 'Other specified intestinal helminthiases', 'A13', 0),
(830, 'B82', 'Unspecified intestinal parasitism', 'A13', 0),
(831, 'B82.0', 'Intestinal helminthiasis, unspecified', 'A13', 0),
(832, 'B82.9', 'Intestinal parasitism, unspecified', 'A13', 0),
(833, 'B83', 'Other helminthiases', 'A13', 0),
(834, 'B83.0', 'Visceral larva migrans', 'A13', 0),
(835, 'B83.1', 'Gnathostomiasis', 'A13', 0),
(836, 'B83.2', 'Angiostrongyliasis due to Parastrongylus cantonensis', 'A13', 0),
(837, 'B83.3', 'Syngamiasis', 'A13', 0);
INSERT INTO `icd_penyakit` (`id`, `kode_penyakit`, `nama_penyakit`, `subkelompok`, `dtd_id`) VALUES
(838, 'B83.4', 'Internal hirudiniasis', 'A13', 0),
(839, 'B83.8', 'Other specified helminthiases', 'A13', 0),
(840, 'B83.9', 'Helminthiasis, unspecified', 'A13', 0),
(841, 'B85', 'Pediculosis and phthiriasis', 'A13', 0),
(842, 'B85.0', 'Pediculosis due to Pediculus humanus capitis', 'A13', 0),
(843, 'B85.1', 'Pediculosis due to Pediculus humanus corporis', 'A13', 0),
(844, 'B85.2', 'Pediculosis, unspecified', 'A13', 0),
(845, 'B85.3', 'Phthiriasis', 'A13', 0),
(846, 'B85.4', 'Mixed pediculosis and phthiriasis', 'A13', 0),
(847, 'B86', 'Scabies', 'A13', 0),
(848, 'B87', 'Myiasis', 'A13', 0),
(849, 'B87.0', 'Cutaneous myiasis', 'A13', 0),
(850, 'B87.1', 'Wound myiasis', 'A13', 0),
(851, 'B87.2', 'Ocular myiasis', 'A13', 0),
(852, 'B87.3', 'Nasopharyngeal myiasis', 'A13', 0),
(853, 'B87.4', 'Aural myiasis', 'A13', 0),
(854, 'B87.8', 'Myiasis of other sites', 'A13', 0),
(855, 'B87.9', 'Myiasis, unspecified', 'A13', 0),
(856, 'B88', 'Other infestations', 'A13', 0),
(857, 'B88.0', 'Other acariasis', 'A13', 0),
(858, 'B88.1', 'Tungiasis [sandflea infestation]', 'A13', 0),
(859, 'B88.2', 'Other arthropod infestations', 'A13', 0),
(860, 'B88.3', 'External hirudiniasis', 'A13', 0),
(861, 'B88.8', 'Other specified infestations', 'A13', 0),
(862, 'B88.9', 'Infestation, unspecified', 'A13', 0),
(863, 'B89', 'Unspecified parasitic disease', 'A13', 0),
(864, 'B90', 'Sequelae of tuberculosis', 'A14', 0),
(865, 'B90.0', 'Sequelae of central nervous system tuberculosis', 'A14', 0),
(866, 'B90.1', 'Sequelae of genitourinary tuberculosis', 'A14', 0),
(867, 'B90.2', 'Sequelae of tuberculosis of bones and joints', 'A14', 0),
(868, 'B90.8', 'Sequelae of tuberculosis of other organs', 'A14', 0),
(869, 'B90.9', 'Sequelae of respiratory and unspecified tuberculosis', 'A14', 0),
(870, 'B91', 'Sequelae of poliomyelitis', 'A14', 0),
(871, 'B92', 'Sequelae of leprosy', 'A14', 0),
(872, 'B94', 'Sequelae of other and unspecified infectious and parasitic diseases', 'A15', 0),
(873, 'B94.0', 'Sequelae of trachoma', 'A15', 0),
(874, 'B94.1', 'Sequelae of viral encephalitis', 'A15', 0),
(875, 'B94.2', 'Sequelae of viral hepatitis', 'A15', 0),
(876, 'B94.8', 'Sequelae of other specified infectious and parasitic diseases', 'A15', 0),
(877, 'B94.9', 'Sequelae of unspecified infectious or parasitic disease', 'A15', 0),
(878, 'B95', 'Streptococcus and staphylococcus as the cause of diseases classifiedto other chapters', 'A15', 0),
(879, 'B95.0', 'Streptococcus, group A, as the cause of diseases classified to otherchapters', 'A15', 0),
(880, 'B95.1', 'Streptococcus, group B, as the cause of diseases classified to otherchapters', 'A15', 0),
(881, 'B95.2', 'Streptococcus, group D, as the cause of diseases classified to otherchapters', 'A15', 0),
(882, 'B95.3', 'Streptococcus pneumoniae as the cause of diseases classified toother chapters', 'A15', 0),
(883, 'B95.4', 'Other streptococcus as the cause of diseases classified to otherchapters', 'A15', 0),
(884, 'B95.5', 'Unspecified streptococcus as the cause of diseases classified toother chapters', 'A15', 0),
(885, 'B95.6', 'Staphylococcus aureus as the cause of diseases classified to otherchapters', 'A15', 0),
(886, 'B95.7', 'Other staphylococcus as the cause of diseases classified to otherchapters', 'A15', 0),
(887, 'B95.8', 'Unspecified staphylococcus as the cause of diseases classified toother chapters', 'A15', 0),
(888, 'B96', 'Other bacterial agents as the cause of diseases classified to otherchapters', 'A15', 0),
(889, 'B96.0', 'Mycoplasma pneumoniae [M. pneumoniae] as the cause of diseasesclassified to other chapters', 'A15', 0),
(890, 'B96.1', 'Klebsiella pneumoniae [K. pneumoniae] as the cause of diseasesclassified to other chapters', 'A15', 0),
(891, 'B96.2', 'Escherichia coli [E. coli] as the cause of diseases classified toother chapters', 'A15', 0),
(892, 'B96.3', 'Haemophilus influenzae [H. influenzae] as the cause of diseasesclassified to other chapters', 'A15', 0),
(893, 'B96.4', 'Proteus (mirabilis)(morganii) as the cause of diseases classified toother chapters', 'A15', 0),
(894, 'B96.5', 'Pseudomonas (aeruginosa)(mallei)(pseudomallei) as the cause ofdiseases classified to other chapters', 'A15', 0),
(895, 'B96.6', 'Bacillus fragilis [B. fragilis] as the cause of diseases classifiedto other chapters', 'A15', 0),
(896, 'B96.7', 'Clostridium perfringens [C. perfringens] as the cause of diseasesclassified to other chapters', 'A15', 0),
(897, 'B96.8', 'Other specified bacterial agents as the cause of diseases classifiedto other chapters', 'A15', 0),
(898, 'B97', 'Viral agents as the cause of diseases classified to other chapters', 'A15', 0),
(899, 'B97.0', 'Adenovirus as the cause of diseases classified to other chapters', 'A15', 0),
(900, 'B97.1', 'Enterovirus as the cause of diseases classified to other chapters', 'A15', 0),
(901, 'B97.2', 'Coronavirus as the cause of diseases classified to other chapters', 'A15', 0),
(902, 'B97.3', 'Retrovirus as the cause of diseases classified to other chapters', 'A15', 0),
(903, 'B97.4', 'Respiratory syncytial virus as the cause of diseases classified toother chapters', 'A15', 0),
(904, 'B97.5', 'Reovirus as the cause of diseases classified to other chapters', 'A15', 0),
(905, 'B97.6', 'Parvovirus as the cause of diseases classified to other chapters', 'A15', 0),
(906, 'B97.7', 'Papillomavirus as the cause of diseases classified to other chapters', 'A15', 0),
(907, 'B97.8', 'Other viral agents as the cause of diseases classified to otherchapters', 'A15', 0),
(908, 'B99', 'Other and unspecified infectious diseases', 'A16', 0),
(909, 'C00', 'Malignant neoplasm of lip', 'B00', 0),
(910, 'C00.0', 'External upper lip', 'B00', 0),
(911, 'C00.1', 'External lower lip', 'B00', 0),
(912, 'C00.2', 'External lip, unspecified', 'B00', 0),
(913, 'C00.3', 'Upper lip, inner aspect', 'B00', 0),
(914, 'C00.4', 'Lower lip, inner aspect', 'B00', 0),
(915, 'C00.5', 'Lip, unspecified, inner aspect', 'B00', 0),
(916, 'C00.6', 'Commissure of lip', 'B00', 0),
(917, 'C00.8', 'Overlapping lesion of lip', 'B00', 0),
(918, 'C00.9', 'Lip, unspecified', 'B00', 0),
(919, 'C01', 'Malignant neoplasm of base of tongue', 'B00', 0),
(920, 'C02', 'Malignant neoplasm of other and unspecified parts of tongue', 'B00', 0),
(921, 'C02.0', 'Dorsal surface of tongue', 'B00', 0),
(922, 'C02.1', 'Border of tongue', 'B00', 0),
(923, 'C02.2', 'Ventral surface of tongue', 'B00', 0),
(924, 'C02.3', 'Anterior two-thirds of tongue, part unspecified', 'B00', 0),
(925, 'C02.4', 'Lingual tonsil', 'B00', 0),
(926, 'C02.8', 'Overlapping lesion of tongue', 'B00', 0),
(927, 'C02.9', 'Tongue, unspecified', 'B00', 0),
(928, 'C03', 'Malignant neoplasm of gum', 'B00', 0),
(929, 'C03.0', 'Upper gum', 'B00', 0),
(930, 'C03.1', 'Lower gum', 'B00', 0),
(931, 'C03.9', 'Gum, unspecified', 'B00', 0),
(932, 'C04', 'Malignant neoplasm of floor of mouth', 'B00', 0),
(933, 'C04.0', 'Anterior floor of mouth', 'B00', 0),
(934, 'C04.1', 'Lateral floor of mouth', 'B00', 0),
(935, 'C04.8', 'Overlapping lesion of floor of mouth', 'B00', 0),
(936, 'C04.9', 'Floor of mouth, unspecified', 'B00', 0),
(937, 'C05', 'Malignant neoplasm of palate', 'B00', 0),
(938, 'C05.0', 'Hard palate', 'B00', 0),
(939, 'C05.1', 'Soft palate', 'B00', 0),
(940, 'C05.2', 'Uvula', 'B00', 0),
(941, 'C05.8', 'Overlapping lesion of palate', 'B00', 0),
(942, 'C05.9', 'Palate, unspecified', 'B00', 0),
(943, 'C06', 'Malignant neoplasm of other and unspecified parts of mouth', 'B00', 0),
(944, 'C06.0', 'Cheek mucosa', 'B00', 0),
(945, 'C06.1', 'Vestibule of mouth', 'B00', 0),
(946, 'C06.2', 'Retromolar area', 'B00', 0),
(947, 'C06.8', 'Overlapping lesion of other and unspecified parts of mouth', 'B00', 0),
(948, 'C06.9', 'Mouth, unspecified', 'B00', 0),
(949, 'C07', 'Malignant neoplasm of parotid gland', 'B00', 0),
(950, 'C08', 'Malignant neoplasm of other and unspecified major salivary glands', 'B00', 0),
(951, 'C08.0', 'Submandibular gland', 'B00', 0),
(952, 'C08.1', 'Sublingual gland', 'B00', 0),
(953, 'C08.8', 'Overlapping lesion of major salivary glands', 'B00', 0),
(954, 'C08.9', 'Major salivary gland, unspecified', 'B00', 0),
(955, 'C09', 'Malignant neoplasm of tonsil', 'B00', 0),
(956, 'C09.0', 'Tonsillar fossa', 'B00', 0),
(957, 'C09.1', 'Tonsillar pillar (anterior)(posterior)', 'B00', 0),
(958, 'C09.8', 'Overlapping lesion of tonsil', 'B00', 0),
(959, 'C09.9', 'Tonsil, unspecified', 'B00', 0),
(960, 'C10', 'Malignant neoplasm of oropharynx', 'B00', 0),
(961, 'C10.0', 'Vallecula', 'B00', 0),
(962, 'C10.1', 'Anterior surface of epiglottis', 'B00', 0),
(963, 'C10.2', 'Lateral wall of oropharynx', 'B00', 0),
(964, 'C10.3', 'Posterior wall of oropharynx', 'B00', 0),
(965, 'C10.4', 'Branchial cleft', 'B00', 0),
(966, 'C10.8', 'Overlapping lesion of oropharynx', 'B00', 0),
(967, 'C10.9', 'Oropharynx, unspecified', 'B00', 0),
(968, 'C11', 'Malignant neoplasm of nasopharynx', 'B00', 0),
(969, 'C11.0', 'Superior wall of nasopharynx', 'B00', 0),
(970, 'C11.1', 'Posterior wall of nasopharynx', 'B00', 0),
(971, 'C11.2', 'Lateral wall of nasopharynx', 'B00', 0),
(972, 'C11.3', 'Anterior wall of nasopharynx', 'B00', 0),
(973, 'C11.8', 'Overlapping lesion of nasopharynx', 'B00', 0),
(974, 'C11.9', 'Nasopharynx, unspecified', 'B00', 0),
(975, 'C12', 'Malignant neoplasm of pyriform sinus', 'B00', 0),
(976, 'C13', 'Malignant neoplasm of hypopharynx', 'B00', 0),
(977, 'C13.0', 'Postcricoid region', 'B00', 0),
(978, 'C13.1', 'Aryepiglottic fold, hypopharyngeal aspect', 'B00', 0),
(979, 'C13.2', 'Posterior wall of hypopharynx', 'B00', 0),
(980, 'C13.8', 'Overlapping lesion of hypopharynx', 'B00', 0),
(981, 'C13.9', 'Hypopharynx, unspecified', 'B00', 0),
(982, 'C14', 'Malignant neoplasm of other and ill-defined sites in the lip, oralcavity and pharynx', 'B00', 0),
(983, 'C14.0', 'Pharynx, unspecified', 'B00', 0),
(984, 'C14.2', 'Waldeyer''s ring', 'B00', 0),
(985, 'C14.8', 'Overlapping lesion of lip, oral cavity and pharynx', 'B00', 0),
(986, 'C15', 'Malignant neoplasm of oesophagus', 'B01', 0),
(987, 'C15.0', 'Cervical part of oesophagus', 'B01', 0),
(988, 'C15.1', 'Thoracic part of oesophagus', 'B01', 0),
(989, 'C15.2', 'Abdominal part of oesophagus', 'B01', 0),
(990, 'C15.3', 'Upper third of oesophagus', 'B01', 0),
(991, 'C15.4', 'Middle third of oesophagus', 'B01', 0),
(992, 'C15.5', 'Lower third of oesophagus', 'B01', 0),
(993, 'C15.8', 'Overlapping lesion of oesophagus', 'B01', 0),
(994, 'C15.9', 'Oesophagus, unspecified', 'B01', 0),
(995, 'C16', 'Malignant neoplasm of stomach', 'B01', 0),
(996, 'C16.0', 'Cardia', 'B01', 0),
(997, 'C16.1', 'Fundus of stomach', 'B01', 0),
(998, 'C16.2', 'Body of stomach', 'B01', 0),
(999, 'C16.3', 'Pyloric antrum', 'B01', 0),
(1000, 'C16.4', 'Pylorus', 'B01', 0),
(1001, 'C16.5', 'Lesser curvature of stomach, unspecified', 'B01', 0),
(1002, 'C16.6', 'Greater curvature of stomach, unspecified', 'B01', 0),
(1003, 'C16.8', 'Overlapping lesion of stomach', 'B01', 0),
(1004, 'C16.9', 'Stomach, unspecified', 'B01', 0),
(1005, 'C17', 'Malignant neoplasm of small intestine', 'B01', 0),
(1006, 'C17.0', 'Duodenum', 'B01', 0),
(1007, 'C17.1', 'Jejunum', 'B01', 0),
(1008, 'C17.2', 'Ileum', 'B01', 0),
(1009, 'C17.3', 'Meckel''s diverticulum', 'B01', 0),
(1010, 'C17.8', 'Overlapping lesion of small intestine', 'B01', 0),
(1011, 'C17.9', 'Small intestine, unspecified', 'B01', 0),
(1012, 'C18', 'Malignant neoplasm of colon', 'B01', 0),
(1013, 'C18.0', 'Caecum', 'B01', 0),
(1014, 'C18.1', 'Appendix', 'B01', 0),
(1015, 'C18.2', 'Ascending colon', 'B01', 0),
(1016, 'C18.3', 'Hepatic flexure', 'B01', 0),
(1017, 'C18.4', 'Transverse colon', 'B01', 0),
(1018, 'C18.5', 'Splenic flexure', 'B01', 0),
(1019, 'C18.6', 'Descending colon', 'B01', 0),
(1020, 'C18.7', 'Sigmoid colon', 'B01', 0),
(1021, 'C18.8', 'Overlapping lesion of colon', 'B01', 0),
(1022, 'C18.9', 'Colon, unspecified', 'B01', 0),
(1023, 'C19', 'Malignant neoplasm of rectosigmoid junction', 'B01', 0),
(1024, 'C20', 'Malignant neoplasm of rectum', 'B01', 0),
(1025, 'C21', 'Malignant neoplasm of anus and anal canal', 'B01', 0),
(1026, 'C21.0', 'Anus, unspecified', 'B01', 0),
(1027, 'C21.1', 'Anal canal', 'B01', 0),
(1028, 'C21.2', 'Cloacogenic zone', 'B01', 0),
(1029, 'C21.8', 'Overlapping lesion of rectum, anus and anal canal', 'B01', 0),
(1030, 'C22', 'Malignant neoplasm of liver and intrahepatic bile ducts', 'B01', 0),
(1031, 'C22.0', 'Liver cell carcinoma', 'B01', 0),
(1032, 'C22.1', 'Intrahepatic bile duct carcinoma', 'B01', 0),
(1033, 'C22.2', 'Hepatoblastoma', 'B01', 0),
(1034, 'C22.3', 'Angiosarcoma of liver', 'B01', 0),
(1035, 'C22.4', 'Other sarcomas of liver', 'B01', 0),
(1036, 'C22.7', 'Other specified carcinomas of liver', 'B01', 0),
(1037, 'C22.9', 'Liver, unspecified', 'B01', 0),
(1038, 'C23', 'Malignant neoplasm of gallbladder', 'B01', 0),
(1039, 'C24', 'Malignant neoplasm of other and unspecified parts of biliary tract', 'B01', 0),
(1040, 'C24.0', 'Extrahepatic bile duct', 'B01', 0),
(1041, 'C24.1', 'Ampulla of Vater', 'B01', 0),
(1042, 'C24.8', 'Overlapping lesion of biliary tract', 'B01', 0),
(1043, 'C24.9', 'Biliary tract, unspecified', 'B01', 0),
(1044, 'C25', 'Malignant neoplasm of pancreas', 'B01', 0),
(1045, 'C25.0', 'Head of pancreas', 'B01', 0),
(1046, 'C25.1', 'Body of pancreas', 'B01', 0),
(1047, 'C25.2', 'Tail of pancreas', 'B01', 0),
(1048, 'C25.3', 'Pancreatic duct', 'B01', 0),
(1049, 'C25.4', 'Endocrine pancreas', 'B01', 0),
(1050, 'C25.7', 'Other parts of pancreas', 'B01', 0),
(1051, 'C25.8', 'Overlapping lesion of pancreas', 'B01', 0),
(1052, 'C25.9', 'Pancreas, unspecified', 'B01', 0),
(1053, 'C26', 'Malignant neoplasm of other and ill-defined digestive organs', 'B01', 0),
(1054, 'C26.0', 'Intestinal tract, part unspecified', 'B01', 0),
(1055, 'C26.1', 'Spleen', 'B01', 0),
(1056, 'C26.8', 'Overlapping lesion of digestive system', 'B01', 0),
(1057, 'C26.9', 'Ill-defined sites within the digestive system', 'B01', 0),
(1058, 'C30', 'Malignant neoplasm of nasal cavity and middle ear', 'B02', 0),
(1059, 'C30.0', 'Nasal cavity', 'B02', 0),
(1060, 'C30.1', 'Middle ear', 'B02', 0),
(1061, 'C31', 'Malignant neoplasm of accessory sinuses', 'B02', 0),
(1062, 'C31.0', 'Maxillary sinus', 'B02', 0),
(1063, 'C31.1', 'Ethmoidal sinus', 'B02', 0),
(1064, 'C31.2', 'Frontal sinus', 'B02', 0),
(1065, 'C31.3', 'Sphenoidal sinus', 'B02', 0),
(1066, 'C31.8', 'Overlapping lesion of accessory sinuses', 'B02', 0),
(1067, 'C31.9', 'Accessory sinus, unspecified', 'B02', 0),
(1068, 'C32', 'Malignant neoplasm of larynx', 'B02', 0),
(1069, 'C32.0', 'Glottis', 'B02', 0),
(1070, 'C32.1', 'Supraglottis', 'B02', 0),
(1071, 'C32.2', 'Subglottis', 'B02', 0),
(1072, 'C32.3', 'Laryngeal cartilage', 'B02', 0),
(1073, 'C32.8', 'Overlapping lesion of larynx', 'B02', 0),
(1074, 'C32.9', 'Larynx, unspecified', 'B02', 0),
(1075, 'C33', 'Malignant neoplasm of trachea', 'B02', 0),
(1076, 'C34', 'Malignant neoplasm of bronchus and lung', 'B02', 0),
(1077, 'C34.0', 'Main bronchus', 'B02', 0),
(1078, 'C34.1', 'Upper lobe, bronchus or lung', 'B02', 0),
(1079, 'C34.2', 'Middle lobe, bronchus or lung', 'B02', 0),
(1080, 'C34.3', 'Lower lobe, bronchus or lung', 'B02', 0),
(1081, 'C34.8', 'Overlapping lesion of bronchus and lung', 'B02', 0),
(1082, 'C34.9', 'Bronchus or lung, unspecified', 'B02', 0),
(1083, 'C37', 'Malignant neoplasm of thymus', 'B02', 0),
(1084, 'C38', 'Malignant neoplasm of heart, mediastinum and pleura', 'B02', 0),
(1085, 'C38.0', 'Heart', 'B02', 0),
(1086, 'C38.1', 'Anterior mediastinum', 'B02', 0),
(1087, 'C38.2', 'Posterior mediastinum', 'B02', 0),
(1088, 'C38.3', 'Mediastinum, part unspecified', 'B02', 0),
(1089, 'C38.4', 'Pleura', 'B02', 0),
(1090, 'C38.8', 'Overlapping lesion of heart, mediastinum and pleura', 'B02', 0),
(1091, 'C39', 'Malignant neoplasm of other and ill-defined sites in the respiratorysystem and intrathoracic organs', 'B02', 0),
(1092, 'C39.0', 'Upper respiratory tract, part unspecified', 'B02', 0),
(1093, 'C39.8', 'Overlapping lesion of respiratory and intrathoracic organs', 'B02', 0),
(1094, 'C39.9', 'Ill-defined sites within the respiratory system', 'B02', 0),
(1095, 'C40', 'Malignant neoplasm of bone and articular cartilage of limbs', 'B03', 0),
(1096, 'C40.0', 'Scapula and long bones of upper limb', 'B03', 0),
(1097, 'C40.1', 'Short bones of upper limb', 'B03', 0),
(1098, 'C40.2', 'Long bones of lower limb', 'B03', 0),
(1099, 'C40.3', 'Short bones of lower limb', 'B03', 0),
(1100, 'C40.8', 'Overlapping lesion of bone and articular cartilage of limbs', 'B03', 0),
(1101, 'C40.9', 'Bone and articular cartilage of limb, unspecified', 'B03', 0),
(1102, 'C41', 'Malignant neoplasm of bone and articular cartilage of other andunspecified sites', 'B03', 0),
(1103, 'C41.0', 'Bones of skull and face', 'B03', 0),
(1104, 'C41.1', 'Mandible', 'B03', 0),
(1105, 'C41.2', 'Vertebral column', 'B03', 0),
(1106, 'C41.3', 'Ribs, sternum and clavicle', 'B03', 0),
(1107, 'C41.4', 'Pelvic bones, sacrum and coccyx', 'B03', 0),
(1108, 'C41.8', 'Overlapping lesion of bone and articular cartilage', 'B03', 0),
(1109, 'C41.9', 'Bone and articular cartilage, unspecified', 'B03', 0),
(1110, 'C43', 'Malignant melanoma of skin', 'B03', 0),
(1111, 'C43.0', 'Malignant melanoma of lip', 'B03', 0),
(1112, 'C43.1', 'Malignant melanoma of eyelid, including canthus', 'B03', 0),
(1113, 'C43.2', 'Malignant melanoma of ear and external auricular canal', 'B04', 0),
(1114, 'C43.3', 'Malignant melanoma of other and unspecified parts of face', 'B04', 0),
(1115, 'C43.4', 'Malignant melanoma of scalp and neck', 'B04', 0),
(1116, 'C43.5', 'Malignant melanoma of trunk', 'B04', 0),
(1117, 'C43.6', 'Malignant melanoma of upper limb, including shoulder', 'B04', 0),
(1118, 'C43.7', 'Malignant melanoma of lower limb, including hip', 'B04', 0),
(1119, 'C43.8', 'Overlapping malignant melanoma of skin', 'B04', 0),
(1120, 'C43.9', 'Malignant melanoma of skin, unspecified', 'B04', 0),
(1121, 'C44', 'Other malignant neoplasms of skin', 'B04', 0),
(1122, 'C44.0', 'Skin of lip', 'B04', 0),
(1123, 'C44.1', 'Skin of eyelid, including canthus', 'B04', 0),
(1124, 'C44.2', 'Skin of ear and external auricular canal', 'B04', 0),
(1125, 'C44.3', 'Skin of other and unspecified parts of face', 'B04', 0),
(1126, 'C44.4', 'Skin of scalp and neck', 'B04', 0),
(1127, 'C44.5', 'Skin of trunk', 'B04', 0),
(1128, 'C44.6', 'Skin of upper limb, including shoulder', 'B04', 0),
(1129, 'C44.7', 'Skin of lower limb, including hip', 'B04', 0),
(1130, 'C44.8', 'Overlapping lesion of skin', 'B04', 0),
(1131, 'C44.9', 'Malignant neoplasm of skin, unspecified', 'B04', 0),
(1132, 'C45', 'Mesothelioma', 'B05', 0),
(1133, 'C45.0', 'Mesothelioma of pleura', 'B05', 0),
(1134, 'C45.1', 'Mesothelioma of peritoneum', 'B05', 0),
(1135, 'C45.2', 'Mesothelioma of pericardium', 'B05', 0),
(1136, 'C45.7', 'Mesothelioma of other sites', 'B05', 0),
(1137, 'C45.9', 'Mesothelioma, unspecified', 'B05', 0),
(1138, 'C46', 'Kaposi''s sarcoma', 'B05', 0),
(1139, 'C46.0', 'Kaposi''s sarcoma of skin', 'B05', 0),
(1140, 'C46.1', 'Kaposi''s sarcoma of soft tissue', 'B05', 0),
(1141, 'C46.2', 'Kaposi''s sarcoma of palate', 'B05', 0),
(1142, 'C46.3', 'Kaposi''s sarcoma of lymph nodes', 'B05', 0),
(1143, 'C46.7', 'Kaposi''s sarcoma of other sites', 'B05', 0),
(1144, 'C46.8', 'Kaposi''s sarcoma of multiple organs', 'B05', 0),
(1145, 'C46.9', 'Kaposi''s sarcoma, unspecified', 'B05', 0),
(1146, 'C47', 'Malignant neoplasm of peripheral nerves and autonomic nervous system', 'B05', 0),
(1147, 'C47.0', 'Peripheral nerves of head, face and neck', 'B05', 0),
(1148, 'C47.1', 'Peripheral nerves of upper limb, including shoulder', 'B05', 0),
(1149, 'C47.2', 'Peripheral nerves of lower limb, including hip', 'B05', 0),
(1150, 'C47.3', 'Peripheral nerves of thorax', 'B05', 0),
(1151, 'C47.4', 'Peripheral nerves of abdomen', 'B05', 0),
(1152, 'C47.5', 'Peripheral nerves of pelvis', 'B05', 0),
(1153, 'C47.6', 'Peripheral nerves of trunk, unspecified', 'B05', 0),
(1154, 'C47.8', 'Overlapping lesion of peripheral nerves and autonomic nervous system', 'B05', 0),
(1155, 'C47.9', 'Peripheral nerves and autonomic nervous system, unspecified', 'B05', 0),
(1156, 'C48', 'Malignant neoplasm of retroperitoneum and peritoneum', 'B05', 0),
(1157, 'C48.0', 'Retroperitoneum', 'B05', 0),
(1158, 'C48.1', 'Specified parts of peritoneum', 'B05', 0),
(1159, 'C48.2', 'Peritoneum, unspecified', 'B05', 0),
(1160, 'C48.8', 'Overlapping lesion of retroperitoneum and peritoneum', 'B05', 0),
(1161, 'C49', 'Malignant neoplasm of other connective and soft tissue', 'B05', 0),
(1162, 'C49.0', 'Connective and soft tissue of head, face and neck', 'B05', 0),
(1163, 'C49.1', 'Connective and soft tissue of upper limb, including shoulder', 'B05', 0),
(1164, 'C49.2', 'Connective and soft tissue of lower limb, including hip', 'B05', 0),
(1165, 'C49.3', 'Connective and soft tissue of thorax', 'B05', 0),
(1166, 'C49.4', 'Connective and soft tissue of abdomen', 'B05', 0),
(1167, 'C49.5', 'Connective and soft tissue of pelvis', 'B05', 0),
(1168, 'C49.6', 'Connective and soft tissue of trunk, unspecified', 'B05', 0),
(1169, 'C49.8', 'Overlapping lesion of connective and soft tissue', 'B05', 0),
(1170, 'C49.9', 'Connective and soft tissue, unspecified', 'B05', 0),
(1171, 'C50', 'Malignant neoplasm of breast', 'B06', 0),
(1172, 'C50.0', 'Nipple and areola', 'B06', 0),
(1173, 'C50.1', 'Central portion of breast', 'B06', 0),
(1174, 'C50.2', 'Upper-inner quadrant of breast', 'B06', 0),
(1175, 'C50.3', 'Lower-inner quadrant of breast', 'B06', 0),
(1176, 'C50.4', 'Upper-outer quadrant of breast', 'B06', 0),
(1177, 'C50.5', 'Lower-outer quadrant of breast', 'B06', 0),
(1178, 'C50.6', 'Axillary tail of breast', 'B06', 0),
(1179, 'C50.8', 'Overlapping lesion of breast', 'B06', 0),
(1180, 'C50.9', 'Breast, unspecified', 'B06', 0),
(1181, 'C51', 'Malignant neoplasm of vulva', 'B06', 0),
(1182, 'C51.0', 'Labium majus', 'B06', 0),
(1183, 'C51.1', 'Labium minus', 'B06', 0),
(1184, 'C51.2', 'Clitoris', 'B06', 0),
(1185, 'C51.8', 'Overlapping lesion of vulva', 'B06', 0),
(1186, 'C51.9', 'Vulva, unspecified', 'B06', 0),
(1187, 'C52', 'Malignant neoplasm of vagina', 'B06', 0),
(1188, 'C53', 'Malignant neoplasm of cervix uteri', 'B06', 0),
(1189, 'C53.0', 'Endocervix', 'B06', 0),
(1190, 'C53.1', 'Exocervix', 'B06', 0),
(1191, 'C53.8', 'Overlapping lesion of cervix uteri', 'B06', 0),
(1192, 'C53.9', 'Cervix uteri, unspecified', 'B06', 0),
(1193, 'C54', 'Malignant neoplasm of corpus uteri', 'B06', 0),
(1194, 'C54.0', 'Isthmus uteri', 'B06', 0),
(1195, 'C54.1', 'Endometrium', 'B06', 0),
(1196, 'C54.2', 'Myometrium', 'B06', 0),
(1197, 'C54.3', 'Fundus uteri', 'B06', 0),
(1198, 'C54.8', 'Overlapping lesion of corpus uteri', 'B06', 0),
(1199, 'C54.9', 'Corpus uteri, unspecified', 'B06', 0),
(1200, 'C55', 'Malignant neoplasm of uterus, part unspecified', 'B06', 0),
(1201, 'C56', 'Malignant neoplasm of ovary', 'B06', 0),
(1202, 'C57', 'Malignant neoplasm of other and unspecified female genital organs', 'B06', 0),
(1203, 'C57.0', 'Fallopian tube', 'B06', 0),
(1204, 'C57.1', 'Broad ligament', 'B06', 0),
(1205, 'C57.2', 'Round ligament', 'B06', 0),
(1206, 'C57.3', 'Parametrium', 'B06', 0),
(1207, 'C57.4', 'Uterine adnexa, unspecified', 'B06', 0),
(1208, 'C57.7', 'Other specified female genital organs', 'B06', 0),
(1209, 'C57.8', 'Overlapping lesion of female genital organs', 'B06', 0),
(1210, 'C57.9', 'Female genital organ, unspecified', 'B06', 0),
(1211, 'C58', 'Malignant neoplasm of placenta', 'B06', 0),
(1212, 'C60', 'Malignant neoplasm of penis', 'B07', 0),
(1213, 'C60.0', 'Prepuce', 'B07', 0),
(1214, 'C60.1', 'Glans penis', 'B07', 0),
(1215, 'C60.2', 'Body of penis', 'B07', 0),
(1216, 'C60.8', 'Overlapping lesion of penis', 'B07', 0),
(1217, 'C60.9', 'Penis, unspecified', 'B07', 0),
(1218, 'C61', 'Malignant neoplasm of prostate', 'B07', 0),
(1219, 'C62', 'Malignant neoplasm of testis', 'B07', 0),
(1220, 'C62.0', 'Undescended testis', 'B07', 0),
(1221, 'C62.1', 'Descended testis', 'B07', 0),
(1222, 'C62.9', 'Testis, unspecified', 'B07', 0),
(1223, 'C63', 'Malignant neoplasm of other and unspecified male genital organs', 'B07', 0),
(1224, 'C63.0', 'Epididymis', 'B07', 0),
(1225, 'C63.1', 'Spermatic cord', 'B07', 0),
(1226, 'C63.2', 'Scrotum', 'B07', 0),
(1227, 'C63.7', 'Other specified male genital organs', 'B07', 0),
(1228, 'C63.8', 'Overlapping lesion of male genital organs', 'B07', 0),
(1229, 'C63.9', 'Male genital organ, unspecified', 'B07', 0),
(1230, 'C64', 'Malignant neoplasm of kidney, except renal pelvis', 'B08', 0),
(1231, 'C65', 'Malignant neoplasm of renal pelvis', 'B08', 0),
(1232, 'C66', 'Malignant neoplasm of ureter', 'B08', 0),
(1233, 'C67', 'Malignant neoplasm of bladder', 'B08', 0),
(1234, 'C67.0', 'Trigone of bladder', 'B08', 0),
(1235, 'C67.1', 'Dome of bladder', 'B08', 0),
(1236, 'C67.2', 'Lateral wall of bladder', 'B08', 0),
(1237, 'C67.3', 'Anterior wall of bladder', 'B08', 0),
(1238, 'C67.4', 'Posterior wall of bladder', 'B08', 0),
(1239, 'C67.5', 'Bladder neck', 'B08', 0),
(1240, 'C67.6', 'Ureteric orifice', 'B08', 0),
(1241, 'C67.7', 'Urachus', 'B08', 0),
(1242, 'C67.8', 'Overlapping lesion of bladder', 'B08', 0),
(1243, 'C67.9', 'Bladder, unspecified', 'B08', 0),
(1244, 'C68', 'Malignant neoplasm of other and unspecified urinary organs', 'B08', 0),
(1245, 'C68.0', 'Urethra', 'B08', 0),
(1246, 'C68.1', 'Paraurethral gland', 'B08', 0),
(1247, 'C68.8', 'Overlapping lesion of urinary organs', 'B08', 0),
(1248, 'C68.9', 'Urinary organ, unspecified', 'B08', 0),
(1249, 'C69', 'Malignant neoplasm of eye and adnexa', 'B08', 0),
(1250, 'C69.0', 'Conjunctiva', 'B08', 0),
(1251, 'C69.1', 'Cornea', 'B08', 0),
(1252, 'C69.2', 'Retina', 'B08', 0),
(1253, 'C69.3', 'Choroid', 'B08', 0),
(1254, 'C69.4', 'Ciliary body', 'B08', 0),
(1255, 'C69.5', 'Lacrimal gland and duct', 'B08', 0),
(1256, 'C69.6', 'Orbit', 'B08', 0),
(1257, 'C69.8', 'Overlapping lesion of eye and adnexa', 'B08', 0),
(1258, 'C69.9', 'Eye, unspecified', 'B08', 0),
(1259, 'C70', 'Malignant neoplasm of meninges', 'B08', 0),
(1260, 'C70.0', 'Cerebral meninges', 'B08', 0),
(1261, 'C70.1', 'Spinal meninges', 'B08', 0),
(1262, 'C70.9', 'Meninges, unspecified', 'B08', 0),
(1263, 'C71', 'Malignant neoplasm of brain', 'B08', 0),
(1264, 'C71.0', 'Cerebrum, except lobes and ventricles', 'B08', 0),
(1265, 'C71.1', 'Frontal lobe', 'B08', 0),
(1266, 'C71.2', 'Temporal lobe', 'B08', 0),
(1267, 'C71.3', 'Parietal lobe', 'B08', 0),
(1268, 'C71.4', 'Occipital lobe', 'B08', 0),
(1269, 'C71.5', 'Cerebral ventricle', 'B08', 0),
(1270, 'C71.6', 'Cerebellum', 'B08', 0),
(1271, 'C71.7', 'Brain stem', 'B08', 0),
(1272, 'C71.8', 'Overlapping lesion of brain', 'B08', 0),
(1273, 'C71.9', 'Brain, unspecified', 'B08', 0),
(1274, 'C72', 'Malignant neoplasm of spinal cord, cranial nerves and other parts ofcentral nervous system', 'B08', 0),
(1275, 'C72.0', 'Spinal cord', 'B08', 0),
(1276, 'C72.1', 'Cauda equina', 'B08', 0),
(1277, 'C72.2', 'Olfactory nerve', 'B08', 0),
(1278, 'C72.3', 'Optic nerve', 'B08', 0),
(1279, 'C72.4', 'Acoustic nerve', 'B08', 0),
(1280, 'C72.5', 'Other and unspecified cranial nerves', 'B08', 0),
(1281, 'C72.8', 'Overlapping lesion of brain and other parts of central nervoussystem', 'B08', 0),
(1282, 'C72.9', 'Central nervous system, unspecified', 'B08', 0),
(1283, 'C73', 'Malignant neoplasm of thyroid gland', 'B09', 0),
(1284, 'C74', 'Malignant neoplasm of adrenal gland', 'B09', 0),
(1285, 'C74.0', 'Cortex of adrenal gland', 'B09', 0),
(1286, 'C74.1', 'Medulla of adrenal gland', 'B09', 0),
(1287, 'C74.9', 'Adrenal gland, unspecified', 'B09', 0),
(1288, 'C75', 'Malignant neoplasm of other endocrine glands and related structures', 'B09', 0),
(1289, 'C75.0', 'Parathyroid gland', 'B09', 0),
(1290, 'C75.1', 'Pituitary gland', 'B09', 0),
(1291, 'C75.2', 'Craniopharyngeal duct', 'B09', 0),
(1292, 'C75.3', 'Pineal gland', 'B09', 0),
(1293, 'C75.4', 'Carotid body', 'B09', 0),
(1294, 'C75.5', 'Aortic body and other paraganglia', 'B09', 0),
(1295, 'C75.8', 'Pluriglandular involvement, unspecified', 'B09', 0),
(1296, 'C75.9', 'Endocrine gland, unspecified', 'B09', 0),
(1297, 'C76', 'Malignant neoplasm of other and ill-defined sites', 'B10', 0),
(1298, 'C76.0', 'Head, face and neck', 'B10', 0),
(1299, 'C76.1', 'Thorax', 'B10', 0),
(1300, 'C76.2', 'Abdomen', 'B10', 0),
(1301, 'C76.3', 'Pelvis', 'B10', 0),
(1302, 'C76.4', 'Upper limb', 'B10', 0),
(1303, 'C76.5', 'Lower limb', 'B10', 0),
(1304, 'C76.7', 'Other ill-defined sites', 'B10', 0),
(1305, 'C76.8', 'Overlapping lesion of other and ill-defined sites', 'B10', 0),
(1306, 'C77', 'Secondary and unspecified malignant neoplasm of lymph nodes', 'B10', 0),
(1307, 'C77.0', 'Lymph nodes of head, face and neck', 'B10', 0),
(1308, 'C77.1', 'Intrathoracic lymph nodes', 'B10', 0),
(1309, 'C77.2', 'Intra-abdominal lymph nodes', 'B10', 0),
(1310, 'C77.3', 'Axillary and upper limb lymph nodes', 'B10', 0),
(1311, 'C77.4', 'Inguinal and lower limb lymph nodes', 'B10', 0),
(1312, 'C77.5', 'Intrapelvic lymph nodes', 'B10', 0),
(1313, 'C77.8', 'Lymph nodes of multiple regions', 'B10', 0),
(1314, 'C77.9', 'Lymph node, unspecified', 'B10', 0),
(1315, 'C78', 'Secondary malignant neoplasm of respiratory and digestive organs', 'B10', 0),
(1316, 'C78.0', 'Secondary malignant neoplasm of lung', 'B10', 0),
(1317, 'C78.1', 'Secondary malignant neoplasm of mediastinum', 'B10', 0),
(1318, 'C78.2', 'Secondary malignant neoplasm of pleura', 'B10', 0),
(1319, 'C78.3', 'Secondary malignant neoplasm of other and unspecified respiratoryorgans', 'B10', 0),
(1320, 'C78.4', 'Secondary malignant neoplasm of small intestine', 'B10', 0),
(1321, 'C78.5', 'Secondary malignant neoplasm of large intestine and rectum', 'B10', 0),
(1322, 'C78.6', 'Secondary malignant neoplasm of retroperitoneum and peritoneum', 'B10', 0),
(1323, 'C78.7', 'Secondary malignant neoplasm of liver', 'B10', 0),
(1324, 'C78.8', 'Secondary malignant neoplasm of other and unspecified digestiveorgans', 'B10', 0),
(1325, 'C79', 'Secondary malignant neoplasm of other sites', 'B10', 0),
(1326, 'C79.0', 'Secondary malignant neoplasm of kidney and renal pelvis', 'B10', 0),
(1327, 'C79.1', 'Secondary malignant neoplasm of bladder and other and unspecifiedurinary organs', 'B10', 0),
(1328, 'C79.2', 'Secondary malignant neoplasm of skin', 'B10', 0),
(1329, 'C79.3', 'Secondary malignant neoplasm of brain and cerebral meninges', 'B10', 0),
(1330, 'C79.4', 'Secondary malignant neoplasm of other and unspecified parts ofnervous system', 'B10', 0),
(1331, 'C79.5', 'Secondary malignant neoplasm of bone and bone marrow', 'B10', 0),
(1332, 'C79.6', 'Secondary malignant neoplasm of ovary', 'B10', 0),
(1333, 'C79.7', 'Secondary malignant neoplasm of adrenal gland', 'B10', 0),
(1334, 'C79.8', 'Secondary malignant neoplasm of other specified sites', 'B10', 0),
(1335, 'C80', 'Malignant neoplasm without specification of site', 'B10', 0),
(1336, 'C81', 'Hodgkin''s disease', 'B11', 0),
(1337, 'C81.0', 'Lymphocytic predominance', 'B11', 0),
(1338, 'C81.1', 'Nodular sclerosis', 'B11', 0),
(1339, 'C81.2', 'Mixed cellularity', 'B11', 0),
(1340, 'C81.3', 'Lymphocytic depletion', 'B11', 0),
(1341, 'C81.7', 'Other Hodgkin''s disease', 'B11', 0),
(1342, 'C81.9', 'Hodgkin''s disease, unspecified', 'B11', 0),
(1343, 'C82', 'Follicular [nodular] non-Hodgkin''s lymphoma', 'B11', 0),
(1344, 'C82.0', 'Small cleaved cell, follicular', 'B11', 0),
(1345, 'C82.1', 'Mixed small cleaved and large cell, follicular', 'B11', 0),
(1346, 'C82.2', 'Large cell, follicular', 'B11', 0),
(1347, 'C82.7', 'Other types of follicular non-Hodgkin''s lymphoma', 'B11', 0),
(1348, 'C82.9', 'Follicular non-Hodgkin''s lymphoma, unspecified', 'B11', 0),
(1349, 'C83', 'Diffuse non-Hodgkin''s lymphoma', 'B11', 0),
(1350, 'C83.0', 'Small cell (diffuse)', 'B11', 0),
(1351, 'C83.1', 'Small cleaved cell (diffuse)', 'B11', 0),
(1352, 'C83.2', 'Mixed small and large cell (diffuse)', 'B11', 0),
(1353, 'C83.3', 'Large cell (diffuse)', 'B11', 0),
(1354, 'C83.4', 'Immunoblastic (diffuse)', 'B11', 0),
(1355, 'C83.5', 'Lymphoblastic (diffuse)', 'B11', 0),
(1356, 'C83.6', 'Undifferentiated (diffuse)', 'B11', 0),
(1357, 'C83.7', 'Burkitt''s tumour', 'B11', 0),
(1358, 'C83.8', 'Other types of diffuse non-Hodgkin''s lymphoma', 'B11', 0),
(1359, 'C83.9', 'Diffuse non-Hodgkin''s lymphoma, unspecified', 'B11', 0),
(1360, 'C84', 'Peripheral and cutaneous T-cell lymphomas', 'B11', 0),
(1361, 'C84.0', 'Mycosis fungoides', 'B11', 0),
(1362, 'C84.1', 'S?zary''s disease', 'B11', 0),
(1363, 'C84.2', 'T-zone lymphoma', 'B11', 0),
(1364, 'C84.3', 'Lymphoepithelioid lymphoma', 'B11', 0),
(1365, 'C84.4', 'Peripheral T-cell lymphoma', 'B11', 0),
(1366, 'C84.5', 'Other and unspecified T-cell lymphomas', 'B11', 0),
(1367, 'C85', 'Other and unspecified types of non-Hodgkin''s lymphoma', 'B11', 0),
(1368, 'C85.0', 'Lymphosarcoma', 'B11', 0),
(1369, 'C85.1', 'B-cell lymphoma, unspecified', 'B11', 0),
(1370, 'C85.7', 'Other specified types of non-Hodgkin''s lymphoma', 'B11', 0),
(1371, 'C85.9', 'Non-Hodgkin''s lymphoma, unspecified type', 'B11', 0),
(1372, 'C88', 'Malignant immunoproliferative diseases', 'B11', 0),
(1373, 'C88.0', 'Waldenstr?m''s macroglobulinaemia', 'B11', 0),
(1374, 'C88.1', 'Alpha heavy chain disease', 'B11', 0),
(1375, 'C88.2', 'Gamma heavy chain disease', 'B11', 0),
(1376, 'C88.3', 'Immunoproliferative small intestinal disease', 'B11', 0),
(1377, 'C88.7', 'Other malignant immunoproliferative diseases', 'B11', 0),
(1378, 'C88.9', 'Malignant immunoproliferative disease, unspecified', 'B11', 0),
(1379, 'C90', 'Multiple myeloma and malignant plasma cell neoplasms', 'B11', 0),
(1380, 'C90.0', 'Multiple myeloma', 'B11', 0),
(1381, 'C90.1', 'Plasma cell leukaemia', 'B11', 0),
(1382, 'C90.2', 'Plasmacytoma, extramedullary', 'B11', 0),
(1383, 'C91', 'Lymphoid leukaemia', 'B11', 0),
(1384, 'C91.0', 'Acute lymphoblastic leukaemia', 'B11', 0),
(1385, 'C91.1', 'Chronic lymphocytic leukaemia', 'B11', 0),
(1386, 'C91.2', 'Subacute lymphocytic leukaemia', 'B11', 0),
(1387, 'C91.3', 'Prolymphocytic leukaemia', 'B11', 0),
(1388, 'C91.4', 'Hairy-cell leukaemia', 'B11', 0),
(1389, 'C91.5', 'Adult T-cell leukaemia', 'B11', 0),
(1390, 'C91.7', 'Other lymphoid leukaemia', 'B11', 0),
(1391, 'C91.9', 'Lymphoid leukaemia, unspecified', 'B11', 0),
(1392, 'C92', 'Myeloid leukaemia', 'B11', 0),
(1393, 'C92.0', 'Acute myeloid leukaemia', 'B11', 0),
(1394, 'C92.1', 'Chronic myeloid leukaemia', 'B11', 0),
(1395, 'C92.2', 'Subacute myeloid leukaemia', 'B11', 0),
(1396, 'C92.3', 'Myeloid sarcoma', 'B11', 0),
(1397, 'C92.4', 'Acute promyelocytic leukaemia', 'B11', 0),
(1398, 'C92.5', 'Acute myelomonocytic leukaemia', 'B11', 0),
(1399, 'C92.7', 'Other myeloid leukaemia', 'B11', 0),
(1400, 'C92.9', 'Myeloid leukaemia, unspecified', 'B11', 0),
(1401, 'C93', 'Monocytic leukaemia', 'B11', 0),
(1402, 'C93.0', 'Acute monocytic leukaemia', 'B11', 0),
(1403, 'C93.1', 'Chronic monocytic leukaemia', 'B11', 0),
(1404, 'C93.2', 'Subacute monocytic leukaemia', 'B11', 0),
(1405, 'C93.7', 'Other monocytic leukaemia', 'B11', 0),
(1406, 'C93.9', 'Monocytic leukaemia, unspecified', 'B11', 0),
(1407, 'C94', 'Other leukaemias of specified cell type', 'B11', 0),
(1408, 'C94.0', 'Acute erythraemia and erythroleukaemia', 'B11', 0),
(1409, 'C94.1', 'Chronic erythraemia', 'B11', 0),
(1410, 'C94.2', 'Acute megakaryoblastic leukaemia', 'B11', 0),
(1411, 'C94.3', 'Mast cell leukaemia', 'B11', 0),
(1412, 'C94.4', 'Acute panmyelosis', 'B11', 0),
(1413, 'C94.5', 'Acute myelofibrosis', 'B11', 0),
(1414, 'C94.7', 'Other specified leukaemias', 'B11', 0),
(1415, 'C95', 'Leukaemia of unspecified cell type', 'B11', 0),
(1416, 'C95.0', 'Acute leukaemia of unspecified cell type', 'B11', 0),
(1417, 'C95.1', 'Chronic leukaemia of unspecified cell type', 'B11', 0),
(1418, 'C95.2', 'Subacute leukaemia of unspecified cell type', 'B11', 0),
(1419, 'C95.7', 'Other leukaemia of unspecified cell type', 'B11', 0),
(1420, 'C95.9', 'Leukaemia, unspecified', 'B11', 0),
(1421, 'C96', 'Other and unspecified malignant neoplasms of lymphoid,haematopoietic and related tissue', 'B11', 0),
(1422, 'C96.0', 'Letterer-Siwe disease', 'B11', 0),
(1423, 'C96.1', 'Malignant histiocytosis', 'B11', 0),
(1424, 'C96.2', 'Malignant mast cell tumour', 'B11', 0),
(1425, 'C96.3', 'True histiocytic lymphoma', 'B11', 0),
(1426, 'C96.7', 'Other specified malignant neoplasms of lymphoid, haematopoietic andrelated tissue', 'B11', 0),
(1427, 'C96.9', 'Malignant neoplasm of lymphoid, haematopoietic and related tissue,unspecified', 'B11', 0),
(1428, 'C97', 'Malignant neoplasms of independent (primary) multiple sites', 'B12', 0),
(1429, 'D00', 'Carcinoma in situ of oral cavity, oesophagus and stomach', 'B13', 0),
(1430, 'D00.0', 'Lip, oral cavity and pharynx', 'B13', 0),
(1431, 'D00.1', 'Oesophagus', 'B13', 0),
(1432, 'D00.2', 'Stomach', 'B13', 0),
(1433, 'D01', 'Carcinoma in situ of other and unspecified digestive organs', 'B13', 0),
(1434, 'D01.0', 'Colon', 'B13', 0),
(1435, 'D01.1', 'Rectosigmoid junction', 'B13', 0),
(1436, 'D01.2', 'Rectum', 'B13', 0),
(1437, 'D01.3', 'Anus and anal canal', 'B13', 0),
(1438, 'D01.4', 'Other and unspecified parts of intestine', 'B13', 0),
(1439, 'D01.5', 'Liver, gallbladder and bile ducts', 'B13', 0),
(1440, 'D01.7', 'Other specified digestive organs', 'B13', 0),
(1441, 'D01.9', 'Digestive organ, unspecified', 'B13', 0),
(1442, 'D02', 'Carcinoma in situ of middle ear and respiratory system', 'B13', 0),
(1443, 'D02.0', 'Larynx', 'B13', 0),
(1444, 'D02.1', 'Trachea', 'B13', 0),
(1445, 'D02.2', 'Bronchus and lung', 'B13', 0),
(1446, 'D02.3', 'Other parts of respiratory system', 'B13', 0),
(1447, 'D02.4', 'Respiratory system, unspecified', 'B13', 0),
(1448, 'D03', 'Melanoma in situ', 'B13', 0),
(1449, 'D03.0', 'Melanoma in situ of lip', 'B13', 0),
(1450, 'D03.1', 'Melanoma in situ of eyelid, including canthus', 'B13', 0),
(1451, 'D03.2', 'Melanoma in situ of ear and external auricular canal', 'B13', 0),
(1452, 'D03.3', 'Melanoma in situ of other and unspecified parts of face', 'B13', 0),
(1453, 'D03.4', 'Melanoma in situ of scalp and neck', 'B13', 0),
(1454, 'D03.5', 'Melanoma in situ of trunk', 'B13', 0),
(1455, 'D03.6', 'Melanoma in situ of upper limb, including shoulder', 'B13', 0),
(1456, 'D03.7', 'Melanoma in situ of lower limb, including hip', 'B13', 0),
(1457, 'D03.8', 'Melanoma in situ of other sites', 'B13', 0),
(1458, 'D03.9', 'Melanoma in situ, unspecified', 'B13', 0),
(1459, 'D04', 'Carcinoma in situ of skin', 'B13', 0),
(1460, 'D04.0', 'Skin of lip', 'B13', 0),
(1461, 'D04.1', 'Skin of eyelid, including canthus', 'B13', 0),
(1462, 'D04.2', 'Skin of ear and external auricular canal', 'B13', 0),
(1463, 'D04.3', 'Skin of other and unspecified parts of face', 'B13', 0),
(1464, 'D04.4', 'Skin of scalp and neck', 'B13', 0),
(1465, 'D04.5', 'Skin of trunk', 'B13', 0),
(1466, 'D04.6', 'Skin of upper limb, including shoulder', 'B13', 0),
(1467, 'D04.7', 'Skin of lower limb, including hip', 'B13', 0),
(1468, 'D04.8', 'Skin of other sites', 'B13', 0),
(1469, 'D04.9', 'Skin, unspecified', 'B13', 0),
(1470, 'D05', 'Carcinoma in situ of breast', 'B13', 0),
(1471, 'D05.0', 'Lobular carcinoma in situ', 'B13', 0),
(1472, 'D05.1', 'Intraductal carcinoma in situ', 'B13', 0),
(1473, 'D05.7', 'Other carcinoma in situ of breast', 'B13', 0),
(1474, 'D05.9', 'Carcinoma in situ of breast, unspecified', 'B13', 0),
(1475, 'D06', 'Carcinoma in situ of cervix uteri', 'B13', 0),
(1476, 'D06.0', 'Endocervix', 'B13', 0),
(1477, 'D06.1', 'Exocervix', 'B13', 0),
(1478, 'D06.7', 'Other parts of cervix', 'B13', 0),
(1479, 'D06.9', 'Cervix, unspecified', 'B13', 0),
(1480, 'D07', 'Carcinoma in situ of other and unspecified genital organs', 'B13', 0),
(1481, 'D07.0', 'Endometrium', 'B13', 0),
(1482, 'D07.1', 'Vulva', 'B13', 0),
(1483, 'D07.2', 'Vagina', 'B13', 0),
(1484, 'D07.3', 'Other and unspecified female genital organs', 'B13', 0),
(1485, 'D07.4', 'Penis', 'B13', 0),
(1486, 'D07.5', 'Prostate', 'B13', 0),
(1487, 'D07.6', 'Other and unspecified male genital organs', 'B13', 0),
(1488, 'D09', 'Carcinoma in situ of other and unspecified sites', 'B13', 0),
(1489, 'D09.0', 'Bladder', 'B13', 0),
(1490, 'D09.1', 'Other and unspecified urinary organs', 'B13', 0),
(1491, 'D09.2', 'Eye', 'B13', 0),
(1492, 'D09.3', 'Thyroid and other endocrine glands', 'B13', 0),
(1493, 'D09.7', 'Carcinoma in situ of other specified sites', 'B13', 0),
(1494, 'D09.9', 'Carcinoma in situ, unspecified', 'B13', 0),
(1495, 'D10', 'Benign neoplasm of mouth and pharynx', 'B14', 0),
(1496, 'D10.0', 'Lip', 'B14', 0),
(1497, 'D10.1', 'Tongue', 'B14', 0),
(1498, 'D10.2', 'Floor of mouth', 'B14', 0),
(1499, 'D10.3', 'Other and unspecified parts of mouth', 'B14', 0),
(1500, 'D10.4', 'Tonsil', 'B14', 0),
(1501, 'D10.5', 'Other parts of oropharynx', 'B14', 0),
(1502, 'D10.6', 'Nasopharynx', 'B14', 0),
(1503, 'D10.7', 'Hypopharynx', 'B14', 0),
(1504, 'D10.9', 'Pharynx, unspecified', 'B14', 0),
(1505, 'D11', 'Benign neoplasm of major salivary glands', 'B14', 0),
(1506, 'D11.0', 'Parotid gland', 'B14', 0),
(1507, 'D11.7', 'Other major salivary glands', 'B14', 0),
(1508, 'D11.9', 'Major salivary gland, unspecified', 'B14', 0),
(1509, 'D12', 'Benign neoplasm of colon, rectum, anus and anal canal', 'B14', 0),
(1510, 'D12.0', 'Caecum', 'B14', 0),
(1511, 'D12.1', 'Appendix', 'B14', 0),
(1512, 'D12.2', 'Ascending colon', 'B14', 0),
(1513, 'D12.3', 'Transverse colon', 'B14', 0),
(1514, 'D12.4', 'Descending colon', 'B14', 0),
(1515, 'D12.5', 'Sigmoid colon', 'B14', 0),
(1516, 'D12.6', 'Colon, unspecified', 'B14', 0),
(1517, 'D12.7', 'Rectosigmoid junction', 'B14', 0),
(1518, 'D12.8', 'Rectum', 'B14', 0),
(1519, 'D12.9', 'Anus and anal canal', 'B14', 0),
(1520, 'D13', 'Benign neoplasm of other and ill-defined parts of digestive system', 'B14', 0),
(1521, 'D13.0', 'Oesophagus', 'B14', 0),
(1522, 'D13.1', 'Stomach', 'B14', 0),
(1523, 'D13.2', 'Duodenum', 'B14', 0),
(1524, 'D13.3', 'Other and unspecified parts of small intestine', 'B14', 0),
(1525, 'D13.4', 'Liver', 'B14', 0),
(1526, 'D13.5', 'Extrahepatic bile ducts', 'B14', 0),
(1527, 'D13.6', 'Pancreas', 'B14', 0),
(1528, 'D13.7', 'Endocrine pancreas', 'B14', 0),
(1529, 'D13.9', 'Ill-defined sites within the digestive system', 'B14', 0),
(1530, 'D14', 'Benign neoplasm of middle ear and respiratory system', 'B14', 0),
(1531, 'D14.0', 'Middle ear, nasal cavity and accessory sinuses', 'B14', 0),
(1532, 'D14.1', 'Larynx', 'B14', 0),
(1533, 'D14.2', 'Trachea', 'B14', 0),
(1534, 'D14.3', 'Bronchus and lung', 'B14', 0),
(1535, 'D14.4', 'Respiratory system, unspecified', 'B14', 0),
(1536, 'D15', 'Benign neoplasm of other and unspecified intrathoracic organs', 'B14', 0),
(1537, 'D15.0', 'Thymus', 'B14', 0),
(1538, 'D15.1', 'Heart', 'B14', 0),
(1539, 'D15.2', 'Mediastinum', 'B14', 0),
(1540, 'D15.7', 'Other specified intrathoracic organs', 'B14', 0),
(1541, 'D15.9', 'Intrathoracic organ, unspecified', 'B14', 0),
(1542, 'D16', 'Benign neoplasm of bone and articular cartilage', 'B14', 0),
(1543, 'D16.0', 'Scapula and long bones of upper limb', 'B14', 0),
(1544, 'D16.1', 'Short bones of upper limb', 'B14', 0),
(1545, 'D16.2', 'Long bones of lower limb', 'B14', 0),
(1546, 'D16.3', 'Short bones of lower limb', 'B14', 0),
(1547, 'D16.4', 'Bones of skull and face', 'B14', 0),
(1548, 'D16.5', 'Lower jaw bone', 'B14', 0),
(1549, 'D16.6', 'Vertebral column', 'B14', 0),
(1550, 'D16.7', 'Ribs, sternum and clavicle', 'B14', 0),
(1551, 'D16.8', 'Pelvic bones, sacrum and coccyx', 'B14', 0),
(1552, 'D16.9', 'Bone and articular cartilage, unspecified', 'B14', 0),
(1553, 'D17', 'Benign lipomatous neoplasm', 'B14', 0),
(1554, 'D17.0', 'Benign lipomatous neoplasm of skin and subcutaneous tissue of head,face and neck', 'B14', 0),
(1555, 'D17.1', 'Benign lipomatous neoplasm of skin and subcutaneous tissue of trunk', 'B14', 0),
(1556, 'D17.2', 'Benign lipomatous neoplasm of skin and subcutaneous tissue of limbs', 'B14', 0),
(1557, 'D17.3', 'Benign lipomatous neoplasm of skin and subcutaneous tissue of otherand unspecified sites', 'B14', 0),
(1558, 'D17.4', 'Benign lipomatous neoplasm of intrathoracic organs', 'B14', 0),
(1559, 'D17.5', 'Benign lipomatous neoplasm of intra-abdominal organs', 'B14', 0),
(1560, 'D17.6', 'Benign lipomatous neoplasm of spermatic cord', 'B14', 0),
(1561, 'D17.7', 'Benign lipomatous neoplasm of other sites', 'B14', 0),
(1562, 'D17.9', 'Benign lipomatous neoplasm, unspecified', 'B14', 0),
(1563, 'D18', 'Haemangioma and lymphangioma, any site', 'B14', 0),
(1564, 'D18.0', 'Haemangioma, any site', 'B14', 0),
(1565, 'D18.1', 'Lymphangioma, any site', 'B14', 0),
(1566, 'D19', 'Benign neoplasm of mesothelial tissue', 'B14', 0),
(1567, 'D19.0', 'Mesothelial tissue of pleura', 'B14', 0),
(1568, 'D19.1', 'Mesothelial tissue of peritoneum', 'B14', 0),
(1569, 'D19.7', 'Mesothelial tissue of other sites', 'B14', 0),
(1570, 'D19.9', 'Mesothelial tissue, unspecified', 'B14', 0),
(1571, 'D20', 'Benign neoplasm of soft tissue of retroperitoneum and peritoneum', 'B14', 0),
(1572, 'D20.0', 'Retroperitoneum', 'B14', 0),
(1573, 'D20.1', 'Peritoneum', 'B14', 0),
(1574, 'D21', 'Other benign neoplasms of connective and other soft tissue', 'B14', 0),
(1575, 'D21.0', 'Connective and other soft tissue of head, face and neck', 'B14', 0),
(1576, 'D21.1', 'Connective and other soft tissue of upper limb, including shoulder', 'B14', 0),
(1577, 'D21.2', 'Connective and other soft tissue of lower limb, including hip', 'B14', 0),
(1578, 'D21.3', 'Connective and other soft tissue of thorax Axilla', 'B14', 0),
(1579, 'D21.4', 'Connective and other soft tissue of abdomen', 'B14', 0),
(1580, 'D21.5', 'Connective and other soft tissue of pelvis', 'B14', 0),
(1581, 'D21.6', 'Connective and other soft tissue of trunk, unspecified', 'B14', 0),
(1582, 'D21.9', 'Connective and other soft tissue, unspecified', 'B14', 0),
(1583, 'D22', 'Melanocytic naevi', 'B14', 0),
(1584, 'D22.0', 'Melanocytic naevi of lip', 'B14', 0),
(1585, 'D22.1', 'Melanocytic naevi of eyelid, including canthus', 'B14', 0),
(1586, 'D22.2', 'Melanocytic naevi of ear and external auricular canal', 'B14', 0),
(1587, 'D22.3', 'Melanocytic naevi of other and unspecified parts of face', 'B14', 0),
(1588, 'D22.4', 'Melanocytic naevi of scalp and neck', 'B14', 0),
(1589, 'D22.5', 'Melanocytic naevi of trunk', 'B14', 0),
(1590, 'D22.6', 'Melanocytic naevi of upper limb, including shoulder', 'B14', 0),
(1591, 'D22.7', 'Melanocytic naevi of lower limb, including hip', 'B14', 0),
(1592, 'D22.9', 'Melanocytic naevi, unspecified', 'B14', 0),
(1593, 'D23', 'Other benign neoplasms of skin', 'B14', 0),
(1594, 'D23.0', 'Skin of lip', 'B14', 0),
(1595, 'D23.1', 'Skin of eyelid, including canthus', 'B14', 0),
(1596, 'D23.2', 'Skin of ear and external auricular canal', 'B14', 0),
(1597, 'D23.3', 'Skin of other and unspecified parts of face', 'B14', 0),
(1598, 'D23.4', 'Skin of scalp and neck', 'B14', 0),
(1599, 'D23.5', 'Skin of trunk', 'B14', 0),
(1600, 'D23.6', 'Skin of upper limb, including shoulder', 'B14', 0),
(1601, 'D23.7', 'Skin of lower limb, including hip', 'B14', 0),
(1602, 'D23.9', 'Skin, unspecified', 'B14', 0),
(1603, 'D24', 'Benign neoplasm of breast', 'B14', 0),
(1604, 'D25', 'Leiomyoma of uterus', 'B14', 0),
(1605, 'D25.0', 'Submucous leiomyoma of uterus', 'B14', 0),
(1606, 'D25.1', 'Intramural leiomyoma of uterus', 'B14', 0),
(1607, 'D25.2', 'Subserosal leiomyoma of uterus', 'B14', 0),
(1608, 'D25.9', 'Leiomyoma of uterus, unspecified', 'B14', 0),
(1609, 'D26', 'Other benign neoplasms of uterus', 'B14', 0),
(1610, 'D26.0', 'Cervix uteri', 'B14', 0),
(1611, 'D26.1', 'Corpus uteri', 'B14', 0),
(1612, 'D26.7', 'Other parts of uterus', 'B14', 0),
(1613, 'D26.9', 'Uterus, unspecified', 'B14', 0),
(1614, 'D27', 'Benign neoplasm of ovary', 'B14', 0),
(1615, 'D28', 'Benign neoplasm of other and unspecified female genital organs', 'B14', 0),
(1616, 'D28.0', 'Vulva', 'B14', 0),
(1617, 'D28.1', 'Vagina', 'B14', 0),
(1618, 'D28.2', 'Uterine tubes and ligaments', 'B14', 0),
(1619, 'D28.7', 'Other specified female genital organs', 'B14', 0),
(1620, 'D28.9', 'Female genital organ, unspecified', 'B14', 0),
(1621, 'D29', 'Benign neoplasm of male genital organs', 'B14', 0),
(1622, 'D29.0', 'Penis', 'B14', 0),
(1623, 'D29.1', 'Prostate', 'B14', 0),
(1624, 'D29.2', 'Testis', 'B14', 0),
(1625, 'D29.3', 'Epididymis', 'B14', 0),
(1626, 'D29.4', 'Scrotum', 'B14', 0),
(1627, 'D29.7', 'Other male genital organs', 'B14', 0),
(1628, 'D29.9', 'Male genital organ, unspecified', 'B14', 0),
(1629, 'D30', 'Benign neoplasm of urinary organs', 'B14', 0),
(1630, 'D30.0', 'Kidney', 'B14', 0),
(1631, 'D30.1', 'Renal pelvis', 'B14', 0),
(1632, 'D30.2', 'Ureter', 'B14', 0),
(1633, 'D30.3', 'Bladder', 'B14', 0),
(1634, 'D30.4', 'Urethra', 'B14', 0),
(1635, 'D30.7', 'Other urinary organs', 'B14', 0),
(1636, 'D30.9', 'Urinary organ, unspecified', 'B14', 0),
(1637, 'D31', 'Benign neoplasm of eye and adnexa', 'B14', 0),
(1638, 'D31.0', 'Conjunctiva', 'B14', 0),
(1639, 'D31.1', 'Cornea', 'B14', 0),
(1640, 'D31.2', 'Retina', 'B14', 0),
(1641, 'D31.3', 'Choroid', 'B14', 0),
(1642, 'D31.4', 'Ciliary body', 'B14', 0),
(1643, 'D31.5', 'Lacrimal gland and duct', 'B14', 0),
(1644, 'D31.6', 'Orbit, unspecified', 'B14', 0),
(1645, 'D31.9', 'Eye, unspecified', 'B14', 0),
(1646, 'D32', 'Benign neoplasm of meninges', 'B14', 0),
(1647, 'D32.0', 'Cerebral meninges', 'B14', 0),
(1648, 'D32.1', 'Spinal meninges', 'B14', 0),
(1649, 'D32.9', 'Meninges, unspecified', 'B14', 0),
(1650, 'D33', 'Benign neoplasm of brain and other parts of central nervous system', 'B14', 0),
(1651, 'D33.0', 'Brain, supratentorial', 'B14', 0),
(1652, 'D33.1', 'Brain, infratentorial', 'B14', 0),
(1653, 'D33.2', 'Brain, unspecified', 'B14', 0),
(1654, 'D33.3', 'Cranial nerves', 'B14', 0),
(1655, 'D33.4', 'Spinal cord', 'B14', 0),
(1656, 'D33.7', 'Other specified parts of central nervous system', 'B14', 0),
(1657, 'D33.9', 'Central nervous system, unspecified', 'B14', 0),
(1658, 'D34', 'Benign neoplasm of thyroid gland', 'B14', 0),
(1659, 'D35', 'Benign neoplasm of other and unspecified endocrine glands', 'B14', 0),
(1660, 'D35.0', 'Adrenal gland', 'B14', 0),
(1661, 'D35.1', 'Parathyroid gland', 'B14', 0),
(1662, 'D35.2', 'Pituitary gland', 'B14', 0),
(1663, 'D35.3', 'Craniopharyngeal duct', 'B14', 0),
(1664, 'D35.4', 'Pineal gland', 'B14', 0),
(1665, 'D35.5', 'Carotid body', 'B14', 0),
(1666, 'D35.6', 'Aortic body and other paraganglia', 'B14', 0),
(1667, 'D35.7', 'Other specified endocrine glands', 'B14', 0),
(1668, 'D35.8', 'Pluriglandular involvement', 'B14', 0),
(1669, 'D35.9', 'Endocrine gland, unspecified', 'B14', 0),
(1670, 'D36', 'Benign neoplasm of other and unspecified sites', 'B14', 0),
(1671, 'D36.0', 'Lymph nodes', 'B14', 0),
(1672, 'D36.1', 'Peripheral nerves and autonomic nervous system', 'B14', 0),
(1673, 'D36.7', 'Other specified sites', 'B14', 0),
(1674, 'D36.9', 'Benign neoplasm of unspecified site', 'B14', 0),
(1675, 'D37', 'Neoplasm of uncertain or unknown behaviour of oral cavity anddigestive organs', 'B15', 0),
(1676, 'D37.0', 'Lip, oral cavity and pharynx', 'B15', 0),
(1677, 'D37.1', 'Stomach', 'B15', 0),
(1678, 'D37.2', 'Small intestine', 'B15', 0),
(1679, 'D37.3', 'Appendix', 'B15', 0),
(1680, 'D37.4', 'Colon', 'B15', 0),
(1681, 'D37.5', 'Rectum', 'B15', 0),
(1682, 'D37.6', 'Liver, gallbladder and bile ducts', 'B15', 0),
(1683, 'D37.7', 'Other digestive organs', 'B15', 0),
(1684, 'D37.9', 'Digestive organ, unspecified', 'B15', 0),
(1685, 'D38', 'Neoplasm of uncertain or unknown behaviour of middle ear andrespiratory and intrathoracic organs', 'B15', 0);
INSERT INTO `icd_penyakit` (`id`, `kode_penyakit`, `nama_penyakit`, `subkelompok`, `dtd_id`) VALUES
(1686, 'D38.0', 'Larynx', 'B15', 0),
(1687, 'D38.1', 'Trachea, bronchus and lung', 'B15', 0),
(1688, 'D38.2', 'Pleura', 'B15', 0),
(1689, 'D38.3', 'Mediastinum', 'B15', 0),
(1690, 'D38.4', 'Thymus', 'B15', 0),
(1691, 'D38.5', 'Other respiratory organs', 'B15', 0),
(1692, 'D38.6', 'Respiratory organ, unspecified', 'B15', 0),
(1693, 'D39', 'Neoplasm of uncertain or unknown behaviour of female genital organs', 'B15', 0),
(1694, 'D39.0', 'Uterus', 'B15', 0),
(1695, 'D39.1', 'Ovary', 'B15', 0),
(1696, 'D39.2', 'Placenta', 'B15', 0),
(1697, 'D39.7', 'Other female genital organs', 'B15', 0),
(1698, 'D39.9', 'Female genital organ, unspecified', 'B15', 0),
(1699, 'D40', 'Neoplasm of uncertain or unknown behaviour of male genital organs', 'B15', 0),
(1700, 'D40.0', 'Prostate', 'B15', 0),
(1701, 'D40.1', 'Testis', 'B15', 0),
(1702, 'D40.7', 'Other male genital organs', 'B15', 0),
(1703, 'D40.9', 'Male genital organ, unspecified', 'B15', 0),
(1704, 'D41', 'Neoplasm of uncertain or unknown behaviour of urinary organs', 'B15', 0),
(1705, 'D41.0', 'Kidney', 'B15', 0),
(1706, 'D41.1', 'Renal pelvis', 'B15', 0),
(1707, 'D41.2', 'Ureter', 'B15', 0),
(1708, 'D41.3', 'Urethra', 'B15', 0),
(1709, 'D41.4', 'Bladder', 'B15', 0),
(1710, 'D41.7', 'Other urinary organs', 'B15', 0),
(1711, 'D41.9', 'Urinary organ, unspecified', 'B15', 0),
(1712, 'D42', 'Neoplasm of uncertain or unknown behaviour of meninges', 'B15', 0),
(1713, 'D42.0', 'Cerebral meninges', 'B15', 0),
(1714, 'D42.1', 'Spinal meninges', 'B15', 0),
(1715, 'D42.9', 'Meninges, unspecified', 'B15', 0),
(1716, 'D43', 'Neoplasm of uncertain or unknown behaviour of brain and centralnervous system', 'B15', 0),
(1717, 'D43.0', 'Brain, supratentorial', 'B15', 0),
(1718, 'D43.1', 'Brain, infratentorial', 'B15', 0),
(1719, 'D43.2', 'Brain, unspecified', 'B15', 0),
(1720, 'D43.3', 'Cranial nerves', 'B15', 0),
(1721, 'D43.4', 'Spinal cord', 'B15', 0),
(1722, 'D43.7', 'Other parts of central nervous system', 'B15', 0),
(1723, 'D43.9', 'Central nervous system, unspecified', 'B15', 0),
(1724, 'D44', 'Neoplasm of uncertain or unknown behaviour of endocrine glands', 'B15', 0),
(1725, 'D44.0', 'Thyroid gland', 'B15', 0),
(1726, 'D44.1', 'Adrenal gland', 'B15', 0),
(1727, 'D44.2', 'Parathyroid gland', 'B15', 0),
(1728, 'D44.3', 'Pituitary gland', 'B15', 0),
(1729, 'D44.4', 'Craniopharyngeal duct', 'B15', 0),
(1730, 'D44.5', 'Pineal gland', 'B15', 0),
(1731, 'D44.6', 'Carotid body', 'B15', 0),
(1732, 'D44.7', 'Aortic body and other paraganglia', 'B15', 0),
(1733, 'D44.8', 'Pluriglandular involvement', 'B15', 0),
(1734, 'D44.9', 'Endocrine gland, unspecified', 'B15', 0),
(1735, 'D45', 'Polycythaemia vera', 'B15', 0),
(1736, 'D46', 'Myelodysplastic syndromes', 'B15', 0),
(1737, 'D46.0', 'Refractory anaemia without sideroblasts, so stated', 'B15', 0),
(1738, 'D46.1', 'Refractory anaemia with sideroblasts', 'B15', 0),
(1739, 'D46.2', 'Refractory anaemia with excess of blasts', 'B15', 0),
(1740, 'D46.3', 'Refractory anaemia with excess of blasts with transformation', 'B15', 0),
(1741, 'D46.4', 'Refractory anaemia, unspecified', 'B15', 0),
(1742, 'D46.7', 'Other myelodysplastic syndromes', 'B15', 0),
(1743, 'D46.9', 'Myelodysplastic syndrome, unspecified', 'B15', 0),
(1744, 'D47', 'Other neoplasms of uncertain or unknown behaviour of lymphoid,haematopoietic and related tissue', 'B15', 0),
(1745, 'D47.0', 'Histiocytic and mast cell tumours of uncertain and unknown behaviour', 'B15', 0),
(1746, 'D47.1', 'Chronic myeloproliferative disease', 'B15', 0),
(1747, 'D47.2', 'Monoclonal gammopathy', 'B15', 0),
(1748, 'D47.3', 'Essential (haemorrhagic) thrombocythaemia', 'B15', 0),
(1749, 'D47.7', 'Other specified neoplasms of uncertain or unknown behaviour oflymphoid, haematopoietic and related t', 'B15', 0),
(1750, 'D47.9', 'Neoplasm of uncertain or unknown behaviour of lymphoid,haematopoietic and related tissue, unspecifie', 'B15', 0),
(1751, 'D48', 'Neoplasm of uncertain or unknown behaviour of other and unspecifiedsites', 'B15', 0),
(1752, 'D48.0', 'Bone and articular cartilage', 'B15', 0),
(1753, 'D48.1', 'Connective and other soft tissue', 'B15', 0),
(1754, 'D48.2', 'Peripheral nerves and autonomic nervous system', 'B15', 0),
(1755, 'D48.3', 'Retroperitoneum', 'B15', 0),
(1756, 'D48.4', 'Peritoneum', 'B15', 0),
(1757, 'D48.5', 'Skin', 'B15', 0),
(1758, 'D48.6', 'Breast', 'B15', 0),
(1759, 'D48.7', 'Other specified sites', 'B15', 0),
(1760, 'D48.9', 'Neoplasm of uncertain or unknown behaviour, unspecified', 'B15', 0),
(1761, 'D50', 'Iron deficiency anaemia', 'C00', 0),
(1762, 'D50.0', 'Iron deficiency anaemia secondary to blood loss (chronic)', 'C00', 0),
(1763, 'D50.1', 'Sideropenic dysphagia', 'C00', 0),
(1764, 'D50.8', 'Other iron deficiency anaemias', 'C00', 0),
(1765, 'D50.9', 'Iron deficiency anaemia, unspecified', 'C00', 0),
(1766, 'D51', 'Vitamin B12 deficiency anaemia', 'C00', 0),
(1767, 'D51.0', 'Vitamin B12 deficiency anaemia due to intrinsic factor deficiency', 'C00', 0),
(1768, 'D51.1', 'Vitamin B12 deficiency anaemia due to selective vitamin B12malabsorption with proteinuria', 'C00', 0),
(1769, 'D51.2', 'Transcobalamin II deficiency', 'C00', 0),
(1770, 'D51.3', 'Other dietary vitamin B12 deficiency anaemia', 'C00', 0),
(1771, 'D51.8', 'Other vitamin B12 deficiency anaemias', 'C00', 0),
(1772, 'D51.9', 'Vitamin B12 deficiency anaemia, unspecified', 'C00', 0),
(1773, 'D52', 'Folate deficiency anaemia', 'C00', 0),
(1774, 'D52.0', 'Dietary folate deficiency anaemia', 'C00', 0),
(1775, 'D52.1', 'Drug-induced folate deficiency anaemia', 'C00', 0),
(1776, 'D52.8', 'Other folate deficiency anaemias', 'C00', 0),
(1777, 'D52.9', 'Folate deficiency anaemia, unspecified', 'C00', 0),
(1778, 'D53', 'Other nutritional anaemias', 'C00', 0),
(1779, 'D53.0', 'Protein deficiency anaemia', 'C00', 0),
(1780, 'D53.1', 'Other megaloblastic anaemias, not elsewhere classified', 'C00', 0),
(1781, 'D53.2', 'Scorbutic anaemia', 'C00', 0),
(1782, 'D53.8', 'Other specified nutritional anaemias', 'C00', 0),
(1783, 'D53.9', 'Nutritional anaemia, unspecified', 'C00', 0),
(1784, 'D55', 'Anaemia due to enzyme disorders', 'C01', 0),
(1785, 'D55.0', 'Anaemia due to glucose-6-phosphate dehydrogenase [G6PD] deficiency', 'C01', 0),
(1786, 'D55.1', 'Anaemia due to other disorders of glutathione metabolism', 'C01', 0),
(1787, 'D55.2', 'Anaemia due to disorders of glycolytic enzymes', 'C01', 0),
(1788, 'D55.3', 'Anaemia due to disorders of nucleotide metabolism', 'C01', 0),
(1789, 'D55.8', 'Other anaemias due to enzyme disorders', 'C01', 0),
(1790, 'D55.9', 'Anaemia due to enzyme disorder, unspecified', 'C01', 0),
(1791, 'D56', 'Thalassaemia', 'C01', 0),
(1792, 'D56.0', 'Alpha thalassaemia', 'C01', 0),
(1793, 'D56.1', 'Beta thalassaemia', 'C01', 0),
(1794, 'D56.2', 'Delta-beta thalassaemia', 'C01', 0),
(1795, 'D56.3', 'Thalassaemia trait', 'C01', 0),
(1796, 'D56.4', 'Hereditary persistence of fetal haemoglobin [HPFH]', 'C01', 0),
(1797, 'D56.8', 'Other thalassaemias', 'C01', 0),
(1798, 'D56.9', 'Thalassaemia, unspecified', 'C01', 0),
(1799, 'D57', 'Sickle-cell disorders', 'C01', 0),
(1800, 'D57.0', 'Sickle-cell anaemia with crisis', 'C01', 0),
(1801, 'D57.1', 'Sickle-cell anaemia without crisis', 'C01', 0),
(1802, 'D57.2', 'Double heterozygous sickling disorders', 'C01', 0),
(1803, 'D57.3', 'Sickle-cell trait', 'C01', 0),
(1804, 'D57.8', 'Other sickle-cell disorders', 'C01', 0),
(1805, 'D58', 'Other hereditary haemolytic anaemias', 'C01', 0),
(1806, 'D58.0', 'Hereditary spherocytosis', 'C01', 0),
(1807, 'D58.1', 'Hereditary elliptocytosis', 'C01', 0),
(1808, 'D58.2', 'Other haemoglobinopathies', 'C01', 0),
(1809, 'D58.8', 'Other specified hereditary haemolytic anaemias', 'C01', 0),
(1810, 'D58.9', 'Hereditary haemolytic anaemia, unspecified', 'C01', 0),
(1811, 'D59', 'Acquired haemolytic anaemia', 'C01', 0),
(1812, 'D59.0', 'Drug-induced autoimmune haemolytic anaemia', 'C01', 0),
(1813, 'D59.1', 'Other autoimmune haemolytic anaemias', 'C01', 0),
(1814, 'D59.2', 'Drug-induced nonautoimmune haemolytic anaemia', 'C01', 0),
(1815, 'D59.3', 'Haemolytic-uraemic syndrome', 'C01', 0),
(1816, 'D59.4', 'Other nonautoimmune haemolytic anaemias', 'C01', 0),
(1817, 'D59.5', 'Paroxysmal nocturnal haemoglobinuria [Marchiafava-Micheli]', 'C01', 0),
(1818, 'D59.6', 'Haemoglobinuria due to haemolysis from other external causes', 'C01', 0),
(1819, 'D59.8', 'Other acquired haemolytic anaemias', 'C01', 0),
(1820, 'D59.9', 'Acquired haemolytic anaemia, unspecified', 'C01', 0),
(1821, 'D60', 'Acquired pure red cell aplasia [erythroblastopenia]', 'C02', 0),
(1822, 'D60.0', 'Chronic acquired pure red cell aplasia', 'C02', 0),
(1823, 'D60.1', 'Transient acquired pure red cell aplasia', 'C02', 0),
(1824, 'D60.8', 'Other acquired pure red cell aplasias', 'C02', 0),
(1825, 'D60.9', 'Acquired pure red cell aplasia, unspecified', 'C02', 0),
(1826, 'D61', 'Other aplastic anaemias', 'C02', 0),
(1827, 'D61.0', 'Constitutional aplastic anaemia', 'C02', 0),
(1828, 'D61.1', 'Drug-induced aplastic anaemia', 'C02', 0),
(1829, 'D61.2', 'Aplastic anaemia due to other external agents', 'C02', 0),
(1830, 'D61.3', 'Idiopathic aplastic anaemia', 'C02', 0),
(1831, 'D61.8', 'Other specified aplastic anaemias', 'C02', 0),
(1832, 'D61.9', 'Aplastic anaemia, unspecified', 'C02', 0),
(1833, 'D62', 'Acute posthaemorrhagic anaemia', 'C02', 0),
(1834, 'D63*', 'Anaemia in chronic diseases classified elsewhere', 'C02', 0),
(1835, 'D63.0*', 'Anaemia in neoplastic disease (C00-D48+)', 'C02', 0),
(1836, 'D63.8*', 'Anaemia in other chronic diseases classified elsewhere', 'C02', 0),
(1837, 'D64', 'Other anaemias', 'C02', 0),
(1838, 'D64.0', 'Hereditary sideroblastic anaemia', 'C02', 0),
(1839, 'D64.1', 'Secondary sideroblastic anaemia due to disease', 'C02', 0),
(1840, 'D64.2', 'Secondary sideroblastic anaemia due to drugs and toxins', 'C02', 0),
(1841, 'D64.3', 'Other sideroblastic anaemias', 'C02', 0),
(1842, 'D64.4', 'Congenital dyserythropoietic anaemia', 'C02', 0),
(1843, 'D64.8', 'Other specified anaemias', 'C02', 0),
(1844, 'D64.9', 'Anaemia, unspecified', 'C02', 0),
(1845, 'D65', 'Disseminated intravascular coagulation [defibrination syndrome]', 'C03', 0),
(1846, 'D66', 'Hereditary factor VIII deficiency', 'C03', 0),
(1847, 'D67', 'Hereditary factor IX deficiency', 'C03', 0),
(1848, 'D68', 'Other coagulation defects', 'C03', 0),
(1849, 'D68.0', 'Von Willebrand''s disease', 'C03', 0),
(1850, 'D68.1', 'Hereditary factor XI deficiency', 'C03', 0),
(1851, 'D68.2', 'Hereditary deficiency of other clotting factors', 'C03', 0),
(1852, 'D68.3', 'Haemorrhagic disorder due to circulating anticoagulants', 'C03', 0),
(1853, 'D68.4', 'Acquired coagulation factor deficiency', 'C03', 0),
(1854, 'D68.8', 'Other specified coagulation defects', 'C03', 0),
(1855, 'D68.9', 'Coagulation defect, unspecified', 'C03', 0),
(1856, 'D69', 'Purpura and other haemorrhagic conditions', 'C03', 0),
(1857, 'D69.0', 'Allergic purpura', 'C03', 0),
(1858, 'D69.1', 'Qualitative platelet defects', 'C03', 0),
(1859, 'D69.2', 'Other nonthrombocytopenic purpura', 'C03', 0),
(1860, 'D69.3', 'Idiopathic thrombocytopenic purpura', 'C03', 0),
(1861, 'D69.4', 'Other primary thrombocytopenia', 'C03', 0),
(1862, 'D69.5', 'Secondary thrombocytopenia', 'C03', 0),
(1863, 'D69.6', 'Thrombocytopenia, unspecified', 'C03', 0),
(1864, 'D69.8', 'Other specified haemorrhagic conditions', 'C03', 0),
(1865, 'D69.9', 'Haemorrhagic condition, unspecified', 'C03', 0),
(1866, 'D70', 'Agranulocytosis', 'C04', 0),
(1867, 'D71', 'Functional disorders of polymorphonuclear neutrophils', 'C04', 0),
(1868, 'D72', 'Other disorders of white blood cells', 'C04', 0),
(1869, 'D72.0', 'Genetic anomalies of leukocytes', 'C04', 0),
(1870, 'D72.1', 'Eosinophilia', 'C04', 0),
(1871, 'D72.8', 'Other specified disorders of white blood cells', 'C04', 0),
(1872, 'D72.9', 'Disorder of white blood cells, unspecified', 'C04', 0),
(1873, 'D73', 'Diseases of spleen', 'C04', 0),
(1874, 'D73.0', 'Hyposplenism', 'C04', 0),
(1875, 'D73.1', 'Hypersplenism', 'C04', 0),
(1876, 'D73.2', 'Chronic congestive splenomegaly', 'C04', 0),
(1877, 'D73.3', 'Abscess of spleen', 'C04', 0),
(1878, 'D73.4', 'Cyst of spleen', 'C04', 0),
(1879, 'D73.5', 'Infarction of spleen', 'C04', 0),
(1880, 'D73.8', 'Other diseases of spleen', 'C04', 0),
(1881, 'D73.9', 'Disease of spleen, unspecified', 'C04', 0),
(1882, 'D74', 'Methaemoglobinaemia', 'C04', 0),
(1883, 'D74.0', 'Congenital methaemoglobinaemia', 'C04', 0),
(1884, 'D74.8', 'Other methaemoglobinaemias', 'C04', 0),
(1885, 'D74.9', 'Methaemoglobinaemia, unspecified', 'C04', 0),
(1886, 'D75', 'Other diseases of blood and blood-forming organs', 'C04', 0),
(1887, 'D75.0', 'Familial erythrocytosis', 'C04', 0),
(1888, 'D75.1', 'Secondary polycythaemia', 'C04', 0),
(1889, 'D75.2', 'Essential thrombocytosis', 'C04', 0),
(1890, 'D75.8', 'Other specified diseases of blood and blood-forming organs', 'C04', 0),
(1891, 'D75.9', 'Disease of blood and blood-forming organs, unspecified', 'C04', 0),
(1892, 'D76', 'Certain diseases involving lymphoreticular tissue andreticulohistiocytic system', 'C04', 0),
(1893, 'D76.0', 'Langerhans'' cell histiocytosis, not elsewhere classified', 'C04', 0),
(1894, 'D76.1', 'Haemophagocytic lymphohistiocytosis', 'C04', 0),
(1895, 'D76.2', 'Haemophagocytic syndrome, infection-associated', 'C04', 0),
(1896, 'D76.3', 'Other histiocytosis syndromes', 'C04', 0),
(1897, 'D77*', 'Other disorders of blood and blood-forming organs in diseasesclassified elsewhere', 'C04', 0),
(1898, 'D80', 'Immunodeficiency with predominantly antibody defects', 'C05', 0),
(1899, 'D80.0', 'Hereditary hypogammaglobulinaemia', 'C05', 0),
(1900, 'D80.1', 'Nonfamilial hypogammaglobulinaemia', 'C05', 0),
(1901, 'D80.2', 'Selective deficiency of immunoglobulin A [IgA]', 'C05', 0),
(1902, 'D80.3', 'Selective deficiency of immunoglobulin G [IgG] subclasses', 'C05', 0),
(1903, 'D80.4', 'Selective deficiency of immunoglobulin M [IgM]', 'C05', 0),
(1904, 'D80.5', 'Immunodeficiency with increased immunoglobulin M [IgM]', 'C05', 0),
(1905, 'D80.6', 'Antibody deficiency with near-normal immunoglobulins or withhyperimmunoglobulinaemia', 'C05', 0),
(1906, 'D80.7', 'Transient hypogammaglobulinaemia of infancy', 'C05', 0),
(1907, 'D80.8', 'Other immunodeficiencies with predominantly antibody defects', 'C05', 0),
(1908, 'D80.9', 'Immunodeficiency with predominantly antibody defects, unspecified', 'C05', 0),
(1909, 'D81', 'Combined immunodeficiencies', 'C05', 0),
(1910, 'D81.0', 'Severe combined immunodeficiency [SCID] with reticular dysgenesis', 'C05', 0),
(1911, 'D81.1', 'Severe combined immunodeficiency [SCID] with low T- and B-cellnumbers', 'C05', 0),
(1912, 'D81.2', 'Severe combined immunodeficiency [SCID] with low or normal B-cellnumbers', 'C05', 0),
(1913, 'D81.3', 'Adenosine deaminase [ADA] deficiency', 'C05', 0),
(1914, 'D81.4', 'Nezelof''s syndrome', 'C05', 0),
(1915, 'D81.5', 'Purine nucleoside phosphorylase [PNP] deficiency', 'C05', 0),
(1916, 'D81.6', 'Major histocompatibility complex class I deficiency', 'C05', 0),
(1917, 'D81.7', 'Major histocompatibility complex class II deficiency', 'C05', 0),
(1918, 'D81.8', 'Other combined immunodeficiencies', 'C05', 0),
(1919, 'D81.9', 'Combined immunodeficiency, unspecified', 'C05', 0),
(1920, 'D82', 'Immunodeficiency associated with other major defects', 'C05', 0),
(1921, 'D82.0', 'Wiskott-Aldrich syndrome', 'C05', 0),
(1922, 'D82.1', 'Di George''s syndrome', 'C05', 0),
(1923, 'D82.2', 'Immunodeficiency with short-limbed stature', 'C05', 0),
(1924, 'D82.3', 'Immunodeficiency following hereditary defective response toEpstein-Barr virus', 'C05', 0),
(1925, 'D82.4', 'Hyperimmunoglobulin E [IgE] syndrome', 'C05', 0),
(1926, 'D82.8', 'Immunodeficiency associated with other specified major defects', 'C05', 0),
(1927, 'D82.9', 'Immunodeficiency associated with major defect, unspecified', 'C05', 0),
(1928, 'D83', 'Common variable immunodeficiency', 'C05', 0),
(1929, 'D83.0', 'Common variable immunodeficiency with predominant abnormalities ofB-cell numbers and function', 'C05', 0),
(1930, 'D83.1', 'Common variable immunodeficiency with predominant immunoregulatoryT-cell disorders', 'C05', 0),
(1931, 'D83.2', 'Common variable immunodeficiency with autoantibodies to B- orT-cells', 'C05', 0),
(1932, 'D83.8', 'Other common variable immunodeficiencies', 'C05', 0),
(1933, 'D83.9', 'Common variable immunodeficiency, unspecified', 'C05', 0),
(1934, 'D84', 'Other immunodeficiencies', 'C05', 0),
(1935, 'D84.0', 'Lymphocyte function antigen-1 [LFA-1] defect', 'C05', 0),
(1936, 'D84.1', 'Defects in the complement system', 'C05', 0),
(1937, 'D84.8', 'Other specified immunodeficiencies', 'C05', 0),
(1938, 'D84.9', 'Immunodeficiency, unspecified', 'C05', 0),
(1939, 'D86', 'Sarcoidosis', 'C05', 0),
(1940, 'D86.0', 'Sarcoidosis of lung', 'C05', 0),
(1941, 'D86.1', 'Sarcoidosis of lymph nodes', 'C05', 0),
(1942, 'D86.2', 'Sarcoidosis of lung with sarcoidosis of lymph nodes', 'C05', 0),
(1943, 'D86.3', 'Sarcoidosis of skin', 'C05', 0),
(1944, 'D86.8', 'Sarcoidosis of other and combined sites', 'C05', 0),
(1945, 'D86.9', 'Sarcoidosis, unspecified', 'C05', 0),
(1946, 'D89', 'Other disorders involving the immune mechanism, not elsewhereclassified', 'C05', 0),
(1947, 'D89.0', 'Polyclonal hypergammaglobulinaemia', 'C05', 0),
(1948, 'D89.1', 'Cryoglobulinaemia', 'C05', 0),
(1949, 'D89.2', 'Hypergammaglobulinaemia, unspecified', 'C05', 0),
(1950, 'D89.8', 'Other specified disorders involving the immune mechanism, notelsewhere classified', 'C05', 0),
(1951, 'D89.9', 'Disorder involving the immune mechanism, unspecified', 'C05', 0),
(1952, 'E00', 'Congenital iodine-deficiency syndrome', 'D00', 0),
(1953, 'E00.0', 'Congenital iodine-deficiency syndrome, neurological type', 'D00', 0),
(1954, 'E00.1', 'Congenital iodine-deficiency syndrome, myxoedematous type', 'D00', 0),
(1955, 'E00.2', 'Congenital iodine-deficiency syndrome, mixed type', 'D00', 0),
(1956, 'E00.9', 'Congenital iodine-deficiency syndrome, unspecified', 'D00', 0),
(1957, 'E01', 'Iodine-deficiency-related thyroid disorders and allied conditions', 'D00', 0),
(1958, 'E01.0', 'Iodine-deficiency-related diffuse (endemic) goitre', 'D00', 0),
(1959, 'E01.1', 'Iodine-deficiency-related multinodular (endemic) goitre', 'D00', 0),
(1960, 'E01.2', 'Iodine-deficiency-related (endemic) goitre, unspecified', 'D00', 0),
(1961, 'E01.8', 'Other iodine-deficiency-related thyroid disorders and alliedconditions', 'D00', 0),
(1962, 'E02', 'Subclinical iodine-deficiency hypothyroidism', 'D00', 0),
(1963, 'E03', 'Other hypothyroidism', 'D00', 0),
(1964, 'E03.0', 'Congenital hypothyroidism with diffuse goitre', 'D00', 0),
(1965, 'E03.1', 'Congenital hypothyroidism without goitre', 'D00', 0),
(1966, 'E03.2', 'Hypothyroidism due to medicaments and other exogenous substances', 'D00', 0),
(1967, 'E03.3', 'Postinfectious hypothyroidism', 'D00', 0),
(1968, 'E03.4', 'Atrophy of thyroid (acquired)', 'D00', 0),
(1969, 'E03.5', 'Myxoedema coma', 'D00', 0),
(1970, 'E03.8', 'Other specified hypothyroidism', 'D00', 0),
(1971, 'E03.9', 'Hypothyroidism, unspecified', 'D00', 0),
(1972, 'E04', 'Other nontoxic goitre', 'D00', 0),
(1973, 'E04.0', 'Nontoxic diffuse goitre', 'D00', 0),
(1974, 'E04.1', 'Nontoxic single thyroid nodule', 'D00', 0),
(1975, 'E04.2', 'Nontoxic multinodular goitre', 'D00', 0),
(1976, 'E04.8', 'Other specified nontoxic goitre', 'D00', 0),
(1977, 'E04.9', 'Nontoxic goitre, unspecified', 'D00', 0),
(1978, 'E05', 'Thyrotoxicosis [hyperthyroidism]', 'D00', 0),
(1979, 'E05.0', 'Thyrotoxicosis with diffuse goitre', 'D00', 0),
(1980, 'E05.1', 'Thyrotoxicosis with toxic single thyroid nodule', 'D00', 0),
(1981, 'E05.2', 'Thyrotoxicosis with toxic multinodular goitre', 'D00', 0),
(1982, 'E05.3', 'Thyrotoxicosis from ectopic thyroid tissue', 'D00', 0),
(1983, 'E05.4', 'Thyrotoxicosis factitia', 'D00', 0),
(1984, 'E05.5', 'Thyroid crisis or storm', 'D00', 0),
(1985, 'E05.8', 'Other thyrotoxicosis', 'D00', 0),
(1986, 'E05.9', 'Thyrotoxicosis, unspecified', 'D00', 0),
(1987, 'E06', 'Thyroiditis', 'D00', 0),
(1988, 'E06.0', 'Acute thyroiditis', 'D00', 0),
(1989, 'E06.1', 'Subacute thyroiditis', 'D00', 0),
(1990, 'E06.2', 'Chronic thyroiditis with transient thyrotoxicosis', 'D00', 0),
(1991, 'E06.3', 'Autoimmune thyroiditis', 'D00', 0),
(1992, 'E06.4', 'Drug-induced thyroiditis', 'D00', 0),
(1993, 'E06.5', 'Other chronic thyroiditis', 'D00', 0),
(1994, 'E06.9', 'Thyroiditis, unspecified', 'D00', 0),
(1995, 'E07', 'Other disorders of thyroid', 'D00', 0),
(1996, 'E07.0', 'Hypersecretion of calcitonin', 'D00', 0),
(1997, 'E07.1', 'Dyshormogenetic goitre', 'D00', 0),
(1998, 'E07.8', 'Other specified disorders of thyroid', 'D00', 0),
(1999, 'E07.9', 'Disorder of thyroid, unspecified', 'D00', 0),
(2000, 'E10', 'Insulin-dependent diabetes mellitus', 'D01', 0),
(2001, 'E10.0', 'Insulin-dependent diabetes mellitus with coma', 'D01', 0),
(2002, 'E10.1', 'Insulin-dependent diabetes mellitus with ketoacidosis', 'D01', 0),
(2003, 'E10.2+', 'Insulin-dependent diabetes mellitus with renal complications', 'D01', 0),
(2004, 'E10.3+', 'Insulin-dependent diabetes mellitus with ophthalmic complications', 'D01', 0),
(2005, 'E10.4+', 'Insulin-dependent diabetes mellitus with neurological complications', 'D01', 0),
(2006, 'E10.5', 'Insulin-dependent diabetes mellitus with peripheral circulatorycomplications', 'D01', 0),
(2007, 'E10.6', 'Insulin-dependent diabetes mellitus with other specifiedcomplications', 'D01', 0),
(2008, 'E10.7', 'Insulin-dependent diabetes mellitus with multiple complications', 'D01', 0),
(2009, 'E10.8', 'Insulin-dependent diabetes mellitus with unspecified complications', 'D01', 0),
(2010, 'E10.9', 'Insulin-dependent diabetes mellitus without complications', 'D01', 0),
(2011, 'E11', 'Non-insulin-dependent diabetes mellitus', 'D01', 0),
(2012, 'E11.0', 'Non-insulin-dependent diabetes mellitus with coma', 'D01', 0),
(2013, 'E11.1', 'Non-insulin-dependent diabetes mellitus with ketoacidosis', 'D01', 0),
(2014, 'E11.2+', 'Non-insulin-dependent diabetes mellitus with renal complications', 'D01', 0),
(2015, 'E11.3+', 'Non-insulin-dependent diabetes mellitus with ophthalmiccomplications', 'D01', 0),
(2016, 'E11.4+', 'Non-insulin-dependent diabetes mellitus with neurologicalcomplications', 'D01', 0),
(2017, 'E11.5', 'Non-insulin-dependent diabetes mellitus with peripheral circulatorycomplications', 'D01', 0),
(2018, 'E11.6', 'Non-insulin-dependent diabetes mellitus with other specifiedcomplications', 'D01', 0),
(2019, 'E11.7', 'Non-insulin-dependent diabetes mellitus with multiple complications', 'D01', 0),
(2020, 'E11.8', 'Non-insulin-dependent diabetes mellitus with unspecifiedcomplications', 'D01', 0),
(2021, 'E11.9', 'Non-insulin-dependent diabetes mellitus without complications', 'D01', 0),
(2022, 'E12', 'Malnutrition-related diabetes mellitus', 'D01', 0),
(2023, 'E12.0', 'Malnutrition-related diabetes mellitus with coma', 'D01', 0),
(2024, 'E12.1', 'Malnutrition-related diabetes mellitus with ketoacidosis', 'D01', 0),
(2025, 'E12.2+', 'Malnutrition-related diabetes mellitus with renal complications', 'D01', 0),
(2026, 'E12.3+', 'Malnutrition-related diabetes mellitus with ophthalmic complications', 'D01', 0),
(2027, 'E12.4+', 'Malnutrition-related diabetes mellitus with neurologicalcomplications', 'D01', 0),
(2028, 'E12.5', 'Malnutrition-related diabetes mellitus with peripheral circulatorycomplications', 'D01', 0),
(2029, 'E12.6', 'Malnutrition-reltaed diabetes mellitus with other specifiedcomplications', 'D01', 0),
(2030, 'E12.7', 'Malnutrition-related diabetes mellitus with multiple complications', 'D01', 0),
(2031, 'E12.8', 'Malnutrition-related diabetes mellitus with unspecifiedcomplications', 'D01', 0),
(2032, 'E12.9', 'Malnutrition-related diabetes mellitus without complications', 'D01', 0),
(2033, 'E13', 'Other specified diabetes mellitus', 'D01', 0),
(2034, 'E13.0', 'Other specified diabetes mellitus with coma', 'D01', 0),
(2035, 'E13.1', 'Other specified diabetes mellitus with ketoacidosis', 'D01', 0),
(2036, 'E13.2+', 'Other specified diabetes mellitus with renal complications', 'D01', 0),
(2037, 'E13.3+', 'Other specified diabetes mellitus with ophthalmic complications', 'D01', 0),
(2038, 'E13.4+', 'Other specified diabetes mellitus with neurological complications', 'D01', 0),
(2039, 'E13.5', 'Other specified diabetes mellitus with peripheral circulatorycomplications', 'D01', 0),
(2040, 'E13.6', 'Other specified diabetes mellitus with other specified complications', 'D01', 0),
(2041, 'E13.7', 'Other specified diabetes mellitus with multiple complications', 'D01', 0),
(2042, 'E13.8', 'Other specified diabetes mellitus with unspecified complications', 'D01', 0),
(2043, 'E13.9', 'Other specified diabetes mellitus without complications', 'D01', 0),
(2044, 'E14', 'Unspecified diabetes mellitus', 'D01', 0),
(2045, 'E14.0', 'Unspecified diabetes mellitus with coma', 'D01', 0),
(2046, 'E14.1', 'Unspecified diabetes mellitus with ketoacidosis', 'D01', 0),
(2047, 'E14.2+', 'Unspecified diabetes mellitus with renal complications', 'D01', 0),
(2048, 'E14.3+', 'Unspecified diabetes mellitus with ophthalmic complications', 'D01', 0),
(2049, 'E14.4+', 'Unspecified diabetes mellitus with neurological complications', 'D01', 0),
(2050, 'E14.5', 'Unspecified diabetes mellitus with peripheral circulatorycomplications', 'D01', 0),
(2051, 'E14.6', 'Unspecified diabetes mellitus with other specified complications', 'D01', 0),
(2052, 'E14.7', 'Unspecified diabetes mellitus with multiple complications', 'D01', 0),
(2053, 'E14.8', 'Unspecified diabetes mellitus with unspecified complications', 'D01', 0),
(2054, 'E14.9', 'Unspecified diabetes mellitus without complications', 'D01', 0),
(2055, 'E15', 'Nondiabetic hypoglycaemic coma', 'D02', 0),
(2056, 'E16', 'Other disorders of pancreatic internal secretion', 'D02', 0),
(2057, 'E16.0', 'Drug-induced hypoglycaemia without coma', 'D02', 0),
(2058, 'E16.1', 'Other hypoglycaemia', 'D02', 0),
(2059, 'E16.2', 'Hypoglycaemia, unspecified', 'D02', 0),
(2060, 'E16.3', 'Increased secretion of glucagon', 'D02', 0),
(2061, 'E16.8', 'Other specified disorders of pancreatic internal secretion', 'D02', 0),
(2062, 'E16.9', 'Disorder of pancreatic internal secretion, unspecified', 'D02', 0),
(2063, 'E20', 'Hypoparathyroidism', 'D02', 0),
(2064, 'E20.0', 'Idiopathic hypoparathyroidism', 'D02', 0),
(2065, 'E20.1', 'Pseudohypoparathyroidism', 'D02', 0),
(2066, 'E20.8', 'Other hypoparathyroidism', 'D02', 0),
(2067, 'E20.9', 'Hypoparathyroidism, unspecified', 'D02', 0),
(2068, 'E21', 'Hyperparathyroidism and other disorders of parathyroid gland', 'D02', 0),
(2069, 'E21.0', 'Primary hyperparathyroidism', 'D02', 0),
(2070, 'E21.1', 'Secondary hyperparathyroidism, not elsewhere classified', 'D02', 0),
(2071, 'E21.2', 'Other hyperparathyroidism', 'D02', 0),
(2072, 'E21.3', 'Hyperparathyroidism, unspecified', 'D02', 0),
(2073, 'E21.4', 'Other specified disorders of parathyroid gland', 'D02', 0),
(2074, 'E21.5', 'Disorder of parathyroid gland, unspecified', 'D02', 0),
(2075, 'E22', 'Hyperfunction of pituitary gland', 'D02', 0),
(2076, 'E22.0', 'Acromegaly and pituitary gigantism', 'D02', 0),
(2077, 'E22.1', 'Hyperprolactinaemia', 'D02', 0),
(2078, 'E22.2', 'Syndrome of inappropriate secretion of antidiuretic hormone', 'D02', 0),
(2079, 'E22.8', 'Other hyperfunction of pituitary gland', 'D02', 0),
(2080, 'E22.9', 'Hyperfunction of pituitary gland, unspecified', 'D02', 0),
(2081, 'E23', 'Hypofunction and other disorders of pituitary gland', 'D02', 0),
(2082, 'E23.0', 'Hypopituitarism', 'D02', 0),
(2083, 'E23.1', 'Drug-induced hypopituitarism', 'D02', 0),
(2084, 'E23.2', 'Diabetes insipidus', 'D02', 0),
(2085, 'E23.3', 'Hypothalamic dysfunction, not elsewhere classified', 'D02', 0),
(2086, 'E23.6', 'Other disorders of pituitary gland', 'D02', 0),
(2087, 'E23.7', 'Disorder of pituitary gland, unspecified', 'D02', 0),
(2088, 'E24', 'Cushing''s syndrome', 'D02', 0),
(2089, 'E24.0', 'Pituitary-dependent Cushing''s disease', 'D02', 0),
(2090, 'E24.1', 'Nelson''s syndrome', 'D02', 0),
(2091, 'E24.2', 'Drug-induced Cushing''s syndrome', 'D02', 0),
(2092, 'E24.3', 'Ectopic ACTH syndrome', 'D02', 0),
(2093, 'E24.4', 'Alcohol-induced pseudo-Cushing''s syndrome', 'D02', 0),
(2094, 'E24.8', 'Other Cushing''s syndrome', 'D02', 0),
(2095, 'E24.9', 'Cushing''s syndrome, unspecified', 'D02', 0),
(2096, 'E25', 'Adrenogenital disorders', 'D02', 0),
(2097, 'E25.0', 'Congenital adrenogenital disorders associated with enzyme deficiency', 'D02', 0),
(2098, 'E25.8', 'Other adrenogenital disorders', 'D02', 0),
(2099, 'E25.9', 'Adrenogenital disorder, unspecified', 'D02', 0),
(2100, 'E26', 'Hyperaldosteronism', 'D02', 0),
(2101, 'E26.0', 'Primary hyperaldosteronism', 'D02', 0),
(2102, 'E26.1', 'Secondary hyperaldosteronism', 'D02', 0),
(2103, 'E26.8', 'Other hyperaldosteronism', 'D02', 0),
(2104, 'E26.9', 'Hyperaldosteronism, unspecified', 'D02', 0),
(2105, 'E27', 'Other disorders of adrenal gland', 'D02', 0),
(2106, 'E27.0', 'Other adrenocortical overactivity', 'D02', 0),
(2107, 'E27.1', 'Primary adrenocortical insufficiency', 'D02', 0),
(2108, 'E27.2', 'Addisonian crisis', 'D02', 0),
(2109, 'E27.3', 'Drug-induced adrenocortical insufficiency', 'D02', 0),
(2110, 'E27.4', 'Other and unspecified adrenocortical insufficiency', 'D02', 0),
(2111, 'E27.5', 'Adrenomedullary hyperfunction', 'D02', 0),
(2112, 'E27.8', 'Other specified disorders of adrenal gland', 'D02', 0),
(2113, 'E27.9', 'Disorder of adrenal gland, unspecified', 'D02', 0),
(2114, 'E28', 'Ovarian dysfunction', 'D02', 0),
(2115, 'E28.0', 'Estrogen excess', 'D02', 0),
(2116, 'E28.1', 'Androgen excess', 'D02', 0),
(2117, 'E28.2', 'Polycystic ovarian syndrome', 'D02', 0),
(2118, 'E28.3', 'Primary ovarian failure', 'D02', 0),
(2119, 'E28.8', 'Other ovarian dysfunction', 'D02', 0),
(2120, 'E28.9', 'Ovarian dysfunction, unspecified', 'D02', 0),
(2121, 'E29', 'Testicular dysfunction', 'D02', 0),
(2122, 'E29.0', 'Testicular hyperfunction', 'D02', 0),
(2123, 'E29.1', 'Testicular hypofunction', 'D02', 0),
(2124, 'E29.8', 'Other testicular dysfunction', 'D02', 0),
(2125, 'E29.9', 'Testicular dysfunction, unspecified', 'D02', 0),
(2126, 'E30', 'Disorders of puberty, not elsewhere classified', 'D02', 0),
(2127, 'E30.0', 'Delayed puberty', 'D02', 0),
(2128, 'E30.1', 'Precocious puberty', 'D02', 0),
(2129, 'E30.8', 'Other disorders of puberty', 'D02', 0),
(2130, 'E30.9', 'Disorder of puberty, unspecified', 'D02', 0),
(2131, 'E31', 'Polyglandular dysfunction', 'D02', 0),
(2132, 'E31.0', 'Autoimmune polyglandular failure', 'D02', 0),
(2133, 'E31.1', 'Polyglandular hyperfunction', 'D02', 0),
(2134, 'E31.8', 'Other polyglandular dysfunction', 'D02', 0),
(2135, 'E31.9', 'Polyglandular dysfunction, unspecified', 'D02', 0),
(2136, 'E32', 'Diseases of thymus', 'D02', 0),
(2137, 'E32.0', 'Persistent hyperplasia of thymus', 'D02', 0),
(2138, 'E32.1', 'Abscess of thymus', 'D02', 0),
(2139, 'E32.8', 'Other diseases of thymus', 'D02', 0),
(2140, 'E32.9', 'Disease of thymus, unspecified', 'D02', 0),
(2141, 'E34', 'Other endocrine disorders', 'D02', 0),
(2142, 'E34.0', 'Carcinoid syndrome', 'D02', 0),
(2143, 'E34.1', 'Other hypersecretion of intestinal hormones', 'D02', 0),
(2144, 'E34.2', 'Ectopic hormone secretion, not elsewhere classified', 'D02', 0),
(2145, 'E34.3', 'Short stature, not elsewhere classified', 'D02', 0),
(2146, 'E34.4', 'Constitutional tall stature', 'D02', 0),
(2147, 'E34.5', 'Androgen resistance syndrome', 'D02', 0),
(2148, 'E34.8', 'Other specified endocrine disorders', 'D02', 0),
(2149, 'E34.9', 'Endocrine disorder, unspecified', 'D02', 0),
(2150, 'E35*', 'Disorders of endocrine glands in diseases classified elsewhere', 'D02', 0),
(2151, 'E35.0*', 'Disorders of thyroid gland in diseases classifiedelsewhere', 'D02', 0),
(2152, 'E35.1*', 'Disorders of adrenal glands in diseases classified elsewhere', 'D02', 0),
(2153, 'E35.8*', 'Disorders of other endocrine glands in diseases classified elsewhere', 'D02', 0),
(2154, 'E40', 'Kwashiorkor', 'D03', 0),
(2155, 'E41', 'Nutritional marasmus', 'D03', 0),
(2156, 'E42', 'Marasmic kwashiorkor', 'D03', 0),
(2157, 'E43', 'Unspecified severe protein-energy malnutrition', 'D03', 0),
(2158, 'E44', 'Protein-energy malnutrition of moderate and mild degree', 'D03', 0),
(2159, 'E44.0', 'Moderate protein-energy malnutrition', 'D03', 0),
(2160, 'E44.1', 'Mild protein-energy malnutrition', 'D03', 0),
(2161, 'E45', 'Retarded development following protein-energy malnutrition', 'D03', 0),
(2162, 'E46', 'Unspecified protein-energy malnutrition', 'D03', 0),
(2163, 'E50', 'Vitamin A deficiency', 'D04', 0),
(2164, 'E50.0', 'Vitamin A deficiency with conjunctival xerosis', 'D04', 0),
(2165, 'E50.1', 'Vitamin A deficiency with Bitot''s spot and conjunctival xerosis', 'D04', 0),
(2166, 'E50.2', 'Vitamin A deficiency with corneal xerosis', 'D04', 0),
(2167, 'E50.3', 'Vitamin A deficiency with corneal ulceration and xerosis', 'D04', 0),
(2168, 'E50.4', 'Vitamin A deficiency with keratomalacia', 'D04', 0),
(2169, 'E50.5', 'Vitamin A deficiency with night blindness', 'D04', 0),
(2170, 'E50.6', 'Vitamin A deficiency with xerophthalmic scars of cornea', 'D04', 0),
(2171, 'E50.7', 'Other ocular manifestations of vitamin A deficiency', 'D04', 0),
(2172, 'E50.8', 'Other manifestations of vitamin A deficiency', 'D04', 0),
(2173, 'E50.9', 'Vitamin A deficiency, unspecified', 'D04', 0),
(2174, 'E51', 'Thiamine deficiency', 'D04', 0),
(2175, 'E51.1', 'Beriberi', 'D04', 0),
(2176, 'E51.2', 'Wernicke''s encephalopathy', 'D04', 0),
(2177, 'E51.8', 'Other manifestations of thiamine deficiency', 'D04', 0),
(2178, 'E51.9', 'Thiamine deficiency, unspecified', 'D04', 0),
(2179, 'E52', 'Niacin deficiency [pellagra]', 'D04', 0),
(2180, 'E53', 'Deficiency of other B group vitamins', 'D04', 0),
(2181, 'E53.0', 'Riboflavin deficiency', 'D04', 0),
(2182, 'E53.1', 'Pyridoxine deficiency', 'D04', 0),
(2183, 'E53.8', 'Deficiency of other specified B group vitamins', 'D04', 0),
(2184, 'E53.9', 'Vitamin B deficiency, unspecified', 'D04', 0),
(2185, 'E54', 'Ascorbic acid deficiency', 'D04', 0),
(2186, 'E55', 'Vitamin D deficiency', 'D04', 0),
(2187, 'E55.0', 'Rickets, active', 'D04', 0),
(2188, 'E55.9', 'Vitamin D deficiency, unspecified', 'D04', 0),
(2189, 'E56', 'Other vitamin deficiencies', 'D04', 0),
(2190, 'E56.0', 'Deficiency of vitamin E', 'D04', 0),
(2191, 'E56.1', 'Deficiency of vitamin K', 'D04', 0),
(2192, 'E56.8', 'Deficiency of other vitamins', 'D04', 0),
(2193, 'E56.9', 'Vitamin deficiency, unspecified', 'D04', 0),
(2194, 'E58', 'Dietary calcium deficiency', 'D04', 0),
(2195, 'E59', 'Dietary selenium deficiency', 'D04', 0),
(2196, 'E60', 'Dietary zinc deficiency', 'D04', 0),
(2197, 'E61', 'Deficiency of other nutrient elements', 'D04', 0),
(2198, 'E61.0', 'Copper deficiency', 'D04', 0),
(2199, 'E61.1', 'Iron deficiency', 'D04', 0),
(2200, 'E61.2', 'Magnesium deficiency', 'D04', 0),
(2201, 'E61.3', 'Manganese deficiency', 'D04', 0),
(2202, 'E61.4', 'Chromium deficiency', 'D04', 0),
(2203, 'E61.5', 'Molybdenum deficiency', 'D04', 0),
(2204, 'E61.6', 'Vanadium deficiency', 'D04', 0),
(2205, 'E61.7', 'Deficiency of multiple nutrient elements', 'D04', 0),
(2206, 'E61.8', 'Deficiency of other specified nutrient elements', 'D04', 0),
(2207, 'E61.9', 'Deficiency of nutrient element, unspecified', 'D04', 0),
(2208, 'E63', 'Other nutritional deficiencies', 'D04', 0),
(2209, 'E63.0', 'Essential fatty acid [EFA] deficiency', 'D04', 0),
(2210, 'E63.1', 'Imbalance of constituents of food intake', 'D04', 0),
(2211, 'E63.8', 'Other specified nutritional deficiencies', 'D04', 0),
(2212, 'E63.9', 'Nutritional deficiency, unspecified', 'D04', 0),
(2213, 'E64', 'Sequelae of malnutrition and other nutritional deficiencies', 'D04', 0),
(2214, 'E64.0', 'Sequelae of protein-energy malnutrition', 'D04', 0),
(2215, 'E64.1', 'Sequelae of vitamin A deficiency', 'D04', 0),
(2216, 'E64.2', 'Sequelae of vitamin C deficiency', 'D04', 0),
(2217, 'E64.3', 'Sequelae of rickets', 'D04', 0),
(2218, 'E64.8', 'Sequelae of other nutritional deficiencies', 'D04', 0),
(2219, 'E64.9', 'Sequelae of unspecified nutritional deficiency', 'D04', 0),
(2220, 'E65', 'Localized adiposity', 'D05', 0),
(2221, 'E66', 'Obesity', 'D05', 0),
(2222, 'E66.0', 'Obesity due to excess calories', 'D05', 0),
(2223, 'E66.1', 'Drug-induced obesity', 'D05', 0),
(2224, 'E66.2', 'Extreme obesity with alveolar hypoventilation', 'D05', 0),
(2225, 'E66.8', 'Other obesity', 'D05', 0),
(2226, 'E66.9', 'Obesity, unspecified', 'D05', 0),
(2227, 'E67', 'Other hyperalimentation', 'D05', 0),
(2228, 'E67.0', 'Hypervitaminosis A', 'D05', 0),
(2229, 'E67.1', 'Hypercarotenaemia', 'D05', 0),
(2230, 'E67.2', 'Megavitamin-B6 syndrome', 'D05', 0),
(2231, 'E67.3', 'Hypervitaminosis D', 'D05', 0),
(2232, 'E67.8', 'Other specified hyperalimentation', 'D05', 0),
(2233, 'E68', 'Sequelae of hyperalimentation', 'D05', 0),
(2234, 'E70', 'Disorders of aromatic amino-acid metabolism', 'D06', 0),
(2235, 'E70.0', 'Classical phenylketonuria', 'D06', 0),
(2236, 'E70.1', 'Other hyperphenylalaninaemias', 'D06', 0),
(2237, 'E70.2', 'Disorders of tyrosine metabolism', 'D06', 0),
(2238, 'E70.3', 'Albinism', 'D06', 0),
(2239, 'E70.8', 'Other disorders of aromatic amino-acid metabolism', 'D06', 0),
(2240, 'E70.9', 'Disorder of aromatic amino-acid metabolism, unspecified', 'D06', 0),
(2241, 'E71', 'Disorders of branched-chain amino-acid metabolism and fatty-acidmetabolism', 'D06', 0),
(2242, 'E71.0', 'Maple-syrup-urine disease', 'D06', 0),
(2243, 'E71.1', 'Other disorders of branched-chain amino-acid metabolism', 'D06', 0),
(2244, 'E71.2', 'Disorder of branched-chain amino-acid metabolism, unspecified', 'D06', 0),
(2245, 'E71.3', 'Disorders of fatty-acid metabolism', 'D06', 0),
(2246, 'E72', 'Other disorders of amino-acid metabolism', 'D06', 0),
(2247, 'E72.0', 'Disorders of amino-acid transport', 'D06', 0),
(2248, 'E72.1', 'Disorders of sulfur-bearing amino-acid metabolism', 'D06', 0),
(2249, 'E72.2', 'Disorders of urea cycle metabolism', 'D06', 0),
(2250, 'E72.3', 'Disorders of lysine and hydroxylysine metabolism', 'D06', 0),
(2251, 'E72.4', 'Disorders of ornithine metabolism', 'D06', 0),
(2252, 'E72.5', 'Disorders of glycine metabolism', 'D06', 0),
(2253, 'E72.8', 'Other specified disorders of amino-acid metabolism', 'D06', 0),
(2254, 'E72.9', 'Disorder of amino-acid metabolism, unspecified', 'D06', 0),
(2255, 'E73', 'Lactose intolerance', 'D06', 0),
(2256, 'E73.0', 'Congenital lactase deficiency', 'D06', 0),
(2257, 'E73.1', 'Secondary lactase deficiency', 'D06', 0),
(2258, 'E73.8', 'Other lactose intolerance', 'D06', 0),
(2259, 'E73.9', 'Lactose intolerance, unspecified', 'D06', 0),
(2260, 'E74', 'Other disorders of carbohydrate metabolism', 'D06', 0),
(2261, 'E74.0', 'Glycogen storage disease', 'D06', 0),
(2262, 'E74.1', 'Disorders of fructose metabolism', 'D06', 0),
(2263, 'E74.2', 'Disorders of galactose metabolism', 'D06', 0),
(2264, 'E74.3', 'Other disorders of intestinal carbohydrate absorption', 'D06', 0),
(2265, 'E74.4', 'Disorders of pyruvate metabolism and gluconeogenesis', 'D06', 0),
(2266, 'E74.8', 'Other specified disorders of carbohydrate metabolism', 'D06', 0),
(2267, 'E74.9', 'Disorder of carbohydrate metabolism, unspecified', 'D06', 0),
(2268, 'E75', 'Disorders of sphingolipid metabolism and other lipid storagedisorders', 'D06', 0),
(2269, 'E75.0', 'GM2 gangliosidosis', 'D06', 0),
(2270, 'E75.1', 'Other gangliosidosis', 'D06', 0),
(2271, 'E75.2', 'Other sphingolipidosis', 'D06', 0),
(2272, 'E75.3', 'Sphingolipidosis, unspecified', 'D06', 0),
(2273, 'E75.4', 'Neuronal ceroid lipofuscinosis', 'D06', 0),
(2274, 'E75.5', 'Other lipid storage disorders', 'D06', 0),
(2275, 'E75.6', 'Lipid storage disorder, unspecified', 'D06', 0),
(2276, 'E76', 'Disorders of glycosaminoglycan metabolism', 'D06', 0),
(2277, 'E76.0', 'Mucopolysaccharidosis, type I', 'D06', 0),
(2278, 'E76.1', 'Mucopolysaccharidosis, type II', 'D06', 0),
(2279, 'E76.2', 'Other mucopolysaccharidoses', 'D06', 0),
(2280, 'E76.3', 'Mucopolysaccharidosis, unspecified', 'D06', 0),
(2281, 'E76.8', 'Other disorders of glucosaminoglycan metabolism', 'D06', 0),
(2282, 'E76.9', 'Disorder of glucosaminoglycan metabolism, unspecified', 'D06', 0),
(2283, 'E77', 'Disorders of glycoprotein metabolism', 'D06', 0),
(2284, 'E77.0', 'Defects in post-translational modification of lysosomal enzymes', 'D06', 0),
(2285, 'E77.1', 'Defects in glycoprotein degradation', 'D06', 0),
(2286, 'E77.8', 'Other disorders of glycoprotein metabolism', 'D06', 0),
(2287, 'E77.9', 'Disorder of glycoprotein metabolism, unspecified', 'D06', 0),
(2288, 'E78', 'Disorders of lipoprotein metabolism and other lipidaemias', 'D06', 0),
(2289, 'E78.0', 'Pure hypercholesterolaemia', 'D06', 0),
(2290, 'E78.1', 'Pure hyperglyceridaemia', 'D06', 0),
(2291, 'E78.2', 'Mixed hyperlipidaemia', 'D06', 0),
(2292, 'E78.3', 'Hyperchylomicronaemia', 'D06', 0),
(2293, 'E78.4', 'Other hyperlipidaemia', 'D06', 0),
(2294, 'E78.5', 'Hyperlipidaemia, unspecified', 'D06', 0),
(2295, 'E78.6', 'Lipoprotein deficiency', 'D06', 0),
(2296, 'E78.8', 'Other disorders of lipoprotein metabolism', 'D06', 0),
(2297, 'E78.9', 'Disorder of lipoprotein metabolism, unspecified', 'D06', 0),
(2298, 'E79', 'Disorders of purine and pyrimidine metabolism', 'D06', 0),
(2299, 'E79.0', 'Hyperuricaemia without signs of inflammatory arthritis andtophaceous disease', 'D06', 0),
(2300, 'E79.1', 'Lesch-Nyhan syndrome', 'D06', 0),
(2301, 'E79.8', 'Other disorders of purine and pyrimidine metabolism', 'D06', 0),
(2302, 'E79.9', 'Disorder of purine and pyrimidine metabolism, unspecified', 'D06', 0),
(2303, 'E80', 'Disorders of porphyrin and bilirubin metabolism', 'D06', 0),
(2304, 'E80.0', 'Hereditary erythropoietic porphyria', 'D06', 0),
(2305, 'E80.1', 'Porphyria cutanea tarda', 'D06', 0),
(2306, 'E80.2', 'Other porphyria', 'D06', 0),
(2307, 'E80.3', 'Defects of catalase and peroxidase', 'D06', 0),
(2308, 'E80.4', 'Gilbert''s syndrome', 'D06', 0),
(2309, 'E80.5', 'Crigler-Najjar syndrome', 'D06', 0),
(2310, 'E80.6', 'Other disorders of bilirubin metabolism', 'D06', 0),
(2311, 'E80.7', 'Disorder of bilirubin metabolism, unspecified', 'D06', 0),
(2312, 'E83', 'Disorders of mineral metabolism', 'D06', 0),
(2313, 'E83.0', 'Disorders of copper metabolism', 'D06', 0),
(2314, 'E83.1', 'Disorders of iron metabolism', 'D06', 0),
(2315, 'E83.2', 'Disorders of zinc metabolism', 'D06', 0),
(2316, 'E83.3', 'Disorders of phosphorus metabolism', 'D06', 0),
(2317, 'E83.4', 'Disorders of magnesium metabolism', 'D06', 0),
(2318, 'E83.5', 'Disorders of calcium metabolism', 'D06', 0),
(2319, 'E83.8', 'Other disorders of mineral metabolism', 'D06', 0),
(2320, 'E83.9', 'Disorder of mineral metabolism, unspecified', 'D06', 0),
(2321, 'E84', 'Cystic fibrosis', 'D06', 0),
(2322, 'E84.0', 'Cystic fibrosis with pulmonary manifestations', 'D06', 0),
(2323, 'E84.1', 'Cystic fibrosis with intestinal manifestations', 'D06', 0),
(2324, 'E84.8', 'Cystic fibrosis with other manifestations', 'D06', 0),
(2325, 'E84.9', 'Cystic fibrosis, unspecified', 'D06', 0),
(2326, 'E85', 'Amyloidosis', 'D06', 0),
(2327, 'E85.0', 'Non-neuropathic heredofamilial amyloidosis', 'D06', 0),
(2328, 'E85.1', 'Neuropathic heredofamilial amyloidosis', 'D06', 0),
(2329, 'E85.2', 'Heredofamilial amyloidosis, unspecified', 'D06', 0),
(2330, 'E85.3', 'Secondary systemic amyloidosis', 'D06', 0),
(2331, 'E85.4', 'Organ-limited amyloidosis', 'D06', 0),
(2332, 'E85.8', 'Other amyloidosis', 'D06', 0),
(2333, 'E85.9', 'Amyloidosis, unspecified', 'D06', 0),
(2334, 'E86', 'Volume depletion', 'D06', 0),
(2335, 'E87', 'Other disorders of fluid, electrolyte and acid-base balance', 'D06', 0),
(2336, 'E87.0', 'Hyperosmolality and hypernatraemia', 'D06', 0),
(2337, 'E87.1', 'Hypo-osmolality and hyponatraemia', 'D06', 0),
(2338, 'E87.2', 'Acidosis', 'D06', 0),
(2339, 'E87.3', 'Alkalosis', 'D06', 0),
(2340, 'E87.4', 'Mixed disorder of acid-base balance', 'D06', 0),
(2341, 'E87.5', 'Hyperkalaemia', 'D06', 0),
(2342, 'E87.6', 'Hypokalaemia', 'D06', 0),
(2343, 'E87.7', 'Fluid overload', 'D06', 0),
(2344, 'E87.8', 'Other disorders of electrolyte and fluid balance, not elsewhereclassified', 'D06', 0),
(2345, 'E88', 'Other metabolic disorders', 'D06', 0),
(2346, 'E88.0', 'Disorders of plasma-protein metabolism, not elsewhere classified', 'D06', 0),
(2347, 'E88.1', 'Lipodystrophy, not elsewhere classified', 'D06', 0),
(2348, 'E88.2', 'Lipomatosis, not elsewhere classified', 'D06', 0),
(2349, 'E88.8', 'Other specified metabolic disorders', 'D06', 0),
(2350, 'E88.9', 'Metabolic disorder, unspecified', 'D06', 0),
(2351, 'E89', 'Postprocedural endocrine and metabolic disorders, not elsewhereclassified', 'D06', 0),
(2352, 'E89.0', 'Postprocedural hypothyroidism', 'D06', 0),
(2353, 'E89.1', 'Postprocedural hypoinsulinaemia', 'D06', 0),
(2354, 'E89.2', 'Postprocedural hypoparathyroidism', 'D06', 0),
(2355, 'E89.3', 'Postprocedural hypopituitarism', 'D06', 0),
(2356, 'E89.4', 'Postprocedural ovarian failure', 'D06', 0),
(2357, 'E89.5', 'Postprocedural testicular hypofunction', 'D06', 0),
(2358, 'E89.6', 'Postprocedural adrenocortical(-medullary) hypofunction', 'D06', 0),
(2359, 'E89.8', 'Other postprocedural endocrine and metabolic disorders', 'D06', 0),
(2360, 'E89.9', 'Postprocedural endocrine and metabolic disorder, unspecified', 'D06', 0),
(2361, 'E90*', 'Nutritional and metabolic disorders in diseasesclassified elsewhere', 'D06', 0),
(2362, 'F00*', 'Dementia in Alzheimer''s disease (G30.-+)', 'E00', 0),
(2363, 'F00.0*', 'Dementia in Alzheimer''s disease with early onset (G30.0+)', 'E00', 0),
(2364, 'F00.1*', 'Dementia in Alzheimer''s disease with late onset (G30.1+)', 'E00', 0),
(2365, 'F00.2*', 'Dementia in Alzheimer''s disease, atypical or mixed type (G30.8+)', 'E00', 0),
(2366, 'F00.9*', 'Dementia in Alzheimer''s disease, unspecified (G30.9+)', 'E00', 0),
(2367, 'F01', 'Vascular dementia', 'E00', 0),
(2368, 'F01.0', 'Vascular dementia of acute onset', 'E00', 0),
(2369, 'F01.1', 'Multi-infarct dementia', 'E00', 0),
(2370, 'F01.2', 'Subcortical vascular dementia', 'E00', 0),
(2371, 'F01.3', 'Mixed cortical and subcortical vascular dementia', 'E00', 0),
(2372, 'F01.8', 'Other vascular dementia', 'E00', 0),
(2373, 'F01.9', 'Vascular dementia, unspecified', 'E00', 0),
(2374, 'F02*', 'Dementia in other diseases classified elsewhere', 'E00', 0),
(2375, 'F02.0*', 'Dementia in Pick''s disease (G31.0+)', 'E00', 0),
(2376, 'F02.1*', 'Dementia in Creutzfeldt-Jakob disease (A81.0+)', 'E00', 0),
(2377, 'F02.2*', 'Dementia in Huntington''s disease (G10+)', 'E00', 0),
(2378, 'F02.3*', 'Dementia in Parkinson''s disease (G20+)', 'E00', 0),
(2379, 'F02.4*', 'Dementia in human immunodeficiency virus [HIV] disease (B22.0+)', 'E00', 0),
(2380, 'F02.8*', 'Dementia in other specified diseases classified elsewhere', 'E00', 0),
(2381, 'F03', 'Unspecified dementia', 'E00', 0),
(2382, 'F04', 'Organic amnesic syndrome, not induced by alcohol and otherpsychoactive substances', 'E00', 0),
(2383, 'F05', 'Delirium, not induced by alcohol and other psychoactive substances', 'E00', 0),
(2384, 'F05.0', 'Delirium not superimposed on dementia, so described', 'E00', 0),
(2385, 'F05.1', 'Delirium superimposed on dementia', 'E00', 0),
(2386, 'F05.8', 'Other delirium', 'E00', 0),
(2387, 'F05.9', 'Delirium, unspecified', 'E00', 0),
(2388, 'F06', 'Other mental disorders due to brain damage and dysfunction and tophysical disease', 'E00', 0),
(2389, 'F06.0', 'Organic hallucinosis', 'E00', 0),
(2390, 'F06.1', 'Organic catatonic disorder', 'E00', 0),
(2391, 'F06.2', 'Organic delusional [schizophrenia-like] disorder', 'E00', 0),
(2392, 'F06.3', 'Organic mood [affective] disorders', 'E00', 0),
(2393, 'F06.4', 'Organic anxiety disorder', 'E00', 0),
(2394, 'F06.5', 'Organic dissociative disorder', 'E00', 0),
(2395, 'F06.6', 'Organic emotionally labile [asthenic] disorder', 'E00', 0),
(2396, 'F06.7', 'Mild cognitive disorder', 'E00', 0),
(2397, 'F06.8', 'Other specified mental disorders due to brain damage and dysfunctionand to physical disease', 'E00', 0),
(2398, 'F06.9', 'Unspecified mental disorder due to brain damage and dysfunction andto physical disease', 'E00', 0),
(2399, 'F07', 'Personality and behavioural disorders due to brain disease, damageand dysfunction', 'E00', 0),
(2400, 'F07.0', 'Organic personality disorder', 'E00', 0),
(2401, 'F07.1', 'Postencephalitic syndrome', 'E00', 0),
(2402, 'F07.2', 'Postconcussional syndrome', 'E00', 0),
(2403, 'F07.8', 'Other organic personality and behavioural disorders due to braindisease, damage and dysfunction', 'E00', 0),
(2404, 'F07.9', 'Unspecified organic personality and behavioural disorder due tobrain disease, damage and dysfunction', 'E00', 0),
(2405, 'F09', 'Unspecified organic or symptomatic mental disorder', 'E00', 0),
(2406, 'F10', 'Mental and behavioural disorders due to use of alcohol', 'E01', 0),
(2407, 'F10.0', 'Mental and behavioural disorders due to use of alcohol, acuteintoxication', 'E01', 0),
(2408, 'F10.1', 'Mental and behavioural disorders due to use of alcohol, harmful use', 'E01', 0),
(2409, 'F10.2', 'Mental and behavioural disorders due to use of alcohol, dependencesyndrome', 'E01', 0),
(2410, 'F10.3', 'Mental and behavioural disorders due to use of alcohol, withdrawalstate', 'E01', 0),
(2411, 'F10.4', 'Mental and behavioural disorders due to use of alcohol, withdrawalstate with delirium', 'E01', 0),
(2412, 'F10.5', 'Mental and behavioural disorders due to use of alcohol, psychoticdisorder', 'E01', 0),
(2413, 'F10.6', 'Mental and behavioural disorders due to use of alcohol, amnesicsyndrome', 'E01', 0),
(2414, 'F10.7', 'Mental and behavioural disorders due to use of alcohol, residual andlate-onset psychotic disorder', 'E01', 0),
(2415, 'F10.8', 'Mental and behavioural disorders due to use of alcohol, other mentaland behavioural disorders', 'E01', 0),
(2416, 'F10.9', 'Mental and behavioural disorders due to use of alcohol, unspecifiedmental and behavioural disorder', 'E01', 0),
(2417, 'F11', 'Mental and behavioural disorders due to use of opioids', 'E01', 0),
(2418, 'F11.0', 'Mental and behavioural disorders due to use of opioids, acuteintoxication', 'E01', 0),
(2419, 'F11.1', 'Mental and behavioural disorders due to use of opioids, harmful use', 'E01', 0),
(2420, 'F11.2', 'Mental and behavioural disorders due to use of opioids, dependencesyndrome', 'E01', 0),
(2421, 'F11.3', 'Mental and behavioural disorders due to use of opioids, withdrawalstate', 'E01', 0),
(2422, 'F11.4', 'Mental and behavioural disorders due to use of opioids, withdrawalstate with delirium', 'E01', 0),
(2423, 'F11.5', 'Mental and behavioural disorders due to use of opioids, psychoticdisorder', 'E01', 0),
(2424, 'F11.6', 'Mental and behavioural disorders due to use of opioids, amnesicsyndrome', 'E01', 0),
(2425, 'F11.7', 'Mental and behavioural disorders due to use of opioids, residual andlate-onset psychotic disorder', 'E01', 0),
(2426, 'F11.8', 'Mental and behavioural disorders due to use of opioids, other mentaland behavioural disorders', 'E01', 0),
(2427, 'F11.9', 'Mental and behavioural disorders due to use of opioids, unspecifiedmental and behavioural disorder', 'E01', 0),
(2428, 'F12', 'Mental and behavioural disorders due to use of cannabinoids', 'E01', 0);
INSERT INTO `icd_penyakit` (`id`, `kode_penyakit`, `nama_penyakit`, `subkelompok`, `dtd_id`) VALUES
(2429, 'F12.0', 'Mental and behavioural disorders due to use of cannabinoids, acuteintoxication', 'E01', 0),
(2430, 'F12.1', 'Mental and behavioural disorders due to use of cannabinoids, harmfuluse', 'E01', 0),
(2431, 'F12.2', 'Mental and behavioural disorders due to use of cannabinoids,dependence syndrome', 'E01', 0),
(2432, 'F12.3', 'Mental and behavioural disorders due to use of cannabinoids,withdrawal state', 'E01', 0),
(2433, 'F12.4', 'Mental and behavioural disorders due to use of cannabinoids,withdrawal state with delirium', 'E01', 0),
(2434, 'F12.5', 'Mental and behavioural disorders due to use of cannabinoids,psychotic disorder', 'E01', 0),
(2435, 'F12.6', 'Mental and behavioural disorders due to use of cannabionoids,amnesic syndrome', 'E01', 0),
(2436, 'F12.7', 'Mental and behavioural disorders due to use of cannabinoids,residual and late-onset psychotic disord', 'E01', 0),
(2437, 'F12.8', 'Mental and behavioural disorders due to use of cannabinoids, othermental and behavioural disorders', 'E01', 0),
(2438, 'F12.9', 'Mental and behavioural disorders due to use of cannabinoids,unspecified mental and behavioural disor', 'E01', 0),
(2439, 'F13', 'Mental and behavioural disorders due to use of sedatives orhypnotics', 'E01', 0),
(2440, 'F13.0', 'Mental and behavioural disorders due to use of sedatives orhypnotics, acute intoxication', 'E01', 0),
(2441, 'F13.1', 'Mental and behavioural disorders due to use of sedatives orhypnotics, harmful use', 'E01', 0),
(2442, 'F13.2', 'Mental and behavioural disorders due to use of sedatives orhypnotics, dependence syndrome', 'E01', 0),
(2443, 'F13.3', 'Mental and behavioural disorders due to use of sedatives orhypnotics, withdrawal state', 'E01', 0),
(2444, 'F13.4', 'Mental and behavioural disorders due to use of sedatives orhypnotics, withdrawal state with delirium', 'E01', 0),
(2445, 'F13.5', 'Mental and behavioural disorders due to use of sedatives orhypnotics, psychotic disorder', 'E01', 0),
(2446, 'F13.6', 'Mental and behavioural disorders due to use of sedatives orhypnotics, amnesic syndrome', 'E01', 0),
(2447, 'F13.7', 'Mental and behavioural disorders due to use of sedatives orhypnotics, residual and late-onset psycho', 'E01', 0),
(2448, 'F13.8', 'Mental and behavioural disorders due to use of sedatives orhypnotics, other mental and behavioural d', 'E01', 0),
(2449, 'F13.9', 'Mental and behavioural disorders due to use of sedatives orhypnotics, unspecified mental and behavio', 'E01', 0),
(2450, 'F14', 'Mental and behavioural disorders due to use of cocaine', 'E01', 0),
(2451, 'F14.0', 'Mental and behavioural disorders due to use of cocaine, acuteintoxication', 'E01', 0),
(2452, 'F14.1', 'Mental and behavioural disorders due to use of cocaine, harmful use', 'E01', 0),
(2453, 'F14.2', 'Mental and behavioural disorders due to use of cocaine, dependencesyndrome', 'E01', 0),
(2454, 'F14.3', 'Mental and behavioural disorders due to use of cocaine, withdrawalstate', 'E01', 0),
(2455, 'F14.4', 'Mental and behavioural disorders due to use of cocaine, withdrawalstate with delirium', 'E01', 0),
(2456, 'F14.5', 'Mental and behavioural disorders due to use of cocaine, psychoticdisorder', 'E01', 0),
(2457, 'F14.6', 'Mental and behavioural disorders due to use of cocaine, amnesicsyndrome', 'E01', 0),
(2458, 'F14.7', 'Mental and behavioural disorders due to use of cocaine, residual andlate-onset psychotic disorder', 'E01', 0),
(2459, 'F14.8', 'Mental and behavioural disorders due to use of cocaine, other mentaland behavioural disorders', 'E01', 0),
(2460, 'F14.9', 'Mental and behavioural disorders due to use of cocaine, unspecifiedmental and behavioural disorder', 'E01', 0),
(2461, 'F15', 'Mental and behavioural disorders due to use of other stimulants,including caffeine', 'E01', 0),
(2462, 'F15.0', 'Mental and behavioural disorders due to use of other stimulantsincluding caffeine, acute intoxicatio', 'E01', 0),
(2463, 'F15.1', 'Mental and behavioural disorders due to use of other stimulantsincluding caffeine, harmful use', 'E01', 0),
(2464, 'F15.2', 'Mental and behavioural disorders due to use of other stimulantsincluding caffeine, dependence syndro', 'E01', 0),
(2465, 'F15.3', 'Mental and behavioural disorders due to use of other stimulantsincluding caffeine, withdrawal state', 'E01', 0),
(2466, 'F15.4', 'Mental and behavioural disorders due to use of other stimulantsincluding caffeine, withdrawal state', 'E01', 0),
(2467, 'F15.5', 'Mental and behavioural disorders due to use of other stimulantsincluding caffeine, psychotic disorde', 'E01', 0),
(2468, 'F15.6', 'Mental and behavioural disorders due to use of other stimulantsinclduing caffeine, amnesic syndrome', 'E01', 0),
(2469, 'F15.7', 'Mental and behavioural disorders due to use of other stimulantsinclduing caffeine, residual and late', 'E01', 0),
(2470, 'F15.8', 'Mental and behavioural disorders due to use of other stimulantsincluding caffeine, other mental and', 'E01', 0),
(2471, 'F15.9', 'Mental and behavioural disorders due to use of other stimulantsincluding caffeine, unspecified menta', 'E01', 0),
(2472, 'F16', 'Mental and behavioural disorders due to use of hallucinogens', 'E01', 0),
(2473, 'F16.0', 'Mental and behavioural disorders due to use of hallucinogens, acuteintoxication', 'E01', 0),
(2474, 'F16.1', 'Mental and behavioural disorders due to use of hallucinogens,harmful use', 'E01', 0),
(2475, 'F16.2', 'Mental and behavioural disorders due to use of hallucinogens,dependence syndrome', 'E01', 0),
(2476, 'F16.3', 'Mental and behavioural disorders due to use of hallucinogens,withdrawal state', 'E01', 0),
(2477, 'F16.4', 'Mental and behavioural disorders due to use of hallucinogens,withdrawal state with delirium', 'E01', 0),
(2478, 'F16.5', 'Mental and behavioural disorders due to use of hallucinogens,psychotic disorder', 'E01', 0),
(2479, 'F16.6', 'Mental and behavioural disorders due to use of hallucinogens,amnesic syndrome', 'E01', 0),
(2480, 'F16.7', 'Mental and behavioural disorders due to use of hallucinogens,residual and late-onset psychotic disor', 'E01', 0),
(2481, 'F16.8', 'Mental and behavioural disorders due to use of hallucinogens, othermental and behavioural disorders', 'E01', 0),
(2482, 'F16.9', 'Mental and behavioural disorders due to use of hallucinogens,unspecified mental and behavioural diso', 'E01', 0),
(2483, 'F17', 'Mental and behavioural disorders due to use of tobacco', 'E01', 0),
(2484, 'F17.0', 'Mental and behavioural disorders due to use of tobacco, acuteintoxication', 'E01', 0),
(2485, 'F17.1', 'Mental and behavioural disorders due to use of tobacco, harmful use', 'E01', 0),
(2486, 'F17.2', 'Mental and behavioural disorders due to use of tobacco, dependencesyndrome', 'E01', 0),
(2487, 'F17.3', 'Mental and behavioural disorders due to use of tobacco, withdrawalstate', 'E01', 0),
(2488, 'F17.4', 'Mental and behavioural disorders due to use of tobacco, withdrawalstate with delirium', 'E01', 0),
(2489, 'F17.5', 'Mental and behavioural disorders due to use of tobacco, psychoticdisorder', 'E01', 0),
(2490, 'F17.6', 'Mental and behavioural disorders due to use of tobacco, amnesicsyndrome', 'E01', 0),
(2491, 'F17.7', 'Mental and behavioural disorders due to use of tobacco, residual andlate-onset psychotic disorder', 'E01', 0),
(2492, 'F17.8', 'Mental and behavioural disorders due to use of tobacco, other mentaland behavioural disorders', 'E01', 0),
(2493, 'F17.9', 'Mental and behavioural disorders due to use of tobacco, unspecifiedmental and behavioural disorder', 'E01', 0),
(2494, 'F18', 'Mental and behavioural disorders due to use of volatile solvents', 'E01', 0),
(2495, 'F18.0', 'Mental and behavioural disorders due to use of volatile solvents,acute intoxication', 'E01', 0),
(2496, 'F18.1', 'Mental and behavioural disorders due to use of volatile solvents,harmful use', 'E01', 0),
(2497, 'F18.2', 'Mental and behavioural disorders due to use of volatile solvents,dependence syndrome', 'E01', 0),
(2498, 'F18.3', 'Mental and behavioural disorders due to use of volatile solvents,withdrawal state', 'E01', 0),
(2499, 'F18.4', 'Mental and behavioural disorders due to use of volatile solvents,withdrawal state with delirium', 'E01', 0),
(2500, 'F18.5', 'Mental and behavioural disorders due to use of volatile solvents,psychotic disorder', 'E01', 0),
(2501, 'F18.6', 'Mental and behavioural disorders due to use of volatile solvents,amnesic syndrome', 'E01', 0),
(2502, 'F18.7', 'Mental and behavioural disorders due to use of volatile solvents,residual and late-onset psychotic d', 'E01', 0),
(2503, 'F18.8', 'Mental and behavioural disorders due to use of volatile solvents,other mental and behavioural disord', 'E01', 0),
(2504, 'F18.9', 'Mental and behavioural disorders due to use of volatile solvents,unspecified mental and behavioural', 'E01', 0),
(2505, 'F19', 'Mental and behavioural disorders due to multiple drug use and use ofother psychoactive substances', 'E01', 0),
(2506, 'F19.0', 'Mental and behavioural disorders due to multiple drug use and use ofpsychoactive substances, acute i', 'E01', 0),
(2507, 'F19.1', 'Mental and behavioural disorders due to multiple drug use and use ofpsychoactive substances, harmful', 'E01', 0),
(2508, 'F19.2', 'Mental and behavioural disorders due to multiple drug use and use ofpsychoactive substances, depende', 'E01', 0),
(2509, 'F19.3', 'Mental and behavioural disorders due to multiple drug use and use ofpsychoactive substances, withdra', 'E01', 0),
(2510, 'F19.4', 'Mental and behavioural disorders due to multiple drug sue and use ofpsychoactive substances, withdra', 'E01', 0),
(2511, 'F19.5', 'Mental and behavioural disorders due to multiple drug use and use ofpsychoactive substances, psychot', 'E01', 0),
(2512, 'F19.6', 'Mental and behavioural disorders due to multiple drug use and use ofpsychoactive substances, amnesic', 'E01', 0),
(2513, 'F19.7', 'Mental and behavioural disorders due to multiple drug use and use ofpsychoactive substances, residua', 'E01', 0),
(2514, 'F19.8', 'Mental and behavioural disorders due to multiple drug use and use ofpsychoactive substances, other m', 'E01', 0),
(2515, 'F19.9', 'Mental and behavioural disorders due to multiple drug use and use ofpsychoactive substances, unspeci', 'E01', 0),
(2516, 'F20', 'Schizophrenia', 'E02', 0),
(2517, 'F20.0', 'Paranoid schizophrenia', 'E02', 0),
(2518, 'F20.1', 'Hebephrenic schizophrenia', 'E02', 0),
(2519, 'F20.2', 'Catatonic schizophrenia', 'E02', 0),
(2520, 'F20.3', 'Undifferentiated schizophrenia', 'E02', 0),
(2521, 'F20.4', 'Post-schizophrenic depression', 'E02', 0),
(2522, 'F20.5', 'Residual schizophrenia', 'E02', 0),
(2523, 'F20.6', 'Simple schizophrenia', 'E02', 0),
(2524, 'F20.8', 'Other schizophrenia', 'E02', 0),
(2525, 'F20.9', 'Schizophrenia, unspecified', 'E02', 0),
(2526, 'F21', 'Schizotypal disorder', 'E02', 0),
(2527, 'F22', 'Persistent delusional disorders', 'E02', 0),
(2528, 'F22.0', 'Delusional disorder', 'E02', 0),
(2529, 'F22.8', 'Other persistent delusional disorders', 'E02', 0),
(2530, 'F22.9', 'Persistent delusional disorder, unspecified', 'E02', 0),
(2531, 'F23', 'Acute and transient psychotic disorders', 'E02', 0),
(2532, 'F23.0', 'Acute polymorphic psychotic disorder without symptoms ofschizophrenia', 'E02', 0),
(2533, 'F23.1', 'Acute polymorphic psychotic disorder with symptoms of schizophrenia', 'E02', 0),
(2534, 'F23.2', 'Acute schizophrenia-like psychotic disorder', 'E02', 0),
(2535, 'F23.3', 'Other acute predominantly delusional psychotic disorders', 'E02', 0),
(2536, 'F23.8', 'Other acute and transient psychotic disorders', 'E02', 0),
(2537, 'F23.9', 'Acute and transient psychotic disorder, unspecified', 'E02', 0),
(2538, 'F24', 'Induced delusional disorder', 'E02', 0),
(2539, 'F25', 'Schizoaffective disorders', 'E02', 0),
(2540, 'F25.0', 'Schizoaffective disorder, manic type', 'E02', 0),
(2541, 'F25.1', 'Schizoaffective disorder, depressive type', 'E02', 0),
(2542, 'F25.2', 'Schizoaffective disorder, mixed type', 'E02', 0),
(2543, 'F25.8', 'Other schizoaffective disorders', 'E02', 0),
(2544, 'F25.9', 'Schizoaffective disorder, unspecified', 'E02', 0),
(2545, 'F28', 'Other nonorganic psychotic disorders', 'E02', 0),
(2546, 'F29', 'Unspecified nonorganic psychosis', 'E02', 0),
(2547, 'F30', 'Manic episode', 'E02', 0),
(2548, 'F30.0', 'Hypomania', 'E02', 0),
(2549, 'F30.1', 'Mania without psychotic symptoms', 'E02', 0),
(2550, 'F30.2', 'Mania with psychotic symptoms', 'E03', 0),
(2551, 'F30.8', 'Other manic episodes', 'E03', 0),
(2552, 'F30.9', 'Manic episode, unspecified', 'E03', 0),
(2553, 'F31', 'Bipolar affective disorder', 'E03', 0),
(2554, 'F31.0', 'Bipolar affective disorder, current episode hypomanic', 'E03', 0),
(2555, 'F31.1', 'Bipolar affective disorder, current episode manic without psychoticsymptoms', 'E03', 0),
(2556, 'F31.2', 'Bipolar affective disorder, current episode manic with psychoticsymptoms', 'E03', 0),
(2557, 'F31.3', 'Bipolar affective disorder, current episode mild or moderatedepression', 'E03', 0),
(2558, 'F31.4', 'Bipolar affective disorder, current episode severe depressionwithout psychotic symptoms', 'E03', 0),
(2559, 'F31.5', 'Bipolar affective disorder, current episode severe depression withpsychotic symptoms', 'E03', 0),
(2560, 'F31.6', 'Bipolar affective disorder, current episode mixed', 'E03', 0),
(2561, 'F31.7', 'Bipolar affective disorder, currently in remission', 'E03', 0),
(2562, 'F31.8', 'Other bipolar affective disorders', 'E03', 0),
(2563, 'F31.9', 'Bipolar affective disorder, unspecified', 'E03', 0),
(2564, 'F32', 'Depressive episode', 'E03', 0),
(2565, 'F32.0', 'Mild depressive episode', 'E03', 0),
(2566, 'F32.1', 'Moderate depressive episode', 'E03', 0),
(2567, 'F32.2', 'Severe depressive episode without psychotic symptoms', 'E03', 0),
(2568, 'F32.3', 'Severe depressive episode with psychotic symptoms', 'E03', 0),
(2569, 'F32.8', 'Other depressive episodes', 'E03', 0),
(2570, 'F32.9', 'Depressive episode, unspecified', 'E03', 0),
(2571, 'F33', 'Recurrent depressive disorder', 'E03', 0),
(2572, 'F33.0', 'Recurrent depressive disorder, current episode mild', 'E03', 0),
(2573, 'F33.1', 'Recurrent depressive disorder, current episode moderate', 'E03', 0),
(2574, 'F33.2', 'Recurrent depressive disorder, current episode severe withoutpsychotic symptoms', 'E03', 0),
(2575, 'F33.3', 'Recurrent depressive disorder, current episode severe with psychoticsymptoms', 'E03', 0),
(2576, 'F33.4', 'Recurrent depressive disorder, currently in remission', 'E03', 0),
(2577, 'F33.8', 'Other recurrent depressive disorders', 'E03', 0),
(2578, 'F33.9', 'Recurrent depressive disorder, unspecified', 'E03', 0),
(2579, 'F34', 'Persistent mood [affective] disorders', 'E03', 0),
(2580, 'F34.0', 'Cyclothymia', 'E03', 0),
(2581, 'F34.1', 'Dysthymia', 'E03', 0),
(2582, 'F34.8', 'Other persistent mood [affective] disorders', 'E03', 0),
(2583, 'F34.9', 'Persistent mood [affective] disorder, unspecified', 'E03', 0),
(2584, 'F38', 'Other mood [affective] disorders', 'E03', 0),
(2585, 'F38.0', 'Other single mood [affective] disorders', 'E03', 0),
(2586, 'F38.1', 'Other recurrent mood [affective] disorders', 'E03', 0),
(2587, 'F38.8', 'Other specified mood [affective] disorders', 'E03', 0),
(2588, 'F39', 'Unspecified mood [affective] disorder', 'E03', 0),
(2589, 'F40', 'Phobic anxiety disorders', 'E04', 0),
(2590, 'F40.0', 'Agoraphobia', 'E04', 0),
(2591, 'F40.1', 'Social phobias', 'E04', 0),
(2592, 'F40.2', 'Specific (isolated) phobias', 'E04', 0),
(2593, 'F40.8', 'Other phobic anxiety disorders', 'E04', 0),
(2594, 'F40.9', 'Phobic anxiety disorder, unspecified', 'E04', 0),
(2595, 'F41', 'Other anxiety disorders', 'E04', 0),
(2596, 'F41.0', 'Panic disorder [episodic paroxysmal anxiety]', 'E04', 0),
(2597, 'F41.1', 'Generalized anxiety disorder', 'E04', 0),
(2598, 'F41.2', 'Mixed anxiety and depressive disorder', 'E04', 0),
(2599, 'F41.3', 'Other mixed anxiety disorders', 'E04', 0),
(2600, 'F41.8', 'Other specified anxiety disorders', 'E04', 0),
(2601, 'F41.9', 'Anxiety disorder, unspecified', 'E04', 0),
(2602, 'F42', 'Obsessive-compulsive disorder', 'E04', 0),
(2603, 'F42.0', 'Predominantly obsessional thoughts or ruminations', 'E04', 0),
(2604, 'F42.1', 'Predominantly compulsive acts [obsessional rituals]', 'E04', 0),
(2605, 'F42.2', 'Mixed obsessional thoughts and acts', 'E04', 0),
(2606, 'F42.8', 'Other obsessive-compulsive disorders', 'E04', 0),
(2607, 'F42.9', 'Obsessive-compulsive disorder, unspecified', 'E04', 0),
(2608, 'F43', 'Reaction to severe stress, and adjustment disorders', 'E04', 0),
(2609, 'F43.0', 'Acute stress reaction', 'E04', 0),
(2610, 'F43.1', 'Post-traumatic stress disorder', 'E04', 0),
(2611, 'F43.2', 'Adjustment disorders', 'E04', 0),
(2612, 'F43.8', 'Other reactions to severe stress', 'E04', 0),
(2613, 'F43.9', 'Reaction to severe stress, unspecified', 'E04', 0),
(2614, 'F44', 'Dissociative [conversion] disorders', 'E04', 0),
(2615, 'F44.0', 'Dissociative amnesia', 'E04', 0),
(2616, 'F44.1', 'Dissociative fugue', 'E04', 0),
(2617, 'F44.2', 'Dissociative stupor', 'E04', 0),
(2618, 'F44.3', 'Trance and possession disorders', 'E04', 0),
(2619, 'F44.4', 'Dissociative motor disorders', 'E04', 0),
(2620, 'F44.5', 'Dissociative convulsions', 'E04', 0),
(2621, 'F44.6', 'Dissociative anaesthesia and sensory loss', 'E04', 0),
(2622, 'F44.7', 'Mixed dissociative [conversion] disorders', 'E04', 0),
(2623, 'F44.8', 'Other dissociative [conversion] disorders', 'E04', 0),
(2624, 'F44.9', 'Dissociative [conversion] disorder, unspecified', 'E04', 0),
(2625, 'F45', 'Somatoform disorders', 'E04', 0),
(2626, 'F45.0', 'Somatization disorder', 'E04', 0),
(2627, 'F45.1', 'Undifferentiated somatoform disorder', 'E04', 0),
(2628, 'F45.2', 'Hypochondriacal disorder', 'E04', 0),
(2629, 'F45.3', 'Somatoform autonomic dysfunction', 'E04', 0),
(2630, 'F45.4', 'Persistent somatoform pain disorder', 'E04', 0),
(2631, 'F45.8', 'Other somatoform disorders', 'E04', 0),
(2632, 'F45.9', 'Somatoform disorder, unspecified', 'E04', 0),
(2633, 'F48', 'Other neurotic disorders', 'E04', 0),
(2634, 'F48.0', 'Neurasthenia', 'E04', 0),
(2635, 'F48.1', 'Depersonalization-derealization syndrome', 'E04', 0),
(2636, 'F48.8', 'Other specified neurotic disorders', 'E04', 0),
(2637, 'F48.9', 'Neurotic disorder, unspecified', 'E04', 0),
(2638, 'F50', 'Eating disorders', 'E05', 0),
(2639, 'F50.0', 'Anorexia nervosa', 'E05', 0),
(2640, 'F50.1', 'Atypical anorexia nervosa', 'E05', 0),
(2641, 'F50.2', 'Bulimia nervosa', 'E05', 0),
(2642, 'F50.3', 'Atypical bulimia nervosa', 'E05', 0),
(2643, 'F50.4', 'Overeating associated with other psychological disturbances', 'E05', 0),
(2644, 'F50.5', 'Vomiting associated with other psychological disturbances', 'E05', 0),
(2645, 'F50.8', 'Other eating disorders', 'E05', 0),
(2646, 'F50.9', 'Eating disorder, unspecified', 'E05', 0),
(2647, 'F51', 'Nonorganic sleep disorders', 'E05', 0),
(2648, 'F51.0', 'Nonorganic insomnia', 'E05', 0),
(2649, 'F51.1', 'Nonorganic hypersomnia', 'E05', 0),
(2650, 'F51.2', 'Nonorganic disorder of the sleep-wake schedule', 'E05', 0),
(2651, 'F51.3', 'Sleepwalking [somnambulism]', 'E05', 0),
(2652, 'F51.4', 'Sleep terrors [night terrors]', 'E05', 0),
(2653, 'F51.5', 'Nightmares', 'E05', 0),
(2654, 'F51.8', 'Other nonorganic sleep disorders', 'E05', 0),
(2655, 'F51.9', 'Nonorganic sleep disorder, unspecified', 'E05', 0),
(2656, 'F52', 'Sexual dysfunction, not caused by organic disorder or disease', 'E05', 0),
(2657, 'F52.0', 'Lack or loss of sexual desire', 'E05', 0),
(2658, 'F52.1', 'Sexual aversion and lack of sexual enjoyment', 'E05', 0),
(2659, 'F52.2', 'Failure of genital response', 'E05', 0),
(2660, 'F52.3', 'Orgasmic dysfunction', 'E05', 0),
(2661, 'F52.4', 'Premature ejaculation', 'E05', 0),
(2662, 'F52.5', 'Nonorganic vaginismus', 'E05', 0),
(2663, 'F52.6', 'Nonorganic dyspareunia', 'E05', 0),
(2664, 'F52.7', 'Excessive sexual drive', 'E05', 0),
(2665, 'F52.8', 'Other sexual dysfunction, not caused by organic disorder or disease', 'E05', 0),
(2666, 'F52.9', 'Unspecified sexual dysfunction, not caused by organic disorder ordisease', 'E05', 0),
(2667, 'F53', 'Mental and behavioural disorders associated with the puerperium, notelsewhere classified', 'E05', 0),
(2668, 'F53.0', 'Mild mental and behavioural disorders associated with thepuerperium, not elsewhere classified', 'E05', 0),
(2669, 'F53.1', 'Severe mental and behavioural disorders associated with thepuerperium, not elsewhere classified', 'E05', 0),
(2670, 'F53.8', 'Other mental and behavioural disorders associated with thepuerperium, not elsewhere classified', 'E05', 0),
(2671, 'F53.9', 'Puerperal mental disorder, unspecified', 'E05', 0),
(2672, 'F54', 'Psychological and behavioural factors associated with disorders ordiseases classified elsewhere', 'E05', 0),
(2673, 'F55', 'Abuse of non-dependence-producing substances', 'E05', 0),
(2674, 'F59', 'Unspecified behavioural syndromes associated with physiologicaldisturbances and physical factors', 'E05', 0),
(2675, 'F60', 'Specific personality disorders', 'E05', 0),
(2676, 'F60.0', 'Paranoid personality disorder', 'E05', 0),
(2677, 'F60.1', 'Schizoid personality disorder', 'E05', 0),
(2678, 'F60.2', 'Dissocial personality disorder', 'E05', 0),
(2679, 'F60.3', 'Emotionally unstable personality disorder', 'E05', 0),
(2680, 'F60.4', 'Histrionic personality disorder', 'E05', 0),
(2681, 'F60.5', 'Anankastic personality disorder', 'E05', 0),
(2682, 'F60.6', 'Anxious [avoidant] personality disorder', 'E05', 0),
(2683, 'F60.7', 'Dependent personality disorder', 'E05', 0),
(2684, 'F60.8', 'Other specific personality disorders', 'E05', 0),
(2685, 'F60.9', 'Personality disorder, unspecified', 'E05', 0),
(2686, 'F61', 'Mixed and other personality disorders', 'E05', 0),
(2687, 'F62', 'Enduring personality changes, not attributable to brain damage anddisease', 'E05', 0),
(2688, 'F62.0', 'Enduring personality change after catastrophic experience', 'E05', 0),
(2689, 'F62.1', 'Enduring personality change after psychiatric illness', 'E05', 0),
(2690, 'F62.8', 'Other enduring personality changes', 'E05', 0),
(2691, 'F62.9', 'Enduring personality change, unspecified', 'E05', 0),
(2692, 'F63', 'Habit and impulse disorders', 'E05', 0),
(2693, 'F63.0', 'Pathological gambling', 'E05', 0),
(2694, 'F63.1', 'Pathological fire-setting [pyromania]', 'E05', 0),
(2695, 'F63.2', 'Pathological stealing [kleptomania]', 'E05', 0),
(2696, 'F63.3', 'Trichotillomania', 'E05', 0),
(2697, 'F63.8', 'Other habit and impulse disorders', 'E05', 0),
(2698, 'F63.9', 'Habit and impulse disorder, unspecified', 'E05', 0),
(2699, 'F64', 'Gender identity disorders', 'E05', 0),
(2700, 'F64.0', 'Transsexualism', 'E05', 0),
(2701, 'F64.1', 'Dual-role transvestism', 'E05', 0),
(2702, 'F64.2', 'Gender identity disorder of childhood', 'E05', 0),
(2703, 'F64.8', 'Other gender identity disorders', 'E05', 0),
(2704, 'F64.9', 'Gender identity disorder, unspecified', 'E05', 0),
(2705, 'F65', 'Disorders of sexual preference', 'E05', 0),
(2706, 'F65.0', 'Fetishism', 'E05', 0),
(2707, 'F65.1', 'Fetishistic transvestism', 'E05', 0),
(2708, 'F65.2', 'Exhibitionism', 'E05', 0),
(2709, 'F65.3', 'Voyeurism', 'E05', 0),
(2710, 'F65.4', 'Paedophilia', 'E05', 0),
(2711, 'F65.5', 'Sadomasochism', 'E05', 0),
(2712, 'F65.6', 'Multiple disorders of sexual preference', 'E05', 0),
(2713, 'F65.8', 'Other disorders of sexual preference', 'E05', 0),
(2714, 'F65.9', 'Disorder of sexual preference, unspecified', 'E05', 0),
(2715, 'F66', 'Psychological and behavioural disorders associated with sexualdevelopment and orientation', 'E05', 0),
(2716, 'F66.0', 'Sexual maturation disorder', 'E05', 0),
(2717, 'F66.1', 'Egodystonic sexual orientation', 'E05', 0),
(2718, 'F66.2', 'Sexual relationship disorder', 'E05', 0),
(2719, 'F66.8', 'Other psychosexual development disorders', 'E05', 0),
(2720, 'F66.9', 'Psychosexual development disorder, unspecified', 'E05', 0),
(2721, 'F68', 'Other disorders of adult personality and behaviour', 'E05', 0),
(2722, 'F68.0', 'Elaboration of physical symptoms for psychological reasons', 'E05', 0),
(2723, 'F68.1', 'Intentional production or feigning of symptoms or disabilities,either physical or psychological [fac', 'E05', 0),
(2724, 'F68.8', 'Other specified disorders of adult personality and behaviour', 'E05', 0),
(2725, 'F69', 'Unspecified disorder of adult personality and behaviour', 'E05', 0),
(2726, 'F70', 'Mild mental retardation', 'E06', 0),
(2727, 'F70.0', 'Mild mental retardation with the statement of no, or minimal,impairment of behaviour', 'E06', 0),
(2728, 'F70.1', 'Mild mental retardation, significant impairment of behaviourrequiring attention or treatment', 'E06', 0),
(2729, 'F70.8', 'Mild mental retardation, other impairments of behaviour', 'E06', 0),
(2730, 'F70.9', 'Mild mental retardation without mention of impairment of behaviour', 'E06', 0),
(2731, 'F71', 'Moderate mental retardation', 'E06', 0),
(2732, 'F71.0', 'Moderate mental retardation with the statement of no, or minimal,impairment of behaviour', 'E06', 0),
(2733, 'F71.1', 'Moderate mental retardation, significant impairment of behaviourrequiring attention or treatment', 'E06', 0),
(2734, 'F71.8', 'Moderate mental retardation, other impairments of behaviour', 'E06', 0),
(2735, 'F71.9', 'Moderate mental retardation without mention of impairment ofbehaviour', 'E06', 0),
(2736, 'F72', 'Severe mental retardation', 'E06', 0),
(2737, 'F72.0', 'Severe mental retardation with the statement of no, or minimal,impairment of behaviour', 'E06', 0),
(2738, 'F72.1', 'Severe mental retardation, significant impairment of behaviourrequiring attention or treatment', 'E06', 0),
(2739, 'F72.8', 'Severe mental retardation, other impairments of behaviour', 'E06', 0),
(2740, 'F72.9', 'Severe mental retardation without mention of impairment of behaviour', 'E06', 0),
(2741, 'F73', 'Profound mental retardation', 'E06', 0),
(2742, 'F73.0', 'Profound mental retardation with the statement of no, or minimal,impairment of behaviour', 'E06', 0),
(2743, 'F73.1', 'Profound mental retardation, significant impairment of behaviourrequiring attention or treatment', 'E06', 0),
(2744, 'F73.8', 'Profound mental retardation, other impairments of behaviour', 'E06', 0),
(2745, 'F73.9', 'Profound mental retardation without mention of impairment ofbehaviour', 'E06', 0),
(2746, 'F78', 'Other mental retardation', 'E06', 0),
(2747, 'F78.0', 'Other mental retardation with the statement of no, or minimal,impairment of behaviour', 'E06', 0),
(2748, 'F78.1', 'Other mental retardation, significant impairment of behaviourrequiring attention or treatment', 'E06', 0),
(2749, 'F78.8', 'Other mental retardation, other impairments of behaviour', 'E06', 0),
(2750, 'F78.9', 'Other mental retardation without mention of impairment of behaviour', 'E06', 0),
(2751, 'F79', 'Unspecified mental retardation', 'E06', 0),
(2752, 'F79.0', 'Unspecified mental retardation with the statement of no, or minimal,impairment of behaviour', 'E06', 0),
(2753, 'F79.1', 'Unspecified mental retardation, significant impairment of behaviourrequiring attention or treatment', 'E06', 0),
(2754, 'F79.8', 'Unspecified mental retardation, other impairments of behaviour', 'E06', 0),
(2755, 'F79.9', 'Unspecified mental retardation without mention of impairment ofbehaviour', 'E06', 0),
(2756, 'F80', 'Specific developmental disorders of speech and language', 'E07', 0),
(2757, 'F80.0', 'Specific speech articulation disorder', 'E07', 0),
(2758, 'F80.1', 'Expressive language disorder', 'E07', 0),
(2759, 'F80.2', 'Receptive language disorder', 'E07', 0),
(2760, 'F80.3', 'Acquired aphasia with epilepsy [Landau-Kleffner]', 'E07', 0),
(2761, 'F80.8', 'Other developmental disorders of speech and language', 'E07', 0),
(2762, 'F80.9', 'Developmental disorder of speech and language, unspecified', 'E07', 0),
(2763, 'F81', 'Specific developmental disorders of scholastic skills', 'E07', 0),
(2764, 'F81.0', 'Specific reading disorder', 'E07', 0),
(2765, 'F81.1', 'Specific spelling disorder', 'E07', 0),
(2766, 'F81.2', 'Specific disorder of arithmetical skills', 'E07', 0),
(2767, 'F81.3', 'Mixed disorder of scholastic skills', 'E07', 0),
(2768, 'F81.8', 'Other developmental disorders of scholastic skills', 'E07', 0),
(2769, 'F81.9', 'Developmental disorder of scholastic skills, unspecified', 'E07', 0),
(2770, 'F82', 'Specific developmental disorder of motor function', 'E07', 0),
(2771, 'F83', 'Mixed specific developmental disorders', 'E07', 0),
(2772, 'F84', 'Pervasive developmental disorders', 'E07', 0),
(2773, 'F84.0', 'Childhood autism', 'E07', 0),
(2774, 'F84.1', 'Atypical autism', 'E07', 0),
(2775, 'F84.2', 'Rett''s syndrome', 'E07', 0),
(2776, 'F84.3', 'Other childhood disintegrative disorder', 'E07', 0),
(2777, 'F84.4', 'Overactive disorder associated with mental retardation andstereotyped movements', 'E07', 0),
(2778, 'F84.5', 'Asperger''s syndrome', 'E07', 0),
(2779, 'F84.8', 'Other pervasive developmental disorders', 'E07', 0),
(2780, 'F84.9', 'Pervasive developmental disorder, unspecified', 'E07', 0),
(2781, 'F88', 'Other disorders of psychological development', 'E07', 0),
(2782, 'F89', 'Unspecified disorder of psychological development', 'E07', 0),
(2783, 'F90', 'Hyperkinetic disorders', 'E08', 0),
(2784, 'F90.0', 'Disturbance of activity and attention', 'E08', 0),
(2785, 'F90.1', 'Hyperkinetic conduct disorder', 'E08', 0),
(2786, 'F90.8', 'Other hyperkinetic disorders', 'E08', 0),
(2787, 'F90.9', 'Hyperkinetic disorder, unspecified', 'E08', 0),
(2788, 'F91', 'Conduct disorders', 'E08', 0),
(2789, 'F91.0', 'Conduct disorder confined to the family context', 'E08', 0),
(2790, 'F91.1', 'Unsocialized conduct disorder', 'E08', 0),
(2791, 'F91.2', 'Socialized conduct disorder', 'E08', 0),
(2792, 'F91.3', 'Oppositional defiant disorder', 'E08', 0),
(2793, 'F91.8', 'Other conduct disorders', 'E08', 0),
(2794, 'F91.9', 'Conduct disorder, unspecified', 'E08', 0),
(2795, 'F92', 'Mixed disorders of conduct and emotions', 'E08', 0),
(2796, 'F92.0', 'Depressive conduct disorder', 'E08', 0),
(2797, 'F92.8', 'Other mixed disorders of conduct and emotions', 'E08', 0),
(2798, 'F92.9', 'Mixed disorder of conduct and emotions, unspecified', 'E08', 0),
(2799, 'F93', 'Emotional disorders with onset specific to childhood', 'E08', 0),
(2800, 'F93.0', 'Separation anxiety disorder of childhood', 'E08', 0),
(2801, 'F93.1', 'Phobic anxiety disorder of childhood', 'E08', 0),
(2802, 'F93.2', 'Social anxiety disorder of childhood', 'E08', 0),
(2803, 'F93.3', 'Sibling rivalry disorder', 'E08', 0),
(2804, 'F93.8', 'Other childhood emotional disorders', 'E08', 0),
(2805, 'F93.9', 'Childhood emotional disorder, unspecified', 'E08', 0),
(2806, 'F94', 'Disorders of social functioning with onset specific to childhood andadolescence', 'E08', 0),
(2807, 'F94.0', 'Elective mutism', 'E08', 0),
(2808, 'F94.1', 'Reactive attachment disorder of childhood', 'E08', 0),
(2809, 'F94.2', 'Disinhibited attachment disorder of childhood', 'E08', 0),
(2810, 'F94.8', 'Other childhood disorders of social functioning', 'E08', 0),
(2811, 'F94.9', 'Childhood disorder of social functioning, unspecified', 'E08', 0),
(2812, 'F95', 'Tic disorders', 'E08', 0),
(2813, 'F95.0', 'Transient tic disorder', 'E08', 0),
(2814, 'F95.1', 'Chronic motor or vocal tic disorder', 'E08', 0),
(2815, 'F95.2', 'Combined vocal and multiple motor tic disorder [de la Tourette]', 'E08', 0),
(2816, 'F95.8', 'Other tic disorders', 'E08', 0),
(2817, 'F95.9', 'Tic disorder, unspecified', 'E08', 0),
(2818, 'F98', 'Other behavioural and emotional disorders with onset usuallyoccurring in childhood and adolescence', 'E08', 0),
(2819, 'F98.0', 'Nonorganic enuresis', 'E08', 0),
(2820, 'F98.1', 'Nonorganic encopresis', 'E08', 0),
(2821, 'F98.2', 'Feeding disorder of infancy and childhood', 'E08', 0),
(2822, 'F98.3', 'Pica of infancy and childhood', 'E08', 0),
(2823, 'F98.4', 'Stereotyped movement disorders', 'E08', 0),
(2824, 'F98.5', 'Stuttering [stammering]', 'E08', 0),
(2825, 'F98.6', 'Cluttering', 'E08', 0),
(2826, 'F98.8', 'Other specified behavioural and emotional disorders with onsetusually occurring in childhood and ado', 'E08', 0),
(2827, 'F98.9', 'Unspecified behavioural and emotional disorders with onset usuallyoccurring in childhood and adolesc', 'E08', 0),
(2828, 'F99', 'Mental disorder, not otherwise specified', 'E09', 0),
(2829, 'G00', 'Bacterial meningitis, not elsewhere classified', 'F00', 0),
(2830, 'G00.0', 'Haemophilus meningitis', 'F00', 0),
(2831, 'G00.1', 'Pneumococcal meningitis', 'F00', 0),
(2832, 'G00.2', 'Streptococcal meningitis', 'F00', 0),
(2833, 'G00.3', 'Staphylococcal meningitis', 'F00', 0),
(2834, 'G00.8', 'Other bacterial meningitis', 'F00', 0),
(2835, 'G00.9', 'Bacterial meningitis, unspecified', 'F00', 0),
(2836, 'G01*', 'Meningitis in bacterial diseases classified elsewhere', 'F00', 0),
(2837, 'G02*', 'Meningitis in other infectious and parasitic diseases classifiedelsewhere', 'F00', 0),
(2838, 'G02.0*', 'Meningitis in viral diseases classified elsewhere', 'F00', 0),
(2839, 'G02.1*', 'Meningitis in mycoses', 'F00', 0),
(2840, 'G02.8*', 'Meningitis in other specified infectious and parasitic diseasesclassified elsewhere', 'F00', 0),
(2841, 'G03', 'Meningitis due to other and unspecified causes', 'F00', 0),
(2842, 'G03.0', 'Nonpyogenic meningitis', 'F00', 0),
(2843, 'G03.1', 'Chronic meningitis', 'F00', 0),
(2844, 'G03.2', 'Benign recurrent meningitis [Mollaret]', 'F00', 0),
(2845, 'G03.8', 'Meningitis due to other specified causes', 'F00', 0),
(2846, 'G03.9', 'Meningitis, unspecified', 'F00', 0),
(2847, 'G04', 'Encephalitis, myelitis and encephalomyelitis', 'F00', 0),
(2848, 'G04.0', 'Acute disseminated encephalitis', 'F00', 0),
(2849, 'G04.1', 'Tropical spastic paraplegia', 'F00', 0),
(2850, 'G04.2', 'Bacterial meningoencephalitis and meningomyelitis, not elsewhereclassified', 'F00', 0),
(2851, 'G04.8', 'Other encephalitis, myelitis and encephalomyelitis', 'F00', 0),
(2852, 'G04.9', 'Encephalitis, myelitis and encephalomyelitis, unspecified', 'F00', 0),
(2853, 'G05*', 'Encephalitis, myelitis and encephalomyelitis in diseases classifiedelsewhere', 'F00', 0),
(2854, 'G05.0*', 'Encephalitis, myelitis and encephalomyelitis in bacterial diseasesclassified elsewhere', 'F00', 0),
(2855, 'G05.1*', 'Encephalitis, myelitis and encephalomyelitis in viral diseasesclassified elsewhere', 'F00', 0),
(2856, 'G05.2*', 'Encephalitis, myelitis and encephalomyelitis in other infectious andparasitic diseases classified el', 'F00', 0),
(2857, 'G05.8*', 'Encephalitis, myelitis and encephalomyelitis in other diseasesclassified elsewhere', 'F00', 0),
(2858, 'G06', 'Intracranial and intraspinal abscess and granuloma', 'F00', 0),
(2859, 'G06.0', 'Intracranial abscess and granuloma', 'F00', 0),
(2860, 'G06.1', 'Intraspinal abscess and granuloma', 'F00', 0),
(2861, 'G06.2', 'Extradural and subdural abscess, unspecified', 'F00', 0),
(2862, 'G07*', 'Intracranial and intraspinal abscess and granuloma in diseasesclassified elsewhere', 'F00', 0),
(2863, 'G08', 'Intracranial and intraspinal phlebitis and thrombophlebitis', 'F00', 0),
(2864, 'G09', 'Sequelae of inflammatory diseases of central nervous system', 'F00', 0),
(2865, 'G10', 'Huntington''s disease', 'F01', 0),
(2866, 'G11', 'Hereditary ataxia', 'F01', 0),
(2867, 'G11.0', 'Congenital nonprogressive ataxia', 'F01', 0),
(2868, 'G11.1', 'Early-onset cerebellar ataxia', 'F01', 0),
(2869, 'G11.2', 'Late-onset cerebellar ataxia', 'F01', 0),
(2870, 'G11.3', 'Cerebellar ataxia with defective DNA repair', 'F01', 0),
(2871, 'G11.4', 'Hereditary spastic paraplegia', 'F01', 0),
(2872, 'G11.8', 'Other hereditary ataxias', 'F01', 0),
(2873, 'G11.9', 'Hereditary ataxia, unspecified', 'F01', 0),
(2874, 'G12', 'Spinal muscular atrophy and related syndromes', 'F01', 0),
(2875, 'G12.0', 'Infantile spinal muscular atrophy, type I [Werdnig-Hoffman]', 'F01', 0),
(2876, 'G12.1', 'Other inherited spinal muscular atrophy', 'F01', 0),
(2877, 'G12.2', 'Motor neuron disease', 'F01', 0),
(2878, 'G12.8', 'Other spinal muscular atrophies and related syndromes', 'F01', 0),
(2879, 'G12.9', 'Spinal muscular atrophy, unspecified', 'F01', 0),
(2880, 'G13*', 'Systemic atrophies primarily affecting central nervous system indiseases classified elsewhere', 'F01', 0),
(2881, 'G13.0*', 'Paraneoplastic neuromyopathy and neuropathy', 'F01', 0),
(2882, 'G13.1*', 'Other systemic atrophy primarily affecting central nervous system inneoplastic disease', 'F01', 0),
(2883, 'G13.2*', 'Systemic atrophy primarily affecting central nervous system inmyxoedema (E00.1+, E03.-+)', 'F01', 0),
(2884, 'G13.8*', 'Systemic atrophy primarily affecting central nervous system in otherdiseases classified elsewhere', 'F01', 0),
(2885, 'G20', 'Parkinson''s disease', 'F02', 0),
(2886, 'G21', 'Secondary parkinsonism', 'F02', 0),
(2887, 'G21.0', 'Malignant neuroleptic syndrome', 'F02', 0),
(2888, 'G21.1', 'Other drug-induced secondary parkinsonism', 'F02', 0),
(2889, 'G21.2', 'Secondary parkinsonism due to other external agents', 'F02', 0),
(2890, 'G21.3', 'Postencephalitic parkinsonism', 'F02', 0),
(2891, 'G21.8', 'Other secondary parkinsonism', 'F02', 0),
(2892, 'G21.9', 'Secondary parkinsonism, unspecified', 'F02', 0),
(2893, 'G22*', 'Parkinsonism in diseases classified elsewhere', 'F02', 0),
(2894, 'G23', 'Other degenerative diseases of basal ganglia', 'F02', 0),
(2895, 'G23.0', 'Hallervorden-Spatz disease', 'F02', 0),
(2896, 'G23.1', 'Progressive supranuclear ophthalmoplegia[Steele-Richardson-Olszewski]', 'F02', 0),
(2897, 'G23.2', 'Striatonigral degeneration', 'F02', 0),
(2898, 'G23.8', 'Other specified degenerative diseases of basal ganglia', 'F02', 0),
(2899, 'G23.9', 'Degenerative disease of basal ganglia, unspecified', 'F02', 0),
(2900, 'G24', 'Dystonia', 'F02', 0),
(2901, 'G24.0', 'Drug-induced dystonia', 'F02', 0),
(2902, 'G24.1', 'Idiopathic familial dystonia', 'F02', 0),
(2903, 'G24.2', 'Idiopathic nonfamilial dystonia', 'F02', 0),
(2904, 'G24.3', 'Spasmodic torticollis', 'F02', 0),
(2905, 'G24.4', 'Idiopathic orofacial dystonia', 'F02', 0),
(2906, 'G24.5', 'Blepharospasm', 'F02', 0),
(2907, 'G24.8', 'Other dystonia', 'F02', 0),
(2908, 'G24.9', 'Dystonia, unspecified', 'F02', 0),
(2909, 'G25', 'Other extrapyramidal and movement disorders', 'F02', 0),
(2910, 'G25.0', 'Essential tremor', 'F02', 0),
(2911, 'G25.1', 'Drug-induced tremor', 'F02', 0),
(2912, 'G25.2', 'Other specified forms of tremor', 'F02', 0),
(2913, 'G25.3', 'Myoclonus', 'F02', 0),
(2914, 'G25.4', 'Drug-induced chorea', 'F02', 0),
(2915, 'G25.5', 'Other chorea', 'F02', 0),
(2916, 'G25.6', 'Drug-induced tics and other tics of organic origin', 'F02', 0),
(2917, 'G25.8', 'Other specified extrapyramidal and movement disorders', 'F02', 0),
(2918, 'G25.9', 'Extrapyramidal and movement disorder, unspecified', 'F02', 0),
(2919, 'G26*', 'Extrapyramidal and movement disorders in diseases classifiedelsewhere', 'F02', 0),
(2920, 'G30', 'Alzheimer''s disease', 'F03', 0),
(2921, 'G30.0', 'Alzheimer''s disease with early onset', 'F03', 0),
(2922, 'G30.1', 'Alzheimer''s disease with late onset', 'F03', 0),
(2923, 'G30.8', 'Other Alzheimer''s disease', 'F03', 0),
(2924, 'G30.9', 'Alzheimer''s disease, unspecified', 'F03', 0),
(2925, 'G31', 'Other degenerative diseases of nervous system, not elsewhereclassified', 'F03', 0),
(2926, 'G31.0', 'Circumscribed brain atrophy', 'F03', 0),
(2927, 'G31.1', 'Senile degeneration of brain, not elsewhere classified', 'F03', 0),
(2928, 'G31.2', 'Degeneration of nervous system due to alcohol', 'F03', 0),
(2929, 'G31.8', 'Other specified degenerative diseases of nervous system', 'F03', 0),
(2930, 'G31.9', 'Degenerative disease of nervous system, unspecified', 'F03', 0),
(2931, 'G32*', 'Other degenerative disorders of nervous system in diseasesclassified elsewhere', 'F03', 0),
(2932, 'G32.0*', 'Subacute combined degeneration of spinal cord in diseases classifiedelsewhere', 'F03', 0),
(2933, 'G32.8*', 'Other specified degenerative disorders of nervous system in diseasesclassified elsewhere', 'F03', 0),
(2934, 'G35', 'Multiple sclerosis', 'F04', 0),
(2935, 'G36', 'Other acute disseminated demyelination', 'F04', 0),
(2936, 'G36.0', 'Neuromyelitis optica [Devic]', 'F04', 0),
(2937, 'G36.1', 'Acute and subacute haemorrhagic leukoencephalitis [Hurst]', 'F04', 0),
(2938, 'G36.8', 'Other specified acute disseminated demyelination', 'F04', 0),
(2939, 'G36.9', 'Acute disseminated demyelination, unspecified', 'F04', 0),
(2940, 'G37', 'Other demyelinating diseases of central nervous system', 'F04', 0),
(2941, 'G37.0', 'Diffuse sclerosis', 'F04', 0),
(2942, 'G37.1', 'Central demyelination of corpus callosum', 'F04', 0),
(2943, 'G37.2', 'Central pontine myelinolysis', 'F04', 0),
(2944, 'G37.3', 'Acute transverse myelitis in demyelinating disease of centralnervous system', 'F04', 0),
(2945, 'G37.4', 'Subacute necrotizing myelitis', 'F04', 0),
(2946, 'G37.5', 'Concentric sclerosis [Bal]', 'F04', 0),
(2947, 'G37.8', 'Other specified demyelinating diseases of central nervous system', 'F04', 0),
(2948, 'G37.9', 'Demyelinating disease of central nervous system, unspecified', 'F04', 0),
(2949, 'G40', 'Epilepsy', 'F05', 0),
(2950, 'G40.0', 'Localization-related (focal)(partial) idiopathic epilepsy andepileptic syndromes with seizures of lo', 'F05', 0),
(2951, 'G40.1', 'Localization-related (focal)(partial) symptomatic epilepsy andepileptic syndromes with simple partia', 'F05', 0),
(2952, 'G40.2', 'Localization-related (focal)(partial) symptomatic epilepsy andepileptic syndromes with complex parti', 'F05', 0),
(2953, 'G40.3', 'Generalized idiopathic epilepsy and epileptic syndromes', 'F05', 0),
(2954, 'G40.4', 'Other generalized epilepsy and epileptic syndromes', 'F05', 0),
(2955, 'G40.5', 'Special epileptic syndromes', 'F05', 0),
(2956, 'G40.6', 'Grand mal seizures, unspecified (with or without petit mal)', 'F05', 0),
(2957, 'G40.7', 'Petit mal, unspecified, without grand mal seizures', 'F05', 0),
(2958, 'G40.8', 'Other epilepsy', 'F05', 0),
(2959, 'G40.9', 'Epilepsy, unspecified', 'F05', 0),
(2960, 'G41', 'Status epilepticus', 'F05', 0),
(2961, 'G41.0', 'Grand mal status epilepticus', 'F05', 0),
(2962, 'G41.1', 'Petit mal status epilepticus', 'F05', 0),
(2963, 'G41.2', 'Complex partial status epilepticus', 'F05', 0),
(2964, 'G41.8', 'Other status epilepticus', 'F05', 0),
(2965, 'G41.9', 'Status epilepticus, unspecified', 'F05', 0),
(2966, 'G43', 'Migraine', 'F05', 0),
(2967, 'G43.0', 'Migraine without aura [common migraine]', 'F05', 0),
(2968, 'G43.1', 'Migraine with aura [classical migraine]', 'F05', 0),
(2969, 'G43.2', 'Status migrainosus', 'F05', 0),
(2970, 'G43.3', 'Complicated migraine', 'F05', 0),
(2971, 'G43.8', 'Other migraine', 'F05', 0),
(2972, 'G43.9', 'Migraine, unspecified', 'F05', 0),
(2973, 'G44', 'Other headache syndromes', 'F05', 0),
(2974, 'G44.0', 'Cluster headache syndrome', 'F05', 0),
(2975, 'G44.1', 'Vascular headache, not elsewhere classified', 'F05', 0),
(2976, 'G44.2', 'Tension-type headache', 'F05', 0),
(2977, 'G44.3', 'Chronic post-traumatic headache', 'F05', 0),
(2978, 'G44.4', 'Drug-induced headache, not elsewhere classified', 'F05', 0),
(2979, 'G44.8', 'Other specified headache syndromes', 'F05', 0),
(2980, 'G45', 'Transient cerebral ischaemic attacks and related syndromes', 'F05', 0),
(2981, 'G45.0', 'Vertebro-basilar artery syndrome', 'F05', 0),
(2982, 'G45.1', 'Carotid artery syndrome (hemispheric)', 'F05', 0),
(2983, 'G45.2', 'Multiple and bilateral precerebral artery syndromes', 'F05', 0),
(2984, 'G45.3', 'Amaurosis fugax', 'F05', 0),
(2985, 'G45.4', 'Transient global amnesia', 'F05', 0),
(2986, 'G45.8', 'Other transient cerebral ischaemic attacks and related syndromes', 'F05', 0),
(2987, 'G45.9', 'Transient cerebral ischaemic attack, unspecified', 'F05', 0),
(2988, 'G46*', 'Vascular syndromes of brain in cerebrovascular diseases (I60-I67+)', 'F05', 0),
(2989, 'G46.0*', 'Middle cerebral artery syndrome (I66.0+)', 'F05', 0),
(2990, 'G46.1*', 'Anterior cerebral artery syndrome (I66.1+)', 'F05', 0),
(2991, 'G46.2*', 'Posterior cerebral artery syndrome (I66.2+)', 'F05', 0),
(2992, 'G46.3*', 'Brain stem stroke syndrome (I60-I67+)', 'F05', 0),
(2993, 'G46.4*', 'Cerebellar stroke syndrome (I60-I67+)', 'F05', 0),
(2994, 'G46.5*', 'Pure motor lacunar syndrome (I60-I67+)', 'F05', 0),
(2995, 'G46.6*', 'Pure sensory lacunar syndrome (I60-I67+)', 'F05', 0),
(2996, 'G46.7*', 'Other lacunar syndromes (I60-I67+)', 'F05', 0),
(2997, 'G46.8*', 'Other vascular syndromes of brain in cerebrovascular diseases(I60-I67+)', 'F05', 0),
(2998, 'G47', 'Sleep disorders', 'F05', 0),
(2999, 'G47.0', 'Disorders of initiating and maintaining sleep [insomnias]', 'F05', 0),
(3000, 'G47.1', 'Disorders of excessive somnolence [hypersomnias]', 'F05', 0),
(3001, 'G47.2', 'Disorders of the sleep-wake schedule', 'F05', 0),
(3002, 'G47.3', 'Sleep apnoea', 'F05', 0),
(3003, 'G47.4', 'Narcolepsy and cataplexy', 'F05', 0),
(3004, 'G47.8', 'Other sleep disorders', 'F05', 0),
(3005, 'G47.9', 'Sleep disorder, unspecified', 'F05', 0),
(3006, 'G50', 'Disorders of trigeminal nerve', 'F06', 0),
(3007, 'G50.0', 'Trigeminal neuralgia', 'F06', 0),
(3008, 'G50.1', 'Atypical facial pain', 'F06', 0),
(3009, 'G50.8', 'Other disorders of trigeminal nerve', 'F06', 0),
(3010, 'G50.9', 'Disorder of trigeminal nerve, unspecified', 'F06', 0),
(3011, 'G51', 'Facial nerve disorders', 'F06', 0),
(3012, 'G51.0', 'Bell''s palsy', 'F06', 0),
(3013, 'G51.1', 'Geniculate ganglionitis', 'F06', 0),
(3014, 'G51.2', 'Melkersson''s syndrome', 'F06', 0),
(3015, 'G51.3', 'Clonic hemifacial spasm', 'F06', 0),
(3016, 'G51.4', 'Facial myokymia', 'F06', 0),
(3017, 'G51.8', 'Other disorders of facial nerve', 'F06', 0),
(3018, 'G51.9', 'Disorder of facial nerve, unspecified', 'F06', 0),
(3019, 'G52', 'Disorders of other cranial nerves', 'F06', 0),
(3020, 'G52.0', 'Disorders of olfactory nerve', 'F06', 0),
(3021, 'G52.1', 'Disorders of glossopharyngeal nerve', 'F06', 0),
(3022, 'G52.2', 'Disorders of vagus nerve', 'F06', 0),
(3023, 'G52.3', 'Disorders of hypoglossal nerve', 'F06', 0),
(3024, 'G52.7', 'Disorders of multiple cranial nerves', 'F06', 0),
(3025, 'G52.8', 'Disorders of other specified cranial nerves', 'F06', 0),
(3026, 'G52.9', 'Cranial nerve disorder, unspecified', 'F06', 0),
(3027, 'G53*', 'Cranial nerve disorders in diseases classified elsewhere', 'F06', 0),
(3028, 'G53.0*', 'Postzoster neuralgia (B02.2+)', 'F06', 0),
(3029, 'G53.1*', 'Multiple cranial nerve palsies in infectious and parasitic diseasesclassified elsewhere (A00-B99+)', 'F06', 0),
(3030, 'G53.2*', 'Multiple cranial nerve palsies in sarcoidosis (D86.8+)', 'F06', 0),
(3031, 'G53.3*', 'Multiple cranial nerve palsies in neoplastic disease (C00-D48+)', 'F06', 0),
(3032, 'G53.8*', 'Other cranial nerve disorders in other diseases classified elsewhere', 'F06', 0),
(3033, 'G54', 'Nerve root and plexus disorders', 'F06', 0),
(3034, 'G54.0', 'Brachial plexus disorders', 'F06', 0),
(3035, 'G54.1', 'Lumbosacral plexus disorders', 'F06', 0),
(3036, 'G54.2', 'Cervical root disorders, not elsewhere classified', 'F06', 0),
(3037, 'G54.3', 'Thoracic root disorders, not elsewhere classified', 'F06', 0),
(3038, 'G54.4', 'Lumbosacral root disorders, not elsewhere classified', 'F06', 0),
(3039, 'G54.5', 'Neuralgic amyotrophy', 'F06', 0),
(3040, 'G54.6', 'Phantom limb syndrome with pain', 'F06', 0),
(3041, 'G54.7', 'Phantom limb syndrome without pain', 'F06', 0),
(3042, 'G54.8', 'Other nerve root and plexus disorders', 'F06', 0),
(3043, 'G54.9', 'Nerve root and plexus disorder, unspecified', 'F06', 0),
(3044, 'G55*', 'Nerve root and plexus compressions in diseases classified elsewhere', 'F06', 0),
(3045, 'G55.0*', 'Nerve root and plexus compressions in neoplastic disease (C00-D48+)', 'F06', 0),
(3046, 'G55.1*', 'Nerve root and plexus compressions in intervertebral disc disorders(M50-M51+)', 'F06', 0),
(3047, 'G55.2*', 'Nerve root and plexus compressions in spondylosis (M47.-+)', 'F06', 0),
(3048, 'G55.3*', 'Nerve root and plexus compressions in other dorsopathies (M45-M46+,M48.-+, M53-M54+)', 'F06', 0),
(3049, 'G55.8*', 'Nerve root and plexus compressions in other diseases classifiedelsewhere', 'F06', 0),
(3050, 'G56', 'Mononeuropathies of upper limb', 'F06', 0),
(3051, 'G56.0', 'Carpal tunnel syndrome', 'F06', 0),
(3052, 'G56.1', 'Other lesions of median nerve', 'F06', 0),
(3053, 'G56.2', 'Lesion of ulnar nerve', 'F06', 0),
(3054, 'G56.3', 'Lesion of radial nerve', 'F06', 0),
(3055, 'G56.4', 'Causalgia', 'F06', 0),
(3056, 'G56.8', 'Other mononeuropathies of upper limb', 'F06', 0),
(3057, 'G56.9', 'Mononeuropathy of upper limb, unspecified', 'F06', 0),
(3058, 'G57', 'Mononeuropathies of lower limb', 'F06', 0),
(3059, 'G57.0', 'Lesion of sciatic nerve', 'F06', 0),
(3060, 'G57.1', 'Meralgia paraesthetica', 'F06', 0),
(3061, 'G57.2', 'Lesion of femoral nerve', 'F06', 0),
(3062, 'G57.3', 'Lesion of lateral popliteal nerve', 'F06', 0),
(3063, 'G57.4', 'Lesion of medial popliteal nerve', 'F06', 0),
(3064, 'G57.5', 'Tarsal tunnel syndrome', 'F06', 0),
(3065, 'G57.6', 'Lesion of plantar nerve', 'F06', 0),
(3066, 'G57.8', 'Other mononeuropathies of lower limb', 'F06', 0),
(3067, 'G57.9', 'Mononeuropathy of lower limb, unspecified', 'F06', 0),
(3068, 'G58', 'Other mononeuropathies', 'F06', 0),
(3069, 'G58.0', 'Intercostal neuropathy', 'F06', 0),
(3070, 'G58.7', 'Mononeuritis multiplex', 'F06', 0),
(3071, 'G58.8', 'Other specified mononeuropathies', 'F06', 0),
(3072, 'G58.9', 'Mononeuropathy, unspecified', 'F06', 0),
(3073, 'G59*', 'Mononeuropathy in diseases classified elsewhere', 'F06', 0),
(3074, 'G59.0*', 'Diabetic mononeuropathy (E10-E14+ with common fourth character .4)', 'F06', 0),
(3075, 'G59.8*', 'Other mononeuropathies in diseases classified elsewhere', 'F06', 0),
(3076, 'G60', 'Hereditary and idiopathic neuropathy', 'F07', 0),
(3077, 'G60.0', 'Hereditary motor and sensory neuropathy', 'F07', 0),
(3078, 'G60.1', 'Refsum''s disease', 'F07', 0),
(3079, 'G60.2', 'Neuropathy in association with hereditary ataxia', 'F07', 0),
(3080, 'G60.3', 'Idiopathic progressive neuropathy', 'F07', 0),
(3081, 'G60.8', 'Other hereditary and idiopathic neuropathies', 'F07', 0),
(3082, 'G60.9', 'Hereditary and idiopathic neuropathy, unspecified', 'F07', 0),
(3083, 'G61', 'Inflammatory polyneuropathy', 'F07', 0),
(3084, 'G61.0', 'Guillain-Barr? syndrome', 'F07', 0),
(3085, 'G61.1', 'Serum neuropathy', 'F07', 0),
(3086, 'G61.8', 'Other inflammatory polyneuropathies', 'F07', 0),
(3087, 'G61.9', 'Inflammatory polyneuropathy, unspecified', 'F07', 0),
(3088, 'G62', 'Other polyneuropathies', 'F07', 0),
(3089, 'G62.0', 'Drug-induced polyneuropathy', 'F07', 0),
(3090, 'G62.1', 'Alcoholic polyneuropathy', 'F07', 0),
(3091, 'G62.2', 'Polyneuropathy due to other toxic agents', 'F07', 0),
(3092, 'G62.8', 'Other specified polyneuropathies', 'F07', 0),
(3093, 'G62.9', 'Polyneuropathy, unspecified', 'F07', 0),
(3094, 'G63*', 'Polyneuropathy in diseases classified elsewhere', 'F07', 0),
(3095, 'G63.0*', 'Polyneuropathy in infectious and parasitic diseases classifiedelsewhere', 'F07', 0),
(3096, 'G63.1*', 'Polyneuropathy in neoplastic disease (C00-D48+)', 'F07', 0);
INSERT INTO `icd_penyakit` (`id`, `kode_penyakit`, `nama_penyakit`, `subkelompok`, `dtd_id`) VALUES
(3097, 'G63.2*', 'Diabetic polyneuropathy (E10-E14+ with common fourth character .4)', 'F07', 0),
(3098, 'G63.3*', 'Polyneuropathy in other endocrine and metabolic diseases (E00-E07+,E15-E16+, E20-E34+, E70-E89+)', 'F07', 0),
(3099, 'G63.4*', 'Polyneuropathy in nutritional deficiency (E40-E64+)', 'F07', 0),
(3100, 'G63.5*', 'Polyneuropathy in systemic connective tissue disorders (M30-M35+)', 'F07', 0),
(3101, 'G63.6*', 'Polyneuropathy in other musculoskeletal disorders (M00-M25+,M40-M96+)', 'F07', 0),
(3102, 'G63.8*', 'Polyneuropathy in other diseases classified elsewhere', 'F07', 0),
(3103, 'G64', 'Other disorders of peripheral nervous system', 'F07', 0),
(3104, 'G70', 'Myasthenia gravis and other myoneural disorders', 'F08', 0),
(3105, 'G70.0', 'Myasthenia gravis', 'F08', 0),
(3106, 'G70.1', 'Toxic myoneural disorders', 'F08', 0),
(3107, 'G70.2', 'Congenital and developmental myasthenia', 'F08', 0),
(3108, 'G70.8', 'Other specified myoneural disorders', 'F08', 0),
(3109, 'G70.9', 'Myoneural disorder, unspecified', 'F08', 0),
(3110, 'G71', 'Primary disorders of muscles', 'F08', 0),
(3111, 'G71.0', 'Muscular dystrophy', 'F08', 0),
(3112, 'G71.1', 'Myotonic disorders', 'F08', 0),
(3113, 'G71.2', 'Congenital myopathies', 'F08', 0),
(3114, 'G71.3', 'Mitochondrial myopathy, not elsewhere classified', 'F08', 0),
(3115, 'G71.8', 'Other primary disorders of muscles', 'F08', 0),
(3116, 'G71.9', 'Primary disorder of muscle, unspecified', 'F08', 0),
(3117, 'G72', 'Other myopathies', 'F08', 0),
(3118, 'G72.0', 'Drug-induced myopathy', 'F08', 0),
(3119, 'G72.1', 'Alcoholic myopathy', 'F08', 0),
(3120, 'G72.2', 'Myopathy due to other toxic agents', 'F08', 0),
(3121, 'G72.3', 'Periodic paralysis', 'F08', 0),
(3122, 'G72.4', 'Inflammatory myopathy, not elsewhere classified', 'F08', 0),
(3123, 'G72.8', 'Other specified myopathies', 'F08', 0),
(3124, 'G72.9', 'Myopathy, unspecified', 'F08', 0),
(3125, 'G73*', 'Disorders of myoneural junction and muscle in diseases classifiedelsewhere', 'F08', 0),
(3126, 'G73.0*', 'Myasthenic syndromes in endocrine diseases', 'F08', 0),
(3127, 'G73.1*', 'Eaton-Lambert syndrome (C80+)', 'F08', 0),
(3128, 'G73.2*', 'Other myasthenic syndromes in neoplastic disease (C00-D48+)', 'F08', 0),
(3129, 'G73.3*', 'Myasthenic syndromes in other diseases classified elsewhere', 'F08', 0),
(3130, 'G73.4*', 'Myopathy in infectious and parasitic diseases classified elsewhere', 'F08', 0),
(3131, 'G73.5*', 'Myopathy in endocrine diseases', 'F08', 0),
(3132, 'G73.6*', 'Myopathy in metabolic diseases', 'F08', 0),
(3133, 'G73.7*', 'Myopathy in other diseases classified elsewhere', 'F08', 0),
(3134, 'G80', 'Infantile cerebral palsy', 'F09', 0),
(3135, 'G80.0', 'Spastic cerebral palsy', 'F09', 0),
(3136, 'G80.1', 'Spastic diplegia', 'F09', 0),
(3137, 'G80.2', 'Infantile hemiplegia', 'F09', 0),
(3138, 'G80.3', 'Dyskinetic cerebral palsy', 'F09', 0),
(3139, 'G80.4', 'Ataxic cerebral palsy', 'F09', 0),
(3140, 'G80.8', 'Other infantile cerebral palsy', 'F09', 0),
(3141, 'G80.9', 'Infantile cerebral palsy, unspecified', 'F09', 0),
(3142, 'G81', 'Hemiplegia', 'F09', 0),
(3143, 'G81.0', 'Flaccid hemiplegia', 'F09', 0),
(3144, 'G81.1', 'Spastic hemiplegia', 'F09', 0),
(3145, 'G81.9', 'Hemiplegia, unspecified', 'F09', 0),
(3146, 'G82', 'Paraplegia and tetraplegia', 'F09', 0),
(3147, 'G82.0', 'Flaccid paraplegia', 'F09', 0),
(3148, 'G82.1', 'Spastic paraplegia', 'F09', 0),
(3149, 'G82.2', 'Paraplegia, unspecified', 'F09', 0),
(3150, 'G82.3', 'Flaccid tetraplegia', 'F09', 0),
(3151, 'G82.4', 'Spastic tetraplegia', 'F09', 0),
(3152, 'G82.5', 'Tetraplegia, unspecified', 'F09', 0),
(3153, 'G83', 'Other paralytic syndromes', 'F09', 0),
(3154, 'G83.0', 'Diplegia of upper limbs', 'F09', 0),
(3155, 'G83.1', 'Monoplegia of lower limb', 'F09', 0),
(3156, 'G83.2', 'Monoplegia of upper limb', 'F09', 0),
(3157, 'G83.3', 'Monoplegia, unspecified', 'F09', 0),
(3158, 'G83.4', 'Cauda equina syndrome', 'F09', 0),
(3159, 'G83.8', 'Other specified paralytic syndromes', 'F09', 0),
(3160, 'G83.9', 'Paralytic syndrome, unspecified', 'F09', 0),
(3161, 'G90', 'Disorders of autonomic nervous system', 'F10', 0),
(3162, 'G90.0', 'Idiopathic peripheral autonomic neuropathy', 'F10', 0),
(3163, 'G90.1', 'Familial dysautonomia [Riley-Day]', 'F10', 0),
(3164, 'G90.2', 'Horner''s syndrome', 'F10', 0),
(3165, 'G90.3', 'Multi-system degeneration', 'F10', 0),
(3166, 'G90.8', 'Other disorders of autonomic nervous system', 'F10', 0),
(3167, 'G90.9', 'Disorder of autonomic nervous system, unspecified', 'F10', 0),
(3168, 'G91', 'Hydrocephalus', 'F10', 0),
(3169, 'G91.0', 'Communicating hydrocephalus', 'F10', 0),
(3170, 'G91.1', 'Obstructive hydrocephalus', 'F10', 0),
(3171, 'G91.2', 'Normal-pressure hydrocephalus', 'F10', 0),
(3172, 'G91.3', 'Post-traumatic hydrocephalus, unspecified', 'F10', 0),
(3173, 'G91.8', 'Other hydrocephalus', 'F10', 0),
(3174, 'G91.9', 'Hydrocephalus, unspecified', 'F10', 0),
(3175, 'G92', 'Toxic encephalopathy', 'F10', 0),
(3176, 'G93', 'Other disorders of brain', 'F10', 0),
(3177, 'G93.0', 'Cerebral cysts', 'F10', 0),
(3178, 'G93.1', 'Anoxic brain damage, not elsewhere classified', 'F10', 0),
(3179, 'G93.2', 'Benign intracranial hypertension', 'F10', 0),
(3180, 'G93.3', 'Postviral fatigue syndrome', 'F10', 0),
(3181, 'G93.4', 'Encephalopathy, unspecified', 'F10', 0),
(3182, 'G93.5', 'Compression of brain', 'F10', 0),
(3183, 'G93.6', 'Cerebral oedema', 'F10', 0),
(3184, 'G93.7', 'Reye''s syndrome', 'F10', 0),
(3185, 'G93.8', 'Other specified disorders of brain', 'F10', 0),
(3186, 'G93.9', 'Disorder of brain, unspecified', 'F10', 0),
(3187, 'G94*', 'Other disorders of brain in diseases classified elsewhere', 'F10', 0),
(3188, 'G94.0*', 'Hydrocephalus in infectious and parasitic diseases classifiedelsewhere (A00-B99+)', 'F10', 0),
(3189, 'G94.1*', 'Hydrocephalus in neoplastic disease (C00-D48+)', 'F10', 0),
(3190, 'G94.2*', 'Hydrocephalus in other diseases classified elsewhere', 'F10', 0),
(3191, 'G94.8*', 'Other specified disorders of brain in diseases classified elsewhere', 'F10', 0),
(3192, 'G95', 'Other diseases of spinal cord', 'F10', 0),
(3193, 'G95.0', 'Syringomyelia and syringobulbia', 'F10', 0),
(3194, 'G95.1', 'Vascular myelopathies', 'F10', 0),
(3195, 'G95.2', 'Cord compression, unspecified', 'F10', 0),
(3196, 'G95.8', 'Other specified diseases of spinal cord', 'F10', 0),
(3197, 'G95.9', 'Disease of spinal cord, unspecified', 'F10', 0),
(3198, 'G96', 'Other disorders of central nervous system', 'F10', 0),
(3199, 'G96.0', 'Cerebrospinal fluid leak', 'F10', 0),
(3200, 'G96.1', 'Disorders of meninges, not elsewhere classified', 'F10', 0),
(3201, 'G96.8', 'Other specified disorders of central nervous system', 'F10', 0),
(3202, 'G96.9', 'Disorder of central nervous system, unspecified', 'F10', 0),
(3203, 'G97', 'Postprocedural disorders of nervous system, not elsewhere classified', 'F10', 0),
(3204, 'G97.0', 'Cerebrospinal fluid leak from spinal puncture', 'F10', 0),
(3205, 'G97.1', 'Other reaction to spinal and lumbar puncture', 'F10', 0),
(3206, 'G97.2', 'Intracranial hypotension following ventricular shunting', 'F10', 0),
(3207, 'G97.8', 'Other postprocedural disorders of nervous system', 'F10', 0),
(3208, 'G97.9', 'Postprocedural disorder of nervous system, unspecified', 'F10', 0),
(3209, 'G98', 'Other disorders of nervous system, not elsewhere classified', 'F10', 0),
(3210, 'G99*', 'Other disorders of nervous system in diseases classified elsewhere', 'F10', 0),
(3211, 'G99.0*', 'Autonomic neuropathy in endocrine and metabolic diseases', 'F10', 0),
(3212, 'G99.1*', 'Other disorders of autonomic nervous system in other diseasesclassified elsewhere', 'F10', 0),
(3213, 'G99.2*', 'Myelopathy in diseases classified elsewhere', 'F10', 0),
(3214, 'G99.8*', 'Other specified disorders of nervous system in diseases classifiedelsewhere', 'F10', 0),
(3215, 'H00', 'Hordeolum and chalazion', 'G00', 0),
(3216, 'H00.0', 'Hordeolum and other deep inflammation of eyelid', 'G00', 0),
(3217, 'H00.1', 'Chalazion', 'G00', 0),
(3218, 'H01', 'Other inflammation of eyelid', 'G00', 0),
(3219, 'H01.0', 'Blepharitis', 'G00', 0),
(3220, 'H01.1', 'Noninfectious dermatoses of eyelid', 'G00', 0),
(3221, 'H01.8', 'Other specified inflammation of eyelid', 'G00', 0),
(3222, 'H01.9', 'Inflammation of eyelid, unspecified', 'G00', 0),
(3223, 'H02', 'Other disorders of eyelid', 'G00', 0),
(3224, 'H02.0', 'Entropion and trichiasis of eyelid', 'G00', 0),
(3225, 'H02.1', 'Ectropion of eyelid', 'G00', 0),
(3226, 'H02.2', 'Lagophthalmos', 'G00', 0),
(3227, 'H02.3', 'Blepharochalasis', 'G00', 0),
(3228, 'H02.4', 'Ptosis of eyelid', 'G00', 0),
(3229, 'H02.5', 'Other disorders affecting eyelid function', 'G00', 0),
(3230, 'H02.6', 'Xanthelasma of eyelid', 'G00', 0),
(3231, 'H02.7', 'Other degenerative disorders of eyelid and periocular area', 'G00', 0),
(3232, 'H02.8', 'Other specified disorders of eyelid', 'G00', 0),
(3233, 'H02.9', 'Disorder of eyelid, unspecified', 'G00', 0),
(3234, 'H03*', 'Disorders of eyelid in diseases classified elsewhere', 'G00', 0),
(3235, 'H03.0*', 'Parasitic infestation of eyelid in diseases classified elsewhere', 'G00', 0),
(3236, 'H03.1*', 'Involvement of eyelid in other infectious diseases classifiedelsewhere', 'G00', 0),
(3237, 'H03.8*', 'Involvement of eyelid in other diseases classified elsewhere', 'G00', 0),
(3238, 'H04', 'Disorders of lacrimal system', 'G00', 0),
(3239, 'H04.0', 'Dacryoadenitis', 'G00', 0),
(3240, 'H04.1', 'Other disorders of lacrimal gland', 'G00', 0),
(3241, 'H04.2', 'Epiphora', 'G00', 0),
(3242, 'H04.3', 'Acute and unspecified inflammation of lacrimal passages', 'G00', 0),
(3243, 'H04.4', 'Chronic inflammation of lacrimal passages', 'G00', 0),
(3244, 'H04.5', 'Stenosis and insufficiency of lacrimal passages', 'G00', 0),
(3245, 'H04.6', 'Other changes in lacrimal passages', 'G00', 0),
(3246, 'H04.8', 'Other disorders of lacrimal system', 'G00', 0),
(3247, 'H04.9', 'Disorder of lacrimal system, unspecified', 'G00', 0),
(3248, 'H05', 'Disorders of orbit', 'G00', 0),
(3249, 'H05.0', 'Acute inflammation of orbit', 'G00', 0),
(3250, 'H05.1', 'Chronic inflammatory disorders of orbit', 'G00', 0),
(3251, 'H05.2', 'Exophthalmic conditions', 'G00', 0),
(3252, 'H05.3', 'Deformity of orbit', 'G00', 0),
(3253, 'H05.4', 'Enophthalmos', 'G00', 0),
(3254, 'H05.5', 'Retained (old) foreign body following penetrating wound of orbit', 'G00', 0),
(3255, 'H05.8', 'Other disorders of orbit', 'G00', 0),
(3256, 'H05.9', 'Disorder of orbit, unspecified', 'G00', 0),
(3257, 'H06*', 'Disorders of lacrimal system and orbit in diseases classifiedelsewhere', 'G00', 0),
(3258, 'H06.0*', 'Disorders of lacrimal system in diseases classified elsewhere', 'G00', 0),
(3259, 'H06.1*', 'Parasitic infestation of orbit in diseases classified elsewhere', 'G00', 0),
(3260, 'H06.2*', 'Dysthyroid exophthalmos (E05.-+)', 'G00', 0),
(3261, 'H06.3*', 'Other disorders of orbit in diseases classified elsewhere', 'G00', 0),
(3262, 'H10', 'Conjunctivitis', 'G01', 0),
(3263, 'H10.0', 'Mucopurulent conjunctivitis', 'G01', 0),
(3264, 'H10.1', 'Acute atopic conjunctivitis', 'G01', 0),
(3265, 'H10.2', 'Other acute conjunctivitis', 'G01', 0),
(3266, 'H10.3', 'Acute conjunctivitis, unspecified', 'G01', 0),
(3267, 'H10.4', 'Chronic conjunctivitis', 'G01', 0),
(3268, 'H10.5', 'Blepharoconjunctivitis', 'G01', 0),
(3269, 'H10.8', 'Other conjunctivitis', 'G01', 0),
(3270, 'H10.9', 'Conjunctivitis, unspecified', 'G01', 0),
(3271, 'H11', 'Other disorders of conjunctiva', 'G01', 0),
(3272, 'H11.0', 'Pterygium', 'G01', 0),
(3273, 'H11.1', 'Conjunctival degenerations and deposits', 'G01', 0),
(3274, 'H11.2', 'Conjunctival scars', 'G01', 0),
(3275, 'H11.3', 'Conjunctival haemorrhage', 'G01', 0),
(3276, 'H11.4', 'Other conjunctival vascular disorders and cysts', 'G01', 0),
(3277, 'H11.8', 'Other specified disorders of conjunctiva', 'G01', 0),
(3278, 'H11.9', 'Disorder of conjunctiva, unspecified', 'G01', 0),
(3279, 'H13*', 'Disorders of conjunctiva in diseases classified elsewhere', 'G01', 0),
(3280, 'H13.0*', 'Filarial infection of conjunctiva (B74.-+)', 'G01', 0),
(3281, 'H13.1*', 'Conjunctivitis in infectious and parasitic diseases classifiedelsewhere', 'G01', 0),
(3282, 'H13.2*', 'Conjunctivitis in other diseases classified elsewhere', 'G01', 0),
(3283, 'H13.3*', 'Ocular pemphigoid (L12.-+)', 'G01', 0),
(3284, 'H13.8*', 'Other disorders of conjunctiva in diseases classified elsewhere', 'G01', 0),
(3285, 'H15', 'Disorders of sclera', 'G02', 0),
(3286, 'H15.0', 'Scleritis', 'G02', 0),
(3287, 'H15.1', 'Episcleritis', 'G02', 0),
(3288, 'H15.8', 'Other disorders of sclera', 'G02', 0),
(3289, 'H15.9', 'Disorder of sclera, unspecified', 'G02', 0),
(3290, 'H16', 'Keratitis', 'G02', 0),
(3291, 'H16.0', 'Corneal ulcer', 'G02', 0),
(3292, 'H16.1', 'Other superficial keratitis without conjunctivitis', 'G02', 0),
(3293, 'H16.2', 'Keratoconjunctivitis', 'G02', 0),
(3294, 'H16.3', 'Interstitial and deep keratitis', 'G02', 0),
(3295, 'H16.4', 'Corneal neovascularization', 'G02', 0),
(3296, 'H16.8', 'Other keratitis', 'G02', 0),
(3297, 'H16.9', 'Keratitis, unspecified', 'G02', 0),
(3298, 'H17', 'Corneal scars and opacities', 'G02', 0),
(3299, 'H17.0', 'Adherent leukoma', 'G02', 0),
(3300, 'H17.1', 'Other central corneal opacity', 'G02', 0),
(3301, 'H17.8', 'Other corneal scars and opacities', 'G02', 0),
(3302, 'H17.9', 'Corneal scar and opacity, unspecified', 'G02', 0),
(3303, 'H18', 'Other disorders of cornea', 'G02', 0),
(3304, 'H18.0', 'Corneal pigmentations and deposits', 'G02', 0),
(3305, 'H18.1', 'Bullous keratopathy', 'G02', 0),
(3306, 'H18.2', 'Other corneal oedema', 'G02', 0),
(3307, 'H18.3', 'Changes in corneal membranes', 'G02', 0),
(3308, 'H18.4', 'Corneal degeneration', 'G02', 0),
(3309, 'H18.5', 'Hereditary corneal dystrophies', 'G02', 0),
(3310, 'H18.6', 'Keratoconus', 'G02', 0),
(3311, 'H18.7', 'Other corneal deformities', 'G02', 0),
(3312, 'H18.8', 'Other specified disorders of cornea', 'G02', 0),
(3313, 'H18.9', 'Disorder of cornea, unspecified', 'G02', 0),
(3314, 'H19*', 'Disorders of sclera and cornea in diseases classified elsewhere', 'G02', 0),
(3315, 'H19.0*', 'Scleritis and episcleritis in diseases classified elsewhere', 'G02', 0),
(3316, 'H19.1*', 'Herpesviral keratitis and keratoconjunctivitis (B00.5+)', 'G02', 0),
(3317, 'H19.2*', 'Keratitis and keratoconjunctivitis in other infectious and parasiticdiseases classified elsewhere', 'G02', 0),
(3318, 'H19.3*', 'Keratitis and keratoconjunctivitis in other diseases classifiedelsewhere', 'G02', 0),
(3319, 'H19.8*', 'Other disorders of sclera and cornea in diseases classifiedelsewhere', 'G02', 0),
(3320, 'H20', 'Iridocyclitis', 'G02', 0),
(3321, 'H20.0', 'Acute and subacute iridocyclitis', 'G02', 0),
(3322, 'H20.1', 'Chronic iridocyclitis', 'G02', 0),
(3323, 'H20.2', 'Lens-induced iridocyclitis', 'G02', 0),
(3324, 'H20.8', 'Other iridocyclitis', 'G02', 0),
(3325, 'H20.9', 'Iridocyclitis, unspecified', 'G02', 0),
(3326, 'H21', 'Other disorders of iris and ciliary body', 'G02', 0),
(3327, 'H21.0', 'Hyphaema', 'G02', 0),
(3328, 'H21.1', 'Other vascular disorders of iris and ciliary body', 'G02', 0),
(3329, 'H21.2', 'Degeneration of iris and ciliary body', 'G02', 0),
(3330, 'H21.3', 'Cyst of iris, ciliary body and anterior chamber', 'G02', 0),
(3331, 'H21.4', 'Pupillary membranes', 'G02', 0),
(3332, 'H21.5', 'Other adhesions and disruptions of iris and ciliary body', 'G02', 0),
(3333, 'H21.8', 'Other specified disorders of iris and ciliary body', 'G02', 0),
(3334, 'H21.9', 'Disorder of iris and ciliary body, unspecified', 'G02', 0),
(3335, 'H22*', 'Disorders of iris and ciliary body in diseases classified elsewhere', 'G02', 0),
(3336, 'H22.0*', 'Iridocyclitis in infectious and parasitic diseases classifiedelsewhere', 'G02', 0),
(3337, 'H22.1*', 'Iridocyclitis in other diseases classified elsewhere', 'G02', 0),
(3338, 'H22.8*', 'Other disorders of iris and ciliary body in diseases classifiedelsewhere', 'G02', 0),
(3339, 'H25', 'Senile cataract', 'G03', 0),
(3340, 'H25.0', 'Senile incipient cataract', 'G03', 0),
(3341, 'H25.1', 'Senile nuclear cataract', 'G03', 0),
(3342, 'H25.2', 'Senile cataract, morgagnian type', 'G03', 0),
(3343, 'H25.8', 'Other senile cataract', 'G03', 0),
(3344, 'H25.9', 'Senile cataract, unspecified', 'G03', 0),
(3345, 'H26', 'Other cataract', 'G03', 0),
(3346, 'H26.0', 'Infantile, juvenile and presenile cataract', 'G03', 0),
(3347, 'H26.1', 'Traumatic cataract', 'G03', 0),
(3348, 'H26.2', 'Complicated cataract', 'G03', 0),
(3349, 'H26.3', 'Drug-induced cataract', 'G03', 0),
(3350, 'H26.4', 'After-cataract', 'G03', 0),
(3351, 'H26.8', 'Other specified cataract', 'G03', 0),
(3352, 'H26.9', 'Cataract, unspecified', 'G03', 0),
(3353, 'H27', 'Other disorders of lens', 'G03', 0),
(3354, 'H27.0', 'Aphakia', 'G03', 0),
(3355, 'H27.1', 'Dislocation of lens', 'G03', 0),
(3356, 'H27.8', 'Other specified disorders of lens', 'G03', 0),
(3357, 'H27.9', 'Disorder of lens, unspecified', 'G03', 0),
(3358, 'H28*', 'Cataract and other disorders of lens in diseases classifiedelsewhere', 'G03', 0),
(3359, 'H28.0*', 'Diabetic cataract (E10-E14+ with common fourth character .3)', 'G03', 0),
(3360, 'H28.1*', 'Cataract in other endocrine, nutritional and metabolic diseases', 'G03', 0),
(3361, 'H28.2*', 'Cataract in other diseases classified elsewhere', 'G03', 0),
(3362, 'H28.8*', 'Other disorders of lens in diseases classified elsewhere', 'G03', 0),
(3363, 'H30', 'Chorioretinal inflammation', 'G04', 0),
(3364, 'H30.0', 'Focal chorioretinal inflammation', 'G04', 0),
(3365, 'H30.1', 'Disseminated chorioretinal inflammation', 'G04', 0),
(3366, 'H30.2', 'Posterior cyclitis', 'G04', 0),
(3367, 'H30.8', 'Other chorioretinal inflammations', 'G04', 0),
(3368, 'H30.9', 'Chorioretinal inflammation, unspecified', 'G04', 0),
(3369, 'H31', 'Other disorders of choroid', 'G04', 0),
(3370, 'H31.0', 'Chorioretinal scars', 'G04', 0),
(3371, 'H31.1', 'Choroidal degeneration', 'G04', 0),
(3372, 'H31.2', 'Hereditary choroidal dystrophy', 'G04', 0),
(3373, 'H31.3', 'Choroidal haemorrhage and rupture', 'G04', 0),
(3374, 'H31.4', 'Choroidal detachment', 'G04', 0),
(3375, 'H31.8', 'Other specified disorders of choroid', 'G04', 0),
(3376, 'H31.9', 'Disorder of choroid, unspecified', 'G04', 0),
(3377, 'H32*', 'Chorioretinal disorders in diseases classified elsewhere', 'G04', 0),
(3378, 'H32.0*', 'Chorioretinal inflammation in infectious and parasitic diseasesclassified elsewhere', 'G04', 0),
(3379, 'H32.8*', 'Other chorioretinal disorders in diseases classified elsewhere', 'G04', 0),
(3380, 'H33', 'Retinal detachments and breaks', 'G04', 0),
(3381, 'H33.0', 'Retinal detachment with retinal break', 'G04', 0),
(3382, 'H33.1', 'Retinoschisis and retinal cysts', 'G04', 0),
(3383, 'H33.2', 'Serous retinal detachment', 'G04', 0),
(3384, 'H33.3', 'Retinal breaks without detachment', 'G04', 0),
(3385, 'H33.4', 'Traction detachment of retina', 'G04', 0),
(3386, 'H33.5', 'Other retinal detachments', 'G04', 0),
(3387, 'H34', 'Retinal vascular occlusions', 'G04', 0),
(3388, 'H34.0', 'Transient retinal artery occlusion', 'G04', 0),
(3389, 'H34.1', 'Central retinal artery occlusion', 'G04', 0),
(3390, 'H34.2', 'Other retinal artery occlusions', 'G04', 0),
(3391, 'H34.8', 'Other retinal vascular occlusions', 'G04', 0),
(3392, 'H34.9', 'Retinal vascular occlusion, unspecified', 'G04', 0),
(3393, 'H35', 'Other retinal disorders', 'G04', 0),
(3394, 'H35.0', 'Background retinopathy and retinal vascular changes', 'G04', 0),
(3395, 'H35.1', 'Retinopathy of prematurity', 'G04', 0),
(3396, 'H35.2', 'Other proliferative retinopathy', 'G04', 0),
(3397, 'H35.3', 'Degeneration of macula and posterior pole', 'G04', 0),
(3398, 'H35.4', 'Peripheral retinal degeneration', 'G04', 0),
(3399, 'H35.5', 'Hereditary retinal dystrophy', 'G04', 0),
(3400, 'H35.6', 'Retinal haemorrhage', 'G04', 0),
(3401, 'H35.7', 'Separation of retinal layers', 'G04', 0),
(3402, 'H35.8', 'Other specified retinal disorders', 'G04', 0),
(3403, 'H35.9', 'Retinal disorder, unspecified', 'G04', 0),
(3404, 'H36*', 'Retinal disorders in diseases classified elsewhere', 'G04', 0),
(3405, 'H36.0*', 'Diabetic retinopathy (E10-E14+ with common fourth character .3)', 'G04', 0),
(3406, 'H36.8*', 'Other retinal disorders in diseases classified elsewhere', 'G04', 0),
(3407, 'H40', 'Glaucoma', 'G05', 0),
(3408, 'H40.0', 'Glaucoma suspect', 'G05', 0),
(3409, 'H40.1', 'Primary open-angle glaucoma', 'G05', 0),
(3410, 'H40.2', 'Primary angle-closure glaucoma', 'G05', 0),
(3411, 'H40.3', 'Glaucoma secondary to eye trauma', 'G05', 0),
(3412, 'H40.4', 'Glaucoma secondary to eye inflammation', 'G05', 0),
(3413, 'H40.5', 'Glaucoma secondary to other eye disorders', 'G05', 0),
(3414, 'H40.6', 'Glaucoma secondary to drugs', 'G05', 0),
(3415, 'H40.8', 'Other glaucoma', 'G05', 0),
(3416, 'H40.9', 'Glaucoma, unspecified', 'G05', 0),
(3417, 'H42*', 'Glaucoma in diseases classified elsewhere', 'G05', 0),
(3418, 'H42.0*', 'Glaucoma in endocrine, nutritional and metabolic diseases', 'G05', 0),
(3419, 'H42.8*', 'Glaucoma in other diseases classified elsewhere', 'G05', 0),
(3420, 'H43', 'Disorders of vitreous body', 'G06', 0),
(3421, 'H43.0', 'Vitreous prolapse', 'G06', 0),
(3422, 'H43.1', 'Vitreous haemorrhage', 'G06', 0),
(3423, 'H43.2', 'Crystalline deposits in vitreous body', 'G06', 0),
(3424, 'H43.3', 'Other vitreous opacities', 'G06', 0),
(3425, 'H43.8', 'Other disorders of vitreous body', 'G06', 0),
(3426, 'H43.9', 'Disorder of vitreous body, unspecified', 'G06', 0),
(3427, 'H44', 'Disorders of globe', 'G06', 0),
(3428, 'H44.0', 'Purulent endophthalmitis', 'G06', 0),
(3429, 'H44.1', 'Other endophthalmitis', 'G06', 0),
(3430, 'H44.2', 'Degenerative myopia', 'G06', 0),
(3431, 'H44.3', 'Other degenerative disorders of globe', 'G06', 0),
(3432, 'H44.4', 'Hypotony of eye', 'G06', 0),
(3433, 'H44.5', 'Degenerated conditions of globe', 'G06', 0),
(3434, 'H44.6', 'Retained (old) intraocular foreign body, magnetic', 'G06', 0),
(3435, 'H44.7', 'Retained (old) intraocular foreign body, nonmagnetic', 'G06', 0),
(3436, 'H44.8', 'Other disorders of globe', 'G06', 0),
(3437, 'H44.9', 'Disorder of globe, unspecified', 'G06', 0),
(3438, 'H45*', 'Disorders of vitreous body and globe in diseases classifiedelsewhere', 'G06', 0),
(3439, 'H45.0*', 'Vitreous haemorrhage in diseases classified elsewhere', 'G06', 0),
(3440, 'H45.1*', 'Endophthalmitis in diseases classified elsewhere', 'G06', 0),
(3441, 'H45.8*', 'Other disorders of vitreous body and globe in diseases classifiedelsewhere', 'G06', 0),
(3442, 'H46', 'Optic neuritis', 'G07', 0),
(3443, 'H47', 'Other disorders of optic [2nd] nerve and visual pathways', 'G07', 0),
(3444, 'H47.0', 'Disorders of optic nerve, not elsewhere classified', 'G07', 0),
(3445, 'H47.1', 'Papilloedema, unspecified', 'G07', 0),
(3446, 'H47.2', 'Optic atrophy', 'G07', 0),
(3447, 'H47.3', 'Other disorders of optic disc', 'G07', 0),
(3448, 'H47.4', 'Disorders of optic chiasm', 'G07', 0),
(3449, 'H47.5', 'Disorders of other visual pathways', 'G07', 0),
(3450, 'H47.6', 'Disorders of visual cortex', 'G07', 0),
(3451, 'H47.7', 'Disorder of visual pathways, unspecified', 'G07', 0),
(3452, 'H48*', 'Disorders of optic [2nd] nerve and visual pathways in diseasesclassified elsewhere', 'G07', 0),
(3453, 'H48.0*', 'Optic atrophy in diseases classified elsewhere', 'G07', 0),
(3454, 'H48.1*', 'Retrobulbar neuritis in diseases classified elsewhere', 'G07', 0),
(3455, 'H48.8*', 'Other disorders of optic nerve and visual pathways in diseasesclassified elsewhere', 'G07', 0),
(3456, 'H49', 'Paralytic strabismus', 'G07', 0),
(3457, 'H49.0', 'Third [oculomotor] nerve palsy', 'G07', 0),
(3458, 'H49.1', 'Fourth [trochlear] nerve palsy', 'G07', 0),
(3459, 'H49.2', 'Sixth [abducent] nerve palsy', 'G07', 0),
(3460, 'H49.3', 'Total (external) ophthalmoplegia', 'G07', 0),
(3461, 'H49.4', 'Progressive external ophthalmoplegia', 'G07', 0),
(3462, 'H49.8', 'Other paralytic strabismus', 'G07', 0),
(3463, 'H49.9', 'Paralytic strabismus, unspecified', 'G07', 0),
(3464, 'H50', 'Other strabismus', 'G07', 0),
(3465, 'H50.0', 'Convergent concomitant strabismus', 'G07', 0),
(3466, 'H50.1', 'Divergent concomitant strabismus', 'G07', 0),
(3467, 'H50.2', 'Vertical strabismus', 'G07', 0),
(3468, 'H50.3', 'Intermittent heterotropia', 'G07', 0),
(3469, 'H50.4', 'Other and unspecified heterotropia', 'G07', 0),
(3470, 'H50.5', 'Heterophoria', 'G07', 0),
(3471, 'H50.6', 'Mechanical strabismus', 'G07', 0),
(3472, 'H50.8', 'Other specified strabismus', 'G07', 0),
(3473, 'H50.9', 'Strabismus, unspecified', 'G07', 0),
(3474, 'H51', 'Other disorders of binocular movement', 'G07', 0),
(3475, 'H51.0', 'Palsy of conjugate gaze', 'G07', 0),
(3476, 'H51.1', 'Convergence insufficiency and excess', 'G07', 0),
(3477, 'H51.2', 'Internuclear ophthalmoplegia', 'G07', 0),
(3478, 'H51.8', 'Other specified disorders of binocular movement', 'G07', 0),
(3479, 'H51.9', 'Disorder of binocular movement, unspecified', 'G07', 0),
(3480, 'H52', 'Disorders of refraction and accommodation', 'G07', 0),
(3481, 'H52.0', 'Hypermetropia', 'G07', 0),
(3482, 'H52.1', 'Myopia', 'G07', 0),
(3483, 'H52.2', 'Astigmatism', 'G07', 0),
(3484, 'H52.3', 'Anisometropia and aniseikonia', 'G07', 0),
(3485, 'H52.4', 'Presbyopia', 'G07', 0),
(3486, 'H52.5', 'Disorders of accommodation', 'G07', 0),
(3487, 'H52.6', 'Other disorders of refraction', 'G07', 0),
(3488, 'H52.7', 'Disorder of refraction, unspecified', 'G07', 0),
(3489, 'H53', 'Visual disturbances', 'G08', 0),
(3490, 'H53.0', 'Amblyopia ex anopsia', 'G08', 0),
(3491, 'H53.1', 'Subjective visual disturbances', 'G08', 0),
(3492, 'H53.2', 'Diplopia', 'G08', 0),
(3493, 'H53.3', 'Other disorders of binocular vision', 'G08', 0),
(3494, 'H53.4', 'Visual field defects', 'G08', 0),
(3495, 'H53.5', 'Colour vision deficiencies', 'G08', 0),
(3496, 'H53.6', 'Night blindness', 'G08', 0),
(3497, 'H53.8', 'Other visual disturbances', 'G08', 0),
(3498, 'H53.9', 'Visual disturbance, unspecified', 'G08', 0),
(3499, 'H54', 'Blindness and low vision', 'G08', 0),
(3500, 'H54.0', 'Blindness, both eyes', 'G08', 0),
(3501, 'H54.1', 'Blindness, one eye, low vision other eye', 'G08', 0),
(3502, 'H54.2', 'Low vision, both eyes', 'G08', 0),
(3503, 'H54.3', 'Unqualified visual loss, both eyes', 'G08', 0),
(3504, 'H54.4', 'Blindness, one eye', 'G08', 0),
(3505, 'H54.5', 'Low vision, one eye', 'G08', 0),
(3506, 'H54.6', 'Unqualified visual loss, one eye', 'G08', 0),
(3507, 'H54.7', 'Unspecified visual loss', 'G08', 0),
(3508, 'H55', 'Nystagmus and other irregular eye movements', 'G09', 0),
(3509, 'H57', 'Other disorders of eye and adnexa', 'G10', 0),
(3510, 'H57.0', 'Anomalies of pupillary function', 'G10', 0),
(3511, 'H57.1', 'Ocular pain', 'G10', 0),
(3512, 'H57.8', 'Other specified disorders of eye and adnexa', 'G10', 0),
(3513, 'H57.9', 'Disorder of eye and adnexa, unspecified', 'G10', 0),
(3514, 'H58*', 'Other disorders of eye and adnexa in diseases classified elsewhere', 'G10', 0),
(3515, 'H58.0*', 'Anomalies of pupillary function in diseases classified elsewhere', 'G10', 0),
(3516, 'H58.1*', 'Visual disturbances in diseases classified elsewhere', 'G10', 0),
(3517, 'H58.8*', 'Other specified disorders of eye and adnexa in diseases classifiedelsewhere', 'G10', 0),
(3518, 'H59', 'Postprocedural disorders of eye and adnexa, not elsewhere classified', 'G10', 0),
(3519, 'H59.0', 'Vitreous syndrome following cataract surgery', 'G10', 0),
(3520, 'H59.8', 'Other postprocedural disorders of eye and adnexa', 'G10', 0),
(3521, 'H59.9', 'Postprocedural disorder of eye and adnexa, unspecified', 'G10', 0),
(3522, 'H60', 'Otitis externa', 'H00', 0),
(3523, 'H60.0', 'Abscess of external ear', 'H00', 0),
(3524, 'H60.1', 'Cellulitis of external ear', 'H00', 0),
(3525, 'H60.2', 'Malignant otitis externa', 'H00', 0),
(3526, 'H60.3', 'Other infective otitis externa', 'H00', 0),
(3527, 'H60.4', 'Cholesteatoma of external ear', 'H00', 0),
(3528, 'H60.5', 'Acute otitis externa, noninfective', 'H00', 0),
(3529, 'H60.8', 'Other otitis externa', 'H00', 0),
(3530, 'H60.9', 'Otitis externa, unspecified', 'H00', 0),
(3531, 'H61', 'Other disorders of external ear', 'H00', 0),
(3532, 'H61.0', 'Perichondritis of external ear', 'H00', 0),
(3533, 'H61.1', 'Noninfective disorders of pinna', 'H00', 0),
(3534, 'H61.2', 'Impacted cerumen', 'H00', 0),
(3535, 'H61.3', 'Acquired stenosis of external ear canal', 'H00', 0),
(3536, 'H61.8', 'Other specified disorders of external ear', 'H00', 0),
(3537, 'H61.9', 'Disorder of external ear, unspecified', 'H00', 0),
(3538, 'H62*', 'Disorders of external ear in diseases classified elsewhere', 'H00', 0),
(3539, 'H62.0*', 'Otitis externa in bacterial diseases classified elsewhere', 'H00', 0),
(3540, 'H62.1*', 'Otitis externa in viral diseases classified elsewhere', 'H00', 0),
(3541, 'H62.2*', 'Otitis externa in mycoses', 'H00', 0),
(3542, 'H62.3*', 'Otitis externa in other infectious and parasitic diseases classifiedelsewhere', 'H00', 0),
(3543, 'H62.4*', 'Otitis externa in other diseases classified elsewhere', 'H00', 0),
(3544, 'H62.8*', 'Other disorders of external ear in diseases classified elsewhere', 'H00', 0),
(3545, 'H65', 'Nonsuppurative otitis media', 'H01', 0),
(3546, 'H65.0', 'Acute serous otitis media', 'H01', 0),
(3547, 'H65.1', 'Other acute nonsuppurative otitis media', 'H01', 0),
(3548, 'H65.2', 'Chronic serous otitis media', 'H01', 0),
(3549, 'H65.3', 'Chronic mucoid otitis media', 'H01', 0),
(3550, 'H65.4', 'Other chronic nonsuppurative otitis media', 'H01', 0),
(3551, 'H65.9', 'Nonsuppurative otitis media, unspecified', 'H01', 0),
(3552, 'H66', 'Suppurative and unspecified otitis media', 'H01', 0),
(3553, 'H66.0', 'Acute suppurative otitis media', 'H01', 0),
(3554, 'H66.1', 'Chronic tubotympanic suppurative otitis media', 'H01', 0),
(3555, 'H66.2', 'Chronic atticoantral suppurative otitis media', 'H01', 0),
(3556, 'H66.3', 'Other chronic suppurative otitis media', 'H01', 0),
(3557, 'H66.4', 'Suppurative otitis media, unspecified', 'H01', 0),
(3558, 'H66.9', 'Otitis media, unspecified', 'H01', 0),
(3559, 'H67*', 'Otitis media in diseases classified elsewhere', 'H01', 0),
(3560, 'H67.0*', 'Otitis media in bacterial diseases classified elsewhere', 'H01', 0),
(3561, 'H67.1*', 'Otitis media in viral diseases classified elsewhere', 'H01', 0),
(3562, 'H67.8*', 'Otitis media in other diseases classified elsewhere', 'H01', 0),
(3563, 'H68', 'Eustachian salpingitis and obstruction', 'H01', 0),
(3564, 'H68.0', 'Eustachian salpingitis', 'H01', 0),
(3565, 'H68.1', 'Obstruction of Eustachian tube', 'H01', 0),
(3566, 'H69', 'Other disorders of Eustachian tube', 'H01', 0),
(3567, 'H69.0', 'Patulous Eustachian tube', 'H01', 0),
(3568, 'H69.8', 'Other specified disorders of Eustachian tube', 'H01', 0),
(3569, 'H69.9', 'Eustachian tube disorder, unspecified', 'H01', 0),
(3570, 'H70', 'Mastoiditis and related conditions', 'H01', 0),
(3571, 'H70.0', 'Acute mastoiditis', 'H01', 0),
(3572, 'H70.1', 'Chronic mastoiditis', 'H01', 0),
(3573, 'H70.2', 'Petrositis', 'H01', 0),
(3574, 'H70.8', 'Other mastoiditis and related conditions', 'H01', 0),
(3575, 'H70.9', 'Mastoiditis, unspecified', 'H01', 0),
(3576, 'H71', 'Cholesteatoma of middle ear', 'H01', 0),
(3577, 'H72', 'Perforation of tympanic membrane', 'H01', 0),
(3578, 'H72.0', 'Central perforation of tympanic membrane', 'H01', 0),
(3579, 'H72.1', 'Attic perforation of tympanic membrane', 'H01', 0),
(3580, 'H72.2', 'Other marginal perforations of tympanic membrane', 'H01', 0),
(3581, 'H72.8', 'Other perforations of tympanic membrane', 'H01', 0),
(3582, 'H72.9', 'Perforation of tympanic membrane, unspecified', 'H01', 0),
(3583, 'H73', 'Other disorders of tympanic membrane', 'H01', 0),
(3584, 'H73.0', 'Acute myringitis', 'H01', 0),
(3585, 'H73.1', 'Chronic myringitis', 'H01', 0),
(3586, 'H73.8', 'Other specified disorders of tympanic membrane', 'H01', 0),
(3587, 'H73.9', 'Disorder of tympanic membrane, unspecified', 'H01', 0),
(3588, 'H74', 'Other disorders of middle ear and mastoid', 'H01', 0),
(3589, 'H74.0', 'Tympanosclerosis', 'H01', 0),
(3590, 'H74.1', 'Adhesive middle ear disease', 'H01', 0),
(3591, 'H74.2', 'Discontinuity and dislocation of ear ossicles', 'H01', 0),
(3592, 'H74.3', 'Other acquired abnormalities of ear ossicles', 'H01', 0),
(3593, 'H74.4', 'Polyp of middle ear', 'H01', 0),
(3594, 'H74.8', 'Other specified disorders of middle ear and mastoid', 'H01', 0),
(3595, 'H74.9', 'Disorder of middle ear and mastoid, unspecified', 'H01', 0),
(3596, 'H75*', 'Other disorders of middle ear and mastoid in diseases classifiedelsewhere', 'H01', 0),
(3597, 'H75.0*', 'Mastoiditis in infectious and parasitic diseases classifiedelsewhere', 'H01', 0),
(3598, 'H75.8*', 'Other specified disorders of middle ear and mastoid in diseasesclassified elsewhere', 'H01', 0),
(3599, 'H80', 'Otosclerosis', 'H02', 0),
(3600, 'H80.0', 'Otosclerosis involving oval window, nonobliterative', 'H02', 0),
(3601, 'H80.1', 'Otosclerosis involving oval window, obliterative', 'H02', 0),
(3602, 'H80.2', 'Cochlear otosclerosis', 'H02', 0),
(3603, 'H80.8', 'Other otosclerosis', 'H02', 0),
(3604, 'H80.9', 'Otosclerosis, unspecified', 'H02', 0),
(3605, 'H81', 'Disorders of vestibular function', 'H02', 0),
(3606, 'H81.0', 'M?ni?re''s disease', 'H02', 0),
(3607, 'H81.1', 'Benign paroxysmal vertigo', 'H02', 0),
(3608, 'H81.2', 'Vestibular neuronitis', 'H02', 0),
(3609, 'H81.3', 'Other peripheral vertigo', 'H02', 0),
(3610, 'H81.4', 'Vertigo of central origin', 'H02', 0),
(3611, 'H81.8', 'Other disorders of vestibular function', 'H02', 0),
(3612, 'H81.9', 'Disorder of vestibular function, unspecified', 'H02', 0),
(3613, 'H82*', 'Vertiginous syndromes in diseases classified elsewhere', 'H02', 0),
(3614, 'H83', 'Other diseases of inner ear', 'H02', 0),
(3615, 'H83.0', 'Labyrinthitis', 'H02', 0),
(3616, 'H83.1', 'Labyrinthine fistula', 'H02', 0),
(3617, 'H83.2', 'Labyrinthine dysfunction', 'H02', 0),
(3618, 'H83.3', 'Noise effects on inner ear', 'H02', 0),
(3619, 'H83.8', 'Other specified diseases of inner ear', 'H02', 0),
(3620, 'H83.9', 'Disease of inner ear, unspecified', 'H02', 0),
(3621, 'H90', 'Conductive and sensorineural hearing loss', 'H02', 0),
(3622, 'H90.0', 'Conductive hearing loss, bilateral', 'H02', 0),
(3623, 'H90.1', 'Conductive hearing loss, unilateral with unrestricted hearing on thecontralateral side', 'H02', 0),
(3624, 'H90.2', 'Conductive hearing loss, unspecified', 'H02', 0),
(3625, 'H90.3', 'Sensorineural hearing loss, bilateral', 'H02', 0),
(3626, 'H90.4', 'Sensorineural hearing loss, unilateral with unrestricted hearing onthe contralateral side', 'H02', 0),
(3627, 'H90.5', 'Sensorineural hearing loss, unspecified', 'H02', 0),
(3628, 'H90.6', 'Mixed conductive and sensorineural hearing loss, bilateral', 'H02', 0),
(3629, 'H90.7', 'Mixed conductive and sensorineural hearing loss, unilateral withunrestricted hearing on the contrala', 'H02', 0),
(3630, 'H90.8', 'Mixed conductive and sensorineural hearing loss, unspecified', 'H02', 0),
(3631, 'H91', 'Other hearing loss', 'H02', 0),
(3632, 'H91.0', 'Ototoxic hearing loss', 'H02', 0),
(3633, 'H91.1', 'Presbycusis', 'H02', 0),
(3634, 'H91.2', 'Sudden idiopathic hearing loss', 'H02', 0),
(3635, 'H91.3', 'Deaf mutism, not elsewhere classified', 'H02', 0),
(3636, 'H91.8', 'Other specified hearing loss', 'H02', 0),
(3637, 'H91.9', 'Hearing loss, unspecified', 'H02', 0),
(3638, 'H92', 'Otalgia and effusion of ear', 'H02', 0),
(3639, 'H92.0', 'Otalgia', 'H02', 0),
(3640, 'H92.1', 'Otorrhoea', 'H02', 0),
(3641, 'H92.2', 'Otorrhagia', 'H02', 0),
(3642, 'H93', 'Other disorders of ear, not elsewhere classified', 'H02', 0),
(3643, 'H93.0', 'Degenerative and vascular disorders of ear', 'H02', 0),
(3644, 'H93.1', 'Tinnitus', 'H02', 0),
(3645, 'H93.2', 'Other abnormal auditory perceptions', 'H02', 0),
(3646, 'H93.3', 'Disorders of acoustic nerve', 'H02', 0),
(3647, 'H93.8', 'Other specified disorders of ear', 'H02', 0),
(3648, 'H93.9', 'Disorder of ear, unspecified', 'H02', 0),
(3649, 'H94*', 'Other disorders of ear in diseases classified elsewhere', 'H02', 0),
(3650, 'H94.0*', 'Acoustic neuritis in infectious and parasitic diseases classifiedelsewhere', 'H02', 0),
(3651, 'H94.8*', 'Other specified disorders of ear in diseases classified elsewhere', 'H02', 0),
(3652, 'H95', 'Postprocedural disorders of ear and mastoid process, not elsewhereclassified', 'H02', 0),
(3653, 'H95.0', 'Recurrent cholesteatoma of postmastoidectomy cavity', 'H02', 0),
(3654, 'H95.1', 'Other disorders following mastoidectomy', 'H02', 0),
(3655, 'H95.8', 'Other postprocedural disorders of ear and mastoid process', 'H02', 0),
(3656, 'H95.9', 'Postprocedural disorder of ear and mastoid process, unspecified', 'H02', 0),
(3657, 'I00', 'Rheumatic fever without mention of heart involvement', 'I00', 0),
(3658, 'I01', 'Rheumatic fever with heart involvement', 'I00', 0),
(3659, 'I01.0', 'Acute rheumatic pericarditis', 'I00', 0),
(3660, 'I01.1', 'Acute rheumatic endocarditis', 'I00', 0),
(3661, 'I01.2', 'Acute rheumatic myocarditis', 'I00', 0),
(3662, 'I01.8', 'Other acute rheumatic heart disease', 'I00', 0),
(3663, 'I01.9', 'Acute rheumatic heart disease, unspecified', 'I00', 0),
(3664, 'I02', 'Rheumatic chorea', 'I00', 0),
(3665, 'I02.0', 'Rheumatic chorea with heart involvement', 'I00', 0),
(3666, 'I02.9', 'Rheumatic chorea without heart involvement', 'I00', 0),
(3667, 'I05', 'Rheumatic mitral valve diseases', 'I01', 0),
(3668, 'I05.0', 'Mitral stenosis', 'I01', 0),
(3669, 'I05.1', 'Rheumatic mitral insufficiency', 'I01', 0),
(3670, 'I05.2', 'Mitral stenosis with insufficiency', 'I01', 0),
(3671, 'I05.8', 'Other mitral valve diseases', 'I01', 0),
(3672, 'I05.9', 'Mitral valve disease, unspecified', 'I01', 0),
(3673, 'I06', 'Rheumatic aortic valve diseases', 'I01', 0),
(3674, 'I06.0', 'Rheumatic aortic stenosis', 'I01', 0),
(3675, 'I06.1', 'Rheumatic aortic insufficiency', 'I01', 0),
(3676, 'I06.2', 'Rheumatic aortic stenosis with insufficiency', 'I01', 0),
(3677, 'I06.8', 'Other rheumatic aortic valve diseases', 'I01', 0),
(3678, 'I06.9', 'Rheumatic aortic valve disease, unspecified', 'I01', 0),
(3679, 'I07', 'Rheumatic tricuspid valve diseases', 'I01', 0),
(3680, 'I07.0', 'Tricuspid stenosis', 'I01', 0),
(3681, 'I07.1', 'Tricuspid insufficiency', 'I01', 0),
(3682, 'I07.2', 'Tricuspid stenosis with insufficiency', 'I01', 0),
(3683, 'I07.8', 'Other tricuspid valve diseases', 'I01', 0),
(3684, 'I07.9', 'Tricuspid valve disease, unspecified', 'I01', 0),
(3685, 'I08', 'Multiple valve diseases', 'I01', 0),
(3686, 'I08.0', 'Disorders of both mitral and aortic valves', 'I01', 0),
(3687, 'I08.1', 'Disorders of both mitral and tricuspid valves', 'I01', 0),
(3688, 'I08.2', 'Disorders of both aortic and tricuspid valves', 'I01', 0),
(3689, 'I08.3', 'Combined disorders of mitral, aortic and tricuspid valves', 'I01', 0),
(3690, 'I08.8', 'Other multiple valve diseases', 'I01', 0),
(3691, 'I08.9', 'Multiple valve disease, unspecified', 'I01', 0),
(3692, 'I09', 'Other rheumatic heart diseases', 'I01', 0),
(3693, 'I09.0', 'Rheumatic myocarditis', 'I01', 0),
(3694, 'I09.1', 'Rheumatic diseases of endocardium, valve unspecified', 'I01', 0),
(3695, 'I09.2', 'Chronic rheumatic pericarditis', 'I01', 0),
(3696, 'I09.8', 'Other specified rheumatic heart diseases', 'I01', 0),
(3697, 'I09.9', 'Rheumatic heart disease, unspecified', 'I01', 0),
(3698, 'I10', 'Essential (primary) hypertension', 'I02', 0),
(3699, 'I11', 'Hypertensive heart disease', 'I02', 0),
(3700, 'I11.0', 'Hypertensive heart disease with (congestive) heart failure', 'I02', 0),
(3701, 'I11.9', 'Hypertensive heart disease without (congestive) heart failure', 'I02', 0),
(3702, 'I12', 'Hypertensive renal disease', 'I02', 0),
(3703, 'I12.0', 'Hypertensive renal disease with renal failure', 'I02', 0),
(3704, 'I12.9', 'Hypertensive renal disease without renal failure', 'I02', 0),
(3705, 'I13', 'Hypertensive heart and renal disease', 'I02', 0),
(3706, 'I13.0', 'Hypertensive heart and renal disease with (congestive) heart failure', 'I02', 0),
(3707, 'I13.1', 'Hypertensive heart and renal disease with renal failure', 'I02', 0),
(3708, 'I13.2', 'Hypertensive heart and renal disease with both (congestive) heartfailure and renal failure', 'I02', 0),
(3709, 'I13.9', 'Hypertensive heart and renal disease, unspecified', 'I02', 0),
(3710, 'I15', 'Secondary hypertension', 'I02', 0),
(3711, 'I15.0', 'Renovascular hypertension', 'I02', 0),
(3712, 'I15.1', 'Hypertension secondary to other renal disorders', 'I02', 0),
(3713, 'I15.2', 'Hypertension secondary to endocrine disorders', 'I02', 0),
(3714, 'I15.8', 'Other secondary hypertension', 'I02', 0),
(3715, 'I15.9', 'Secondary hypertension, unspecified', 'I02', 0),
(3716, 'I20', 'Angina pectoris', 'I03', 0),
(3717, 'I20.0', 'Unstable angina', 'I03', 0),
(3718, 'I20.1', 'Angina pectoris with documented spasm', 'I03', 0),
(3719, 'I20.8', 'Other forms of angina pectoris', 'I03', 0),
(3720, 'I20.9', 'Angina pectoris, unspecified', 'I03', 0),
(3721, 'I21', 'Acute myocardial infarction', 'I03', 0),
(3722, 'I21.0', 'Acute transmural myocardial infarction of anterior wall', 'I03', 0),
(3723, 'I21.1', 'Acute transmural myocardial infarction of inferior wall', 'I03', 0),
(3724, 'I21.2', 'Acute transmural myocardial infarction of other sites', 'I03', 0),
(3725, 'I21.3', 'Acute transmural myocardial infarction of unspecified site', 'I03', 0),
(3726, 'I21.4', 'Acute subendocardial myocardial infarction', 'I03', 0),
(3727, 'I21.9', 'Acute myocardial infarction, unspecified', 'I03', 0),
(3728, 'I22', 'Subsequent myocardial infarction', 'I03', 0),
(3729, 'I22.0', 'Subsequent myocardial infarction of anterior wall', 'I03', 0),
(3730, 'I22.1', 'Subsequent myocardial infarction of inferior wall', 'I03', 0),
(3731, 'I22.8', 'Subsequent myocardial infarction of other sites', 'I03', 0),
(3732, 'I22.9', 'Subsequent myocardial infarction of unspecified site', 'I03', 0),
(3733, 'I23', 'Certain current complications following acute myocardial infarction', 'I03', 0),
(3734, 'I23.0', 'Haemopericardium as current complication following acute myocardialinfarction', 'I03', 0),
(3735, 'I23.1', 'Atrial septal defect as current complication following acutemyocardial infarction', 'I03', 0),
(3736, 'I23.2', 'Ventricular septal defect as current complication following acutemyocardial infarction', 'I03', 0),
(3737, 'I23.3', 'Rupture of cardiac wall without haemopericardium as currentcomplication following acute myocardial i', 'I03', 0),
(3738, 'I23.4', 'Rupture of chordae tendineae as current complication following acutemyocardial infarction', 'I03', 0),
(3739, 'I23.5', 'Rupture of papillary muscle as current complication following acutemyocardial infarction', 'I03', 0),
(3740, 'I23.6', 'Thrombosis of atrium, auricular appendage, and ventricle as currentcomplications following acute myo', 'I03', 0),
(3741, 'I23.8', 'Other current complications following acute myocardial infarction', 'I03', 0),
(3742, 'I24', 'Other acute ischaemic heart diseases', 'I03', 0),
(3743, 'I24.0', 'Coronary thrombosis not resulting in myocardial infarction', 'I03', 0),
(3744, 'I24.1', 'Dressler''s syndrome', 'I03', 0),
(3745, 'I24.8', 'Other forms of acute ischaemic heart disease', 'I03', 0),
(3746, 'I24.9', 'Acute ischaemic heart disease, unspecified', 'I03', 0),
(3747, 'I25', 'Chronic ischaemic heart disease', 'I03', 0),
(3748, 'I25.0', 'Atherosclerotic cardiovascular disease, so described', 'I03', 0),
(3749, 'I25.1', 'Atherosclerotic heart disease', 'I03', 0),
(3750, 'I25.2', 'Old myocardial infarction', 'I03', 0),
(3751, 'I25.3', 'Aneurysm of heart', 'I03', 0),
(3752, 'I25.4', 'Coronary artery aneurysm', 'I03', 0),
(3753, 'I25.5', 'Ischaemic cardiomyopathy', 'I03', 0),
(3754, 'I25.6', 'Silent myocardial ischaemia', 'I03', 0),
(3755, 'I25.8', 'Other forms of chronic ischaemic heart disease', 'I03', 0),
(3756, 'I25.9', 'Chronic ischaemic heart disease, unspecified', 'I03', 0),
(3757, 'I26', 'Pulmonary embolism', 'I04', 0),
(3758, 'I26.0', 'Pulmonary embolism with mention of acute cor pulmonale', 'I04', 0),
(3759, 'I26.9', 'Pulmonary embolism without mention of acute cor pulmonale', 'I04', 0),
(3760, 'I27', 'Other pulmonary heart diseases', 'I04', 0),
(3761, 'I27.0', 'Primary pulmonary hypertension', 'I04', 0),
(3762, 'I27.1', 'Kyphoscoliotic heart disease', 'I04', 0),
(3763, 'I27.8', 'Other specified pulmonary heart diseases', 'I04', 0),
(3764, 'I27.9', 'Pulmonary heart disease, unspecified', 'I04', 0),
(3765, 'I28', 'Other diseases of pulmonary vessels', 'I04', 0),
(3766, 'I28.0', 'Arteriovenous fistula of pulmonary vessels', 'I04', 0),
(3767, 'I28.1', 'Aneurysm of pulmonary artery', 'I04', 0),
(3768, 'I28.8', 'Other specified diseases of pulmonary vessels', 'I04', 0),
(3769, 'I28.9', 'Disease of pulmonary vessels, unspecified', 'I04', 0),
(3770, 'I30', 'Acute pericarditis', 'I05', 0),
(3771, 'I30.0', 'Acute nonspecific idiopathic pericarditis', 'I05', 0),
(3772, 'I30.1', 'Infective pericarditis', 'I05', 0),
(3773, 'I30.8', 'Other forms of acute pericarditis', 'I05', 0),
(3774, 'I30.9', 'Acute pericarditis, unspecified', 'I05', 0),
(3775, 'I31', 'Other diseases of pericardium', 'I05', 0),
(3776, 'I31.0', 'Chronic adhesive pericarditis', 'I05', 0),
(3777, 'I31.1', 'Chronic constrictive pericarditis', 'I05', 0),
(3778, 'I31.2', 'Haemopericardium, not elsewhere classified', 'I05', 0),
(3779, 'I31.3', 'Pericardial effusion (noninflammatory)', 'I05', 0),
(3780, 'I31.8', 'Other specified diseases of pericardium', 'I05', 0),
(3781, 'I31.9', 'Disease of pericardium, unspecified', 'I05', 0),
(3782, 'I32*', 'Pericarditis in diseases classified elsewhere', 'I05', 0),
(3783, 'I32.0*', 'Pericarditis in bacterial diseases classified elsewhere', 'I05', 0),
(3784, 'I32.1*', 'Pericarditis in other infectious and parasitic diseases classifiedelsewhere', 'I05', 0),
(3785, 'I32.8*', 'Pericarditis in other diseases classified elsewhere', 'I05', 0),
(3786, 'I33', 'Acute and subacute endocarditis', 'I05', 0),
(3787, 'I33.0', 'Acute and subacute infective endocarditis', 'I05', 0),
(3788, 'I33.9', 'Acute endocarditis, unspecified', 'I05', 0),
(3789, 'I34', 'Nonrheumatic mitral valve disorders', 'I05', 0),
(3790, 'I34.0', 'Mitral (valve) insufficiency', 'I05', 0),
(3791, 'I34.1', 'Mitral (valve) prolapse', 'I05', 0),
(3792, 'I34.2', 'Nonrheumatic mitral (valve) stenosis', 'I05', 0),
(3793, 'I34.8', 'Other nonrheumatic mitral valve disorders', 'I05', 0),
(3794, 'I34.9', 'Nonrheumatic mitral valve disorder, unspecified', 'I05', 0),
(3795, 'I35', 'Nonrheumatic aortic valve disorders', 'I05', 0),
(3796, 'I35.0', 'Aortic (valve) stenosis', 'I05', 0),
(3797, 'I35.1', 'Aortic (valve) insufficiency', 'I05', 0),
(3798, 'I35.2', 'Aortic (valve) stenosis with insufficiency', 'I05', 0),
(3799, 'I35.8', 'Other aortic valve disorders', 'I05', 0),
(3800, 'I35.9', 'Aortic valve disorder, unspecified', 'I05', 0),
(3801, 'I36', 'Nonrheumatic tricuspid valve disorders', 'I05', 0),
(3802, 'I36.0', 'Nonrheumatic tricuspid (valve) stenosis', 'I05', 0),
(3803, 'I36.1', 'Nonrheumatic tricuspid (valve) insufficiency', 'I05', 0),
(3804, 'I36.2', 'Nonrheumatic tricuspid (valve) stenosis with insufficiency', 'I05', 0),
(3805, 'I36.8', 'Other nonrheumatic tricuspid valve disorders', 'I05', 0),
(3806, 'I36.9', 'Nonrheumatic tricuspid valve disorder, unspecified', 'I05', 0),
(3807, 'I37', 'Pulmonary valve disorders', 'I05', 0),
(3808, 'I37.0', 'Pulmonary valve stenosis', 'I05', 0),
(3809, 'I37.1', 'Pulmonary valve insufficiency', 'I05', 0),
(3810, 'I37.2', 'Pulmonary valve stenosis with insufficiency', 'I05', 0),
(3811, 'I37.8', 'Other pulmonary valve disorders', 'I05', 0),
(3812, 'I37.9', 'Pulmonary valve disorder, unspecified', 'I05', 0),
(3813, 'I38', 'Endocarditis, valve unspecified', 'I05', 0),
(3814, 'I39*', 'Endocarditis and heart valve disorders in diseases classifiedelsewhere', 'I05', 0),
(3815, 'I39.0*', 'Mitral valve disorders in diseases classified elsewhere', 'I05', 0),
(3816, 'I39.1*', 'Aortic valve disorders in diseases classified elsewhere', 'I05', 0),
(3817, 'I39.2*', 'Tricuspid valve disorders in diseases classified elsewhere', 'I05', 0),
(3818, 'I39.3*', 'Pulmonary valve disorders in diseases classified elsewhere', 'I05', 0),
(3819, 'I39.4*', 'Multiple valve disorders in diseases classified elsewhere', 'I05', 0),
(3820, 'I39.8*', 'Endocarditis, valve unspecified, in diseases classified elsewhere', 'I05', 0),
(3821, 'I40', 'Acute myocarditis', 'I05', 0),
(3822, 'I40.0', 'Infective myocarditis', 'I05', 0),
(3823, 'I40.1', 'Isolated myocarditis', 'I05', 0),
(3824, 'I40.8', 'Other acute myocarditis', 'I05', 0),
(3825, 'I40.9', 'Acute myocarditis, unspecified', 'I05', 0),
(3826, 'I41*', 'Myocarditis in diseases classified elsewhere', 'I05', 0),
(3827, 'I41.0*', 'Myocarditis in bacterial diseases classified elsewhere', 'I05', 0),
(3828, 'I41.1*', 'Myocarditis in viral diseases classified elsewhere', 'I05', 0),
(3829, 'I41.2*', 'Myocarditis in other infectious and parasitic diseases classifiedelsewhere', 'I05', 0),
(3830, 'I41.8*', 'Myocarditis in other diseases classified elsewhere', 'I05', 0),
(3831, 'I42', 'Cardiomyopathy', 'I05', 0),
(3832, 'I42.0', 'Dilated cardiomyopathy', 'I05', 0),
(3833, 'I42.1', 'Obstructive hypertrophic cardiomyopathy', 'I05', 0),
(3834, 'I42.2', 'Other hypertrophic cardiomyopathy', 'I05', 0),
(3835, 'I42.3', 'Endomyocardial (eosinophilic) disease', 'I05', 0),
(3836, 'I42.4', 'Endocardial fibroelastosis', 'I05', 0),
(3837, 'I42.5', 'Other restrictive cardiomyopathy', 'I05', 0),
(3838, 'I42.6', 'Alcoholic cardiomyopathy', 'I05', 0),
(3839, 'I42.7', 'Cardiomyopathy due to drugs and other external agents', 'I05', 0),
(3840, 'I42.8', 'Other cardiomyopathies', 'I05', 0),
(3841, 'I42.9', 'Cardiomyopathy, unspecified', 'I05', 0),
(3842, 'I43*', 'Cardiomyopathy in diseases classified elsewhere', 'I05', 0),
(3843, 'I43.0*', 'Cardiomyopathy in infectious and parasitic diseases classified elsewhere', 'I05', 0),
(3844, 'I43.1*', 'Cardiomyopathy in metabolic diseases', 'I05', 0),
(3845, 'I43.2*', 'Cardiomyopathy in nutritional diseases', 'I05', 0),
(3846, 'I43.8*', 'Cardiomyopathy in other diseases classified elsewhere', 'I05', 0),
(3847, 'I44', 'Atrioventricular and left bundle-branch block', 'I05', 0),
(3848, 'I44.0', 'Atrioventricular block, first degree', 'I05', 0),
(3849, 'I44.1', 'Atrioventricular block, second degree', 'I05', 0),
(3850, 'I44.2', 'Atrioventricular block, complete', 'I05', 0),
(3851, 'I44.3', 'Other and unspecified atrioventricular block', 'I05', 0),
(3852, 'I44.4', 'Left anterior fascicular block', 'I05', 0),
(3853, 'I44.5', 'Left posterior fascicular block', 'I05', 0),
(3854, 'I44.6', 'Other and unspecified fascicular block', 'I05', 0),
(3855, 'I44.7', 'Left bundle-branch block, unspecified', 'I05', 0),
(3856, 'I45', 'Other conduction disorders', 'I05', 0),
(3857, 'I45.0', 'Right fascicular block', 'I05', 0),
(3858, 'I45.1', 'Other and unspecified right bundle-branch block', 'I05', 0),
(3859, 'I45.2', 'Bifascicular block', 'I05', 0),
(3860, 'I45.3', 'Trifascicular block', 'I05', 0),
(3861, 'I45.4', 'Nonspecific intraventricular block', 'I05', 0),
(3862, 'I45.5', 'Other specified heart block', 'I05', 0),
(3863, 'I45.6', 'Pre-excitation syndrome', 'I05', 0),
(3864, 'I45.8', 'Other specified conduction disorders', 'I05', 0),
(3865, 'I45.9', 'Conduction disorder, unspecified', 'I05', 0);
INSERT INTO `icd_penyakit` (`id`, `kode_penyakit`, `nama_penyakit`, `subkelompok`, `dtd_id`) VALUES
(3866, 'I46', 'Cardiac arrest', 'I05', 0),
(3867, 'I46.0', 'Cardiac arrest with successful resuscitation', 'I05', 0),
(3868, 'I46.1', 'Sudden cardiac death, so described', 'I05', 0),
(3869, 'I46.9', 'Cardiac arrest, unspecified', 'I05', 0),
(3870, 'I47', 'Paroxysmal tachycardia', 'I05', 0),
(3871, 'I47.0', 'Re-entry ventricular arrhythmia', 'I05', 0),
(3872, 'I47.1', 'Supraventricular tachycardia', 'I05', 0),
(3873, 'I47.2', 'Ventricular tachycardia', 'I05', 0),
(3874, 'I47.9', 'Paroxysmal tachycardia, unspecified', 'I05', 0),
(3875, 'I48', 'Atrial fibrillation and flutter', 'I05', 0),
(3876, 'I49', 'Other cardiac arrhythmias', 'I05', 0),
(3877, 'I49.0', 'Ventricular fibrillation and flutter', 'I05', 0),
(3878, 'I49.1', 'Atrial premature depolarization', 'I05', 0),
(3879, 'I49.2', 'Junctional premature depolarization', 'I05', 0),
(3880, 'I49.3', 'Ventricular premature depolarization', 'I05', 0),
(3881, 'I49.4', 'Other and unspecified premature depolarization', 'I05', 0),
(3882, 'I49.5', 'Sick sinus syndrome', 'I05', 0),
(3883, 'I49.8', 'Other specified cardiac arrhythmias', 'I05', 0),
(3884, 'I49.9', 'Cardiac arrhythmia, unspecified', 'I05', 0),
(3885, 'I50', 'Heart failure', 'I05', 0),
(3886, 'I50.0', 'Congestive heart failure', 'I05', 0),
(3887, 'I50.1', 'Left ventricular failure', 'I05', 0),
(3888, 'I50.9', 'Heart failure, unspecified', 'I05', 0),
(3889, 'I51', 'Complications and ill-defined descriptions of heart disease', 'I05', 0),
(3890, 'I51.0', 'Cardiac septal defect, acquired', 'I05', 0),
(3891, 'I51.1', 'Rupture of chordae tendineae, not elsewhere classified', 'I05', 0),
(3892, 'I51.2', 'Rupture of papillary muscle, not elsewhere classified', 'I05', 0),
(3893, 'I51.3', 'Intracardiac thrombosis, not elsewhere classified', 'I05', 0),
(3894, 'I51.4', 'Myocarditis, unspecified', 'I05', 0),
(3895, 'I51.5', 'Myocardial degeneration', 'I05', 0),
(3896, 'I51.6', 'Cardiovascular disease, unspecified', 'I05', 0),
(3897, 'I51.7', 'Cardiomegaly', 'I05', 0),
(3898, 'I51.8', 'Other ill-defined heart diseases', 'I05', 0),
(3899, 'I51.9', 'Heart disease, unspecified', 'I05', 0),
(3900, 'I52*', 'Other heart disorders in diseases classified elsewhere', 'I05', 0),
(3901, 'I52.0*', 'Other heart disorders in bacterial diseases classified elsewhere', 'I05', 0),
(3902, 'I52.1*', 'Other heart disorders in other infectious and parasitic diseasesclassified elsewhere', 'I05', 0),
(3903, 'I52.8*', 'Other heart disorders in other diseases classified elsewhere', 'I05', 0),
(3904, 'I60', 'Subarachnoid haemorrhage', 'I06', 0),
(3905, 'I60.0', 'Subarachnoid haemorrhage from carotid siphon and bifurcation', 'I06', 0),
(3906, 'I60.1', 'Subarachnoid haemorrhage from middle cerebral artery', 'I06', 0),
(3907, 'I60.2', 'Subarachnoid haemorrhage from anterior communicating artery', 'I06', 0),
(3908, 'I60.3', 'Subarachnoid haemorrhage from posterior communicating artery', 'I06', 0),
(3909, 'I60.4', 'Subarachnoid haemorrhage from basilar artery', 'I06', 0),
(3910, 'I60.5', 'Subarachnoid haemorrhage from vertebral artery', 'I06', 0),
(3911, 'I60.6', 'Subarachnoid haemorrhage from other intracranial arteries', 'I06', 0),
(3912, 'I60.7', 'Subarachnoid haemorrhage from intracranial artery, unspecified', 'I06', 0),
(3913, 'I60.8', 'Other subarachnoid haemorrhage', 'I06', 0),
(3914, 'I60.9', 'Subarachnoid haemorrhage, unspecified', 'I06', 0),
(3915, 'I61', 'Intracerebral haemorrhage', 'I06', 0),
(3916, 'I61.0', 'Intracerebral haemorrhage in hemisphere, subcortical', 'I06', 0),
(3917, 'I61.1', 'Intracerebral haemorrhage in hemisphere, cortical', 'I06', 0),
(3918, 'I61.2', 'Intracerebral haemorrhage in hemisphere, unspecified', 'I06', 0),
(3919, 'I61.3', 'Intracerebral haemorrhage in brain stem', 'I06', 0),
(3920, 'I61.4', 'Intracerebral haemorrhage in cerebellum', 'I06', 0),
(3921, 'I61.5', 'Intracerebral haemorrhage, intraventricular', 'I06', 0),
(3922, 'I61.6', 'Intracerebral haemorrhage, multiple localized', 'I06', 0),
(3923, 'I61.8', 'Other intracerebral haemorrhage', 'I06', 0),
(3924, 'I61.9', 'Intracerebral haemorrhage, unspecified', 'I06', 0),
(3925, 'I62', 'Other nontraumatic intracranial haemorrhage', 'I06', 0),
(3926, 'I62.0', 'Subdural haemorrhage (acute)(nontraumatic)', 'I06', 0),
(3927, 'I62.1', 'Nontraumatic extradural haemorrhage', 'I06', 0),
(3928, 'I62.9', 'Intracranial haemorrhage (nontraumatic), unspecified', 'I06', 0),
(3929, 'I63', 'Cerebral infarction', 'I06', 0),
(3930, 'I63.0', 'Cerebral infarction due to thrombosis of precerebral arteries', 'I06', 0),
(3931, 'I63.1', 'Cerebral infarction due to embolism of precerebral arteries', 'I06', 0),
(3932, 'I63.2', 'Cerebral infarction due to unspecified occlusion or stenosis ofprecerebral arteries', 'I06', 0),
(3933, 'I63.3', 'Cerebral infarction due to thrombosis of cerebral arteries', 'I06', 0),
(3934, 'I63.4', 'Cerebral infarction due to embolism of cerebral arteries', 'I06', 0),
(3935, 'I63.5', 'Cerebral infarction due to unspecified occlusion or stenosis ofcerebral arteries', 'I06', 0),
(3936, 'I63.6', 'Cerebral infarction due to cerebral venous thrombosis, nonpyogenic', 'I06', 0),
(3937, 'I63.8', 'Other cerebral infarction', 'I06', 0),
(3938, 'I63.9', 'Cerebral infarction, unspecified', 'I06', 0),
(3939, 'I64', 'Stroke, not specified as haemorrhage or infarction', 'I06', 0),
(3940, 'I65', 'Occlusion and stenosis of precerebral arteries, not resulting incerebral infarction', 'I06', 0),
(3941, 'I65.0', 'Occlusion and stenosis of vertebral artery', 'I06', 0),
(3942, 'I65.1', 'Occlusion and stenosis of basilar artery', 'I06', 0),
(3943, 'I65.2', 'Occlusion and stenosis of carotid artery', 'I06', 0),
(3944, 'I65.3', 'Occlusion and stenosis of multiple and bilateral precerebralarteries', 'I06', 0),
(3945, 'I65.8', 'Occlusion and stenosis of other precerebral artery', 'I06', 0),
(3946, 'I65.9', 'Occlusion and stenosis of unspecified precerebral artery', 'I06', 0),
(3947, 'I66', 'Occlusion and stenosis of cerebral arteries, not resulting incerebral infarction', 'I06', 0),
(3948, 'I66.0', 'Occlusion and stenosis of middle cerebral artery', 'I06', 0),
(3949, 'I66.1', 'Occlusion and stenosis of anterior cerebral artery', 'I06', 0),
(3950, 'I66.2', 'Occlusion and stenosis of posterior cerebral artery', 'I06', 0),
(3951, 'I66.3', 'Occlusion and stenosis of cerebellar arteries', 'I06', 0),
(3952, 'I66.4', 'Occlusion and stenosis of multiple and bilateral cerebral arteries', 'I06', 0),
(3953, 'I66.8', 'Occlusion and stenosis of other cerebral artery', 'I06', 0),
(3954, 'I66.9', 'Occlusion and stenosis of unspecified cerebral artery', 'I06', 0),
(3955, 'I67', 'Other cerebrovascular diseases', 'I06', 0),
(3956, 'I67.0', 'Dissection of cerebral arteries, nonruptured', 'I06', 0),
(3957, 'I67.1', 'Cerebral aneurysm, nonruptured', 'I06', 0),
(3958, 'I67.2', 'Cerebral atherosclerosis', 'I06', 0),
(3959, 'I67.3', 'Progressive vascular leukoencephalopathy', 'I06', 0),
(3960, 'I67.4', 'Hypertensive encephalopathy', 'I06', 0),
(3961, 'I67.5', 'Moyamoya disease', 'I06', 0),
(3962, 'I67.6', 'Nonpyogenic thrombosis of intracranial venous system', 'I06', 0),
(3963, 'I67.7', 'Cerebral arteritis, not elsewhere classified', 'I06', 0),
(3964, 'I67.8', 'Other specified cerebrovascular diseases', 'I06', 0),
(3965, 'I67.9', 'Cerebrovascular disease, unspecified', 'I06', 0),
(3966, 'I68*', 'Cerebrovascular disorders in diseases classified elsewhere', 'I06', 0),
(3967, 'I68.0*', 'Cerebral amyloid angiopathy (E85.-+)', 'I06', 0),
(3968, 'I68.1*', 'Cerebral arteritis in infectious and parasitic diseases classifiedelsewhere', 'I06', 0),
(3969, 'I68.2*', 'Cerebral arteritis in other diseases classified elsewhere', 'I06', 0),
(3970, 'I68.8*', 'Other cerebrovascular disorders in diseases classified elsewhere', 'I06', 0),
(3971, 'I69', 'Sequelae of cerebrovascular disease', 'I06', 0),
(3972, 'I69.0', 'Sequelae of subarachnoid haemorrhage', 'I06', 0),
(3973, 'I69.1', 'Sequelae of intracerebral haemorrhage', 'I06', 0),
(3974, 'I69.2', 'Sequelae of other nontraumatic intracranial haemorrhage', 'I06', 0),
(3975, 'I69.3', 'Sequelae of cerebral infarction', 'I06', 0),
(3976, 'I69.4', 'Sequelae of stroke, not specified as haemorrhage or infarction', 'I06', 0),
(3977, 'I69.8', 'Sequelae of other and unspecified cerebrovascular diseases', 'I06', 0),
(3978, 'I70', 'Atherosclerosis', 'I07', 0),
(3979, 'I70.0', 'Atherosclerosis of aorta', 'I07', 0),
(3980, 'I70.1', 'Atherosclerosis of renal artery', 'I07', 0),
(3981, 'I70.2', 'Atherosclerosis of arteries of extremities', 'I07', 0),
(3982, 'I70.8', 'Atherosclerosis of other arteries', 'I07', 0),
(3983, 'I70.9', 'Generalized and unspecified atherosclerosis', 'I07', 0),
(3984, 'I71', 'Aortic aneurysm and dissection', 'I07', 0),
(3985, 'I71.0', 'Dissection of aorta [any part]', 'I07', 0),
(3986, 'I71.1', 'Thoracic aortic aneurysm, ruptured', 'I07', 0),
(3987, 'I71.2', 'Thoracic aortic aneurysm, without mention of rupture', 'I07', 0),
(3988, 'I71.3', 'Abdominal aortic aneurysm, ruptured', 'I07', 0),
(3989, 'I71.4', 'Abdominal aortic aneurysm, without mention of rupture', 'I07', 0),
(3990, 'I71.5', 'Thoracoabdominal aortic aneurysm, ruptured', 'I07', 0),
(3991, 'I71.6', 'Thoracoabdominal aortic aneurysm, without mention of rupture', 'I07', 0),
(3992, 'I71.8', 'Aortic aneurysm of unspecified site, ruptured', 'I07', 0),
(3993, 'I71.9', 'Aortic aneurysm of unspecified site, without mention of rupture', 'I07', 0),
(3994, 'I72', 'Other aneurysm', 'I07', 0),
(3995, 'I72.0', 'Aneurysm of carotid artery', 'I07', 0),
(3996, 'I72.1', 'Aneurysm of artery of upper extremity', 'I07', 0),
(3997, 'I72.2', 'Aneurysm of renal artery', 'I07', 0),
(3998, 'I72.3', 'Aneurysm of iliac artery', 'I07', 0),
(3999, 'I72.4', 'Aneurysm of artery of lower extremity', 'I07', 0),
(4000, 'I72.8', 'Aneurysm of other specified arteries', 'I07', 0),
(4001, 'I72.9', 'Aneurysm of unspecified site', 'I07', 0),
(4002, 'I73', 'Other peripheral vascular diseases', 'I07', 0),
(4003, 'I73.0', 'Raynaud''s syndrome', 'I07', 0),
(4004, 'I73.1', 'Thromboangiitis obliterans [Buerger]', 'I07', 0),
(4005, 'I73.8', 'Other specified peripheral vascular diseases', 'I07', 0),
(4006, 'I73.9', 'Peripheral vascular disease, unspecified', 'I07', 0),
(4007, 'I74', 'Arterial embolism and thrombosis', 'I07', 0),
(4008, 'I74.0', 'Embolism and thrombosis of abdominal aorta', 'I07', 0),
(4009, 'I74.1', 'Embolism and thrombosis of other and unspecified parts of aorta', 'I07', 0),
(4010, 'I74.2', 'Embolism and thrombosis of arteries of upper extremities', 'I07', 0),
(4011, 'I74.3', 'Embolism and thrombosis of arteries of lower extremities', 'I07', 0),
(4012, 'I74.4', 'Embolism and thrombosis of arteries of extremities, unspecified', 'I07', 0),
(4013, 'I74.5', 'Embolism and thrombosis of iliac artery', 'I07', 0),
(4014, 'I74.8', 'Embolism and thrombosis of other arteries', 'I07', 0),
(4015, 'I74.9', 'Embolism and thrombosis of unspecified artery', 'I07', 0),
(4016, 'I77', 'Other disorders of arteries and arterioles', 'I07', 0),
(4017, 'I77.0', 'Arteriovenous fistula, acquired', 'I07', 0),
(4018, 'I77.1', 'Stricture of artery', 'I07', 0),
(4019, 'I77.2', 'Rupture of artery', 'I07', 0),
(4020, 'I77.3', 'Arterial fibromuscular dysplasia', 'I07', 0),
(4021, 'I77.4', 'Coeliac artery compression syndrome', 'I07', 0),
(4022, 'I77.5', 'Necrosis of artery', 'I07', 0),
(4023, 'I77.6', 'Arteritis, unspecified', 'I07', 0),
(4024, 'I77.8', 'Other specified disorders of arteries and arterioles', 'I07', 0),
(4025, 'I77.9', 'Disorder of arteries and arterioles, unspecified', 'I07', 0),
(4026, 'I78', 'Diseases of capillaries', 'I07', 0),
(4027, 'I78.0', 'Hereditary haemorrhagic telangiectasia', 'I07', 0),
(4028, 'I78.1', 'Naevus, non-neoplastic', 'I07', 0),
(4029, 'I78.8', 'Other diseases of capillaries', 'I07', 0),
(4030, 'I78.9', 'Disease of capillaries, unspecified', 'I07', 0),
(4031, 'I79*', 'Disorders of arteries, arterioles and capillaries in diseasesclassified elsewhere', 'I07', 0),
(4032, 'I79.0*', 'Aneurysm of aorta in diseases classified elsewhere', 'I07', 0),
(4033, 'I79.1*', 'Aortitis in diseases classified elsewhere', 'I07', 0),
(4034, 'I79.2*', 'Peripheral angiopathy in diseases classified elsewhere', 'I07', 0),
(4035, 'I79.8*', 'Other disorders of arteries, arterioles and capillaries in diseasesclassified elsewhere', 'I07', 0),
(4036, 'I80', 'Phlebitis and thrombophlebitis', 'I08', 0),
(4037, 'I80.0', 'Phlebitis and thrombophlebitis of superficial vessels of lowerextremities', 'I08', 0),
(4038, 'I80.1', 'Phlebitis and thrombophlebitis of femoral vein', 'I08', 0),
(4039, 'I80.2', 'Phlebitis and thrombophlebitis of other deep vessels of lowerextremities', 'I08', 0),
(4040, 'I80.3', 'Phlebitis and thrombophlebitis of lower extremities, unspecified', 'I08', 0),
(4041, 'I80.8', 'Phlebitis and thrombophlebitis of other sites', 'I08', 0),
(4042, 'I80.9', 'Phlebitis and thrombophlebitis of unspecified site', 'I08', 0),
(4043, 'I81', 'Portal vein thrombosis', 'I08', 0),
(4044, 'I82', 'Other venous embolism and thrombosis', 'I08', 0),
(4045, 'I82.0', 'Budd-Chiari syndrome', 'I08', 0),
(4046, 'I82.1', 'Thrombophlebitis migrans', 'I08', 0),
(4047, 'I82.2', 'Embolism and thrombosis of vena cava', 'I08', 0),
(4048, 'I82.3', 'Embolism and thrombosis of renal vein', 'I08', 0),
(4049, 'I82.8', 'Embolism and thrombosis of other specified veins', 'I08', 0),
(4050, 'I82.9', 'Embolism and thrombosis of unspecified vein', 'I08', 0),
(4051, 'I83', 'Varicose veins of lower extremities', 'I08', 0),
(4052, 'I83.0', 'Varicose veins of lower extremities with ulcer', 'I08', 0),
(4053, 'I83.1', 'Varicose veins of lower extremities with inflammation', 'I08', 0),
(4054, 'I83.2', 'Varicose veins of lower extremities with both ulcer and inflammation', 'I08', 0),
(4055, 'I83.9', 'Varicose veins of lower extremities without ulcer or inflammation', 'I08', 0),
(4056, 'I84', 'Haemorrhoids', 'I08', 0),
(4057, 'I84.0', 'Internal thrombosed haemorrhoids', 'I08', 0),
(4058, 'I84.1', 'Internal haemorrhoids with other complications', 'I08', 0),
(4059, 'I84.2', 'Internal haemorrhoids without complication', 'I08', 0),
(4060, 'I84.3', 'External thrombosed haemorrhoids', 'I08', 0),
(4061, 'I84.4', 'External haemorrhoids with other complications', 'I08', 0),
(4062, 'I84.5', 'External haemorrhoids without complication', 'I08', 0),
(4063, 'I84.6', 'Residual haemorrhoidal skin tags', 'I08', 0),
(4064, 'I84.7', 'Unspecified thrombosed haemorrhoids', 'I08', 0),
(4065, 'I84.8', 'Unspecified haemorrhoids with other complications', 'I08', 0),
(4066, 'I84.9', 'Unspecified haemorrhoids without complication', 'I08', 0),
(4067, 'I85', 'Oesophageal varices', 'I08', 0),
(4068, 'I85.0', 'Oesophageal varices with bleeding', 'I08', 0),
(4069, 'I85.9', 'Oesophageal varices without bleeding', 'I08', 0),
(4070, 'I86', 'Varicose veins of other sites', 'I08', 0),
(4071, 'I86.0', 'Sublingual varices', 'I08', 0),
(4072, 'I86.1', 'Scrotal varices', 'I08', 0),
(4073, 'I86.2', 'Pelvic varices', 'I08', 0),
(4074, 'I86.3', 'Vulval varices', 'I08', 0),
(4075, 'I86.4', 'Gastric varices', 'I08', 0),
(4076, 'I86.8', 'Varicose veins of other specified sites', 'I08', 0),
(4077, 'I87', 'Other disorders of veins', 'I08', 0),
(4078, 'I87.0', 'Postphlebitic syndrome', 'I08', 0),
(4079, 'I87.1', 'Compression of vein', 'I08', 0),
(4080, 'I87.2', 'Venous insufficiency (chronic)(peripheral)', 'I08', 0),
(4081, 'I87.8', 'Other specified disorders of veins', 'I08', 0),
(4082, 'I87.9', 'Disorder of vein, unspecified', 'I08', 0),
(4083, 'I88', 'Nonspecific lymphadenitis', 'I08', 0),
(4084, 'I88.0', 'Nonspecific mesenteric lymphadenitis', 'I08', 0),
(4085, 'I88.1', 'Chronic lymphadenitis, except mesenteric', 'I08', 0),
(4086, 'I88.8', 'Other nonspecific lymphadenitis', 'I08', 0),
(4087, 'I88.9', 'Nonspecific lymphadenitis, unspecified', 'I08', 0),
(4088, 'I89', 'Other noninfective disorders of lymphatic vessels and lymph nodes', 'I08', 0),
(4089, 'I89.0', 'Lymphoedema, not elsewhere classified', 'I08', 0),
(4090, 'I89.1', 'Lymphangitis', 'I08', 0),
(4091, 'I89.8', 'Other specified noninfective disorders of lymphatic vessels andlymph nodes', 'I08', 0),
(4092, 'I89.9', 'Noninfective disorder of lymphatic vessels and lymph nodes,unspecified', 'I08', 0),
(4093, 'I95', 'Hypotension', 'I09', 0),
(4094, 'I95.0', 'Idiopathic hypotension', 'I09', 0),
(4095, 'I95.1', 'Orthostatic hypotension', 'I09', 0),
(4096, 'I95.2', 'Hypotension due to drugs', 'I09', 0),
(4097, 'I95.8', 'Other hypotension', 'I09', 0),
(4098, 'I95.9', 'Hypotension, unspecified', 'I09', 0),
(4099, 'I97', 'Postprocedural disorders of circulatory system, not elsewhereclassified', 'I09', 0),
(4100, 'I97.0', 'Postcardiotomy syndrome', 'I09', 0),
(4101, 'I97.1', 'Other functional disturbances following cardiac surgery', 'I09', 0),
(4102, 'I97.2', 'Postmastectomy lymphoedema syndrome', 'I09', 0),
(4103, 'I97.8', 'Other postprocedural disorders of circulatory system, not elsewhereclassified', 'I09', 0),
(4104, 'I97.9', 'Postprocedural disorder of circulatory system, unspecified', 'I09', 0),
(4105, 'I98*', 'Other disorders of circulatory system in diseases classifiedelsewhere', 'I09', 0),
(4106, 'I98.0*', 'Cardiovascular syphilis', 'I09', 0),
(4107, 'I98.1*', 'Cardiovascular disorders in other infectious and parasitic diseasesclassified elsewhere', 'I09', 0),
(4108, 'I98.2*', 'Oesophageal varices in diseases classified elsewhere', 'I09', 0),
(4109, 'I98.8*', 'Other specified disorders of circulatory system in diseasesclassified elsewhere', 'I09', 0),
(4110, 'I99', 'Other and unspecified disorders of circulatory system', 'I09', 0),
(4111, 'J00', 'Acute nasopharyngitis [common cold]', 'J00', 0),
(4112, 'J01', 'Acute sinusitis', 'J00', 0),
(4113, 'J01.0', 'Acute maxillary sinusitis', 'J00', 0),
(4114, 'J01.1', 'Acute frontal sinusitis', 'J00', 0),
(4115, 'J01.2', 'Acute ethmoidal sinusitis', 'J00', 0),
(4116, 'J01.3', 'Acute sphenoidal sinusitis', 'J00', 0),
(4117, 'J01.4', 'Acute pansinusitis', 'J00', 0),
(4118, 'J01.8', 'Other acute sinusitis', 'J00', 0),
(4119, 'J01.9', 'Acute sinusitis, unspecified', 'J00', 0),
(4120, 'J02', 'Acute pharyngitis', 'J00', 0),
(4121, 'J02.0', 'Streptococcal pharyngitis', 'J00', 0),
(4122, 'J02.8', 'Acute pharyngitis due to other specified organisms', 'J00', 0),
(4123, 'J02.9', 'Acute pharyngitis, unspecified', 'J00', 0),
(4124, 'J03', 'Acute tonsillitis', 'J00', 0),
(4125, 'J03.0', 'Streptococcal tonsillitis', 'J00', 0),
(4126, 'J03.8', 'Acute tonsillitis due to other specified organisms', 'J00', 0),
(4127, 'J03.9', 'Acute tonsillitis, unspecified', 'J00', 0),
(4128, 'J04', 'Acute laryngitis and tracheitis', 'J00', 0),
(4129, 'J04.0', 'Acute laryngitis', 'J00', 0),
(4130, 'J04.1', 'Acute tracheitis', 'J00', 0),
(4131, 'J04.2', 'Acute laryngotracheitis', 'J00', 0),
(4132, 'J05', 'Acute obstructive laryngitis [croup] and epiglottitis', 'J00', 0),
(4133, 'J05.0', 'Acute obstructive laryngitis [croup]', 'J00', 0),
(4134, 'J05.1', 'Acute epiglottitis', 'J00', 0),
(4135, 'J06', 'Acute upper respiratory infections of multiple and unspecified sites', 'J00', 0),
(4136, 'J06.0', 'Acute laryngopharyngitis', 'J00', 0),
(4137, 'J06.8', 'Acute upper respiratory infections of multiple and unspecified sites', 'J00', 0),
(4138, 'J06.9', 'Acute upper respiratory infection, unspecified', 'J00', 0),
(4139, 'J10', 'Influenza due to identified influenza virus', 'J01', 0),
(4140, 'J10.0', 'Influenza with pneumonia, influenza virus identified', 'J01', 0),
(4141, 'J10.1', 'Influenza with other respiratory manifestations, influenza virusidentified', 'J01', 0),
(4142, 'J10.8', 'Influenza with other manifestations, influenza virus identified', 'J01', 0),
(4143, 'J11', 'Influenza, virus not identified', 'J01', 0),
(4144, 'J11.0', 'Influenza with pneumonia, virus not identified', 'J01', 0),
(4145, 'J11.1', 'Influenza with other respiratory manifestations, virus notidentified', 'J01', 0),
(4146, 'J11.8', 'Influenza with other manifestations, virus not identified', 'J01', 0),
(4147, 'J12', 'Viral pneumonia, not elsewhere classified', 'J01', 0),
(4148, 'J12.0', 'Adenoviral pneumonia', 'J01', 0),
(4149, 'J12.1', 'Respiratory syncytial virus pneumonia', 'J01', 0),
(4150, 'J12.2', 'Parainfluenza virus pneumonia', 'J01', 0),
(4151, 'J12.8', 'Other viral pneumonia', 'J01', 0),
(4152, 'J12.9', 'Viral pneumonia, unspecified', 'J01', 0),
(4153, 'J13', 'Pneumonia due to Streptococcus pneumoniae', 'J01', 0),
(4154, 'J14', 'Pneumonia due to Haemophilus influenzae', 'J01', 0),
(4155, 'J15', 'Bacterial pneumonia, not elsewhere classified', 'J01', 0),
(4156, 'J15.0', 'Pneumonia due to Klebsiella pneumoniae', 'J01', 0),
(4157, 'J15.1', 'Pneumonia due to Pseudomonas', 'J01', 0),
(4158, 'J15.2', 'Pneumonia due to staphylococcus', 'J01', 0),
(4159, 'J15.3', 'Pneumonia due to streptococcus, group B', 'J01', 0),
(4160, 'J15.4', 'Pneumonia due to other streptococci', 'J01', 0),
(4161, 'J15.5', 'Pneumonia due to Escherichia coli', 'J01', 0),
(4162, 'J15.6', 'Pneumonia due to other aerobic Gram-negative bacteria', 'J01', 0),
(4163, 'J15.7', 'Pneumonia due to Mycoplasma pneumoniae', 'J01', 0),
(4164, 'J15.8', 'Other bacterial pneumonia', 'J01', 0),
(4165, 'J15.9', 'Bacterial pneumonia, unspecified', 'J01', 0),
(4166, 'J16', 'Pneumonia due to other infectious organisms, not elsewhereclassified', 'J01', 0),
(4167, 'J16.0', 'Chlamydial pneumonia', 'J01', 0),
(4168, 'J16.8', 'Pneumonia due to other specified infectious organisms', 'J01', 0),
(4169, 'J17*', 'Pneumonia in diseases classified elsewhere', 'J01', 0),
(4170, 'J17.0*', 'Pneumonia in bacterial diseases classified elsewhere', 'J01', 0),
(4171, 'J17.1*', 'Pneumonia in viral diseases classified elsewhere', 'J01', 0),
(4172, 'J17.2*', 'Pneumonia in mycoses', 'J01', 0),
(4173, 'J17.3*', 'Pneumonia in parasitic diseases', 'J01', 0),
(4174, 'J17.8*', 'Pneumonia in other diseases classified elsewhere', 'J01', 0),
(4175, 'J18', 'Pneumonia, organism unspecified', 'J01', 0),
(4176, 'J18.0', 'Bronchopneumonia, unspecified', 'J01', 0),
(4177, 'J18.1', 'Lobar pneumonia, unspecified', 'J01', 0),
(4178, 'J18.2', 'Hypostatic pneumonia, unspecified', 'J01', 0),
(4179, 'J18.8', 'Other pneumonia, organism unspecified', 'J01', 0),
(4180, 'J18.9', 'Pneumonia, unspecified', 'J01', 0),
(4181, 'J20', 'Acute bronchitis', 'J02', 0),
(4182, 'J20.0', 'Acute bronchitis due to Mycoplasma pneumoniae', 'J02', 0),
(4183, 'J20.1', 'Acute bronchitis due to Haemophilus influenzae', 'J02', 0),
(4184, 'J20.2', 'Acute bronchitis due to streptococcus', 'J02', 0),
(4185, 'J20.3', 'Acute bronchitis due to coxsackievirus', 'J02', 0),
(4186, 'J20.4', 'Acute bronchitis due to parainfluenza virus', 'J02', 0),
(4187, 'J20.5', 'Acute bronchitis due to respiratory syncytial virus', 'J02', 0),
(4188, 'J20.6', 'Acute bronchitis due to rhinovirus', 'J02', 0),
(4189, 'J20.7', 'Acute bronchitis due to echovirus', 'J02', 0),
(4190, 'J20.8', 'Acute bronchitis due to other specified organisms', 'J02', 0),
(4191, 'J20.9', 'Acute bronchitis, unspecified', 'J02', 0),
(4192, 'J21', 'Acute bronchiolitis', 'J02', 0),
(4193, 'J21.0', 'Acute bronchiolitis due to respiratory syncytial virus', 'J02', 0),
(4194, 'J21.8', 'Acute bronchiolitis due to other specified organisms', 'J02', 0),
(4195, 'J21.9', 'Acute bronchiolitis, unspecified', 'J02', 0),
(4196, 'J22', 'Unspecified acute lower respiratory infection', 'J02', 0),
(4197, 'J30', 'Vasomotor and allergic rhinitis', 'J03', 0),
(4198, 'J30.0', 'Vasomotor rhinitis', 'J03', 0),
(4199, 'J30.1', 'Allergic rhinitis due to pollen', 'J03', 0),
(4200, 'J30.2', 'Other seasonal allergic rhinitis', 'J03', 0),
(4201, 'J30.3', 'Other allergic rhinitis', 'J03', 0),
(4202, 'J30.4', 'Allergic rhinitis, unspecified', 'J03', 0),
(4203, 'J31', 'Chronic rhinitis, nasopharyngitis and pharyngitis', 'J03', 0),
(4204, 'J31.0', 'Chronic rhinitis', 'J03', 0),
(4205, 'J31.1', 'Chronic nasopharyngitis', 'J03', 0),
(4206, 'J31.2', 'Chronic pharyngitis', 'J03', 0),
(4207, 'J32', 'Chronic sinusitis', 'J03', 0),
(4208, 'J32.0', 'Chronic maxillary sinusitis', 'J03', 0),
(4209, 'J32.1', 'Chronic frontal sinusitis', 'J03', 0),
(4210, 'J32.2', 'Chronic ethmoidal sinusitis', 'J03', 0),
(4211, 'J32.3', 'Chronic sphenoidal sinusitis', 'J03', 0),
(4212, 'J32.4', 'Chronic pansinusitis', 'J03', 0),
(4213, 'J32.8', 'Other chronic sinusitis', 'J03', 0),
(4214, 'J32.9', 'Chronic sinusitis, unspecified', 'J03', 0),
(4215, 'J33', 'Nasal polyp', 'J03', 0),
(4216, 'J33.0', 'Polyp of nasal cavity', 'J03', 0),
(4217, 'J33.1', 'Polypoid sinus degeneration', 'J03', 0),
(4218, 'J33.8', 'Other polyp of sinus', 'J03', 0),
(4219, 'J33.9', 'Nasal polyp, unspecified', 'J03', 0),
(4220, 'J34', 'Other disorders of nose and nasal sinuses', 'J03', 0),
(4221, 'J34.0', 'Abscess, furuncle and carbuncle of nose', 'J03', 0),
(4222, 'J34.1', 'Cyst and mucocele of nasal sinus', 'J03', 0),
(4223, 'J34.2', 'Deviated nasal septum', 'J03', 0),
(4224, 'J34.3', 'Hypertrophy of nasal turbinates', 'J03', 0),
(4225, 'J34.8', 'Other specified disorders of nose and nasal sinuses', 'J03', 0),
(4226, 'J35', 'Chronic diseases of tonsils and adenoids', 'J03', 0),
(4227, 'J35.0', 'Chronic tonsillitis', 'J03', 0),
(4228, 'J35.1', 'Hypertrophy of tonsils', 'J03', 0),
(4229, 'J35.2', 'Hypertrophy of adenoids', 'J03', 0),
(4230, 'J35.3', 'Hypertrophy of tonsils with hypertrophy of adenoids', 'J03', 0),
(4231, 'J35.8', 'Other chronic diseases of tonsils and adenoids', 'J03', 0),
(4232, 'J35.9', 'Chronic disease of tonsils and adenoids, unspecified', 'J03', 0),
(4233, 'J36', 'Peritonsillar abscess', 'J03', 0),
(4234, 'J37', 'Chronic laryngitis and laryngotracheitis', 'J03', 0),
(4235, 'J37.0', 'Chronic laryngitis', 'J03', 0),
(4236, 'J37.1', 'Chronic laryngotracheitis', 'J03', 0),
(4237, 'J38', 'Diseases of vocal cords and larynx, not elsewhere classified', 'J03', 0),
(4238, 'J38.0', 'Paralysis of vocal cords and larynx', 'J03', 0),
(4239, 'J38.1', 'Polyp of vocal cord and larynx', 'J03', 0),
(4240, 'J38.2', 'Nodules of vocal cords', 'J03', 0),
(4241, 'J38.3', 'Other diseases of vocal cords', 'J03', 0),
(4242, 'J38.4', 'Oedema of larynx', 'J03', 0),
(4243, 'J38.5', 'Laryngeal spasm', 'J03', 0),
(4244, 'J38.6', 'Stenosis of larynx', 'J03', 0),
(4245, 'J38.7', 'Other diseases of larynx', 'J03', 0),
(4246, 'J39', 'Other diseases of upper respiratory tract', 'J03', 0),
(4247, 'J39.0', 'Retropharyngeal and parapharyngeal abscess', 'J03', 0),
(4248, 'J39.1', 'Other abscess of pharynx', 'J03', 0),
(4249, 'J39.2', 'Other diseases of pharynx', 'J03', 0),
(4250, 'J39.3', 'Upper respiratory tract hypersensitivity reaction, site unspecified', 'J03', 0),
(4251, 'J39.8', 'Other specified diseases of upper respiratory tract', 'J03', 0),
(4252, 'J39.9', 'Disease of upper respiratory tract, unspecified', 'J03', 0),
(4253, 'J40', 'Bronchitis, not specified as acute or chronic', 'J04', 0),
(4254, 'J41', 'Simple and mucopurulent chronic bronchitis', 'J04', 0),
(4255, 'J41.0', 'Simple chronic bronchitis', 'J04', 0),
(4256, 'J41.1', 'Mucopurulent chronic bronchitis', 'J04', 0),
(4257, 'J41.8', 'Mixed simple and mucopurulent chronic bronchitis', 'J04', 0),
(4258, 'J42', 'Unspecified chronic bronchitis', 'J04', 0),
(4259, 'J43', 'Emphysema', 'J04', 0),
(4260, 'J43.0', 'MacLeod''s syndrome', 'J04', 0),
(4261, 'J43.1', 'Panlobular emphysema', 'J04', 0),
(4262, 'J43.2', 'Centrilobular emphysema', 'J04', 0),
(4263, 'J43.8', 'Other emphysema', 'J04', 0),
(4264, 'J43.9', 'Emphysema, unspecified', 'J04', 0),
(4265, 'J44', 'Other chronic obstructive pulmonary disease', 'J04', 0),
(4266, 'J44.0', 'Chronic obstructive pulmonary disease with acute lower respiratoryinfection', 'J04', 0),
(4267, 'J44.1', 'Chronic obstructive pulmonary disease with acute exacerbation,unspecified', 'J04', 0),
(4268, 'J44.8', 'Other specified chronic obstructive pulmonary disease', 'J04', 0),
(4269, 'J44.9', 'Chronic obstructive pulmonary disease, unspecified', 'J04', 0),
(4270, 'J45', 'Asthma', 'J04', 0),
(4271, 'J45.0', 'Predominantly allergic asthma', 'J04', 0),
(4272, 'J45.1', 'Nonallergic asthma', 'J04', 0),
(4273, 'J45.8', 'Mixed asthma', 'J04', 0),
(4274, 'J45.9', 'Asthma, unspecified', 'J04', 0),
(4275, 'J46', 'Status asthmaticus', 'J04', 0),
(4276, 'J47', 'Bronchiectasis', 'J04', 0),
(4277, 'J60', 'Coalworker''s pneumoconiosis', 'J05', 0),
(4278, 'J61', 'Pneumoconiosis due to asbestos and other mineral fibres', 'J05', 0),
(4279, 'J62', 'Pneumoconiosis due to dust containing silica', 'J05', 0),
(4280, 'J62.0', 'Pneumoconiosis due to talc dust', 'J05', 0),
(4281, 'J62.8', 'Pneumoconiosis due to other dust containing silica', 'J05', 0),
(4282, 'J63', 'Pneumoconiosis due to other inorganic dusts', 'J05', 0),
(4283, 'J63.0', 'Aluminosis (of lung)', 'J05', 0),
(4284, 'J63.1', 'Bauxite fibrosis (of lung)', 'J05', 0),
(4285, 'J63.2', 'Berylliosis', 'J05', 0),
(4286, 'J63.3', 'Graphite fibrosis (of lung)', 'J05', 0),
(4287, 'J63.4', 'Siderosis', 'J05', 0),
(4288, 'J63.5', 'Stannosis', 'J05', 0),
(4289, 'J63.8', 'Pneumoconiosis due to other specified inorganic dusts', 'J05', 0),
(4290, 'J64', 'Unspecified pneumoconiosis', 'J05', 0),
(4291, 'J65', 'Pneumoconiosis associated with tuberculosis', 'J05', 0),
(4292, 'J66', 'Airway disease due to specific organic dust', 'J05', 0),
(4293, 'J66.0', 'Byssinosis', 'J05', 0),
(4294, 'J66.1', 'Flax-dresser''s disease', 'J05', 0),
(4295, 'J66.2', 'Cannabinosis', 'J05', 0),
(4296, 'J66.8', 'Airway disease due to other specific organic dusts', 'J05', 0),
(4297, 'J67', 'Hypersensitivity pneumonitis due to organic dust', 'J05', 0),
(4298, 'J67.0', 'Farmer''s lung', 'J05', 0),
(4299, 'J67.1', 'Bagassosis', 'J05', 0),
(4300, 'J67.2', 'Bird fancier''s lung', 'J05', 0),
(4301, 'J67.3', 'Suberosis', 'J05', 0),
(4302, 'J67.4', 'Maltworker''s lung', 'J05', 0),
(4303, 'J67.5', 'Mushroom-worker''s lung', 'J05', 0),
(4304, 'J67.6', 'Maple-bark-stripper''s lung', 'J05', 0),
(4305, 'J67.7', 'Air-conditioner and humidifier lung', 'J05', 0),
(4306, 'J67.8', 'Hypersensitivity pneumonitis due to other organic dusts', 'J05', 0),
(4307, 'J67.9', 'Hypersensitivity pneumonitis due to unspecified organic dust', 'J05', 0),
(4308, 'J68', 'Respiratory conditions due to inhalation of chemicals, gases, fumesand vapours', 'J05', 0),
(4309, 'J68.0', 'Bronchitis and pneumonitis due to chemicals, gases, fumes andvapours', 'J05', 0),
(4310, 'J68.1', 'Acute pulmonary oedema due to chemicals, gases, fumes and vapours', 'J05', 0),
(4311, 'J68.2', 'Upper respiratory inflammation due to chemicals, gases, fumes andvapours, not elsewhere classified', 'J05', 0),
(4312, 'J68.3', 'Other acute and subacute respiratory conditions due to chemicals,gases, fumes and vapours', 'J05', 0),
(4313, 'J68.4', 'Chronic respiratory conditions due to chemicals, gases, fumes andvapours', 'J05', 0),
(4314, 'J68.8', 'Other respiratory conditions due to chemicals, gases, fumes andvapours', 'J05', 0),
(4315, 'J68.9', 'Unspecified respiratory condition due to chemicals, gases, fumes andvapours', 'J05', 0),
(4316, 'J69', 'Pneumonitis due to solids and liquids', 'J05', 0),
(4317, 'J69.0', 'Pneumonitis due to food and vomit', 'J05', 0),
(4318, 'J69.1', 'Pneumonitis due to oils and essences', 'J05', 0),
(4319, 'J69.8', 'Pneumonitis due to other solids and liquids', 'J05', 0),
(4320, 'J70', 'Respiratory conditions due to other external agents', 'J05', 0),
(4321, 'J70.0', 'Acute pulmonary manifestations due to radiation', 'J05', 0),
(4322, 'J70.1', 'Chronic and other pulmonary manifestations due to radiation', 'J05', 0),
(4323, 'J70.2', 'Acute drug-induced interstitial lung disorders', 'J05', 0),
(4324, 'J70.3', 'Chronic drug-induced interstitial lung disorders', 'J05', 0),
(4325, 'J70.4', 'Drug-induced interstitial lung disorders, unspecified', 'J05', 0),
(4326, 'J70.8', 'Respiratory conditions due to other specified external agents', 'J05', 0),
(4327, 'J70.9', 'Respiratory conditions due to unspecified external agent', 'J05', 0),
(4328, 'J80', 'Adult respiratory distress syndrome', 'J06', 0),
(4329, 'J81', 'Pulmonary oedema', 'J06', 0),
(4330, 'J82', 'Pulmonary eosinophilia, not elsewhere classified', 'J06', 0),
(4331, 'J84', 'Other interstitial pulmonary diseases', 'J06', 0),
(4332, 'J84.0', 'Alveolar and parietoalveolar conditions', 'J06', 0),
(4333, 'J84.1', 'Other interstitial pulmonary diseases with fibrosis', 'J06', 0),
(4334, 'J84.8', 'Other specified interstitial pulmonary diseases', 'J06', 0),
(4335, 'J84.9', 'Interstitial pulmonary disease, unspecified', 'J06', 0),
(4336, 'J85', 'Abscess of lung and mediastinum', 'J07', 0),
(4337, 'J85.0', 'Gangrene and necrosis of lung', 'J07', 0),
(4338, 'J85.1', 'Abscess of lung with pneumonia', 'J07', 0),
(4339, 'J85.2', 'Abscess of lung without pneumonia', 'J07', 0),
(4340, 'J85.3', 'Abscess of mediastinum', 'J07', 0),
(4341, 'J86', 'Pyothorax', 'J07', 0),
(4342, 'J86.0', 'Pyothorax with fistula', 'J07', 0),
(4343, 'J86.9', 'Pyothorax without fistula', 'J07', 0),
(4344, 'J90', 'Pleural effusion, not elsewhere classified', 'J08', 0),
(4345, 'J91*', 'Pleural effusion in conditions classified elsewhere', 'J08', 0),
(4346, 'J92', 'Pleural plaque', 'J08', 0),
(4347, 'J92.0', 'Pleural plaque with presence of asbestos', 'J08', 0),
(4348, 'J92.9', 'Pleural plaque without asbestos', 'J08', 0),
(4349, 'J93', 'Pneumothorax', 'J08', 0),
(4350, 'J93.0', 'Spontaneous tension pneumothorax', 'J08', 0),
(4351, 'J93.1', 'Other spontaneous pneumothorax', 'J08', 0),
(4352, 'J93.8', 'Other pneumothorax', 'J08', 0),
(4353, 'J93.9', 'Pneumothorax, unspecified', 'J08', 0),
(4354, 'J94', 'Other pleural conditions', 'J08', 0),
(4355, 'J94.0', 'Chylous effusion', 'J08', 0),
(4356, 'J94.1', 'Fibrothorax', 'J08', 0),
(4357, 'J94.2', 'Haemothorax', 'J08', 0),
(4358, 'J94.8', 'Other specified pleural conditions', 'J08', 0),
(4359, 'J94.9', 'Pleural condition, unspecified', 'J08', 0),
(4360, 'J95', 'Postprocedural respiratory disorders, not elsewhere classified', 'J09', 0),
(4361, 'J95.0', 'Tracheostomy malfunction', 'J09', 0),
(4362, 'J95.1', 'Acute pulmonary insufficiency following thoracic surgery', 'J09', 0),
(4363, 'J95.2', 'Acute pulmonary insufficiency following nonthoracic surgery', 'J09', 0),
(4364, 'J95.3', 'Chronic pulmonary insufficiency following surgery', 'J09', 0),
(4365, 'J95.4', 'Mendelson''s syndrome', 'J09', 0),
(4366, 'J95.5', 'Postprocedural subglottic stenosis', 'J09', 0),
(4367, 'J95.8', 'Other postprocedural respiratory disorders', 'J09', 0),
(4368, 'J95.9', 'Postprocedural respiratory disorder, unspecified', 'J09', 0),
(4369, 'J96', 'Respiratory failure, not elsewhere classified', 'J09', 0),
(4370, 'J96.0', 'Acute respiratory failure', 'J09', 0),
(4371, 'J96.1', 'Chronic respiratory failure', 'J09', 0),
(4372, 'J96.9', 'Respiratory failure, unspecified', 'J09', 0),
(4373, 'J98', 'Other respiratory disorders', 'J09', 0),
(4374, 'J98.0', 'Diseases of bronchus, not elsewhere classified', 'J09', 0),
(4375, 'J98.1', 'Pulmonary collapse', 'J09', 0),
(4376, 'J98.2', 'Interstitial emphysema', 'J09', 0),
(4377, 'J98.3', 'Compensatory emphysema', 'J09', 0),
(4378, 'J98.4', 'Other disorders of lung', 'J09', 0),
(4379, 'J98.5', 'Diseases of mediastinum, not elsewhere classified', 'J09', 0),
(4380, 'J98.6', 'Disorders of diaphragm', 'J09', 0),
(4381, 'J98.8', 'Other specified respiratory disorders', 'J09', 0),
(4382, 'J98.9', 'Respiratory disorder, unspecified', 'J09', 0),
(4383, 'J99*', 'Respiratory disorders in diseases classified elsewhere', 'J09', 0),
(4384, 'J99.0*', 'Rheumatoid lung disease (M05.1+)', 'J09', 0),
(4385, 'J99.1*', 'Respiratory disorders in other diffuse connective tissue disorders', 'J09', 0),
(4386, 'J99.8*', 'Respiratory disorders in other diseases classified elsewhere', 'J09', 0),
(4387, 'K00', 'Disorders of tooth development and eruption', 'K00', 0),
(4388, 'K00.0', 'Anodontia', 'K00', 0),
(4389, 'K00.1', 'Supernumerary teeth', 'K00', 0),
(4390, 'K00.2', 'Abnormalities of size and form of teeth', 'K00', 0),
(4391, 'K00.3', 'Mottled teeth', 'K00', 0),
(4392, 'K00.4', 'Disturbances in tooth formation', 'K00', 0),
(4393, 'K00.5', 'Hereditary disturbances in tooth structure, not elsewhere classified', 'K00', 0),
(4394, 'K00.6', 'Disturbances in tooth eruption', 'K00', 0),
(4395, 'K00.7', 'Teething syndrome', 'K00', 0),
(4396, 'K00.8', 'Other disorders of tooth development', 'K00', 0),
(4397, 'K00.9', 'Disorder of tooth development, unspecified', 'K00', 0),
(4398, 'K01', 'Embedded and impacted teeth', 'K00', 0),
(4399, 'K01.0', 'Embedded teeth', 'K00', 0),
(4400, 'K01.1', 'Impacted teeth', 'K00', 0),
(4401, 'K02', 'Dental caries', 'K00', 0),
(4402, 'K02.0', 'Caries limited to enamel', 'K00', 0),
(4403, 'K02.1', 'Caries of dentine', 'K00', 0),
(4404, 'K02.2', 'Caries of cementum', 'K00', 0),
(4405, 'K02.3', 'Arrested dental caries', 'K00', 0),
(4406, 'K02.4', 'Odontoclasia', 'K00', 0),
(4407, 'K02.8', 'Other dental caries', 'K00', 0),
(4408, 'K02.9', 'Dental caries, unspecified', 'K00', 0),
(4409, 'K03', 'Other diseases of hard tissues of teeth', 'K00', 0),
(4410, 'K03.0', 'Excessive attrition of teeth', 'K00', 0),
(4411, 'K03.1', 'Abrasion of teeth', 'K00', 0),
(4412, 'K03.2', 'Erosion of teeth', 'K00', 0),
(4413, 'K03.3', 'Pathological resorption of teeth', 'K00', 0),
(4414, 'K03.4', 'Hypercementosis', 'K00', 0),
(4415, 'K03.5', 'Ankylosis of teeth', 'K00', 0),
(4416, 'K03.6', 'Deposits [accretions] on teeth', 'K00', 0),
(4417, 'K03.7', 'Posteruptive colour changes of dental hard tissues', 'K00', 0),
(4418, 'K03.8', 'Other specified diseases of hard tissues of teeth', 'K00', 0),
(4419, 'K03.9', 'Disease of hard tissues of teeth, unspecified', 'K00', 0),
(4420, 'K04', 'Diseases of pulp and periapical tissues', 'K00', 0),
(4421, 'K04.0', 'Pulpitis', 'K00', 0),
(4422, 'K04.1', 'Necrosis of pulp', 'K00', 0),
(4423, 'K04.2', 'Pulp degeneration', 'K00', 0),
(4424, 'K04.3', 'Abnormal hard tissue formation in pulp', 'K00', 0),
(4425, 'K04.4', 'Acute apical periodontitis of pulpal origin', 'K00', 0),
(4426, 'K04.5', 'Chronic apical periodontitis', 'K00', 0),
(4427, 'K04.6', 'Periapical abscess with sinus', 'K00', 0),
(4428, 'K04.7', 'Periapical abscess without sinus', 'K00', 0),
(4429, 'K04.8', 'Radicular cyst', 'K00', 0),
(4430, 'K04.9', 'Other and unspecified diseases of pulp and periapical tissues', 'K00', 0),
(4431, 'K05', 'Gingivitis and periodontal diseases', 'K00', 0),
(4432, 'K05.0', 'Acute gingivitis', 'K00', 0),
(4433, 'K05.1', 'Chronic gingivitis', 'K00', 0),
(4434, 'K05.2', 'Acute periodontitis', 'K00', 0),
(4435, 'K05.3', 'Chronic periodontitis', 'K00', 0),
(4436, 'K05.4', 'Periodontosis', 'K00', 0),
(4437, 'K05.5', 'Other periodontal diseases', 'K00', 0),
(4438, 'K05.6', 'Periodontal disease, unspecified', 'K00', 0),
(4439, 'K06', 'Other disorders of gingiva and edentulous alveolar ridge', 'K00', 0),
(4440, 'K06.0', 'Gingival recession', 'K00', 0),
(4441, 'K06.1', 'Gingival enlargement', 'K00', 0),
(4442, 'K06.2', 'Gingival and edentulous alveolar ridge lesions associated withtrauma', 'K00', 0),
(4443, 'K06.8', 'Other specified disorders of gingiva and edentulous alveolar ridge', 'K00', 0),
(4444, 'K06.9', 'Disorder of gingiva and edentulous alveolar ridge, unspecified', 'K00', 0),
(4445, 'K07', 'Dentofacial anomalies [including malocclusion]', 'K00', 0),
(4446, 'K07.0', 'Major anomalies of jaw size', 'K00', 0),
(4447, 'K07.1', 'Anomalies of jaw-cranial base relationship', 'K00', 0),
(4448, 'K07.2', 'Anomalies of dental arch relationship', 'K00', 0),
(4449, 'K07.3', 'Anomalies of tooth position', 'K00', 0),
(4450, 'K07.4', 'Malocclusion, unspecified', 'K00', 0),
(4451, 'K07.5', 'Dentofacial functional abnormalities', 'K00', 0),
(4452, 'K07.6', 'Temporomandibular joint disorders', 'K00', 0),
(4453, 'K07.8', 'Other dentofacial anomalies', 'K00', 0),
(4454, 'K07.9', 'Dentofacial anomaly, unspecified', 'K00', 0),
(4455, 'K08', 'Other disorders of teeth and supporting structures', 'K00', 0),
(4456, 'K08.0', 'Exfoliation of teeth due to systemic causes', 'K00', 0),
(4457, 'K08.1', 'Loss of teeth due to accident, extraction or local periodontaldisease', 'K00', 0),
(4458, 'K08.2', 'Atrophy of edentulous alveolar ridge', 'K00', 0),
(4459, 'K08.3', 'Retained dental root', 'K00', 0),
(4460, 'K08.8', 'Other specified disorders of teeth and supporting structures', 'K00', 0),
(4461, 'K08.9', 'Disorder of teeth and supporting structures, unspecified', 'K00', 0),
(4462, 'K09', 'Cysts of oral region, not elsewhere classified', 'K00', 0),
(4463, 'K09.0', 'Developmental odontogenic cysts', 'K00', 0),
(4464, 'K09.1', 'Developmental (nonodontogenic) cysts of oral region', 'K00', 0),
(4465, 'K09.2', 'Other cysts of jaw', 'K00', 0),
(4466, 'K09.8', 'Other cysts of oral region, not elsewhere classified', 'K00', 0),
(4467, 'K09.9', 'Cyst of oral region, unspecified', 'K00', 0),
(4468, 'K10', 'Other diseases of jaws', 'K00', 0),
(4469, 'K10.0', 'Developmental disorders of jaws', 'K00', 0),
(4470, 'K10.1', 'Giant cell granuloma, central', 'K00', 0),
(4471, 'K10.2', 'Inflammatory conditions of jaws', 'K00', 0),
(4472, 'K10.3', 'Alveolitis of jaws', 'K00', 0),
(4473, 'K10.8', 'Other specified diseases of jaws', 'K00', 0),
(4474, 'K10.9', 'Disease of jaws, unspecified', 'K00', 0),
(4475, 'K11', 'Diseases of salivary glands', 'K00', 0),
(4476, 'K11.0', 'Atrophy of salivary gland', 'K00', 0),
(4477, 'K11.1', 'Hypertrophy of salivary gland', 'K00', 0),
(4478, 'K11.2', 'Sialoadenitis', 'K00', 0),
(4479, 'K11.3', 'Abscess of salivary gland', 'K00', 0),
(4480, 'K11.4', 'Fistula of salivary gland', 'K00', 0),
(4481, 'K11.5', 'Sialolithiasis', 'K00', 0),
(4482, 'K11.6', 'Mucocele of salivary gland', 'K00', 0),
(4483, 'K11.7', 'Disturbances of salivary secretion', 'K00', 0),
(4484, 'K11.8', 'Other diseases of salivary glands', 'K00', 0),
(4485, 'K11.9', 'Disease of salivary gland, unspecified', 'K00', 0),
(4486, 'K12', 'Stomatitis and related lesions', 'K00', 0),
(4487, 'K12.0', 'Recurrent oral aphthae', 'K00', 0),
(4488, 'K12.1', 'Other forms of stomatitis', 'K00', 0),
(4489, 'K12.2', 'Cellulitis and abscess of mouth', 'K00', 0),
(4490, 'K13', 'Other diseases of lip and oral mucosa', 'K00', 0),
(4491, 'K13.0', 'Diseases of lips', 'K00', 0),
(4492, 'K13.1', 'Cheek and lip biting', 'K00', 0),
(4493, 'K13.2', 'Leukoplakia and other disturbances of oral epithelium, includingtongue', 'K00', 0),
(4494, 'K13.3', 'Hairy leukoplakia', 'K00', 0),
(4495, 'K13.4', 'Granuloma and granuloma-like lesions of oral mucosa', 'K00', 0),
(4496, 'K13.5', 'Oral submucous fibrosis', 'K00', 0),
(4497, 'K13.6', 'Irritative hyperplasia of oral mucosa', 'K00', 0),
(4498, 'K13.7', 'Other and unspecified lesions of oral mucosa', 'K00', 0),
(4499, 'K14', 'Diseases of tongue', 'K00', 0),
(4500, 'K14.0', 'Glossitis', 'K00', 0),
(4501, 'K14.1', 'Geographic tongue', 'K00', 0),
(4502, 'K14.2', 'Median rhomboid glossitis', 'K00', 0),
(4503, 'K14.3', 'Hypertrophy of tongue papillae', 'K00', 0),
(4504, 'K14.4', 'Atrophy of tongue papillae', 'K00', 0),
(4505, 'K14.5', 'Plicated tongue', 'K00', 0),
(4506, 'K14.6', 'Glossodynia', 'K00', 0),
(4507, 'K14.8', 'Other diseases of tongue', 'K00', 0),
(4508, 'K14.9', 'Disease of tongue, unspecified', 'K00', 0),
(4509, 'K20', 'Oesophagitis', 'K01', 0),
(4510, 'K21', 'Gastro-oesophageal reflux disease', 'K01', 0),
(4511, 'K21.0', 'Gastro-oesophageal reflux disease with oesophagitis', 'K01', 0),
(4512, 'K21.9', 'Gastro-oesophageal reflux disease without oesophagitis', 'K01', 0),
(4513, 'K22', 'Other diseases of oesophagus', 'K01', 0),
(4514, 'K22.0', 'Achalasia of cardia', 'K01', 0),
(4515, 'K22.1', 'Ulcer of oesophagus', 'K01', 0),
(4516, 'K22.2', 'Oesophageal obstruction', 'K01', 0),
(4517, 'K22.3', 'Perforation of oesophagus', 'K01', 0),
(4518, 'K22.4', 'Dyskinesia of oesophagus', 'K01', 0),
(4519, 'K22.5', 'Diverticulum of oesophagus, acquired', 'K01', 0),
(4520, 'K22.6', 'Gastro-oesophageal laceration-haemorrhage syndrome', 'K01', 0),
(4521, 'K22.8', 'Other specified diseases of oesophagus', 'K01', 0),
(4522, 'K22.9', 'Disease of oesophagus, unspecified', 'K01', 0),
(4523, 'K23*', 'Disorders of oesophagus in diseases classified elsewhere', 'K01', 0),
(4524, 'K23.0*', 'Tuberculous oesophagitis (A18.8+)', 'K01', 0),
(4525, 'K23.1*', 'Megaoesophagus in Chagas'' disease (B57.3+)', 'K01', 0),
(4526, 'K23.8*', 'Disorders of oesophagus in other diseases classified elsewhere', 'K01', 0),
(4527, 'K25', 'Gastric ulcer', 'K01', 0),
(4528, 'K25.0', 'Gastric ulcer, acute with haemorrhage', 'K01', 0),
(4529, 'K25.1', 'Gastric ulcer, acute with perforation', 'K01', 0),
(4530, 'K25.2', 'Gastric ulcer, acute with both haemorrhage and perforation', 'K01', 0),
(4531, 'K25.3', 'Gastric ulcer, acute without haemorrhage or perforation', 'K01', 0),
(4532, 'K25.4', 'Gastric ulcer, chronic or unspecified with haemorrhage', 'K01', 0),
(4533, 'K25.5', 'Gastric ulcer, chronic or unspecified with perforation', 'K01', 0),
(4534, 'K25.6', 'Gastric ulcer, chronic or unspecified with both haemorrhage andperforation', 'K01', 0),
(4535, 'K25.7', 'Gastric ulcer, chronic without haemorrhage or perforation', 'K01', 0),
(4536, 'K25.9', 'Gastric ulcer, unspecified as acute or chronic, without haemorrhageor perforation', 'K01', 0),
(4537, 'K26', 'Duodenal ulcer', 'K01', 0),
(4538, 'K26.0', 'Duodenal ulcer, acute with haemorrhage', 'K01', 0),
(4539, 'K26.1', 'Duodenal ulcer, acute with perforation', 'K01', 0),
(4540, 'K26.2', 'Duodenal ulcer, acute with both haemorrhage and perforation', 'K01', 0),
(4541, 'K26.3', 'Duodenal ulcer, acute without haemorrhage or perforation', 'K01', 0),
(4542, 'K26.4', 'Duodenal ulcer, chronic or unspecified with haemorrhage', 'K01', 0),
(4543, 'K26.5', 'Duodenal ulcer, chronic or unspecified with perforation', 'K01', 0),
(4544, 'K26.6', 'Duodenal ulcer, chronic or unspecified with both haemorrhage andperforation', 'K01', 0),
(4545, 'K26.7', 'Duodenal ulcer, chronic without haemorrhage or perforation', 'K01', 0),
(4546, 'K26.9', 'Duodenal ulcer, unspecified as acute or chronic, without haemorrhageor perforation', 'K01', 0),
(4547, 'K27', 'Peptic ulcer, site unspecified', 'K01', 0),
(4548, 'K27.0', 'Peptic ulcer, acute with haemorrhage', 'K01', 0),
(4549, 'K27.1', 'Peptic ulcer, acute with perforation', 'K01', 0),
(4550, 'K27.2', 'Peptic ulcer, acute with both haemorrhage and perforation', 'K01', 0),
(4551, 'K27.3', 'Peptic ulcer, acute without haemorrhage or perforation', 'K01', 0),
(4552, 'K27.4', 'Peptic ulcer, chronic or unspecified with haemorrhage', 'K01', 0),
(4553, 'K27.5', 'Peptic ulcer, chronic or unspecified with perforation', 'K01', 0),
(4554, 'K27.6', 'Peptic ulcer, chronic or unspecified with both haemorrhage andperforation', 'K01', 0),
(4555, 'K27.7', 'Peptic ulcer, chronic without haemorrhage or perforation', 'K01', 0),
(4556, 'K27.9', 'Peptic ulcer, unspecified as acute or chronic, without haemorrhageor perforation', 'K01', 0),
(4557, 'K28', 'Gastrojejunal ulcer', 'K01', 0),
(4558, 'K28.0', 'Gastrojejunal ulcer, acute with haemorrhage', 'K01', 0),
(4559, 'K28.1', 'Gastrojejunal ulcer, acute with perforation', 'K01', 0),
(4560, 'K28.2', 'Gastrojejunal ulcer, acute with both haemorrhage and perforation', 'K01', 0),
(4561, 'K28.3', 'Gastrojejunal ulcer, acute without haemorrhage or perforation', 'K01', 0),
(4562, 'K28.4', 'Gastrojejunal ulcer, chronic or unspecified with haemorrhage', 'K01', 0),
(4563, 'K28.5', 'Gastrojejunal ulcer, chronic or unspecified with perforation', 'K01', 0),
(4564, 'K28.6', 'Gastrojejunal ulcer, chronic or unspecified with both haemorrhageand perforation', 'K01', 0),
(4565, 'K28.7', 'Gastrojejunal ulcer, chronic without haemorrhage or perforation', 'K01', 0),
(4566, 'K28.9', 'Gastrojejunal ulcer, unspecified as acute or chronic, withouthaemorrhage or perforation', 'K01', 0),
(4567, 'K29', 'Gastritis and duodenitis', 'K01', 0),
(4568, 'K29.0', 'Acute haemorrhagic gastritis', 'K01', 0),
(4569, 'K29.1', 'Other acute gastritis', 'K01', 0),
(4570, 'K29.2', 'Alcoholic gastritis', 'K01', 0),
(4571, 'K29.3', 'Chronic superficial gastritis', 'K01', 0),
(4572, 'K29.4', 'Chronic atrophic gastritis', 'K01', 0),
(4573, 'K29.5', 'Chronic gastritis, unspecified', 'K01', 0),
(4574, 'K29.6', 'Other gastritis', 'K01', 0),
(4575, 'K29.7', 'Gastritis, unspecified', 'K01', 0),
(4576, 'K29.8', 'Duodenitis', 'K01', 0),
(4577, 'K29.9', 'Gastroduodenitis, unspecified', 'K01', 0),
(4578, 'K30', 'Dyspepsia', 'K01', 0),
(4579, 'K31', 'Other diseases of stomach and duodenum', 'K01', 0),
(4580, 'K31.0', 'Acute dilatation of stomach', 'K01', 0),
(4581, 'K31.1', 'Adult hypertrophic pyloric stenosis', 'K01', 0),
(4582, 'K31.2', 'Hourglass stricture and stenosis of stomach', 'K01', 0),
(4583, 'K31.3', 'Pylorospasm, not elsewhere classified', 'K01', 0),
(4584, 'K31.4', 'Gastric diverticulum', 'K01', 0),
(4585, 'K31.5', 'Obstruction of duodenum', 'K01', 0),
(4586, 'K31.6', 'Fistula of stomach and duodenum', 'K01', 0),
(4587, 'K31.8', 'Other specified diseases of stomach and duodenum', 'K01', 0),
(4588, 'K31.9', 'Disease of stomach and duodenum, unspecified', 'K01', 0),
(4589, 'K35', 'Acute appendicitis', 'K02', 0),
(4590, 'K35.0', 'Acute appendicitis with generalized peritonitis', 'K02', 0),
(4591, 'K35.1', 'Acute appendicitis with peritoneal abscess', 'K02', 0),
(4592, 'K35.9', 'Acute appendicitis, unspecified', 'K02', 0),
(4593, 'K36', 'Other appendicitis', 'K02', 0),
(4594, 'K37', 'Unspecified appendicitis', 'K02', 0),
(4595, 'K38', 'Other diseases of appendix', 'K02', 0),
(4596, 'K38.0', 'Hyperplasia of appendix', 'K02', 0),
(4597, 'K38.1', 'Appendicular concretions', 'K02', 0),
(4598, 'K38.2', 'Diverticulum of appendix', 'K02', 0),
(4599, 'K38.3', 'Fistula of appendix', 'K02', 0),
(4600, 'K38.8', 'Other specified diseases of appendix', 'K02', 0),
(4601, 'K38.9', 'Disease of appendix, unspecified', 'K02', 0),
(4602, 'K40', 'Inguinal hernia', 'K03', 0),
(4603, 'K40.0', 'Bilateral inguinal hernia, with obstruction, without gangrene', 'K03', 0),
(4604, 'K40.1', 'Bilateral inguinal hernia, with gangrene', 'K03', 0),
(4605, 'K40.2', 'Bilateral inguinal hernia, without obstruction or gangrene', 'K03', 0),
(4606, 'K40.3', 'Unilateral or unspecified inguinal hernia, with obstruction, withoutgangrene', 'K03', 0),
(4607, 'K40.4', 'Unilateral or unspecified inguinal hernia, with gangrene', 'K03', 0),
(4608, 'K40.9', 'Unilateral or unspecified inguinal hernia, without obstruction organgrene', 'K03', 0),
(4609, 'K41', 'Femoral hernia', 'K03', 0),
(4610, 'K41.0', 'Bilateral femoral hernia, with obstruction, without gangrene', 'K03', 0),
(4611, 'K41.1', 'Bilateral femoral hernia, with gangrene', 'K03', 0),
(4612, 'K41.2', 'Bilateral femoral hernia, without obstruction or gangrene', 'K03', 0),
(4613, 'K41.3', 'Unilateral or unspecified femoral hernia, with obstruction, withoutgangrene', 'K03', 0),
(4614, 'K41.4', 'Unilateral or unspecified femoral hernia, with gangrene', 'K03', 0),
(4615, 'K41.9', 'Unilateral or unspecified femoral hernia, without obstruction organgrene', 'K03', 0),
(4616, 'K42', 'Umbilical hernia', 'K03', 0),
(4617, 'K42.0', 'Umbilical hernia with obstruction, without gangrene', 'K03', 0),
(4618, 'K42.1', 'Umbilical hernia with gangrene', 'K03', 0),
(4619, 'K42.9', 'Umbilical hernia without obstruction or gangrene', 'K03', 0),
(4620, 'K43', 'Ventral hernia', 'K03', 0),
(4621, 'K43.0', 'Ventral hernia with obstruction, without gangrene', 'K03', 0),
(4622, 'K43.1', 'Ventral hernia with gangrene', 'K03', 0);
INSERT INTO `icd_penyakit` (`id`, `kode_penyakit`, `nama_penyakit`, `subkelompok`, `dtd_id`) VALUES
(4623, 'K43.9', 'Ventral hernia without obstruction or gangrene', 'K03', 0),
(4624, 'K44', 'Diaphragmatic hernia', 'K03', 0),
(4625, 'K44.0', 'Diaphragmatic hernia with obstruction, without gangrene', 'K03', 0),
(4626, 'K44.1', 'Diaphragmatic hernia with gangrene', 'K03', 0),
(4627, 'K44.9', 'Diaphragmatic hernia without obstruction or gangrene', 'K03', 0),
(4628, 'K45', 'Other abdominal hernia', 'K03', 0),
(4629, 'K45.0', 'Other specified abdominal hernia with obstruction, without gangrene', 'K03', 0),
(4630, 'K45.1', 'Other specified abdominal hernia with gangrene', 'K03', 0),
(4631, 'K45.8', 'Other specified abdominal hernia without obstruction or gangrene', 'K03', 0),
(4632, 'K46', 'Unspecified abdominal hernia', 'K03', 0),
(4633, 'K46.0', 'Unspecified abdominal hernia with obstruction, without gangrene', 'K03', 0),
(4634, 'K46.1', 'Unspecified abdominal hernia with gangrene', 'K03', 0),
(4635, 'K46.9', 'Unspecified abdominal hernia without obstruction or gangrene', 'K03', 0),
(4636, 'K50', 'Crohn''s disease [regional enteritis]', 'K04', 0),
(4637, 'K50.0', 'Crohn''s disease of small intestine', 'K04', 0),
(4638, 'K50.1', 'Crohn''s disease of large intestine', 'K04', 0),
(4639, 'K50.8', 'Other Crohn''s disease', 'K04', 0),
(4640, 'K50.9', 'Crohn''s disease, unspecified', 'K04', 0),
(4641, 'K51', 'Ulcerative colitis', 'K04', 0),
(4642, 'K51.0', 'Ulcerative (chronic) enterocolitis', 'K04', 0),
(4643, 'K51.1', 'Ulcerative (chronic) ileocolitis', 'K04', 0),
(4644, 'K51.2', 'Ulcerative (chronic) proctitis', 'K04', 0),
(4645, 'K51.3', 'Ulcerative (chronic) rectosigmoiditis', 'K04', 0),
(4646, 'K51.4', 'Pseudopolyposis of colon', 'K04', 0),
(4647, 'K51.5', 'Mucosal proctocolitis', 'K04', 0),
(4648, 'K51.8', 'Other ulcerative colitis', 'K04', 0),
(4649, 'K51.9', 'Ulcerative colitis, unspecified', 'K04', 0),
(4650, 'K52', 'Other noninfective gastroenteritis and colitis', 'K04', 0),
(4651, 'K52.0', 'Gastroenteritis and colitis due to radiation', 'K04', 0),
(4652, 'K52.1', 'Toxic gastroenteritis and colitis', 'K04', 0),
(4653, 'K52.2', 'Allergic and dietetic gastroenteritis and colitis', 'K04', 0),
(4654, 'K52.8', 'Other specified noninfective gastroenteritis and colitis', 'K04', 0),
(4655, 'K52.9', 'Noninfective gastroenteritis and colitis, unspecified', 'K04', 0),
(4656, 'K55', 'Vascular disorders of intestine', 'K05', 0),
(4657, 'K55.0', 'Acute vascular disorders of intestine', 'K05', 0),
(4658, 'K55.1', 'Chronic vascular disorders of intestine', 'K05', 0),
(4659, 'K55.2', 'Angiodysplasia of colon', 'K05', 0),
(4660, 'K55.8', 'Other vascular disorders of intestine', 'K05', 0),
(4661, 'K55.9', 'Vascular disorder of intestine, unspecified', 'K05', 0),
(4662, 'K56', 'Paralytic ileus and intestinal obstruction without hernia', 'K05', 0),
(4663, 'K56.0', 'Paralytic ileus', 'K05', 0),
(4664, 'K56.1', 'Intussusception', 'K05', 0),
(4665, 'K56.2', 'Volvulus', 'K05', 0),
(4666, 'K56.3', 'Gallstone ileus', 'K05', 0),
(4667, 'K56.4', 'Other impaction of intestine', 'K05', 0),
(4668, 'K56.5', 'Intestinal adhesions [bands] with obstruction', 'K05', 0),
(4669, 'K56.6', 'Other and unspecified intestinal obstruction', 'K05', 0),
(4670, 'K56.7', 'Ileus, unspecified', 'K05', 0),
(4671, 'K57', 'Diverticular disease of intestine', 'K05', 0),
(4672, 'K57.0', 'Diverticular disease of small intestine with perforation and abscess', 'K05', 0),
(4673, 'K57.1', 'Diverticular disease of small intestine without perforation orabscess', 'K05', 0),
(4674, 'K57.2', 'Diverticular disease of large intestine with perforation and abscess', 'K05', 0),
(4675, 'K57.3', 'Diverticular disease of large intestine without perforation orabscess', 'K05', 0),
(4676, 'K57.4', 'Diverticular disease of both small and large intestine withperforation and abscess', 'K05', 0),
(4677, 'K57.5', 'Diverticular disease of both small and large intestine withoutperforation or abscess', 'K05', 0),
(4678, 'K57.8', 'Diverticular disease of intestine, part unspecified, withperforation and abscess', 'K05', 0),
(4679, 'K57.9', 'Diverticular disease of intestine, part unspecified, withoutperforation or abscess', 'K05', 0),
(4680, 'K58', 'Irritable bowel syndrome', 'K05', 0),
(4681, 'K58.0', 'Irritable bowel syndrome with diarrhoea', 'K05', 0),
(4682, 'K58.9', 'Irritable bowel syndrome without diarrhoea', 'K05', 0),
(4683, 'K59', 'Other functional intestinal disorders', 'K05', 0),
(4684, 'K59.0', 'Constipation', 'K05', 0),
(4685, 'K59.1', 'Functional diarrhoea', 'K05', 0),
(4686, 'K59.2', 'Neurogenic bowel, not elsewhere classified', 'K05', 0),
(4687, 'K59.3', 'Megacolon, not elsewhere classified', 'K05', 0),
(4688, 'K59.4', 'Anal spasm', 'K05', 0),
(4689, 'K59.8', 'Other specified functional intestinal disorders', 'K05', 0),
(4690, 'K59.9', 'Functional intestinal disorder, unspecified', 'K05', 0),
(4691, 'K60', 'Fissure and fistula of anal and rectal regions', 'K05', 0),
(4692, 'K60.0', 'Acute anal fissure', 'K05', 0),
(4693, 'K60.1', 'Chronic anal fissure', 'K05', 0),
(4694, 'K60.2', 'Anal fissure, unspecified', 'K05', 0),
(4695, 'K60.3', 'Anal fistula', 'K05', 0),
(4696, 'K60.4', 'Rectal fistula', 'K05', 0),
(4697, 'K60.5', 'Anorectal fistula', 'K05', 0),
(4698, 'K61', 'Abscess of anal and rectal regions', 'K05', 0),
(4699, 'K61.0', 'Anal abscess', 'K05', 0),
(4700, 'K61.1', 'Rectal abscess', 'K05', 0),
(4701, 'K61.2', 'Anorectal abscess', 'K05', 0),
(4702, 'K61.3', 'Ischiorectal abscess', 'K05', 0),
(4703, 'K61.4', 'Intrasphincteric abscess', 'K05', 0),
(4704, 'K62', 'Other diseases of anus and rectum', 'K05', 0),
(4705, 'K62.0', 'Anal polyp', 'K05', 0),
(4706, 'K62.1', 'Rectal polyp', 'K05', 0),
(4707, 'K62.2', 'Anal prolapse', 'K05', 0),
(4708, 'K62.3', 'Rectal prolapse', 'K05', 0),
(4709, 'K62.4', 'Stenosis of anus and rectum', 'K05', 0),
(4710, 'K62.5', 'Haemorrhage of anus and rectum', 'K05', 0),
(4711, 'K62.6', 'Ulcer of anus and rectum', 'K05', 0),
(4712, 'K62.7', 'Radiation proctitis', 'K05', 0),
(4713, 'K62.8', 'Other specified diseases of anus and rectum', 'K05', 0),
(4714, 'K62.9', 'Disease of anus and rectum, unspecified', 'K05', 0),
(4715, 'K63', 'Other diseases of intestine', 'K05', 0),
(4716, 'K63.0', 'Abscess of intestine', 'K05', 0),
(4717, 'K63.1', 'Perforation of intestine (nontraumatic)', 'K05', 0),
(4718, 'K63.2', 'Fistula of intestine', 'K05', 0),
(4719, 'K63.3', 'Ulcer of intestine', 'K05', 0),
(4720, 'K63.4', 'Enteroptosis', 'K05', 0),
(4721, 'K63.8', 'Other specified diseases of intestine', 'K05', 0),
(4722, 'K63.9', 'Disease of intestine, unspecified', 'K05', 0),
(4723, 'K65', 'Peritonitis', 'K06', 0),
(4724, 'K65.0', 'Acute peritonitis', 'K06', 0),
(4725, 'K65.8', 'Other peritonitis', 'K06', 0),
(4726, 'K65.9', 'Peritonitis, unspecified', 'K06', 0),
(4727, 'K66', 'Other disorders of peritoneum', 'K06', 0),
(4728, 'K66.0', 'Peritoneal adhesions', 'K06', 0),
(4729, 'K66.1', 'Haemoperitoneum', 'K06', 0),
(4730, 'K66.8', 'Other specified disorders of peritoneum', 'K06', 0),
(4731, 'K66.9', 'Disorder of peritoneum, unspecified', 'K06', 0),
(4732, 'K67*', 'Disorders of peritoneum in infectious diseases classified elsewhere', 'K06', 0),
(4733, 'K67.0*', 'Chlamydial peritonitis (A74.8+)', 'K06', 0),
(4734, 'K67.1*', 'Gonococcal peritonitis (A54.8+)', 'K06', 0),
(4735, 'K67.2*', 'Syphilitic peritonitis (A52.7+)', 'K06', 0),
(4736, 'K67.3*', 'Tuberculous peritonitis (A18.3+)', 'K06', 0),
(4737, 'K67.8*', 'Other disorders of peritoneum in infectious diseases classifiedelsewhere', 'K06', 0),
(4738, 'K70', 'Alcoholic liver disease', 'K07', 0),
(4739, 'K70.0', 'Alcoholic fatty liver', 'K07', 0),
(4740, 'K70.1', 'Alcoholic hepatitis', 'K07', 0),
(4741, 'K70.2', 'Alcoholic fibrosis and sclerosis of liver', 'K07', 0),
(4742, 'K70.3', 'Alcoholic cirrhosis of liver', 'K07', 0),
(4743, 'K70.4', 'Alcoholic hepatic failure', 'K07', 0),
(4744, 'K70.9', 'Alcoholic liver disease, unspecified', 'K07', 0),
(4745, 'K71', 'Toxic liver disease', 'K07', 0),
(4746, 'K71.0', 'Toxic liver disease with cholestasis', 'K07', 0),
(4747, 'K71.1', 'Toxic liver disease with hepatic necrosis', 'K07', 0),
(4748, 'K71.2', 'Toxic liver disease with acute hepatitis', 'K07', 0),
(4749, 'K71.3', 'Toxic liver disease with chronic persistent hepatitis', 'K07', 0),
(4750, 'K71.4', 'Toxic liver disease with chronic lobular hepatitis', 'K07', 0),
(4751, 'K71.5', 'Toxic liver disease with chronic active hepatitis', 'K07', 0),
(4752, 'K71.6', 'Toxic liver disease with hepatitis, not elsewhere classified', 'K07', 0),
(4753, 'K71.7', 'Toxic liver disease with fibrosis and cirrhosis of liver', 'K07', 0),
(4754, 'K71.8', 'Toxic liver disease with other disorders of liver', 'K07', 0),
(4755, 'K71.9', 'Toxic liver disease, unspecified', 'K07', 0),
(4756, 'K72', 'Hepatic failure, not elsewhere classified', 'K07', 0),
(4757, 'K72.0', 'Acute and subacute hepatic failure', 'K07', 0),
(4758, 'K72.1', 'Chronic hepatic failure', 'K07', 0),
(4759, 'K72.9', 'Hepatic failure, unspecified', 'K07', 0),
(4760, 'K73', 'Chronic hepatitis, not elsewhere classified', 'K07', 0),
(4761, 'K73.0', 'Chronic persistent hepatitis, not elsewhere classified', 'K07', 0),
(4762, 'K73.1', 'Chronic lobular hepatitis, not elsewhere classified', 'K07', 0),
(4763, 'K73.2', 'Chronic active hepatitis, not elsewhere classified', 'K07', 0),
(4764, 'K73.8', 'Other chronic hepatitis, not elsewhere classified', 'K07', 0),
(4765, 'K73.9', 'Chronic hepatitis, unspecified', 'K07', 0),
(4766, 'K74', 'Fibrosis and cirrhosis of liver', 'K07', 0),
(4767, 'K74.0', 'Hepatic fibrosis', 'K07', 0),
(4768, 'K74.1', 'Hepatic sclerosis', 'K07', 0),
(4769, 'K74.2', 'Hepatic fibrosis with hepatic sclerosis', 'K07', 0),
(4770, 'K74.3', 'Primary biliary cirrhosis', 'K07', 0),
(4771, 'K74.4', 'Secondary biliary cirrhosis', 'K07', 0),
(4772, 'K74.5', 'Biliary cirrhosis, unspecified', 'K07', 0),
(4773, 'K74.6', 'Other and unspecified cirrhosis of liver', 'K07', 0),
(4774, 'K75', 'Other inflammatory liver diseases', 'K07', 0),
(4775, 'K75.0', 'Abscess of liver', 'K07', 0),
(4776, 'K75.1', 'Phlebitis of portal vein', 'K07', 0),
(4777, 'K75.2', 'Nonspecific reactive hepatitis', 'K07', 0),
(4778, 'K75.3', 'Granulomatous hepatitis, not elsewhere classified', 'K07', 0),
(4779, 'K75.8', 'Other specified inflammatory liver diseases', 'K07', 0),
(4780, 'K75.9', 'Inflammatory liver disease, unspecified', 'K07', 0),
(4781, 'K76', 'Other diseases of liver', 'K07', 0),
(4782, 'K76.0', 'Fatty (change of) liver, not elsewhere classified', 'K07', 0),
(4783, 'K76.1', 'Chronic passive congestion of liver', 'K07', 0),
(4784, 'K76.2', 'Central haemorrhagic necrosis of liver', 'K07', 0),
(4785, 'K76.3', 'Infarction of liver', 'K07', 0),
(4786, 'K76.4', 'Peliosis hepatis', 'K07', 0),
(4787, 'K76.5', 'Hepatic veno-occlusive disease', 'K07', 0),
(4788, 'K76.6', 'Portal hypertension', 'K07', 0),
(4789, 'K76.7', 'Hepatorenal syndrome', 'K07', 0),
(4790, 'K76.8', 'Other specified diseases of liver', 'K07', 0),
(4791, 'K76.9', 'Liver disease, unspecified', 'K07', 0),
(4792, 'K77*', 'Liver disorders in diseases classified elsewhere', 'K07', 0),
(4793, 'K77.0*', 'Liver disorders in infectious and parasitic diseases classifiedelsewhere', 'K07', 0),
(4794, 'K77.8*', 'Liver disorders in other diseases classified elsewhere', 'K07', 0),
(4795, 'K80', 'Cholelithiasis', 'K08', 0),
(4796, 'K80.0', 'Calculus of gallbladder with acute cholecystitis', 'K08', 0),
(4797, 'K80.1', 'Calculus of gallbladder with other cholecystitis', 'K08', 0),
(4798, 'K80.2', 'Calculus of gallbladder without cholecystitis', 'K08', 0),
(4799, 'K80.3', 'Calculus of bile duct with cholangitis', 'K08', 0),
(4800, 'K80.4', 'Calculus of bile duct with cholecystitis', 'K08', 0),
(4801, 'K80.5', 'Calculus of bile duct without cholangitis or cholecystitis', 'K08', 0),
(4802, 'K80.8', 'Other cholelithiasis', 'K08', 0),
(4803, 'K81', 'Cholecystitis', 'K08', 0),
(4804, 'K81.0', 'Acute cholecystitis', 'K08', 0),
(4805, 'K81.1', 'Chronic cholecystitis', 'K08', 0),
(4806, 'K81.8', 'Other cholecystitis', 'K08', 0),
(4807, 'K81.9', 'Cholecystitis, unspecified', 'K08', 0),
(4808, 'K82', 'Other diseases of gallbladder', 'K08', 0),
(4809, 'K82.0', 'Obstruction of gallbladder', 'K08', 0),
(4810, 'K82.1', 'Hydrops of gallbladder', 'K08', 0),
(4811, 'K82.2', 'Perforation of gallbladder', 'K08', 0),
(4812, 'K82.3', 'Fistula of gallbladder', 'K08', 0),
(4813, 'K82.4', 'Cholesterolosis of gallbladder', 'K08', 0),
(4814, 'K82.8', 'Other specified diseases of gallbladder', 'K08', 0),
(4815, 'K82.9', 'Disease of gallbladder, unspecified', 'K08', 0),
(4816, 'K83', 'Other diseases of biliary tract', 'K08', 0),
(4817, 'K83.0', 'Cholangitis', 'K08', 0),
(4818, 'K83.1', 'Obstruction of bile duct', 'K08', 0),
(4819, 'K83.2', 'Perforation of bile duct', 'K08', 0),
(4820, 'K83.3', 'Fistula of bile duct', 'K08', 0),
(4821, 'K83.4', 'Spasm of sphincter of Oddi', 'K08', 0),
(4822, 'K83.5', 'Biliary cyst', 'K08', 0),
(4823, 'K83.8', 'Other specified diseases of biliary tract', 'K08', 0),
(4824, 'K83.9', 'Disease of biliary tract, unspecified', 'K08', 0),
(4825, 'K85', 'Acute pancreatitis', 'K08', 0),
(4826, 'K86', 'Other diseases of pancreas', 'K08', 0),
(4827, 'K86.0', 'Alcohol-induced chronic pancreatitis', 'K08', 0),
(4828, 'K86.1', 'Other chronic pancreatitis', 'K08', 0),
(4829, 'K86.2', 'Cyst of pancreas', 'K08', 0),
(4830, 'K86.3', 'Pseudocyst of pancreas', 'K08', 0),
(4831, 'K86.8', 'Other specified diseases of pancreas', 'K08', 0),
(4832, 'K86.9', 'Disease of pancreas, unspecified', 'K08', 0),
(4833, 'K87*', 'Disorders of gallbladder, biliary tract and pancreas in diseasesclassified elsewhere', 'K08', 0),
(4834, 'K87.0*', 'Disorders of gallbladder and biliary tract in diseases classifiedelsewhere', 'K08', 0),
(4835, 'K87.1*', 'Disorders of pancreas in diseases classified elsewhere', 'K08', 0),
(4836, 'K90', 'Intestinal malabsorption', 'K09', 0),
(4837, 'K90.0', 'Coeliac disease', 'K09', 0),
(4838, 'K90.1', 'Tropical sprue', 'K09', 0),
(4839, 'K90.2', 'Blind loop syndrome, not elsewhere classified', 'K09', 0),
(4840, 'K90.3', 'Pancreatic steatorrhoea', 'K09', 0),
(4841, 'K90.4', 'Malabsorption due to intolerance, not elsewhere classified', 'K09', 0),
(4842, 'K90.8', 'Other intestinal malabsorption', 'K09', 0),
(4843, 'K90.9', 'Intestinal malabsorption, unspecified', 'K09', 0),
(4844, 'K91', 'Postprocedural disorders of digestive system, not elsewhereclassified', 'K09', 0),
(4845, 'K91.0', 'Vomiting following gastrointestinal surgery', 'K09', 0),
(4846, 'K91.1', 'Postgastric surgery syndromes', 'K09', 0),
(4847, 'K91.2', 'Postsurgical malabsorption, not elsewhere classified', 'K09', 0),
(4848, 'K91.3', 'Postoperative intestinal obstruction', 'K09', 0),
(4849, 'K91.4', 'Colostomy and enterostomy malfunction', 'K09', 0),
(4850, 'K91.5', 'Postcholecystectomy syndrome', 'K09', 0),
(4851, 'K91.8', 'Other postprocedural disorders of digestive system, not elsewhereclassified', 'K09', 0),
(4852, 'K91.9', 'Postprocedural disorder of digestive system, unspecified', 'K09', 0),
(4853, 'K92', 'Other diseases of digestive system', 'K09', 0),
(4854, 'K92.0', 'Haematemesis', 'K09', 0),
(4855, 'K92.1', 'Melaena', 'K09', 0),
(4856, 'K92.2', 'Gastrointestinal haemorrhage, unspecified', 'K09', 0),
(4857, 'K92.8', 'Other specified diseases of digestive system', 'K09', 0),
(4858, 'K92.9', 'Disease of digestive system, unspecified', 'K09', 0),
(4859, 'K93*', 'Disorders of other digestive organs in diseases classified elsewhere', 'K09', 0),
(4860, 'K93.0*', 'Tuberculous disorders of intestines, peritoneum and mesentericglands (A18.3+)', 'K09', 0),
(4861, 'K93.1*', 'Megacolon in Chagas'' disease (B57.3+)', 'K09', 0),
(4862, 'K93.8*', 'Disorders of other specified digestive organs in diseases classifiedelsewhere', 'K09', 0),
(4863, 'L00', 'Staphylococcal scalded skin syndrome', 'L00', 0),
(4864, 'L01', 'Impetigo', 'L00', 0),
(4865, 'L01.0', 'Impetigo [any organism] [any site]', 'L00', 0),
(4866, 'L01.1', 'Impetiginization of other dermatoses', 'L00', 0),
(4867, 'L02', 'Cutaneous abscess, furuncle and carbuncle', 'L00', 0),
(4868, 'L02.0', 'Cutaneous abscess, furuncle and carbuncle of face', 'L00', 0),
(4869, 'L02.1', 'Cutaneous abscess, furuncle and carbuncle of neck', 'L00', 0),
(4870, 'L02.2', 'Cutaneous abscess, furuncle and carbuncle of trunk', 'L00', 0),
(4871, 'L02.3', 'Cutaneous abscess, furuncle and carbuncle of buttock', 'L00', 0),
(4872, 'L02.4', 'Cutaneous abscess, furuncle and carbuncle of limb', 'L00', 0),
(4873, 'L02.8', 'Cutaneous abscess, furuncle and carbuncle of other sites', 'L00', 0),
(4874, 'L02.9', 'Cutaneous abscess, furuncle and carbuncle, unspecified', 'L00', 0),
(4875, 'L03', 'Cellulitis', 'L00', 0),
(4876, 'L03.0', 'Cellulitis of finger and toe', 'L00', 0),
(4877, 'L03.1', 'Cellulitis of other parts of limb', 'L00', 0),
(4878, 'L03.2', 'Cellulitis of face', 'L00', 0),
(4879, 'L03.3', 'Cellulitis of trunk', 'L00', 0),
(4880, 'L03.8', 'Cellulitis of other sites', 'L00', 0),
(4881, 'L03.9', 'Cellulitis, unspecified', 'L00', 0),
(4882, 'L04', 'Acute lymphadenitis', 'L00', 0),
(4883, 'L04.0', 'Acute lymphadenitis of face, head and neck', 'L00', 0),
(4884, 'L04.1', 'Acute lymphadenitis of trunk', 'L00', 0),
(4885, 'L04.2', 'Acute lymphadenitis of upper limb', 'L00', 0),
(4886, 'L04.3', 'Acute lymphadenitis of lower limb', 'L00', 0),
(4887, 'L04.8', 'Acute lymphadenitis of other sites', 'L00', 0),
(4888, 'L04.9', 'Acute lymphadenitis, unspecified', 'L00', 0),
(4889, 'L05', 'Pilonidal cyst', 'L00', 0),
(4890, 'L05.0', 'Pilonidal cyst with abscess', 'L00', 0),
(4891, 'L05.9', 'Pilonidal cyst without abscess', 'L00', 0),
(4892, 'L08', 'Other local infections of skin and subcutaneous tissue', 'L00', 0),
(4893, 'L08.0', 'Pyoderma', 'L00', 0),
(4894, 'L08.1', 'Erythrasma', 'L00', 0),
(4895, 'L08.8', 'Other specified local infections of skin and subcutaneous tissue', 'L00', 0),
(4896, 'L08.9', 'Local infection of skin and subcutaneous tissue, unspecified', 'L00', 0),
(4897, 'L10', 'Pemphigus', 'L01', 0),
(4898, 'L10.0', 'Pemphigus vulgaris', 'L01', 0),
(4899, 'L10.1', 'Pemphigus vegetans', 'L01', 0),
(4900, 'L10.2', 'Pemphigus foliaceus', 'L01', 0),
(4901, 'L10.3', 'Brazilian pemphigus [fogo selvagem]', 'L01', 0),
(4902, 'L10.4', 'Pemphigus erythematosus', 'L01', 0),
(4903, 'L10.5', 'Drug-induced pemphigus', 'L01', 0),
(4904, 'L10.8', 'Other pemphigus', 'L01', 0),
(4905, 'L10.9', 'Pemphigus, unspecified', 'L01', 0),
(4906, 'L11', 'Other acantholytic disorders', 'L01', 0),
(4907, 'L11.0', 'Acquired keratosis follicularis', 'L01', 0),
(4908, 'L11.1', 'Transient acantholytic dermatosis [Grover]', 'L01', 0),
(4909, 'L11.8', 'Other specified acantholytic disorders', 'L01', 0),
(4910, 'L11.9', 'Acantholytic disorder, unspecified', 'L01', 0),
(4911, 'L12', 'Pemphigoid', 'L01', 0),
(4912, 'L12.0', 'Bullous pemphigoid', 'L01', 0),
(4913, 'L12.1', 'Cicatricial pemphigoid', 'L01', 0),
(4914, 'L12.2', 'Chronic bullous disease of childhood', 'L01', 0),
(4915, 'L12.3', 'Acquired epidermolysis bullosa', 'L01', 0),
(4916, 'L12.8', 'Other pemphigoid', 'L01', 0),
(4917, 'L12.9', 'Pemphigoid, unspecified', 'L01', 0),
(4918, 'L13', 'Other bullous disorders', 'L01', 0),
(4919, 'L13.0', 'Dermatitis herpetiformis', 'L01', 0),
(4920, 'L13.1', 'Subcorneal pustular dermatitis', 'L01', 0),
(4921, 'L13.8', 'Other specified bullous disorders', 'L01', 0),
(4922, 'L13.9', 'Bullous disorder, unspecified', 'L01', 0),
(4923, 'L14*', 'Bullous disorders in diseases classified elsewhere', 'L01', 0),
(4924, 'L20', 'Atopic dermatitis', 'L02', 0),
(4925, 'L20.0', 'Besnier''s prurigo', 'L02', 0),
(4926, 'L20.8', 'Other atopic dermatitis', 'L02', 0),
(4927, 'L20.9', 'Atopic dermatitis, unspecified', 'L02', 0),
(4928, 'L21', 'Seborrhoeic dermatitis', 'L02', 0),
(4929, 'L21.0', 'Seborrhoea capitis', 'L02', 0),
(4930, 'L21.1', 'Seborrhoeic infantile dermatitis', 'L02', 0),
(4931, 'L21.8', 'Other seborrhoeic dermatitis', 'L02', 0),
(4932, 'L21.9', 'Seborrhoeic dermatitis, unspecified', 'L02', 0),
(4933, 'L22', 'Diaper [napkin] dermatitis', 'L02', 0),
(4934, 'L23', 'Allergic contact dermatitis', 'L02', 0),
(4935, 'L23.0', 'Allergic contact dermatitis due to metals', 'L02', 0),
(4936, 'L23.1', 'Allergic contact dermatitis due to adhesives', 'L02', 0),
(4937, 'L23.2', 'Allergic contact dermatitis due to cosmetics', 'L02', 0),
(4938, 'L23.3', 'Allergic contact dermatitis due to drugs in contact with skin', 'L02', 0),
(4939, 'L23.4', 'Allergic contact dermatitis due to dyes', 'L02', 0),
(4940, 'L23.5', 'Allergic contact dermatitis due to other chemical products', 'L02', 0),
(4941, 'L23.6', 'Allergic contact dermatitis due to food in contact with skin', 'L02', 0),
(4942, 'L23.7', 'Allergic contact dermatitis due to plants, except food', 'L02', 0),
(4943, 'L23.8', 'Allergic contact dermatitis due to other agents', 'L02', 0),
(4944, 'L23.9', 'Allergic contact dermatitis, unspecified cause', 'L02', 0),
(4945, 'L24', 'Irritant contact dermatitis', 'L02', 0),
(4946, 'L24.0', 'Irritant contact dermatitis due to detergents', 'L02', 0),
(4947, 'L24.1', 'Irritant contact dermatitis due to oils and greases', 'L02', 0),
(4948, 'L24.2', 'Irritant contact dermatitis due to solvents', 'L02', 0),
(4949, 'L24.3', 'Irritant contact dermatitis due to cosmetics', 'L02', 0),
(4950, 'L24.4', 'Irritant contact dermatitis due to drugs in contact with skin', 'L02', 0),
(4951, 'L24.5', 'Irritant contact dermatitis due to other chemical products', 'L02', 0),
(4952, 'L24.6', 'Irritant contact dermatitis due to food in contact with skin', 'L02', 0),
(4953, 'L24.7', 'Irritant contact dermatitis due to plants, except food', 'L02', 0),
(4954, 'L24.8', 'Irritant contact dermatitis due to other agents', 'L02', 0),
(4955, 'L24.9', 'Irritant contact dermatitis, unspecified cause', 'L02', 0),
(4956, 'L25', 'Unspecified contact dermatitis', 'L02', 0),
(4957, 'L25.0', 'Unspecified contact dermatitis due to cosmetics', 'L02', 0),
(4958, 'L25.1', 'Unspecified contact dermatitis due to drugs in contact with skin', 'L02', 0),
(4959, 'L25.2', 'Unspecified contact dermatitis due to dyes', 'L02', 0),
(4960, 'L25.3', 'Unspecified contact dermatitis due to other chemical products', 'L02', 0),
(4961, 'L25.4', 'Unspecified contact dermatitis due to food in contact with skin', 'L02', 0),
(4962, 'L25.5', 'Unspecified contact dermatitis due to plants, except food', 'L02', 0),
(4963, 'L25.8', 'Unspecified contact dermatitis due to other agents', 'L02', 0),
(4964, 'L25.9', 'Unspecified contact dermatitis, unspecified cause', 'L02', 0),
(4965, 'L26', 'Exfoliative dermatitis', 'L02', 0),
(4966, 'L27', 'Dermatitis due to substances taken internally', 'L02', 0),
(4967, 'L27.0', 'Generalized skin eruption due to drugs and medicaments', 'L02', 0),
(4968, 'L27.1', 'Localized skin eruption due to drugs and medicaments', 'L02', 0),
(4969, 'L27.2', 'Dermatitis due to ingested food', 'L02', 0),
(4970, 'L27.8', 'Dermatitis due to other substances taken internally', 'L02', 0),
(4971, 'L27.9', 'Dermatitis due to unspecified substance taken internally', 'L02', 0),
(4972, 'L28', 'Lichen simplex chronicus and prurigo', 'L02', 0),
(4973, 'L28.0', 'Lichen simplex chronicus', 'L02', 0),
(4974, 'L28.1', 'Prurigo nodularis', 'L02', 0),
(4975, 'L28.2', 'Other prurigo', 'L02', 0),
(4976, 'L29', 'Pruritus', 'L02', 0),
(4977, 'L29.0', 'Pruritus ani', 'L02', 0),
(4978, 'L29.1', 'Pruritus scroti', 'L02', 0),
(4979, 'L29.2', 'Pruritus vulvae', 'L02', 0),
(4980, 'L29.3', 'Anogenital pruritus, unspecified', 'L02', 0),
(4981, 'L29.8', 'Other pruritus', 'L02', 0),
(4982, 'L29.9', 'Pruritus, unspecified', 'L02', 0),
(4983, 'L30', 'Other dermatitis', 'L02', 0),
(4984, 'L30.0', 'Nummular dermatitis', 'L02', 0),
(4985, 'L30.1', 'Dyshidrosis [pompholyx]', 'L02', 0),
(4986, 'L30.2', 'Cutaneous autosensitization', 'L02', 0),
(4987, 'L30.3', 'Infective dermatitis', 'L02', 0),
(4988, 'L30.4', 'Erythema intertrigo', 'L02', 0),
(4989, 'L30.5', 'Pityriasis alba', 'L02', 0),
(4990, 'L30.8', 'Other specified dermatitis', 'L02', 0),
(4991, 'L30.9', 'Dermatitis, unspecified', 'L02', 0),
(4992, 'L40', 'Psoriasis', 'L03', 0),
(4993, 'L40.0', 'Psoriasis vulgaris', 'L03', 0),
(4994, 'L40.1', 'Generalized pustular psoriasis', 'L03', 0),
(4995, 'L40.2', 'Acrodermatitis continua', 'L03', 0),
(4996, 'L40.3', 'Pustulosis palmaris et plantaris', 'L03', 0),
(4997, 'L40.4', 'Guttate psoriasis', 'L03', 0),
(4998, 'L40.5+', 'Arthropathic psoriasis (M07.0-M07.3*, M09.0*)', 'L03', 0),
(4999, 'L40.8', 'Other psoriasis', 'L03', 0),
(5000, 'L40.9', 'Psoriasis, unspecified', 'L03', 0),
(5001, 'L41', 'Parapsoriasis', 'L03', 0),
(5002, 'L41.0', 'Pityriasis lichenoides et varioliformis acuta', 'L03', 0),
(5003, 'L41.1', 'Pityriasis lichenoides chronica', 'L03', 0),
(5004, 'L41.2', 'Lymphomatoid papulosis', 'L03', 0),
(5005, 'L41.3', 'Small plaque parapsoriasis', 'L03', 0),
(5006, 'L41.4', 'Large plaque parapsoriasis', 'L03', 0),
(5007, 'L41.5', 'Retiform parapsoriasis', 'L03', 0),
(5008, 'L41.8', 'Other parapsoriasis', 'L03', 0),
(5009, 'L41.9', 'Parapsoriasis, unspecified', 'L03', 0),
(5010, 'L42', 'Pityriasis rosea', 'L03', 0),
(5011, 'L43', 'Lichen planus', 'L03', 0),
(5012, 'L43.0', 'Hypertrophic lichen planus', 'L03', 0),
(5013, 'L43.1', 'Bullous lichen planus', 'L03', 0),
(5014, 'L43.2', 'Lichenoid drug reaction', 'L03', 0),
(5015, 'L43.3', 'Subacute (active) lichen planus', 'L03', 0),
(5016, 'L43.8', 'Other lichen planus', 'L03', 0),
(5017, 'L43.9', 'Lichen planus, unspecified', 'L03', 0),
(5018, 'L44', 'Other papulosquamous disorders', 'L03', 0),
(5019, 'L44.0', 'Pityriasis rubra pilaris', 'L03', 0),
(5020, 'L44.1', 'Lichen nitidus', 'L03', 0),
(5021, 'L44.2', 'Lichen striatus', 'L03', 0),
(5022, 'L44.3', 'Lichen ruber moniliformis', 'L03', 0),
(5023, 'L44.4', 'Infantile papular acrodermatitis [Giannotti-Crosti]', 'L03', 0),
(5024, 'L44.8', 'Other specified papulosquamous disorders', 'L03', 0),
(5025, 'L44.9', 'Papulosquamous disorder, unspecified', 'L03', 0),
(5026, 'L45*', 'Papulosquamous disorders in diseases classified elsewhere', 'L03', 0),
(5027, 'L50', 'Urticaria', 'L04', 0),
(5028, 'L50.0', 'Allergic urticaria', 'L04', 0),
(5029, 'L50.1', 'Idiopathic urticaria', 'L04', 0),
(5030, 'L50.2', 'Urticaria due to cold and heat', 'L04', 0),
(5031, 'L50.3', 'Dermatographic urticaria', 'L04', 0),
(5032, 'L50.4', 'Vibratory urticaria', 'L04', 0),
(5033, 'L50.5', 'Cholinergic urticaria', 'L04', 0),
(5034, 'L50.6', 'Contact urticaria', 'L04', 0),
(5035, 'L50.8', 'Other urticaria', 'L04', 0),
(5036, 'L50.9', 'Urticaria, unspecified', 'L04', 0),
(5037, 'L51', 'Erythema multiforme', 'L04', 0),
(5038, 'L51.0', 'Nonbullous erythema multiforme', 'L04', 0),
(5039, 'L51.1', 'Bullous erythema multiforme', 'L04', 0),
(5040, 'L51.2', 'Toxic epidermal necrolysis [Lyell]', 'L04', 0),
(5041, 'L51.8', 'Other erythema multiforme', 'L04', 0),
(5042, 'L51.9', 'Erythema multiforme, unspecified', 'L04', 0),
(5043, 'L52', 'Erythema nodosum', 'L04', 0),
(5044, 'L53', 'Other erythematous conditions', 'L04', 0),
(5045, 'L53.0', 'Toxic erythema', 'L04', 0),
(5046, 'L53.1', 'Erythema annulare centrifugum', 'L04', 0),
(5047, 'L53.2', 'Erythema marginatum', 'L04', 0),
(5048, 'L53.3', 'Other chronic figurate erythema', 'L04', 0),
(5049, 'L53.8', 'Other specified erythematous conditions', 'L04', 0),
(5050, 'L53.9', 'Erythematous condition, unspecified', 'L04', 0),
(5051, 'L54*', 'Erythema in diseases classified elsewhere', 'L04', 0),
(5052, 'L54.0*', 'Erythema marginatum in acute rheumatic fever (I00+)', 'L04', 0),
(5053, 'L54.8*', 'Erythema in other diseases classified elsewhere', 'L04', 0),
(5054, 'L55', 'Sunburn', 'L05', 0),
(5055, 'L55.0', 'Sunburn of first degree', 'L05', 0),
(5056, 'L55.1', 'Sunburn of second degree', 'L05', 0),
(5057, 'L55.2', 'Sunburn of third degree', 'L05', 0),
(5058, 'L55.8', 'Other sunburn', 'L05', 0),
(5059, 'L55.9', 'Sunburn, unspecified', 'L05', 0),
(5060, 'L56', 'Other acute skin changes due to ultraviolet radiation', 'L05', 0),
(5061, 'L56.0', 'Drug phototoxic response', 'L05', 0),
(5062, 'L56.1', 'Drug photoallergic response', 'L05', 0),
(5063, 'L56.2', 'Photocontact dermatitis [berloque dermatitis]', 'L05', 0),
(5064, 'L56.3', 'Solar urticaria', 'L05', 0),
(5065, 'L56.4', 'Polymorphous light eruption', 'L05', 0),
(5066, 'L56.8', 'Other specified acute skin changes due to ultraviolet radiation', 'L05', 0),
(5067, 'L56.9', 'Acute skin change due to ultraviolet radiation, unspecified', 'L05', 0),
(5068, 'L57', 'Skin changes due to chronic exposure to nonionizing radiation', 'L05', 0),
(5069, 'L57.0', 'Actinic keratosis', 'L05', 0),
(5070, 'L57.1', 'Actinic reticuloid', 'L05', 0),
(5071, 'L57.2', 'Cutis rhomboidalis nuchae', 'L05', 0),
(5072, 'L57.3', 'Poikiloderma of Civatte', 'L05', 0),
(5073, 'L57.4', 'Cutis laxa senilis', 'L05', 0),
(5074, 'L57.5', 'Actinic granuloma', 'L05', 0),
(5075, 'L57.8', 'Other skin changes due to chronic exposure to nonionizing radiation', 'L05', 0),
(5076, 'L57.9', 'Skin changes due to chronic exposure to nonionizing radiation,unspecified', 'L05', 0),
(5077, 'L58', 'Radiodermatitis', 'L05', 0),
(5078, 'L58.0', 'Acute radiodermatitis', 'L05', 0),
(5079, 'L58.1', 'Chronic radiodermatitis', 'L05', 0),
(5080, 'L58.9', 'Radiodermatitis, unspecified', 'L05', 0),
(5081, 'L59', 'Other disorders of skin and subcutaneous tissue related to radiation', 'L05', 0),
(5082, 'L59.0', 'Erythema ab igne [dermatitis ab igne]', 'L05', 0),
(5083, 'L59.8', 'Other specified disorders of skin and subcutaneous tissue related toradiation', 'L05', 0),
(5084, 'L59.9', 'Disorder of skin and subcutaneous tissue related to radiation,unspecified', 'L05', 0),
(5085, 'L60', 'Nail disorders', 'L06', 0),
(5086, 'L60.0', 'Ingrowing nail', 'L06', 0),
(5087, 'L60.1', 'Onycholysis', 'L06', 0),
(5088, 'L60.2', 'Onychogryphosis', 'L06', 0),
(5089, 'L60.3', 'Nail dystrophy', 'L06', 0),
(5090, 'L60.4', 'Beau''s lines', 'L06', 0),
(5091, 'L60.5', 'Yellow nail syndrome', 'L06', 0),
(5092, 'L60.8', 'Other nail disorders', 'L06', 0),
(5093, 'L60.9', 'Nail disorder, unspecified', 'L06', 0),
(5094, 'L62*', 'Nail disorders in diseases classified elsewhere', 'L06', 0),
(5095, 'L62.0*', 'Clubbed nail pachydermoperiostosis (M89.4+)', 'L06', 0),
(5096, 'L62.8*', 'Nail disorders in other diseases classified elsewhere', 'L06', 0),
(5097, 'L63', 'Alopecia areata', 'L06', 0),
(5098, 'L63.0', 'Alopecia (capitis) totalis', 'L06', 0),
(5099, 'L63.1', 'Alopecia universalis', 'L06', 0),
(5100, 'L63.2', 'Ophiasis', 'L06', 0),
(5101, 'L63.8', 'Other alopecia areata', 'L06', 0),
(5102, 'L63.9', 'Alopecia areata, unspecified', 'L06', 0),
(5103, 'L64', 'Androgenic alopecia', 'L06', 0),
(5104, 'L64.0', 'Drug-induced androgenic alopecia', 'L06', 0),
(5105, 'L64.8', 'Other androgenic alopecia', 'L06', 0),
(5106, 'L64.9', 'Androgenic alopecia, unspecified', 'L06', 0),
(5107, 'L65', 'Other nonscarring hair loss', 'L06', 0),
(5108, 'L65.0', 'Telogen effluvium', 'L06', 0),
(5109, 'L65.1', 'Anagen effluvium', 'L06', 0),
(5110, 'L65.2', 'Alopecia mucinosa', 'L06', 0),
(5111, 'L65.8', 'Other specified nonscarring hair loss', 'L06', 0),
(5112, 'L65.9', 'Nonscarring hair loss, unspecified', 'L06', 0),
(5113, 'L66', 'Cicatricial alopecia [scarring hair loss]', 'L06', 0),
(5114, 'L66.0', 'Pseudopelade', 'L06', 0),
(5115, 'L66.1', 'Lichen planopilaris', 'L06', 0),
(5116, 'L66.2', 'Folliculitis decalvans', 'L06', 0),
(5117, 'L66.3', 'Perifolliculitis capitis abscedens', 'L06', 0),
(5118, 'L66.4', 'Folliculitis ulerythematosa reticulata', 'L06', 0),
(5119, 'L66.8', 'Other cicatricial alopecia', 'L06', 0),
(5120, 'L66.9', 'Cicatricial alopecia, unspecified', 'L06', 0),
(5121, 'L67', 'Hair colour and hair shaft abnormalities', 'L06', 0),
(5122, 'L67.0', 'Trichorrhexis nodosa', 'L06', 0),
(5123, 'L67.1', 'Variations in hair colour', 'L06', 0),
(5124, 'L67.8', 'Other hair colour and hair shaft abnormalities', 'L06', 0),
(5125, 'L67.9', 'Hair colour and hair shaft abnormality, unspecified', 'L06', 0),
(5126, 'L68', 'Hypertrichosis', 'L06', 0),
(5127, 'L68.0', 'Hirsutism', 'L06', 0),
(5128, 'L68.1', 'Acquired hypertrichosis lanuginosa', 'L06', 0),
(5129, 'L68.2', 'Localized hypertrichosis', 'L06', 0),
(5130, 'L68.3', 'Polytrichia', 'L06', 0),
(5131, 'L68.8', 'Other hypertrichosis', 'L06', 0),
(5132, 'L68.9', 'Hypertrichosis, unspecified', 'L06', 0),
(5133, 'L70', 'Acne', 'L06', 0),
(5134, 'L70.0', 'Acne vulgaris', 'L06', 0),
(5135, 'L70.1', 'Acne conglobata', 'L06', 0),
(5136, 'L70.2', 'Acne varioliformis', 'L06', 0),
(5137, 'L70.3', 'Acne tropica', 'L06', 0),
(5138, 'L70.4', 'Infantile acne', 'L06', 0),
(5139, 'L70.5', 'Acn? excori?e des jeunes filles', 'L06', 0),
(5140, 'L70.8', 'Other acne', 'L06', 0),
(5141, 'L70.9', 'Acne, unspecified', 'L06', 0),
(5142, 'L71', 'Rosacea', 'L06', 0),
(5143, 'L71.0', 'Perioral dermatitis', 'L06', 0),
(5144, 'L71.1', 'Rhinophyma', 'L06', 0),
(5145, 'L71.8', 'Other rosacea', 'L06', 0),
(5146, 'L71.9', 'Rosacea, unspecified', 'L06', 0),
(5147, 'L72', 'Follicular cysts of skin and subcutaneous tissue', 'L06', 0),
(5148, 'L72.0', 'Epidermal cyst', 'L06', 0),
(5149, 'L72.1', 'Trichilemmal cyst', 'L06', 0),
(5150, 'L72.2', 'Steatocystoma multiplex', 'L06', 0),
(5151, 'L72.8', 'Other follicular cysts of skin and subcutaneous tissue', 'L06', 0),
(5152, 'L72.9', 'Follicular cyst of skin and subcutaneous tissue, unspecified', 'L06', 0),
(5153, 'L73', 'Other follicular disorders', 'L06', 0),
(5154, 'L73.0', 'Acne keloid', 'L06', 0),
(5155, 'L73.1', 'Pseudofolliculitis barbae', 'L06', 0),
(5156, 'L73.2', 'Hidradenitis suppurativa', 'L06', 0),
(5157, 'L73.8', 'Other specified follicular disorders', 'L06', 0),
(5158, 'L73.9', 'Follicular disorder, unspecified', 'L06', 0),
(5159, 'L74', 'Eccrine sweat disorders', 'L06', 0),
(5160, 'L74.0', 'Miliaria rubra', 'L06', 0),
(5161, 'L74.1', 'Miliaria crystallina', 'L06', 0),
(5162, 'L74.2', 'Miliaria profunda', 'L06', 0),
(5163, 'L74.3', 'Miliaria, unspecified', 'L06', 0),
(5164, 'L74.4', 'Anhidrosis', 'L06', 0),
(5165, 'L74.8', 'Other eccrine sweat disorders', 'L06', 0),
(5166, 'L74.9', 'Eccrine sweat disorder, unspecified', 'L06', 0),
(5167, 'L75', 'Apocrine sweat disorders', 'L06', 0),
(5168, 'L75.0', 'Bromhidrosis', 'L06', 0),
(5169, 'L75.1', 'Chromhidrosis', 'L06', 0),
(5170, 'L75.2', 'Apocrine miliaria', 'L06', 0),
(5171, 'L75.8', 'Other apocrine sweat disorders', 'L06', 0),
(5172, 'L75.9', 'Apocrine sweat disorder, unspecified', 'L06', 0),
(5173, 'L80', 'Vitiligo', 'L07', 0),
(5174, 'L81', 'Other disorders of pigmentation', 'L07', 0),
(5175, 'L81.0', 'Postinflammatory hyperpigmentation', 'L07', 0),
(5176, 'L81.1', 'Chloasma', 'L07', 0),
(5177, 'L81.2', 'Freckles', 'L07', 0),
(5178, 'L81.3', 'Caf? au lait spots', 'L07', 0),
(5179, 'L81.4', 'Other melanin hyperpigmentation', 'L07', 0),
(5180, 'L81.5', 'Leukoderma, not elsewhere classified', 'L07', 0),
(5181, 'L81.6', 'Other disorders of diminished melanin formation', 'L07', 0),
(5182, 'L81.7', 'Pigmented purpuric dermatosis', 'L07', 0),
(5183, 'L81.8', 'Other specified disorders of pigmentation', 'L07', 0),
(5184, 'L81.9', 'Disorder of pigmentation, unspecified', 'L07', 0),
(5185, 'L82', 'Seborrhoeic keratosis', 'L07', 0),
(5186, 'L83', 'Acanthosis nigricans', 'L07', 0),
(5187, 'L84', 'Corns and callosities', 'L07', 0),
(5188, 'L85', 'Other epidermal thickening', 'L07', 0),
(5189, 'L85.0', 'Acquired ichthyosis', 'L07', 0),
(5190, 'L85.1', 'Acquired keratosis [keratoderma] palmaris et plantaris', 'L07', 0),
(5191, 'L85.2', 'Keratosis punctata (palmaris et plantaris)', 'L07', 0),
(5192, 'L85.3', 'Xerosis cutis', 'L07', 0),
(5193, 'L85.8', 'Other specified epidermal thickening', 'L07', 0),
(5194, 'L85.9', 'Epidermal thickening, unspecified', 'L07', 0),
(5195, 'L86*', 'Keratoderma in diseases classified elsewhere', 'L07', 0),
(5196, 'L87', 'Transepidermal elimination disorders', 'L07', 0),
(5197, 'L87.0', 'Keratosis follicularis et parafollicularis in cutem penetrans[Kyrle]', 'L07', 0),
(5198, 'L87.1', 'Reactive perforating collagenosis', 'L07', 0),
(5199, 'L87.2', 'Elastosis perforans serpiginosa', 'L07', 0),
(5200, 'L87.8', 'Other transepidermal elimination disorders', 'L07', 0),
(5201, 'L87.9', 'Transepidermal elimination disorder, unspecified', 'L07', 0),
(5202, 'L88', 'Pyoderma gangrenosum', 'L07', 0),
(5203, 'L89', 'Decubitus ulcer', 'L07', 0),
(5204, 'L90', 'Atrophic disorders of skin', 'L07', 0),
(5205, 'L90.0', 'Lichen sclerosus et atrophicus', 'L07', 0),
(5206, 'L90.1', 'Anetoderma of Schweninger-Buzzi', 'L07', 0),
(5207, 'L90.2', 'Anetoderma of Jadassohn-Pellizzari', 'L07', 0),
(5208, 'L90.3', 'Atrophoderma of Pasini and Pierini', 'L07', 0),
(5209, 'L90.4', 'Acrodermatitis chronica atrophicans', 'L07', 0),
(5210, 'L90.5', 'Scar conditions and fibrosis of skin', 'L07', 0),
(5211, 'L90.6', 'Striae atrophicae', 'L07', 0),
(5212, 'L90.8', 'Other atrophic disorders of skin', 'L07', 0),
(5213, 'L90.9', 'Atrophic disorder of skin, unspecified', 'L07', 0),
(5214, 'L91', 'Hypertrophic disorders of skin', 'L07', 0),
(5215, 'L91.0', 'Keloid scar', 'L07', 0),
(5216, 'L91.8', 'Other hypertrophic disorders of skin', 'L07', 0),
(5217, 'L91.9', 'Hypertrophic disorder of skin, unspecified', 'L07', 0),
(5218, 'L92', 'Granulomatous disorders of skin and subcutaneous tissue', 'L07', 0),
(5219, 'L92.0', 'Granuloma annulare', 'L07', 0),
(5220, 'L92.1', 'Necrobiosis lipoidica, not elsewhere classified', 'L07', 0),
(5221, 'L92.2', 'Granuloma faciale [eosinophilic granuloma of skin]', 'L07', 0),
(5222, 'L92.3', 'Foreign body granuloma of skin and subcutaneous tissue', 'L07', 0),
(5223, 'L92.8', 'Other granulomatous disorders of skin and subcutaneous tissue', 'L07', 0),
(5224, 'L92.9', 'Granulomatous disorder of skin and subcutaneous tissue, unspecified', 'L07', 0),
(5225, 'L93', 'Lupus erythematosus', 'L07', 0),
(5226, 'L93.0', 'Discoid lupus erythematosus', 'L07', 0),
(5227, 'L93.1', 'Subacute cutaneous lupus erythematosus', 'L07', 0),
(5228, 'L93.2', 'Other local lupus erythematosus', 'L07', 0),
(5229, 'L94', 'Other localized connective tissue disorders', 'L07', 0),
(5230, 'L94.0', 'Localized scleroderma [morphea]', 'L07', 0),
(5231, 'L94.1', 'Linear scleroderma', 'L07', 0),
(5232, 'L94.2', 'Calcinosis cutis', 'L07', 0),
(5233, 'L94.3', 'Sclerodactyly', 'L07', 0),
(5234, 'L94.4', 'Gottron''s papules', 'L07', 0),
(5235, 'L94.5', 'Poikiloderma vasculare atrophicans', 'L07', 0),
(5236, 'L94.6', 'Ainhum', 'L07', 0),
(5237, 'L94.8', 'Other specified localized connective tissue disorders', 'L07', 0),
(5238, 'L94.9', 'Localized connective tissue disorder, unspecified', 'L07', 0),
(5239, 'L95', 'Vasculitis limited to skin, not elsewhere classified', 'L07', 0),
(5240, 'L95.0', 'Livedoid vasculitis', 'L07', 0),
(5241, 'L95.1', 'Erythema elevatum diutinum', 'L07', 0),
(5242, 'L95.8', 'Other vasculitis limited to skin', 'L07', 0),
(5243, 'L95.9', 'Vasculitis limited to skin, unspecified', 'L07', 0),
(5244, 'L97', 'Ulcer of lower limb, not elsewhere classified', 'L07', 0),
(5245, 'L98', 'Other disorders of skin and subcutaneous tissue, not elsewhereclassified', 'L07', 0),
(5246, 'L98.0', 'Pyogenic granuloma', 'L07', 0),
(5247, 'L98.1', 'Factitial dermatitis', 'L07', 0),
(5248, 'L98.2', 'Febrile neutrophilic dermatosis [Sweet]', 'L07', 0),
(5249, 'L98.3', 'Eosinophilic cellulitis [Wells]', 'L07', 0),
(5250, 'L98.4', 'Chronic ulcer of skin, not elsewhere classified', 'L07', 0),
(5251, 'L98.5', 'Mucinosis of skin', 'L07', 0),
(5252, 'L98.6', 'Other infiltrative disorders of skin and subcutaneous tissue', 'L07', 0),
(5253, 'L98.8', 'Other specified disorders of skin and subcutaneous tissue', 'L07', 0),
(5254, 'L98.9', 'Disorder of skin and subcutaneous tissue, unspecified', 'L07', 0),
(5255, 'L99*', 'Other disorders of skin and subcutaneous tissue in diseasesclassified elsewhere', 'L07', 0),
(5256, 'L99.0*', 'Amyloidosis of skin (E85.-+)', 'L07', 0),
(5257, 'L99.8*', 'Other specified disorders of skin and subcutaneous tissue indiseases classified elsewhere', 'L07', 0),
(5258, 'M00', 'Pyogenic arthritis', 'M00', 0),
(5259, 'M00.0', 'Staphylococcal arthritis and polyarthritis', 'M00', 0),
(5260, 'M00.1', 'Pneumococcal arthritis and polyarthritis', 'M00', 0),
(5261, 'M00.2', 'Other streptococcal arthritis and polyarthritis', 'M00', 0),
(5262, 'M00.8', 'Arthritis and polyarthritis due to other specified bacterial agents', 'M00', 0),
(5263, 'M00.9', 'Pyogenic arthritis, unspecified', 'M00', 0),
(5264, 'M01*', 'Direct infections of joint in infectious and parasitic diseasesclassified elsewhere', 'M00', 0),
(5265, 'M01.0*', 'Meningococcal arthritis (A39.8+)', 'M00', 0),
(5266, 'M01.1*', 'Tuberculous arthritis (A18.0+)', 'M00', 0),
(5267, 'M01.2*', 'Arthritis in Lyme disease (A69.2+)', 'M00', 0),
(5268, 'M01.3*', 'Arthritis in other bacterial diseases classified elsewhere', 'M00', 0),
(5269, 'M01.4*', 'Rubella arthritis (B06.8+)', 'M00', 0),
(5270, 'M01.5*', 'Arthritis in other viral diseases classified elsewhere', 'M00', 0),
(5271, 'M01.6*', 'Arthritis in mycoses (B35-B49+)', 'M00', 0),
(5272, 'M01.8*', 'Arthritis in other infectious and parasitic diseases classifiedelsewhere', 'M00', 0),
(5273, 'M02', 'Reactive arthropathies', 'M00', 0),
(5274, 'M02.0', 'Arthropathy following intestinal bypass', 'M00', 0),
(5275, 'M02.1', 'Postdysenteric arthropathy', 'M00', 0),
(5276, 'M02.2', 'Postimmunization arthropathy', 'M00', 0),
(5277, 'M02.3', 'Reiter''s disease', 'M00', 0),
(5278, 'M02.8', 'Other reactive arthropathies', 'M00', 0),
(5279, 'M02.9', 'Reactive arthropathy, unspecified', 'M00', 0),
(5280, 'M03*', 'Postinfective and reactive arthropathies in diseases classifiedelsewhere', 'M00', 0),
(5281, 'M03.0*', 'Postmeningococcal arthritis (A39.8+)', 'M00', 0),
(5282, 'M03.1*', 'Postinfective arthropathy in syphilis', 'M00', 0),
(5283, 'M03.2*', 'Other postinfectious arthropathies in diseases classified elsewhere', 'M00', 0),
(5284, 'M03.6*', 'Reactive arthropathy in other diseases classified elsewhere', 'M00', 0),
(5285, 'M05', 'Seropositive rheumatoid arthritis', 'M01', 0),
(5286, 'M05.0', 'Felty''s syndrome', 'M01', 0),
(5287, 'M05.1+', 'Rheumatoid lung disease (J99.0*)', 'M01', 0),
(5288, 'M05.2', 'Rheumatoid vasculitis', 'M01', 0),
(5289, 'M05.3+', 'Rheumatoid arthritis with involvement of other organs and systems', 'M01', 0),
(5290, 'M05.8', 'Other seropositive rheumatoid arthritis', 'M01', 0),
(5291, 'M05.9', 'Seropositive rheumatoid arthritis, unspecified', 'M01', 0),
(5292, 'M06', 'Other rheumatoid arthritis', 'M01', 0),
(5293, 'M06.0', 'Seronegative rheumatoid arthritis', 'M01', 0),
(5294, 'M06.1', 'Adult-onset Still''s disease', 'M01', 0),
(5295, 'M06.2', 'Rheumatoid bursitis', 'M01', 0),
(5296, 'M06.3', 'Rheumatoid nodule', 'M01', 0),
(5297, 'M06.4', 'Inflammatory polyarthropathy', 'M01', 0),
(5298, 'M06.8', 'Other specified rheumatoid arthritis', 'M01', 0),
(5299, 'M06.9', 'Rheumatoid arthritis, unspecified', 'M01', 0),
(5300, 'M07*', 'Psoriatic and enteropathic arthropathies', 'M01', 0),
(5301, 'M07.0*', 'Distal interphalangeal psoriatic arthropathy (L40.5+)', 'M01', 0),
(5302, 'M07.1*', 'Arthritis mutilans (L40.5+)', 'M01', 0),
(5303, 'M07.2*', 'Psoriatic spondylitis (L40.5+)', 'M01', 0),
(5304, 'M07.3*', 'Other psoriatic arthropathies (L40.5+)', 'M01', 0),
(5305, 'M07.4*', 'Arthropathy in Crohn''s disease [regional enteritis] (K50.-+)', 'M01', 0),
(5306, 'M07.5*', 'Arthropathy in ulcerative colitis (K51.-+)', 'M01', 0),
(5307, 'M07.6*', 'Other enteropathic arthropathies', 'M01', 0),
(5308, 'M08', 'Juvenile arthritis', 'M01', 0),
(5309, 'M08.0', 'Juvenile rheumatoid arthritis', 'M01', 0),
(5310, 'M08.1', 'Juvenile ankylosing spondylitis', 'M01', 0),
(5311, 'M08.2', 'Juvenile arthritis with systemic onset', 'M01', 0),
(5312, 'M08.3', 'Juvenile polyarthritis (seronegative)', 'M01', 0),
(5313, 'M08.4', 'Pauciarticular juvenile arthritis', 'M01', 0),
(5314, 'M08.8', 'Other juvenile arthritis', 'M01', 0),
(5315, 'M08.9', 'Juvenile arthritis, unspecified', 'M01', 0),
(5316, 'M09*', 'Juvenile arthritis in diseases classified elsewhere', 'M01', 0),
(5317, 'M09.0*', 'Juvenile arthritis in psoriasis (L40.5+)', 'M01', 0),
(5318, 'M09.1*', 'Juvenile arthritis in Crohn''s disease [regional enteritis] (K50.-+)', 'M01', 0),
(5319, 'M09.2*', 'Juvenile arthritis in ulcerative colitis (K51.-+)', 'M01', 0),
(5320, 'M09.8*', 'Juvenile arthritis in other diseases classified elsewhere', 'M01', 0),
(5321, 'M10', 'Gout', 'M01', 0),
(5322, 'M10.0', 'Idiopathic gout', 'M01', 0),
(5323, 'M10.1', 'Lead-induced gout', 'M01', 0),
(5324, 'M10.2', 'Drug-induced gout', 'M01', 0),
(5325, 'M10.3', 'Gout due to impairment of renal function', 'M01', 0),
(5326, 'M10.4', 'Other secondary gout', 'M01', 0),
(5327, 'M10.9', 'Gout, unspecified', 'M01', 0),
(5328, 'M11', 'Other crystal arthropathies', 'M01', 0),
(5329, 'M11.0', 'Hydroxyapatite deposition disease', 'M01', 0),
(5330, 'M11.1', 'Familial chondrocalcinosis', 'M01', 0),
(5331, 'M11.2', 'Other chondrocalcinosis', 'M01', 0),
(5332, 'M11.8', 'Other specified crystal arthropathies', 'M01', 0),
(5333, 'M11.9', 'Crystal arthropathy, unspecified', 'M01', 0),
(5334, 'M12', 'Other specific arthropathies', 'M01', 0),
(5335, 'M12.0', 'Chronic postrheumatic arthropathy [Jaccoud]', 'M01', 0),
(5336, 'M12.1', 'Kaschin-Beck disease', 'M01', 0),
(5337, 'M12.2', 'Villonodular synovitis (pigmented)', 'M01', 0),
(5338, 'M12.3', 'Palindromic rheumatism', 'M01', 0),
(5339, 'M12.4', 'Intermittent hydrarthrosis', 'M01', 0),
(5340, 'M12.5', 'Traumatic arthropathy', 'M01', 0),
(5341, 'M12.8', 'Other specific arthropathies, not elsewhere classified', 'M01', 0),
(5342, 'M13', 'Other arthritis', 'M01', 0),
(5343, 'M13.0', 'Polyarthritis, unspecified', 'M01', 0),
(5344, 'M13.1', 'Monoarthritis, not elsewhere classified', 'M01', 0),
(5345, 'M13.8', 'Other specified arthritis', 'M01', 0),
(5346, 'M13.9', 'Arthritis, unspecified', 'M01', 0),
(5347, 'M14*', 'Arthropathies in other diseases classified elsewhere', 'M01', 0),
(5348, 'M14.0*', 'Gouty arthropathy due to enzyme defects and other inheriteddisorders', 'M01', 0),
(5349, 'M14.1*', 'Crystal arthropathy in other metabolic disorders', 'M01', 0),
(5350, 'M14.2*', 'Diabetic arthropathy (E10-E14+ with common fourth character .6)', 'M01', 0),
(5351, 'M14.3*', 'Lipoid dermatoarthritis (E78.8+)', 'M01', 0),
(5352, 'M14.4*', 'Arthropathy in amyloidosis (E85.-+)', 'M01', 0),
(5353, 'M14.5*', 'Arthropathies in other endocrine, nutritional and metabolicdisorders', 'M01', 0),
(5354, 'M14.6*', 'Neuropathic arthropathy', 'M01', 0),
(5355, 'M14.8*', 'Arthropathies in other specified diseases classified elsewhere', 'M01', 0),
(5356, 'M15', 'Polyarthrosis', 'M02', 0),
(5357, 'M15.0', 'Primary generalized (osteo)arthrosis', 'M02', 0),
(5358, 'M15.1', 'Heberden''s nodes (with arthropathy)', 'M02', 0),
(5359, 'M15.2', 'Bouchard''s nodes (with arthropathy)', 'M02', 0),
(5360, 'M15.3', 'Secondary multiple arthrosis', 'M02', 0),
(5361, 'M15.4', 'Erosive (osteo)arthrosis', 'M02', 0),
(5362, 'M15.8', 'Other polyarthrosis', 'M02', 0),
(5363, 'M15.9', 'Polyarthrosis, unspecified', 'M02', 0),
(5364, 'M16', 'Coxarthrosis [arthrosis of hip]', 'M02', 0),
(5365, 'M16.0', 'Primary coxarthrosis, bilateral', 'M02', 0),
(5366, 'M16.1', 'Other primary coxarthrosis', 'M02', 0),
(5367, 'M16.2', 'Coxarthrosis resulting from dysplasia, bilateral', 'M02', 0),
(5368, 'M16.3', 'Other dysplastic coxarthrosis', 'M02', 0),
(5369, 'M16.4', 'Post-traumatic coxarthrosis, bilateral', 'M02', 0),
(5370, 'M16.5', 'Other post-traumatic coxarthrosis', 'M02', 0),
(5371, 'M16.6', 'Other secondary coxarthrosis, bilateral', 'M02', 0),
(5372, 'M16.7', 'Other secondary coxarthrosis', 'M02', 0),
(5373, 'M16.9', 'Coxarthrosis, unspecified', 'M02', 0),
(5374, 'M17', 'Gonarthrosis [arthrosis of knee]', 'M02', 0),
(5375, 'M17.0', 'Primary gonarthrosis, bilateral', 'M02', 0),
(5376, 'M17.1', 'Other primary gonarthrosis', 'M02', 0),
(5377, 'M17.2', 'Post-traumatic gonarthrosis, bilateral', 'M02', 0),
(5378, 'M17.3', 'Other post-traumatic gonarthrosis', 'M02', 0),
(5379, 'M17.4', 'Other secondary gonarthrosis, bilateral', 'M02', 0),
(5380, 'M17.5', 'Other secondary gonarthrosis', 'M02', 0),
(5381, 'M17.9', 'Gonarthrosis, unspecified', 'M02', 0),
(5382, 'M18', 'Arthrosis of first carpometacarpal joint', 'M02', 0),
(5383, 'M18.0', 'Primary arthrosis of first carpometacarpal joints, bilateral', 'M02', 0),
(5384, 'M18.1', 'Other primary arthrosis of first carpometacarpal joint', 'M02', 0),
(5385, 'M18.2', 'Post-traumatic arthrosis of first carpometacarpal joints, bilateral', 'M02', 0),
(5386, 'M18.3', 'Other post-traumatic arthrosis of first carpometacarpal joint', 'M02', 0),
(5387, 'M18.4', 'Other secondary arthrosis of first carpometacarpal joints, bilateral', 'M02', 0),
(5388, 'M18.5', 'Other secondary arthrosis of first carpometacarpal joint', 'M02', 0),
(5389, 'M18.9', 'Arthrosis of first carpometacarpal joint, unspecified', 'M02', 0),
(5390, 'M19', 'Other arthrosis', 'M02', 0),
(5391, 'M19.0', 'Primary arthrosis of other joints', 'M02', 0),
(5392, 'M19.1', 'Post-traumatic arthrosis of other joints', 'M02', 0),
(5393, 'M19.2', 'Other secondary arthrosis', 'M02', 0),
(5394, 'M19.8', 'Other specified arthrosis', 'M02', 0),
(5395, 'M19.9', 'Arthrosis, unspecified', 'M02', 0),
(5396, 'M20', 'Acquired deformities of fingers and toes', 'M03', 0),
(5397, 'M20.0', 'Deformity of finger(s)', 'M03', 0),
(5398, 'M20.1', 'Hallux valgus (acquired)', 'M03', 0),
(5399, 'M20.2', 'Hallux rigidus', 'M03', 0),
(5400, 'M20.3', 'Other deformity of hallux (acquired)', 'M03', 0),
(5401, 'M20.4', 'Other hammer toe(s) (acquired)', 'M03', 0),
(5402, 'M20.5', 'Other deformities of toe(s) (acquired)', 'M03', 0),
(5403, 'M20.6', 'Acquired deformity of toe(s), unspecified', 'M03', 0),
(5404, 'M21', 'Other acquired deformities of limbs', 'M03', 0),
(5405, 'M21.0', 'Valgus deformity, not elsewhere classified', 'M03', 0),
(5406, 'M21.1', 'Varus deformity, not elsewhere classified', 'M03', 0),
(5407, 'M21.2', 'Flexion deformity', 'M03', 0),
(5408, 'M21.3', 'Wrist or foot drop (acquired)', 'M03', 0),
(5409, 'M21.4', 'Flat foot [pes planus] (acquired)', 'M03', 0),
(5410, 'M21.5', 'Acquired clawhand, clubhand, clawfoot and clubfoot', 'M03', 0),
(5411, 'M21.6', 'Other acquired deformities of ankle and foot', 'M03', 0),
(5412, 'M21.7', 'Unequal limb length (acquired)', 'M03', 0),
(5413, 'M21.8', 'Other specified acquired deformities of limbs', 'M03', 0),
(5414, 'M21.9', 'Acquired deformity of limb, unspecified', 'M03', 0),
(5415, 'M22', 'Disorders of patella', 'M03', 0),
(5416, 'M22.0', 'Recurrent dislocation of patella', 'M03', 0),
(5417, 'M22.1', 'Recurrent subluxation of patella', 'M03', 0),
(5418, 'M22.2', 'Patellofemoral disorders', 'M03', 0),
(5419, 'M22.3', 'Other derangements of patella', 'M03', 0),
(5420, 'M22.4', 'Chondromalacia patellae', 'M03', 0),
(5421, 'M22.8', 'Other disorders of patella', 'M03', 0),
(5422, 'M22.9', 'Disorder of patella, unspecified', 'M03', 0),
(5423, 'M23', 'Internal derangement of knee', 'M03', 0),
(5424, 'M23.0', 'Cystic meniscus', 'M03', 0),
(5425, 'M23.1', 'Discoid meniscus (congenital)', 'M03', 0),
(5426, 'M23.2', 'Derangement of meniscus due to old tear or injury', 'M03', 0),
(5427, 'M23.3', 'Other meniscus derangements', 'M03', 0),
(5428, 'M23.4', 'Loose body in knee', 'M03', 0),
(5429, 'M23.5', 'Chronic instability of knee', 'M03', 0),
(5430, 'M23.6', 'Other spontaneous disruption of ligament(s) of knee', 'M03', 0),
(5431, 'M23.8', 'Other internal derangements of knee', 'M03', 0),
(5432, 'M23.9', 'Internal derangement of knee, unspecified', 'M03', 0);
INSERT INTO `icd_penyakit` (`id`, `kode_penyakit`, `nama_penyakit`, `subkelompok`, `dtd_id`) VALUES
(5433, 'M24', 'Other specific joint derangements', 'M03', 0),
(5434, 'M24.0', 'Loose body in joint', 'M03', 0),
(5435, 'M24.1', 'Other articular cartilage disorders', 'M03', 0),
(5436, 'M24.2', 'Disorder of ligament', 'M03', 0),
(5437, 'M24.3', 'Pathological dislocation and subluxation of joint, not elsewhereclassified', 'M03', 0),
(5438, 'M24.4', 'Recurrent dislocation and subluxation of joint', 'M03', 0),
(5439, 'M24.5', 'Contracture of joint', 'M03', 0),
(5440, 'M24.6', 'Ankylosis of joint', 'M03', 0),
(5441, 'M24.7', 'Protrusio acetabuli', 'M03', 0),
(5442, 'M24.8', 'Other specific joint derangements, not elsewhere classified', 'M03', 0),
(5443, 'M24.9', 'Joint derangement, unspecified', 'M03', 0),
(5444, 'M25', 'Other joint disorders, not elsewhere classified', 'M03', 0),
(5445, 'M25.0', 'Haemarthrosis', 'M03', 0),
(5446, 'M25.1', 'Fistula of joint', 'M03', 0),
(5447, 'M25.2', 'Flail joint', 'M03', 0),
(5448, 'M25.3', 'Other instability of joint', 'M03', 0),
(5449, 'M25.4', 'Effusion of joint', 'M03', 0),
(5450, 'M25.5', 'Pain in joint', 'M03', 0),
(5451, 'M25.6', 'Stiffness of joint, not elsewhere classified', 'M03', 0),
(5452, 'M25.7', 'Osteophyte', 'M03', 0),
(5453, 'M25.8', 'Other specified joint disorders', 'M03', 0),
(5454, 'M25.9', 'Joint disorder, unspecified', 'M03', 0),
(5455, 'M30', 'Polyarteritis nodosa and related conditions', 'M03', 0),
(5456, 'M30.0', 'Polyarteritis nodosa', 'M03', 0),
(5457, 'M30.1', 'Polyarteritis with lung involvement [Churg-Strauss]', 'M03', 0),
(5458, 'M30.2', 'Juvenile polyarteritis', 'M03', 0),
(5459, 'M30.3', 'Mucocutaneous lymph node syndrome [Kawasaki]', 'M03', 0),
(5460, 'M30.8', 'Other conditions related to polyarteritis nodosa', 'M03', 0),
(5461, 'M31', 'Other necrotizing vasculopathies', 'M03', 0),
(5462, 'M31.0', 'Hypersensitivity angiitis', 'M03', 0),
(5463, 'M31.1', 'Thrombotic microangiopathy', 'M03', 0),
(5464, 'M31.2', 'Lethal midline granuloma', 'M03', 0),
(5465, 'M31.3', 'Wegener''s granulomatosis', 'M03', 0),
(5466, 'M31.4', 'Aortic arch syndrome [Takayasu]', 'M03', 0),
(5467, 'M31.5', 'Giant cell arteritis with polymyalgia rheumatica', 'M03', 0),
(5468, 'M31.6', 'Other giant cell arteritis', 'M03', 0),
(5469, 'M31.8', 'Other specified necrotizing vasculopathies', 'M03', 0),
(5470, 'M31.9', 'Necrotizing vasculopathy, unspecified', 'M03', 0),
(5471, 'M32', 'Systemic lupus erythematosus', 'M04', 0),
(5472, 'M32.0', 'Drug-induced systemic lupus erythematosus', 'M04', 0),
(5473, 'M32.1+', 'Systemic lupus erythematosus with organ or system involvement', 'M04', 0),
(5474, 'M32.8', 'Other forms of systemic lupus erythematosus', 'M04', 0),
(5475, 'M32.9', 'Systemic lupus erythematosus, unspecified', 'M04', 0),
(5476, 'M33', 'Dermatopolymyositis', 'M04', 0),
(5477, 'M33.0', 'Juvenile dermatomyositis', 'M04', 0),
(5478, 'M33.1', 'Other dermatomyositis', 'M04', 0),
(5479, 'M33.2', 'Polymyositis', 'M04', 0),
(5480, 'M33.9', 'Dermatopolymyositis, unspecified', 'M04', 0),
(5481, 'M34', 'Systemic sclerosis', 'M04', 0),
(5482, 'M34.0', 'Progressive systemic sclerosis', 'M04', 0),
(5483, 'M34.1', 'CR(E)ST syndrome', 'M04', 0),
(5484, 'M34.2', 'Systemic sclerosis induced by drugs and chemicals', 'M04', 0),
(5485, 'M34.8', 'Other forms of systemic sclerosis', 'M04', 0),
(5486, 'M34.9', 'Systemic sclerosis, unspecified', 'M04', 0),
(5487, 'M35', 'Other systemic involvement of connective tissue', 'M04', 0),
(5488, 'M35.0', 'Sicca syndrome [Sj?gren]', 'M04', 0),
(5489, 'M35.1', 'Other overlap syndromes', 'M04', 0),
(5490, 'M35.2', 'Beh?et''s disease', 'M04', 0),
(5491, 'M35.3', 'Polymyalgia rheumatica', 'M04', 0),
(5492, 'M35.4', 'Diffuse (eosinophilic) fasciitis', 'M04', 0),
(5493, 'M35.5', 'Multifocal fibrosclerosis', 'M04', 0),
(5494, 'M35.6', 'Relapsing panniculitis [Weber-Christian]', 'M04', 0),
(5495, 'M35.7', 'Hypermobility syndrome', 'M04', 0),
(5496, 'M35.8', 'Other specified systemic involvement of connective tissue', 'M04', 0),
(5497, 'M35.9', 'Systemic involvement of connective tissue, unspecified', 'M04', 0),
(5498, 'M36*', 'Systemic disorders of connective tissue in diseases classifiedelsewhere', 'M04', 0),
(5499, 'M36.0*', 'Dermato(poly)myositis in neoplastic disease (C00-D48+)', 'M04', 0),
(5500, 'M36.1*', 'Arthropathy in neoplastic disease (C00-D48+)', 'M04', 0),
(5501, 'M36.2*', 'Haemophilic arthropathy (D66-D68+)', 'M04', 0),
(5502, 'M36.3*', 'Arthropathy in other blood disorders (D50-D76+)', 'M04', 0),
(5503, 'M36.4*', 'Arthropathy in hypersensitivity reactions classified elsewhere', 'M04', 0),
(5504, 'M36.8*', 'Systemic disorders of connective tissue in other diseases classifiedelsewhere', 'M04', 0),
(5505, 'M40', 'Kyphosis and lordosis', 'M05', 0),
(5506, 'M40.0', 'Postural kyphosis', 'M05', 0),
(5507, 'M40.1', 'Other secondary kyphosis', 'M05', 0),
(5508, 'M40.2', 'Other and unspecified kyphosis', 'M05', 0),
(5509, 'M40.3', 'Flatback syndrome', 'M05', 0),
(5510, 'M40.4', 'Other lordosis', 'M05', 0),
(5511, 'M40.5', 'Lordosis, unspecified', 'M05', 0),
(5512, 'M41', 'Scoliosis', 'M05', 0),
(5513, 'M41.0', 'Infantile idiopathic scoliosis', 'M05', 0),
(5514, 'M41.1', 'Juvenile idiopathic scoliosis', 'M05', 0),
(5515, 'M41.2', 'Other idiopathic scoliosis', 'M05', 0),
(5516, 'M41.3', 'Thoracogenic scoliosis', 'M05', 0),
(5517, 'M41.4', 'Neuromuscular scoliosis', 'M05', 0),
(5518, 'M41.5', 'Other secondary scoliosis', 'M05', 0),
(5519, 'M41.8', 'Other forms of scoliosis', 'M05', 0),
(5520, 'M41.9', 'Scoliosis, unspecified', 'M05', 0),
(5521, 'M42', 'Spinal osteochondrosis', 'M05', 0),
(5522, 'M42.0', 'Juvenile osteochondrosis of spine', 'M05', 0),
(5523, 'M42.1', 'Adult osteochondrosis of spine', 'M05', 0),
(5524, 'M42.9', 'Spinal osteochondrosis, unspecified', 'M05', 0),
(5525, 'M43', 'Other deforming dorsopathies', 'M05', 0),
(5526, 'M43.0', 'Spondylolysis', 'M05', 0),
(5527, 'M43.1', 'Spondylolisthesis', 'M05', 0),
(5528, 'M43.2', 'Other fusion of spine', 'M05', 0),
(5529, 'M43.3', 'Recurrent atlantoaxial subluxation with myelopathy', 'M05', 0),
(5530, 'M43.4', 'Other recurrent atlantoaxial subluxation', 'M05', 0),
(5531, 'M43.5', 'Other recurrent vertebral subluxation', 'M05', 0),
(5532, 'M43.6', 'Torticollis', 'M05', 0),
(5533, 'M43.8', 'Other specified deforming dorsopathies', 'M05', 0),
(5534, 'M43.9', 'Deforming dorsopathy, unspecified', 'M05', 0),
(5535, 'M45', 'Ankylosing spondylitis', 'M06', 0),
(5536, 'M46', 'Other inflammatory spondylopathies', 'M06', 0),
(5537, 'M46.0', 'Spinal enthesopathy', 'M06', 0),
(5538, 'M46.1', 'Sacroiliitis, not elsewhere classified', 'M06', 0),
(5539, 'M46.2', 'Osteomyelitis of vertebra', 'M06', 0),
(5540, 'M46.3', 'Infection of intervertebral disc (pyogenic)', 'M06', 0),
(5541, 'M46.4', 'Discitis, unspecified', 'M06', 0),
(5542, 'M46.5', 'Other infective spondylopathies', 'M06', 0),
(5543, 'M46.8', 'Other specified inflammatory spondylopathies', 'M06', 0),
(5544, 'M46.9', 'Inflammatory spondylopathy, unspecified', 'M06', 0),
(5545, 'M47', 'Spondylosis', 'M06', 0),
(5546, 'M47.0+', 'Anterior spinal and vertebral artery compression syndromes (G99.2*)', 'M06', 0),
(5547, 'M47.1', 'Other spondylosis with myelopathy', 'M06', 0),
(5548, 'M47.2', 'Other spondylosis with radiculopathy', 'M06', 0),
(5549, 'M47.8', 'Other spondylosis', 'M06', 0),
(5550, 'M47.9', 'Spondylosis, unspecified', 'M06', 0),
(5551, 'M48', 'Other spondylopathies', 'M06', 0),
(5552, 'M48.0', 'Spinal stenosis', 'M06', 0),
(5553, 'M48.1', 'Ankylosing hyperostosis [Forestier]', 'M06', 0),
(5554, 'M48.2', 'Kissing spine', 'M06', 0),
(5555, 'M48.3', 'Traumatic spondylopathy', 'M06', 0),
(5556, 'M48.4', 'Fatigue fracture of vertebra', 'M06', 0),
(5557, 'M48.5', 'Collapsed vertebra, not elsewhere classified', 'M06', 0),
(5558, 'M48.8', 'Other specified spondylopathies', 'M06', 0),
(5559, 'M48.9', 'Spondylopathy, unspecified', 'M06', 0),
(5560, 'M49*', 'Spondylopathies in diseases classified elsewhere', 'M06', 0),
(5561, 'M49.0*', 'Tuberculosis of spine (A18.0+)', 'M06', 0),
(5562, 'M49.1*', 'Brucella spondylitis (A23.-+)', 'M06', 0),
(5563, 'M49.2*', 'Enterobacterial spondylitis (A01-A04+)', 'M06', 0),
(5564, 'M49.3*', 'Spondylopathy in other infectious and parasitic diseases classifiedelsewhere', 'M06', 0),
(5565, 'M49.4*', 'Neuropathic spondylopathy', 'M06', 0),
(5566, 'M49.5*', 'Collapsed vertebra in diseases classified elsewhere', 'M06', 0),
(5567, 'M49.8*', 'Spondylopathy in other diseases classified elsewhere', 'M06', 0),
(5568, 'M50', 'Cervical disc disorders', 'M07', 0),
(5569, 'M50.0+', 'Cervical disc disorder with myelopathy (G99.2*)', 'M07', 0),
(5570, 'M50.1', 'Cervical disc disorder with radiculopathy', 'M07', 0),
(5571, 'M50.2', 'Other cervical disc displacement', 'M07', 0),
(5572, 'M50.3', 'Other cervical disc degeneration', 'M07', 0),
(5573, 'M50.8', 'Other cervical disc disorders', 'M07', 0),
(5574, 'M50.9', 'Cervical disc disorder, unspecified', 'M07', 0),
(5575, 'M51', 'Other intervertebral disc disorders', 'M07', 0),
(5576, 'M51.0+', 'Lumbar and other intervertebral disc disorders with myelopathy(G99.2*)', 'M07', 0),
(5577, 'M51.1', 'Lumbar and other intervertebral disc disorders with radiculopathy', 'M07', 0),
(5578, 'M51.2', 'Other specified intervertebral disc displacement', 'M07', 0),
(5579, 'M51.3', 'Other specified intervertebral disc degeneration', 'M07', 0),
(5580, 'M51.4', 'Schmorl''s nodes', 'M07', 0),
(5581, 'M51.8', 'Other specified intervertebral disc disorders', 'M07', 0),
(5582, 'M51.9', 'Intervertebral disc disorder, unspecified', 'M07', 0),
(5583, 'M53', 'Other dorsopathies, not elsewhere classified', 'M07', 0),
(5584, 'M53.0', 'Cervicocranial syndrome', 'M07', 0),
(5585, 'M53.1', 'Cervicobrachial syndrome', 'M07', 0),
(5586, 'M53.2', 'Spinal instabilities', 'M07', 0),
(5587, 'M53.3', 'Sacrococcygeal disorders, not elsewhere classified', 'M07', 0),
(5588, 'M53.8', 'Other specified dorsopathies', 'M07', 0),
(5589, 'M53.9', 'Dorsopathy, unspecified', 'M07', 0),
(5590, 'M54', 'Dorsalgia', 'M07', 0),
(5591, 'M54.0', 'Panniculitis affecting regions of neck and back', 'M07', 0),
(5592, 'M54.1', 'Radiculopathy', 'M07', 0),
(5593, 'M54.2', 'Cervicalgia', 'M07', 0),
(5594, 'M54.3', 'Sciatica', 'M07', 0),
(5595, 'M54.4', 'Lumbago with sciatica', 'M07', 0),
(5596, 'M54.5', 'Low back pain', 'M07', 0),
(5597, 'M54.6', 'Pain in thoracic spine', 'M07', 0),
(5598, 'M54.8', 'Other dorsalgia', 'M07', 0),
(5599, 'M54.9', 'Dorsalgia, unspecified', 'M07', 0),
(5600, 'M60', 'Myositis', 'M08', 0),
(5601, 'M60.0', 'Infective myositis', 'M08', 0),
(5602, 'M60.1', 'Interstitial myositis', 'M08', 0),
(5603, 'M60.2', 'Foreign body granuloma of soft tissue, not elsewhere classified', 'M08', 0),
(5604, 'M60.8', 'Other myositis', 'M08', 0),
(5605, 'M60.9', 'Myositis, unspecified', 'M08', 0),
(5606, 'M61', 'Calcification and ossification of muscle', 'M08', 0),
(5607, 'M61.0', 'Myositis ossificans traumatica', 'M08', 0),
(5608, 'M61.1', 'Myositis ossificans progressiva', 'M08', 0),
(5609, 'M61.2', 'Paralytic calcification and ossification of muscle', 'M08', 0),
(5610, 'M61.3', 'Calcification and ossification of muscles associated with burns', 'M08', 0),
(5611, 'M61.4', 'Other calcification of muscle', 'M08', 0),
(5612, 'M61.5', 'Other ossification of muscle', 'M08', 0),
(5613, 'M61.9', 'Calcification and ossification of muscle, unspecified', 'M08', 0),
(5614, 'M62', 'Other disorders of muscle', 'M08', 0),
(5615, 'M62.0', 'Diastasis of muscle', 'M08', 0),
(5616, 'M62.1', 'Other rupture of muscle (nontraumatic)', 'M08', 0),
(5617, 'M62.2', 'Ischaemic infarction of muscle', 'M08', 0),
(5618, 'M62.3', 'Immobility syndrome (paraplegic)', 'M08', 0),
(5619, 'M62.4', 'Contracture of muscle', 'M08', 0),
(5620, 'M62.5', 'Muscle wasting and atrophy, not elsewhere classified', 'M08', 0),
(5621, 'M62.6', 'Muscle strain', 'M08', 0),
(5622, 'M62.8', 'Other specified disorders of muscle', 'M08', 0),
(5623, 'M62.9', 'Disorder of muscle, unspecified', 'M08', 0),
(5624, 'M63*', 'Disorders of muscle in diseases classified elsewhere', 'M08', 0),
(5625, 'M63.0*', 'Myositis in bacterial diseases classified elsewhere', 'M08', 0),
(5626, 'M63.1*', 'Myositis in protozoal and parasitic infections classified elsewhere', 'M08', 0),
(5627, 'M63.2*', 'Myositis in other infectious diseases classified elsewhere', 'M08', 0),
(5628, 'M63.3*', 'Myositis in sarcoidosis (D86.8+)', 'M08', 0),
(5629, 'M63.8*', 'Other disorders of muscle in diseases classified elsewhere', 'M08', 0),
(5630, 'M65', 'Synovitis and tenosynovitis', 'M09', 0),
(5631, 'M65.0', 'Abscess of tendon sheath', 'M09', 0),
(5632, 'M65.1', 'Other infective (teno)synovitis', 'M09', 0),
(5633, 'M65.2', 'Calcific tendinitis', 'M09', 0),
(5634, 'M65.3', 'Trigger finger', 'M09', 0),
(5635, 'M65.4', 'Radial styloid tenosynovitis [de Quervain]', 'M09', 0),
(5636, 'M65.8', 'Other synovitis and tenosynovitis', 'M09', 0),
(5637, 'M65.9', 'Synovitis and tenosynovitis, unspecified', 'M09', 0),
(5638, 'M66', 'Spontaneous rupture of synovium and tendon', 'M09', 0),
(5639, 'M66.0', 'Rupture of popliteal cyst', 'M09', 0),
(5640, 'M66.1', 'Rupture of synovium', 'M09', 0),
(5641, 'M66.2', 'Spontaneous rupture of extensor tendons', 'M09', 0),
(5642, 'M66.3', 'Spontaneous rupture of flexor tendons', 'M09', 0),
(5643, 'M66.4', 'Spontaneous rupture of other tendons', 'M09', 0),
(5644, 'M66.5', 'Spontaneous rupture of unspecified tendon', 'M09', 0),
(5645, 'M67', 'Other disorders of synovium and tendon', 'M09', 0),
(5646, 'M67.0', 'Short Achilles tendon (acquired)', 'M09', 0),
(5647, 'M67.1', 'Other contracture of tendon (sheath)', 'M09', 0),
(5648, 'M67.2', 'Synovial hypertrophy, not elsewhere classified', 'M09', 0),
(5649, 'M67.3', 'Transient synovitis', 'M09', 0),
(5650, 'M67.4', 'Ganglion', 'M09', 0),
(5651, 'M67.8', 'Other specified disorders of synovium and tendon', 'M09', 0),
(5652, 'M67.9', 'Disorder of synovium and tendon, unspecified', 'M09', 0),
(5653, 'M68*', 'Disorders of synovium and tendon in diseases classified elsewhere', 'M09', 0),
(5654, 'M68.0*', 'Synovitis and tenosynovitis in bacterial diseases classifiedelsewhere', 'M09', 0),
(5655, 'M68.8*', 'Other disorders of synovium and tendon in diseases classifiedelsewhere', 'M09', 0),
(5656, 'M70', 'Soft tissue disorders related to use, overuse and pressure', 'M10', 0),
(5657, 'M70.0', 'Chronic crepitant synovitis of hand and wrist', 'M10', 0),
(5658, 'M70.1', 'Bursitis of hand', 'M10', 0),
(5659, 'M70.2', 'Olecranon bursitis', 'M10', 0),
(5660, 'M70.3', 'Other bursitis of elbow', 'M10', 0),
(5661, 'M70.4', 'Prepatellar bursitis', 'M10', 0),
(5662, 'M70.5', 'Other bursitis of knee', 'M10', 0),
(5663, 'M70.6', 'Trochanteric bursitis', 'M10', 0),
(5664, 'M70.7', 'Other bursitis of hip', 'M10', 0),
(5665, 'M70.8', 'Other soft tissue disorders related to use, overuse and pressure', 'M10', 0),
(5666, 'M70.9', 'Unspecified soft tissue disorder related to use, overuse andpressure', 'M10', 0),
(5667, 'M71', 'Other bursopathies', 'M10', 0),
(5668, 'M71.0', 'Abscess of bursa', 'M10', 0),
(5669, 'M71.1', 'Other infective bursitis', 'M10', 0),
(5670, 'M71.2', 'Synovial cyst of popliteal space [Baker]', 'M10', 0),
(5671, 'M71.3', 'Other bursal cyst', 'M10', 0),
(5672, 'M71.4', 'Calcium deposit in bursa', 'M10', 0),
(5673, 'M71.5', 'Other bursitis, not elsewhere classified', 'M10', 0),
(5674, 'M71.8', 'Other specified bursopathies', 'M10', 0),
(5675, 'M71.9', 'Bursopathy, unspecified', 'M10', 0),
(5676, 'M72', 'Fibroblastic disorders', 'M10', 0),
(5677, 'M72.0', 'Palmar fascial fibromatosis [Dupuytren]', 'M10', 0),
(5678, 'M72.1', 'Knuckle pads', 'M10', 0),
(5679, 'M72.2', 'Plantar fascial fibromatosis', 'M10', 0),
(5680, 'M72.3', 'Nodular fasciitis', 'M10', 0),
(5681, 'M72.4', 'Pseudosarcomatous fibromatosis', 'M10', 0),
(5682, 'M72.5', 'Fasciitis, not elsewhere classified', 'M10', 0),
(5683, 'M72.8', 'Other fibroblastic disorders', 'M10', 0),
(5684, 'M72.9', 'Fibroblastic disorder, unspecified', 'M10', 0),
(5685, 'M73*', 'Soft tissue disorders in diseases classified elsewhere', 'M10', 0),
(5686, 'M73.0*', 'Gonococcal bursitis (A54.4+)', 'M10', 0),
(5687, 'M73.1*', 'Syphilitic bursitis (A52.7+)', 'M10', 0),
(5688, 'M73.8*', 'Other soft tissue disorders in diseases classified elsewhere', 'M10', 0),
(5689, 'M75', 'Shoulder lesions', 'M10', 0),
(5690, 'M75.0', 'Adhesive capsulitis of shoulder', 'M10', 0),
(5691, 'M75.1', 'Rotator cuff syndrome', 'M10', 0),
(5692, 'M75.2', 'Bicipital tendinitis', 'M10', 0),
(5693, 'M75.3', 'Calcific tendinitis of shoulder', 'M10', 0),
(5694, 'M75.4', 'Impingement syndrome of shoulder', 'M10', 0),
(5695, 'M75.5', 'Bursitis of shoulder', 'M10', 0),
(5696, 'M75.8', 'Other shoulder lesions', 'M10', 0),
(5697, 'M75.9', 'Shoulder lesion, unspecified', 'M10', 0),
(5698, 'M76', 'Enthesopathies of lower limb, excluding foot', 'M10', 0),
(5699, 'M76.0', 'Gluteal tendinitis', 'M10', 0),
(5700, 'M76.1', 'Psoas tendinitis', 'M10', 0),
(5701, 'M76.2', 'Iliac crest spur', 'M10', 0),
(5702, 'M76.3', 'Iliotibial band syndrome', 'M10', 0),
(5703, 'M76.4', 'Tibial collateral bursitis [Pellegrini-Stieda]', 'M10', 0),
(5704, 'M76.5', 'Patellar tendinitis', 'M10', 0),
(5705, 'M76.6', 'Achilles tendinitis', 'M10', 0),
(5706, 'M76.7', 'Peroneal tendinitis', 'M10', 0),
(5707, 'M76.8', 'Other enthesopathies of lower limb, excluding foot', 'M10', 0),
(5708, 'M76.9', 'Enthesopathy of lower limb, unspecified', 'M10', 0),
(5709, 'M77', 'Other enthesopathies', 'M10', 0),
(5710, 'M77.0', 'Medial epicondylitis', 'M10', 0),
(5711, 'M77.1', 'Lateral epicondylitis', 'M10', 0),
(5712, 'M77.2', 'Periarthritis of wrist', 'M10', 0),
(5713, 'M77.3', 'Calcaneal spur', 'M10', 0),
(5714, 'M77.4', 'Metatarsalgia', 'M10', 0),
(5715, 'M77.5', 'Other enthesopathy of foot', 'M10', 0),
(5716, 'M77.8', 'Other enthesopathies, not elsewhere classified', 'M10', 0),
(5717, 'M77.9', 'Enthesopathy, unspecified', 'M10', 0),
(5718, 'M79', 'Other soft tissue disorders, not elsewhere classified', 'M10', 0),
(5719, 'M79.0', 'Rheumatism, unspecified', 'M10', 0),
(5720, 'M79.1', 'Myalgia', 'M10', 0),
(5721, 'M79.2', 'Neuralgia and neuritis, unspecified', 'M10', 0),
(5722, 'M79.3', 'Panniculitis, unspecified', 'M10', 0),
(5723, 'M79.4', 'Hypertrophy of (infrapatellar) fat pad', 'M10', 0),
(5724, 'M79.5', 'Residual foreign body in soft tissue', 'M10', 0),
(5725, 'M79.6', 'Pain in limb', 'M10', 0),
(5726, 'M79.8', 'Other specified soft tissue disorders', 'M10', 0),
(5727, 'M79.9', 'Soft tissue disorder, unspecified', 'M10', 0),
(5728, 'M80', 'Osteoporosis with pathological fracture', 'M11', 0),
(5729, 'M80.0', 'Postmenopausal osteoporosis with pathological fracture', 'M11', 0),
(5730, 'M80.1', 'Postoophorectomy osteoporosis with pathological fracture', 'M11', 0),
(5731, 'M80.2', 'Osteoporosis of disuse with pathological fracture', 'M11', 0),
(5732, 'M80.3', 'Postsurgical malabsorption osteoporosis with pathological fracture', 'M11', 0),
(5733, 'M80.4', 'Drug-induced osteoporosis with pathological fracture', 'M11', 0),
(5734, 'M80.5', 'Idiopathic osteoporosis with pathological fracture', 'M11', 0),
(5735, 'M80.8', 'Other osteoporosis with pathological fracture', 'M11', 0),
(5736, 'M80.9', 'Unspecified osteoporosis with pathological fracture', 'M11', 0),
(5737, 'M81', 'Osteoporosis without pathological fracture', 'M11', 0),
(5738, 'M81.0', 'Postmenopausal osteoporosis', 'M11', 0),
(5739, 'M81.1', 'Postoophorectomy osteoporosis', 'M11', 0),
(5740, 'M81.2', 'Osteoporosis of disuse', 'M11', 0),
(5741, 'M81.3', 'Postsurgical malabsorption osteoporosis', 'M11', 0),
(5742, 'M81.4', 'Drug-induced osteoporosis', 'M11', 0),
(5743, 'M81.5', 'Idiopathic osteoporosis', 'M11', 0),
(5744, 'M81.6', 'Localized osteoporosis [Lequesne]', 'M11', 0),
(5745, 'M81.8', 'Other osteoporosis', 'M11', 0),
(5746, 'M81.9', 'Osteoporosis, unspecified', 'M11', 0),
(5747, 'M82*', 'Osteoporosis in diseases classified elsewhere', 'M11', 0),
(5748, 'M82.0*', 'Osteoporosis in multiple myelomatosis (C90.0+)', 'M11', 0),
(5749, 'M82.1*', 'Osteoporosis in endocrine disorders (E00-E34+)', 'M11', 0),
(5750, 'M82.8*', 'Osteoporosis in other diseases classified elsewhere', 'M11', 0),
(5751, 'M83', 'Adult osteomalacia', 'M11', 0),
(5752, 'M83.0', 'Puerperal osteomalacia', 'M11', 0),
(5753, 'M83.1', 'Senile osteomalacia', 'M11', 0),
(5754, 'M83.2', 'Adult osteomalacia due to malabsorption', 'M11', 0),
(5755, 'M83.3', 'Adult osteomalacia due to malnutrition', 'M11', 0),
(5756, 'M83.4', 'Aluminium bone disease', 'M11', 0),
(5757, 'M83.5', 'Other drug-induced osteomalacia in adults', 'M11', 0),
(5758, 'M83.8', 'Other adult osteomalacia', 'M11', 0),
(5759, 'M83.9', 'Adult osteomalacia, unspecified', 'M11', 0),
(5760, 'M84', 'Disorders of continuity of bone', 'M11', 0),
(5761, 'M84.0', 'Malunion of fracture', 'M11', 0),
(5762, 'M84.1', 'Nonunion of fracture [pseudarthrosis]', 'M11', 0),
(5763, 'M84.2', 'Delayed union of fracture', 'M11', 0),
(5764, 'M84.3', 'Stress fracture, not elsewhere classified', 'M11', 0),
(5765, 'M84.4', 'Pathological fracture, not elsewhere classified', 'M11', 0),
(5766, 'M84.8', 'Other disorders of continuity of bone', 'M11', 0),
(5767, 'M84.9', 'Disorder of continuity of bone, unspecified', 'M11', 0),
(5768, 'M85', 'Other disorders of bone density and structure', 'M11', 0),
(5769, 'M85.0', 'Fibrous dysplasia (monostotic)', 'M11', 0),
(5770, 'M85.1', 'Skeletal fluorosis', 'M11', 0),
(5771, 'M85.2', 'Hyperostosis of skull', 'M11', 0),
(5772, 'M85.3', 'Osteitis condensans', 'M11', 0),
(5773, 'M85.4', 'Solitary bone cyst', 'M11', 0),
(5774, 'M85.5', 'Aneurysmal bone cyst', 'M11', 0),
(5775, 'M85.6', 'Other cyst of bone', 'M11', 0),
(5776, 'M85.8', 'Other specified disorders of bone density and structure', 'M11', 0),
(5777, 'M85.9', 'Disorder of bone density and structure, unspecified', 'M11', 0),
(5778, 'M86', 'Osteomyelitis', 'M12', 0),
(5779, 'M86.0', 'Acute haematogenous osteomyelitis', 'M12', 0),
(5780, 'M86.1', 'Other acute osteomyelitis', 'M12', 0),
(5781, 'M86.2', 'Subacute osteomyelitis', 'M12', 0),
(5782, 'M86.3', 'Chronic multifocal osteomyelitis', 'M12', 0),
(5783, 'M86.4', 'Chronic osteomyelitis with draining sinus', 'M12', 0),
(5784, 'M86.5', 'Other chronic haematogenous osteomyelitis', 'M12', 0),
(5785, 'M86.6', 'Other chronic osteomyelitis', 'M12', 0),
(5786, 'M86.8', 'Other osteomyelitis', 'M12', 0),
(5787, 'M86.9', 'Osteomyelitis, unspecified', 'M12', 0),
(5788, 'M87', 'Osteonecrosis', 'M12', 0),
(5789, 'M87.0', 'Idiopathic aseptic necrosis of bone', 'M12', 0),
(5790, 'M87.1', 'Osteonecrosis due to drugs', 'M12', 0),
(5791, 'M87.2', 'Osteonecrosis due to previous trauma', 'M12', 0),
(5792, 'M87.3', 'Other secondary osteonecrosis', 'M12', 0),
(5793, 'M87.8', 'Other osteonecrosis', 'M12', 0),
(5794, 'M87.9', 'Osteonecrosis, unspecified', 'M12', 0),
(5795, 'M88', 'Paget''s disease of bone [osteitis deformans]', 'M12', 0),
(5796, 'M88.0', 'Paget''s disease of skull', 'M12', 0),
(5797, 'M88.8', 'Paget''s disease of other bones', 'M12', 0),
(5798, 'M88.9', 'Paget''s disease of bone, unspecified', 'M12', 0),
(5799, 'M89', 'Other disorders of bone', 'M12', 0),
(5800, 'M89.0', 'Algoneurodystrophy', 'M12', 0),
(5801, 'M89.1', 'Epiphyseal arrest', 'M12', 0),
(5802, 'M89.2', 'Other disorders of bone development and growth', 'M12', 0),
(5803, 'M89.3', 'Hypertrophy of bone', 'M12', 0),
(5804, 'M89.4', 'Other hypertrophic osteoarthropathy', 'M12', 0),
(5805, 'M89.5', 'Osteolysis', 'M12', 0),
(5806, 'M89.6', 'Osteopathy after poliomyelitis', 'M12', 0),
(5807, 'M89.8', 'Other specified disorders of bone', 'M12', 0),
(5808, 'M89.9', 'Disorder of bone, unspecified', 'M12', 0),
(5809, 'M90*', 'Osteopathies in diseases classified elsewhere', 'M12', 0),
(5810, 'M90.0*', 'Tuberculosis of bone (A18.0+)', 'M12', 0),
(5811, 'M90.1*', 'Periostitis in other infectious diseases classified elsewhere', 'M12', 0),
(5812, 'M90.2*', 'Osteopathy in other infectious diseases classified elsewhere', 'M12', 0),
(5813, 'M90.3*', 'Osteonecrosis in caisson disease (T70.3+)', 'M12', 0),
(5814, 'M90.4*', 'Osteonecrosis due to haemoglobinopathy (D50-D64+)', 'M12', 0),
(5815, 'M90.5*', 'Osteonecrosis in other diseases classified elsewhere', 'M12', 0),
(5816, 'M90.6*', 'Osteitis deformans in neoplastic disease (C00-D48+)', 'M12', 0),
(5817, 'M90.7*', 'Fracture of bone in neoplastic disease (C00-D48+)', 'M12', 0),
(5818, 'M90.8*', 'Osteopathy in other diseases classified elsewhere', 'M12', 0),
(5819, 'M91', 'Juvenile osteochondrosis of hip and pelvis', 'M13', 0),
(5820, 'M91.0', 'Juvenile osteochondrosis of pelvis', 'M13', 0),
(5821, 'M91.1', 'Juvenile osteochondrosis of head of femur [Legg-Calv?-Perthes]', 'M13', 0),
(5822, 'M91.2', 'Coxa plana', 'M13', 0),
(5823, 'M91.3', 'Pseudocoxalgia', 'M13', 0),
(5824, 'M91.8', 'Other juvenile osteochondrosis of hip and pelvis', 'M13', 0),
(5825, 'M91.9', 'Juvenile osteochondrosis of hip and pelvis, unspecified', 'M13', 0),
(5826, 'M92', 'Other juvenile osteochondrosis', 'M13', 0),
(5827, 'M92.0', 'Juvenile osteochondrosis of humerus', 'M13', 0),
(5828, 'M92.1', 'Juvenile osteochondrosis of radius and ulna', 'M13', 0),
(5829, 'M92.2', 'Juvenile osteochondrosis of hand', 'M13', 0),
(5830, 'M92.3', 'Other juvenile osteochondrosis of upper limb', 'M13', 0),
(5831, 'M92.4', 'Juvenile osteochondrosis of patella', 'M13', 0),
(5832, 'M92.5', 'Juvenile osteochondrosis of tibia and fibula', 'M13', 0),
(5833, 'M92.6', 'Juvenile osteochondrosis of tarsus', 'M13', 0),
(5834, 'M92.7', 'Juvenile osteochondrosis of metatarsus', 'M13', 0),
(5835, 'M92.8', 'Other specified juvenile osteochondrosis', 'M13', 0),
(5836, 'M92.9', 'Juvenile osteochondrosis, unspecified', 'M13', 0),
(5837, 'M93', 'Other osteochondropathies', 'M13', 0),
(5838, 'M93.0', 'Slipped upper femoral epiphysis (nontraumatic)', 'M13', 0),
(5839, 'M93.1', 'Kienb?ck''s disease of adults', 'M13', 0),
(5840, 'M93.2', 'Osteochondritis dissecans', 'M13', 0),
(5841, 'M93.8', 'Other specified osteochondropathies', 'M13', 0),
(5842, 'M93.9', 'Osteochondropathy, unspecified', 'M13', 0),
(5843, 'M94', 'Other disorders of cartilage', 'M13', 0),
(5844, 'M94.0', 'Chondrocostal junction syndrome [Tietze]', 'M13', 0),
(5845, 'M94.1', 'Relapsing polychondritis', 'M13', 0),
(5846, 'M94.2', 'Chondromalacia', 'M13', 0),
(5847, 'M94.3', 'Chondrolysis', 'M13', 0),
(5848, 'M94.8', 'Other specified disorders of cartilage', 'M13', 0),
(5849, 'M94.9', 'Disorder of cartilage, unspecified', 'M13', 0),
(5850, 'M95', 'Other acquired deformities of musculoskeletal system and connectivetissue', 'M14', 0),
(5851, 'M95.0', 'Acquired deformity of nose', 'M14', 0),
(5852, 'M95.1', 'Cauliflower ear', 'M14', 0),
(5853, 'M95.2', 'Other acquired deformity of head', 'M14', 0),
(5854, 'M95.3', 'Acquired deformity of neck', 'M14', 0),
(5855, 'M95.4', 'Acquired deformity of chest and rib', 'M14', 0),
(5856, 'M95.5', 'Acquired deformity of pelvis', 'M14', 0),
(5857, 'M95.8', 'Other specified acquired deformities of musculoskeletal system', 'M14', 0),
(5858, 'M95.9', 'Acquired deformity of musculoskeletal system, unspecified', 'M14', 0),
(5859, 'M96', 'Postprocedural musculoskeletal disorders, not elsewhere classified', 'M14', 0),
(5860, 'M96.0', 'Pseudarthrosis after fusion or arthrodesis', 'M14', 0),
(5861, 'M96.1', 'Postlaminectomy syndrome, not elsewhere classified', 'M14', 0),
(5862, 'M96.2', 'Postradiation kyphosis', 'M14', 0),
(5863, 'M96.3', 'Postlaminectomy kyphosis', 'M14', 0),
(5864, 'M96.4', 'Postsurgical lordosis', 'M14', 0),
(5865, 'M96.5', 'Postradiation scoliosis', 'M14', 0),
(5866, 'M96.6', 'Fracture of bone following insertion of orthopaedic implant, jointprosthesis, or bone plate', 'M14', 0),
(5867, 'M96.8', 'Other postprocedural musculoskeletal disorders', 'M14', 0),
(5868, 'M96.9', 'Postprocedural musculoskeletal disorder, unspecified', 'M14', 0),
(5869, 'M99', 'Biomechanical lesions, not elsewhere classified', 'M14', 0),
(5870, 'M99.0', 'Segmental and somatic dysfunction', 'M14', 0),
(5871, 'M99.1', 'Subluxation complex (vertebral)', 'M14', 0),
(5872, 'M99.2', 'Subluxation stenosis of neural canal', 'M14', 0),
(5873, 'M99.3', 'Osseous stenosis of neural canal', 'M14', 0),
(5874, 'M99.4', 'Connective tissue stenosis of neural canal', 'M14', 0),
(5875, 'M99.5', 'Intervertebral disc stenosis of neural canal', 'M14', 0),
(5876, 'M99.6', 'Osseous and subluxation stenosis of intervertebral foramina', 'M14', 0),
(5877, 'M99.7', 'Connective tissue and disc stenosis of intervertebral foramina', 'M14', 0),
(5878, 'M99.8', 'Other biomechanical lesions', 'M14', 0),
(5879, 'M99.9', 'Biomechanical lesion, unspecified', 'M14', 0),
(5880, 'N00', 'Acute nephritic syndrome', 'N00', 0),
(5881, 'N00.0', 'Acute nephritic syndrome, minor glomerular abnormality', 'N00', 0),
(5882, 'N00.1', 'Acute nephritic syndrome, focal and segmental glomerular lesions', 'N00', 0),
(5883, 'N00.2', 'Acute nephritic syndrome, diffuse membranous glomerulonephritis', 'N00', 0),
(5884, 'N00.3', 'Acute nephritic syndrome, diffuse mesangial proliferativeglomerulonephritis', 'N00', 0),
(5885, 'N00.4', 'Acute nephritic syndrome, diffuse endocapillary proliferativeglomerulonephritis', 'N00', 0),
(5886, 'N00.5', 'Acute nephritic syndrome, diffuse mesangiocapillaryglomerulonephritis', 'N00', 0),
(5887, 'N00.6', 'Acute nephritic syndrome, dense deposit disease', 'N00', 0),
(5888, 'N00.7', 'Acute nephritic syndrome, diffuse crescentic glomerulonephritis', 'N00', 0),
(5889, 'N00.8', 'Acute nephritic syndrome, other', 'N00', 0),
(5890, 'N00.9', 'Acute nephritic syndrome, unspecified', 'N00', 0),
(5891, 'N01', 'Rapidly progressive nephritic syndrome', 'N00', 0),
(5892, 'N01.0', 'Rapidly progressive nephritic syndrome, minor glomerular abnormality', 'N00', 0),
(5893, 'N01.1', 'Rapidly progressive nephritic syndrome, focal and segmentalglomerular lesions', 'N00', 0),
(5894, 'N01.2', 'Rapidly progressive nephritic syndrome, diffuse membranousglomerulonephritis', 'N00', 0),
(5895, 'N01.3', 'Rapidly progressive nephritic syndrome, diffuse mesangialproliferative glomerulonephritis', 'N00', 0),
(5896, 'N01.4', 'Rapidly progressive nephritic syndrome, diffuse endocapillaryproliferative glomerulonephritis', 'N00', 0),
(5897, 'N01.5', 'Rapidly progressive nephritic syndrome, diffuse mesangiocapillaryglomerulonephritis', 'N00', 0),
(5898, 'N01.6', 'Rapidly progressive nephritic syndrome, dense deposit disease', 'N00', 0),
(5899, 'N01.7', 'Rapidly progressive nephritic syndrome, diffuse crescenticglomerulonephritis', 'N00', 0),
(5900, 'N01.8', 'Rapidly progressive nephritic syndrome, other', 'N00', 0),
(5901, 'N01.9', 'Rapidly progressive nephritic syndrome, unspecified', 'N00', 0),
(5902, 'N02', 'Recurrent and persistent haematuria', 'N00', 0),
(5903, 'N02.0', 'Recurrent and persistent haematuria, minor glomerular abnormality', 'N00', 0),
(5904, 'N02.1', 'Recurrent and persistent haematuria, focal and segmental glomerularlesions', 'N00', 0),
(5905, 'N02.2', 'Recurrent and persistent haematuria, diffuse membranousglomerulonephritis', 'N00', 0),
(5906, 'N02.3', 'Recurrent and persistent haematuria, diffuse mesangial proliferativeglomerulonephritis', 'N00', 0),
(5907, 'N02.4', 'Recurrent and persistent haematuria, diffuse endocapillaryproliferative glomerulonephritis', 'N00', 0),
(5908, 'N02.5', 'Recurrent and persistent haematuria, diffuse mesangiocapillaryglomerulonephritis', 'N00', 0),
(5909, 'N02.6', 'Recurrent and persistent haematuria, dense deposit disease', 'N00', 0),
(5910, 'N02.7', 'Recurrent and persistent haematuria, diffuse crescenticglomerulonephritis', 'N00', 0),
(5911, 'N02.8', 'Recurrent and persistent haematuria, other', 'N00', 0),
(5912, 'N02.9', 'Recurrent and persistent haematuria, unspecified', 'N00', 0),
(5913, 'N03', 'Chronic nephritic syndrome', 'N00', 0),
(5914, 'N03.0', 'Chronic nephritic syndrome, minor glomerular abnormality', 'N00', 0),
(5915, 'N03.1', 'Chronic nephritic syndrome, focal and segmental glomerular lesions', 'N00', 0),
(5916, 'N03.2', 'Chronic nephritic syndrome, diffuse membranous glomerulonephritis', 'N00', 0),
(5917, 'N03.3', 'Chronic nephritic syndrome, diffuse mesangial proliferativeglomerulonephritis', 'N00', 0),
(5918, 'N03.4', 'Chronic nephritic syndrome, diffuse endocapillary proliferativeglomerulonephritis', 'N00', 0),
(5919, 'N03.5', 'Chronic nephritic syndrome, diffuse mesangiocapillaryglomerulonephritis', 'N00', 0),
(5920, 'N03.6', 'Chronic nephritic syndrome, dense deposit disease', 'N00', 0),
(5921, 'N03.7', 'Chronic nephritic syndrome, diffuse crescentic glomerulonephritis', 'N00', 0),
(5922, 'N03.8', 'Chronic nephritic syndrome, other', 'N00', 0),
(5923, 'N03.9', 'Chronic nephritic syndrome, unspecified', 'N00', 0),
(5924, 'N04', 'Nephrotic syndrome', 'N00', 0),
(5925, 'N04.0', 'Nephrotic syndrome, minor glomerular abnormality', 'N00', 0),
(5926, 'N04.1', 'Nephrotic syndrome, focal and segmental glomerular lesions', 'N00', 0),
(5927, 'N04.2', 'Nephrotic syndrome, diffuse membranous glomerulonephritis', 'N00', 0),
(5928, 'N04.3', 'Nephrotic syndrome, diffuse mesangial proliferativeglomerulonephritis', 'N00', 0),
(5929, 'N04.4', 'Nephrotic syndrome, diffuse endocapillary proliferativeglomerulonephritis', 'N00', 0),
(5930, 'N04.5', 'Nephrotic syndrome, diffuse mesangiocapillary glomerulonephritis', 'N00', 0),
(5931, 'N04.6', 'Nephrotic syndrome, dense deposit disease', 'N00', 0),
(5932, 'N04.7', 'Nephrotic syndrome, diffuse crescentic glomerulonephritis', 'N00', 0),
(5933, 'N04.8', 'Nephrotic syndrome, other', 'N00', 0),
(5934, 'N04.9', 'Nephrotic syndrome, unspecified', 'N00', 0),
(5935, 'N05', 'Unspecified nephritic syndrome', 'N00', 0),
(5936, 'N05.0', 'Unspecified nephritic syndrome, minor glomerular abnormality', 'N00', 0),
(5937, 'N05.1', 'Unspecified nephritic syndrome, focal and segmental glomerularlesions', 'N00', 0),
(5938, 'N05.2', 'Unspecified nephritic syndrome, diffuse membranousglomerulonephritis', 'N00', 0),
(5939, 'N05.3', 'Unspecified nephritic syndrome, diffuse mesangial proliferativeglomerulonephritis', 'N00', 0),
(5940, 'N05.4', 'Unspecified nephritic syndrome, diffuse endocapillary proliferativeglomerulonephritis', 'N00', 0),
(5941, 'N05.5', 'Unspecified nephritic syndrome, diffuse mesangiocapillaryglomerulonephritis', 'N00', 0),
(5942, 'N05.6', 'Unspecified nephritic syndrome, dense deposit disease', 'N00', 0),
(5943, 'N05.7', 'Unspecified nephritic syndrome, diffuse crescenticglomerulonephritis', 'N00', 0),
(5944, 'N05.8', 'Unspecified nephritic syndrome, other', 'N00', 0),
(5945, 'N05.9', 'Unspecified nephritic syndrome, unspecified', 'N00', 0),
(5946, 'N06', 'Isolated proteinuria with specified morphological lesion', 'N00', 0),
(5947, 'N06.0', 'Isolated proteinuria with minor glomerular abnormality', 'N00', 0),
(5948, 'N06.1', 'Isolated proteinuria with focal and segmental glomerular lesions', 'N00', 0),
(5949, 'N06.2', 'Isolated proteinuria with diffuse membranous glomerulonephritis', 'N00', 0),
(5950, 'N06.3', 'Isolated proteinuria with diffuse mesangial proliferativeglomerulonephritis', 'N00', 0),
(5951, 'N06.4', 'Isolated proteinuria with diffuse endocapillary proliferativeglomerulonephritis', 'N00', 0),
(5952, 'N06.5', 'Isolated proteinuria with diffuse mesangiocapillaryglomerulonephritis', 'N00', 0),
(5953, 'N06.6', 'Isolated proteinuria with dense deposit disease', 'N00', 0),
(5954, 'N06.7', 'Isolated proteinuria with diffuse crescentic glomerulonephritis', 'N00', 0),
(5955, 'N06.8', 'Isolated proteinuria with specified morphological lesion, other', 'N00', 0),
(5956, 'N06.9', 'Isolated proteinuria with specified morphological lesion,unspecified', 'N00', 0),
(5957, 'N07', 'Hereditary nephropathy, not elsewhere classified', 'N00', 0),
(5958, 'N07.0', 'Hereditary nephropathy, not elsewhere classified, minor glomerularabnormality', 'N00', 0),
(5959, 'N07.1', 'Hereditary nephropathy, not elsewhere classified, focal andsegmental glomerular lesions', 'N00', 0),
(5960, 'N07.2', 'Hereditary nephropathy, not elsewhere classified, diffuse membranousglomerulonephritis', 'N00', 0),
(5961, 'N07.3', 'Hereditary nephropathy, not elsewhere classified, diffuse mesangialproliferative glomerulonephritis', 'N00', 0),
(5962, 'N07.4', 'Hereditary nephropathy, not elsewhere classified, diffuseendocapillary proliferative glomerulonephri', 'N00', 0),
(5963, 'N07.5', 'Hereditary nephropathy, not elsewhere classified, diffusemesangiocapillary glomerulonephritis', 'N00', 0),
(5964, 'N07.6', 'Hereditary nephropathy, not elsewhere classified, dense depositdisease', 'N00', 0),
(5965, 'N07.7', 'Hereditary nephropathy, not elsewhere classified, diffuse crescenticglomerulonephritis', 'N00', 0),
(5966, 'N07.8', 'Hereditary nephropathy, not elsewhere classified, other', 'N00', 0),
(5967, 'N07.9', 'Hereditary nephropathy, not elsewhere classified, unspecified', 'N00', 0),
(5968, 'N08*', 'Glomerular disorders in diseases classified elsewhere', 'N00', 0),
(5969, 'N08.0*', 'Glomerular disorders in infectious and parasitic diseases classifiedelsewhere', 'N00', 0),
(5970, 'N08.1*', 'Glomerular disorders in neoplastic diseases', 'N00', 0),
(5971, 'N08.2*', 'Glomerular disorders in blood diseases and disorders involving theimmune mechanism', 'N00', 0),
(5972, 'N08.3*', 'Glomerular disorders in diabetes mellitus (E10-E14+ with commonfourth character .2)', 'N00', 0),
(5973, 'N08.4*', 'Glomerular disorders in other endocrine, nutritional and metabolicdiseases', 'N00', 0),
(5974, 'N08.5*', 'Glomerular disorders in systemic connective tissue disorders', 'N00', 0),
(5975, 'N08.8*', 'Glomerular disorders in other diseases classified elsewhere', 'N00', 0),
(5976, 'N10', 'Acute tubulo-interstitial nephritis', 'N01', 0),
(5977, 'N11', 'Chronic tubulo-interstitial nephritis', 'N01', 0),
(5978, 'N11.0', 'Nonobstructive reflux-associated chronic pyelonephritis', 'N01', 0),
(5979, 'N11.1', 'Chronic obstructive pyelonephritis', 'N01', 0),
(5980, 'N11.8', 'Other chronic tubulo-interstitial nephritis', 'N01', 0),
(5981, 'N11.9', 'Chronic tubulo-interstitial nephritis, unspecified', 'N01', 0),
(5982, 'N12', 'Tubulo-interstitial nephritis, not specified as acute or chronic', 'N01', 0),
(5983, 'N13', 'Obstructive and reflux uropathy', 'N01', 0),
(5984, 'N13.0', 'Hydronephrosis with ureteropelvic junction obstruction', 'N01', 0),
(5985, 'N13.1', 'Hydronephrosis with ureteral stricture, not elsewhere classified', 'N01', 0),
(5986, 'N13.2', 'Hydronephrosis with renal and ureteral calculous obstruction', 'N01', 0),
(5987, 'N13.3', 'Other and unspecified hydronephrosis', 'N01', 0),
(5988, 'N13.4', 'Hydroureter', 'N01', 0),
(5989, 'N13.5', 'Kinking and stricture of ureter without hydronephrosis', 'N01', 0),
(5990, 'N13.6', 'Pyonephrosis', 'N01', 0),
(5991, 'N13.7', 'Vesicoureteral-reflux-associated uropathy', 'N01', 0),
(5992, 'N13.8', 'Other obstructive and reflux uropathy', 'N01', 0),
(5993, 'N13.9', 'Obstructive and reflux uropathy, unspecified', 'N01', 0),
(5994, 'N14', 'Drug- and heavy-metal-induced tubulo-interstitial and tubularconditions', 'N01', 0),
(5995, 'N14.0', 'Analgesic nephropathy', 'N01', 0),
(5996, 'N14.1', 'Nephropathy induced by other drugs, medicaments and biologicalsubstances', 'N01', 0),
(5997, 'N14.2', 'Nephropathy induced by unspecified drug, medicament or biologicalsubstance', 'N01', 0),
(5998, 'N14.3', 'Nephropathy induced by heavy metals', 'N01', 0),
(5999, 'N14.4', 'Toxic nephropathy, not elsewhere classified', 'N01', 0),
(6000, 'N15', 'Other renal tubulo-interstitial diseases', 'N01', 0),
(6001, 'N15.0', 'Balkan nephropathy', 'N01', 0),
(6002, 'N15.1', 'Renal and perinephric abscess', 'N01', 0),
(6003, 'N15.8', 'Other specified renal tubulo-interstitial diseases', 'N01', 0),
(6004, 'N15.9', 'Renal tubulo-interstitial disease, unspecified', 'N01', 0),
(6005, 'N16*', 'Renal tubulo-interstitial disorders in diseases classified elsewhere', 'N01', 0),
(6006, 'N16.0*', 'Renal tubulo-interstitial disorders in infectious and parasiticdiseases classified elsewhere', 'N01', 0),
(6007, 'N16.1*', 'Renal tubulo-interstitial disorders in neoplastic diseases', 'N01', 0),
(6008, 'N16.2*', 'Renal tubulo-interstitial disorders in blood diseases and disordersinvolving the immune mechanism', 'N01', 0),
(6009, 'N16.3*', 'Renal tubulo-interstitial disorders in metabolic diseases', 'N01', 0),
(6010, 'N16.4*', 'Renal tubulo-interstitial disorders in systemic connective tissuedisorders', 'N01', 0),
(6011, 'N16.5*', 'Renal tubulo-interstitial disorders in transplant rejection (T86.-+)', 'N01', 0),
(6012, 'N16.8*', 'Renal tubulo-interstitial disorders in other diseases classifiedelsewhere', 'N01', 0),
(6013, 'N17', 'Acute renal failure', 'N02', 0),
(6014, 'N17.0', 'Acute renal failure with tubular necrosis', 'N02', 0),
(6015, 'N17.1', 'Acute renal failure with acute cortical necrosis', 'N02', 0),
(6016, 'N17.2', 'Acute renal failure with medullary necrosis', 'N02', 0),
(6017, 'N17.8', 'Other acute renal failure', 'N02', 0),
(6018, 'N17.9', 'Acute renal failure, unspecified', 'N02', 0),
(6019, 'N18', 'Chronic renal failure', 'N02', 0),
(6020, 'N18.0', 'End-stage renal disease', 'N02', 0),
(6021, 'N18.8', 'Other chronic renal failure', 'N02', 0),
(6022, 'N18.9', 'Chronic renal failure, unspecified', 'N02', 0),
(6023, 'N19', 'Unspecified renal failure', 'N02', 0),
(6024, 'N20', 'Calculus of kidney and ureter', 'N03', 0),
(6025, 'N20.0', 'Calculus of kidney', 'N03', 0),
(6026, 'N20.1', 'Calculus of ureter', 'N03', 0),
(6027, 'N20.2', 'Calculus of kidney with calculus of ureter', 'N03', 0),
(6028, 'N20.9', 'Urinary calculus, unspecified', 'N03', 0),
(6029, 'N21', 'Calculus of lower urinary tract', 'N03', 0),
(6030, 'N21.0', 'Calculus in bladder', 'N03', 0),
(6031, 'N21.1', 'Calculus in urethra', 'N03', 0),
(6032, 'N21.8', 'Other lower urinary tract calculus', 'N03', 0),
(6033, 'N21.9', 'Calculus of lower urinary tract, unspecified', 'N03', 0),
(6034, 'N22*', 'Calculus of urinary tract in diseases classified elsewhere', 'N03', 0),
(6035, 'N22.0*', 'Urinary calculus in schistosomiasis [bilharziasis] (B65.-+)', 'N03', 0),
(6036, 'N22.8*', 'Calculus of urinary tract in other diseases classified elsewhere', 'N03', 0),
(6037, 'N23', 'Unspecified renal colic', 'N03', 0),
(6038, 'N25', 'Disorders resulting from impaired renal tubular function', 'N04', 0),
(6039, 'N25.0', 'Renal osteodystrophy', 'N04', 0),
(6040, 'N25.1', 'Nephrogenic diabetes insipidus', 'N04', 0),
(6041, 'N25.8', 'Other disorders resulting from impaired renal tubular function', 'N04', 0),
(6042, 'N25.9', 'Disorder resulting from impaired renal tubular function, unspecified', 'N04', 0),
(6043, 'N26', 'Unspecified contracted kidney', 'N04', 0),
(6044, 'N27', 'Small kidney of unknown cause', 'N04', 0),
(6045, 'N27.0', 'Small kidney, unilateral', 'N04', 0),
(6046, 'N27.1', 'Small kidney, bilateral', 'N04', 0),
(6047, 'N27.9', 'Small kidney, unspecified', 'N04', 0),
(6048, 'N28', 'Other disorders of kidney and ureter, not elsewhere classified', 'N04', 0),
(6049, 'N28.0', 'Ischaemia and infarction of kidney', 'N04', 0),
(6050, 'N28.1', 'Cyst of kidney, acquired', 'N04', 0),
(6051, 'N28.8', 'Other specified disorders of kidney and ureter', 'N04', 0),
(6052, 'N28.9', 'Disorder of kidney and ureter, unspecified', 'N04', 0),
(6053, 'N29*', 'Other disorders of kidney and ureter in diseases classifiedelsewhere', 'N04', 0),
(6054, 'N29.0*', 'Late syphilis of kidney (A52.7+)', 'N04', 0),
(6055, 'N29.1*', 'Other disorders of kidney and ureter in infectious and parasiticdiseases classified elsewhere', 'N04', 0),
(6056, 'N29.8*', 'Other disorders of kidney and ureter in other diseases classifiedelsewhere', 'N04', 0),
(6057, 'N30', 'Cystitis', 'N05', 0),
(6058, 'N30.0', 'Acute cystitis', 'N05', 0),
(6059, 'N30.1', 'Interstitial cystitis (chronic)', 'N05', 0),
(6060, 'N30.2', 'Other chronic cystitis', 'N05', 0),
(6061, 'N30.3', 'Trigonitis', 'N05', 0),
(6062, 'N30.4', 'Irradiation cystitis', 'N05', 0),
(6063, 'N30.8', 'Other cystitis', 'N05', 0),
(6064, 'N30.9', 'Cystitis, unspecified', 'N05', 0),
(6065, 'N31', 'Neuromuscular dysfunction of bladder, not elsewhere classified', 'N05', 0),
(6066, 'N31.0', 'Uninhibited neuropathic bladder, not elsewhere classified', 'N05', 0),
(6067, 'N31.1', 'Reflex neuropathic bladder, not elsewhere classified', 'N05', 0),
(6068, 'N31.2', 'Flaccid neuropathic bladder, not elsewhere classified', 'N05', 0),
(6069, 'N31.8', 'Other neuromuscular dysfunction of bladder', 'N05', 0),
(6070, 'N31.9', 'Neuromuscular dysfunction of bladder, unspecified', 'N05', 0),
(6071, 'N32', 'Other disorders of bladder', 'N05', 0),
(6072, 'N32.0', 'Bladder-neck obstruction', 'N05', 0),
(6073, 'N32.1', 'Vesicointestinal fistula', 'N05', 0),
(6074, 'N32.2', 'Vesical fistula, not elsewhere classified', 'N05', 0),
(6075, 'N32.3', 'Diverticulum of bladder', 'N05', 0),
(6076, 'N32.4', 'Rupture of bladder, nontraumatic', 'N05', 0),
(6077, 'N32.8', 'Other specified disorders of bladder', 'N05', 0),
(6078, 'N32.9', 'Bladder disorder, unspecified', 'N05', 0),
(6079, 'N33*', 'Bladder disorders in diseases classified elsewhere', 'N05', 0),
(6080, 'N33.0*', 'Tuberculous cystitis (A18.1+)', 'N05', 0),
(6081, 'N33.8*', 'Bladder disorders in other diseases classified elsewhere', 'N05', 0),
(6082, 'N34', 'Urethritis and urethral syndrome', 'N05', 0),
(6083, 'N34.0', 'Urethral abscess', 'N05', 0),
(6084, 'N34.1', 'Nonspecific urethritis', 'N05', 0),
(6085, 'N34.2', 'Other urethritis', 'N05', 0),
(6086, 'N34.3', 'Urethral syndrome, unspecified', 'N05', 0),
(6087, 'N35', 'Urethral stricture', 'N05', 0),
(6088, 'N35.0', 'Post-traumatic urethral stricture', 'N05', 0),
(6089, 'N35.1', 'Postinfective urethral stricture, not elsewhere classified', 'N05', 0),
(6090, 'N35.8', 'Other urethral stricture', 'N05', 0),
(6091, 'N35.9', 'Urethral stricture, unspecified', 'N05', 0),
(6092, 'N36', 'Other disorders of urethra', 'N05', 0),
(6093, 'N36.0', 'Urethral fistula', 'N05', 0),
(6094, 'N36.1', 'Urethral diverticulum', 'N05', 0),
(6095, 'N36.2', 'Urethral caruncle', 'N05', 0),
(6096, 'N36.3', 'Prolapsed urethral mucosa', 'N05', 0),
(6097, 'N36.8', 'Other specified disorders of urethra', 'N05', 0),
(6098, 'N36.9', 'Urethral disorder, unspecified', 'N05', 0),
(6099, 'N37*', 'Urethral disorders in diseases classified elsewhere', 'N05', 0),
(6100, 'N37.0*', 'Urethritis in diseases classified elsewhere', 'N05', 0),
(6101, 'N37.8*', 'Other urethral disorders in diseases classified elsewhere', 'N05', 0),
(6102, 'N39', 'Other disorders of urinary system', 'N05', 0),
(6103, 'N39.0', 'Urinary tract infection, site not specified', 'N05', 0),
(6104, 'N39.1', 'Persistent proteinuria, unspecified', 'N05', 0),
(6105, 'N39.2', 'Orthostatic proteinuria, unspecified', 'N05', 0),
(6106, 'N39.3', 'Stress incontinence', 'N05', 0),
(6107, 'N39.4', 'Other specified urinary incontinence', 'N05', 0),
(6108, 'N39.8', 'Other specified disorders of urinary system', 'N05', 0),
(6109, 'N39.9', 'Disorder of urinary system, unspecified', 'N05', 0),
(6110, 'N40', 'Hyperplasia of prostate', 'N06', 0),
(6111, 'N41', 'Inflammatory diseases of prostate', 'N06', 0),
(6112, 'N41.0', 'Acute prostatitis', 'N06', 0),
(6113, 'N41.1', 'Chronic prostatitis', 'N06', 0),
(6114, 'N41.2', 'Abscess of prostate', 'N06', 0),
(6115, 'N41.3', 'Prostatocystitis', 'N06', 0),
(6116, 'N41.8', 'Other inflammatory diseases of prostate', 'N06', 0),
(6117, 'N41.9', 'Inflammatory disease of prostate, unspecified', 'N06', 0),
(6118, 'N42', 'Other disorders of prostate', 'N06', 0),
(6119, 'N42.0', 'Calculus of prostate', 'N06', 0),
(6120, 'N42.1', 'Congestion and haemorrhage of prostate', 'N06', 0),
(6121, 'N42.2', 'Atrophy of prostate', 'N06', 0),
(6122, 'N42.8', 'Other specified disorders of prostate', 'N06', 0),
(6123, 'N42.9', 'Disorder of prostate, unspecified', 'N06', 0),
(6124, 'N43', 'Hydrocele and spermatocele', 'N06', 0),
(6125, 'N43.0', 'Encysted hydrocele', 'N06', 0),
(6126, 'N43.1', 'Infected hydrocele', 'N06', 0),
(6127, 'N43.2', 'Other hydrocele', 'N06', 0),
(6128, 'N43.3', 'Hydrocele, unspecified', 'N06', 0),
(6129, 'N43.4', 'Spermatocele', 'N06', 0),
(6130, 'N44', 'Torsion of testis', 'N06', 0),
(6131, 'N45', 'Orchitis and epididymitis', 'N06', 0),
(6132, 'N45.0', 'Orchitis, epididymitis and epididymo-orchitis with abscess', 'N06', 0),
(6133, 'N45.9', 'Orchitis, epididymitis and epididymo-orchitis without abscess', 'N06', 0),
(6134, 'N46', 'Male infertility', 'N06', 0),
(6135, 'N47', 'Redundant prepuce, phimosis and paraphimosis', 'N06', 0),
(6136, 'N48', 'Other disorders of penis', 'N06', 0),
(6137, 'N48.0', 'Leukoplakia of penis', 'N06', 0),
(6138, 'N48.1', 'Balanoposthitis', 'N06', 0),
(6139, 'N48.2', 'Other inflammatory disorders of penis', 'N06', 0),
(6140, 'N48.3', 'Priapism', 'N06', 0),
(6141, 'N48.4', 'Impotence of organic origin', 'N06', 0),
(6142, 'N48.5', 'Ulcer of penis', 'N06', 0),
(6143, 'N48.6', 'Balanitis xerotica obliterans', 'N06', 0),
(6144, 'N48.8', 'Other specified disorders of penis', 'N06', 0),
(6145, 'N48.9', 'Disorder of penis, unspecified', 'N06', 0),
(6146, 'N49', 'Inflammatory disorders of male genital organs, not elsewhereclassified', 'N06', 0),
(6147, 'N49.0', 'Inflammatory disorders of seminal vesicle', 'N06', 0),
(6148, 'N49.1', 'Inflammatory disorders of spermatic cord, tunica vaginalis and vasdeferens', 'N06', 0),
(6149, 'N49.2', 'Inflammatory disorders of scrotum', 'N06', 0),
(6150, 'N49.8', 'Inflammatory disorders of other specified male genital organs', 'N06', 0),
(6151, 'N49.9', 'Inflammatory disorder of unspecified male genital organ', 'N06', 0),
(6152, 'N50', 'Other disorders of male genital organs', 'N06', 0),
(6153, 'N50.0', 'Atrophy of testis', 'N06', 0),
(6154, 'N50.1', 'Vascular disorders of male genital organs', 'N06', 0),
(6155, 'N50.8', 'Other specified disorders of male genital organs', 'N06', 0),
(6156, 'N50.9', 'Disorder of male genital organs, unspecified', 'N06', 0),
(6157, 'N51*', 'Disorders of male genital organs in diseases classified elsewhere', 'N06', 0),
(6158, 'N51.0*', 'Disorders of prostate in diseases classified elsewhere', 'N06', 0),
(6159, 'N51.1*', 'Disorders of testis and epididymis in diseases classified elsewhere', 'N06', 0),
(6160, 'N51.2*', 'Balanitis in diseases classified elsewhere', 'N06', 0),
(6161, 'N51.8*', 'Other disorders of male genital organs in diseases classifiedelsewhere', 'N06', 0),
(6162, 'N60', 'Benign mammary dysplasia', 'N07', 0),
(6163, 'N60.0', 'Solitary cyst of breast', 'N07', 0),
(6164, 'N60.1', 'Diffuse cystic mastopathy', 'N07', 0),
(6165, 'N60.2', 'Fibroadenosis of breast', 'N07', 0),
(6166, 'N60.3', 'Fibrosclerosis of breast', 'N07', 0),
(6167, 'N60.4', 'Mammary duct ectasia', 'N07', 0),
(6168, 'N60.8', 'Other benign mammary dysplasias', 'N07', 0),
(6169, 'N60.9', 'Benign mammary dysplasia, unspecified', 'N07', 0),
(6170, 'N61', 'Inflammatory disorders of breast', 'N07', 0),
(6171, 'N62', 'Hypertrophy of breast', 'N07', 0),
(6172, 'N63', 'Unspecified lump in breast', 'N07', 0),
(6173, 'N64', 'Other disorders of breast', 'N07', 0),
(6174, 'N64.0', 'Fissure and fistula of nipple', 'N07', 0),
(6175, 'N64.1', 'Fat necrosis of breast', 'N07', 0),
(6176, 'N64.2', 'Atrophy of breast', 'N07', 0),
(6177, 'N64.3', 'Galactorrhoea not associated with childbirth', 'N07', 0),
(6178, 'N64.4', 'Mastodynia', 'N07', 0),
(6179, 'N64.5', 'Other signs and symptoms in breast', 'N07', 0),
(6180, 'N64.8', 'Other specified disorders of breast', 'N07', 0),
(6181, 'N64.9', 'Disorder of breast, unspecified', 'N07', 0);
INSERT INTO `icd_penyakit` (`id`, `kode_penyakit`, `nama_penyakit`, `subkelompok`, `dtd_id`) VALUES
(6182, 'N70', 'Salpingitis and oophoritis', 'N08', 0),
(6183, 'N70.0', 'Acute salpingitis and oophoritis', 'N08', 0),
(6184, 'N70.1', 'Chronic salpingitis and oophoritis', 'N08', 0),
(6185, 'N70.9', 'Salpingitis and oophoritis, unspecified', 'N08', 0),
(6186, 'N71', 'Inflammatory disease of uterus, except cervix', 'N08', 0),
(6187, 'N71.0', 'Acute inflammatory disease of uterus', 'N08', 0),
(6188, 'N71.1', 'Chronic inflammatory disease of uterus', 'N08', 0),
(6189, 'N71.9', 'Inflammatory disease of uterus, unspecified', 'N08', 0),
(6190, 'N72', 'Inflammatory disease of cervix uteri', 'N08', 0),
(6191, 'N73', 'Other female pelvic inflammatory diseases', 'N08', 0),
(6192, 'N73.0', 'Acute parametritis and pelvic cellulitis', 'N08', 0),
(6193, 'N73.1', 'Chronic parametritis and pelvic cellulitis', 'N08', 0),
(6194, 'N73.2', 'Unspecified parametritis and pelvic cellulitis', 'N08', 0),
(6195, 'N73.3', 'Female acute pelvic peritonitis', 'N08', 0),
(6196, 'N73.4', 'Female chronic pelvic peritonitis', 'N08', 0),
(6197, 'N73.5', 'Female pelvic peritonitis, unspecified', 'N08', 0),
(6198, 'N73.6', 'Female pelvic peritoneal adhesions', 'N08', 0),
(6199, 'N73.8', 'Other specified female pelvic inflammatory diseases', 'N08', 0),
(6200, 'N73.9', 'Female pelvic inflammatory disease, unspecified', 'N08', 0),
(6201, 'N74*', 'Female pelvic inflammatory disorders in diseases classifiedelsewhere', 'N08', 0),
(6202, 'N74.0*', 'Tuberculous infection of cervix uteri (A18.1+)', 'N08', 0),
(6203, 'N74.1*', 'Female tuberculous pelvic inflammatory disease (A18.1+)', 'N08', 0),
(6204, 'N74.2*', 'Female syphilitic pelvic inflammatory disease (A51.4+, A52.7+)', 'N08', 0),
(6205, 'N74.3*', 'Female gonococcal pelvic inflammatory disease (A54.2+)', 'N08', 0),
(6206, 'N74.4*', 'Female chlamydial pelvic inflammatory disease (A56.1+)', 'N08', 0),
(6207, 'N74.8*', 'Female pelvic inflammatory disorders in other diseases classifiedelsewhere', 'N08', 0),
(6208, 'N75', 'Diseases of Bartholin''s gland', 'N08', 0),
(6209, 'N75.0', 'Cyst of Bartholin''s gland', 'N08', 0),
(6210, 'N75.1', 'Abscess of Bartholin''s gland', 'N08', 0),
(6211, 'N75.8', 'Other diseases of Bartholin''s gland', 'N08', 0),
(6212, 'N75.9', 'Disease of Bartholin''s gland, unspecified', 'N08', 0),
(6213, 'N76', 'Other inflammation of vagina and vulva', 'N08', 0),
(6214, 'N76.0', 'Acute vaginitis', 'N08', 0),
(6215, 'N76.1', 'Subacute and chronic vaginitis', 'N08', 0),
(6216, 'N76.2', 'Acute vulvitis', 'N08', 0),
(6217, 'N76.3', 'Subacute and chronic vulvitis', 'N08', 0),
(6218, 'N76.4', 'Abscess of vulva', 'N08', 0),
(6219, 'N76.5', 'Ulceration of vagina', 'N08', 0),
(6220, 'N76.6', 'Ulceration of vulva', 'N08', 0),
(6221, 'N76.8', 'Other specified inflammation of vagina and vulva', 'N08', 0),
(6222, 'N77*', 'Vulvovaginal ulceration and inflammation in diseases classifiedelsewhere', 'N08', 0),
(6223, 'N77.0*', 'Ulceration of vulva in infectious and parasitic diseases classifiedelsewhere', 'N08', 0),
(6224, 'N77.1*', 'Vaginitis, vulvitis and vulvovaginitis in infectious and parasiticdiseases classified elsewhere', 'N08', 0),
(6225, 'N77.8*', 'Vulvovaginal ulceration and inflammation in other diseasesclassified elsewhere', 'N08', 0),
(6226, 'N80', 'Endometriosis', 'N09', 0),
(6227, 'N80.0', 'Endometriosis of uterus', 'N09', 0),
(6228, 'N80.1', 'Endometriosis of ovary', 'N09', 0),
(6229, 'N80.2', 'Endometriosis of fallopian tube', 'N09', 0),
(6230, 'N80.3', 'Endometriosis of pelvic peritoneum', 'N09', 0),
(6231, 'N80.4', 'Endometriosis of rectovaginal septum and vagina', 'N09', 0),
(6232, 'N80.5', 'Endometriosis of intestine', 'N09', 0),
(6233, 'N80.6', 'Endometriosis in cutaneous scar', 'N09', 0),
(6234, 'N80.8', 'Other endometriosis', 'N09', 0),
(6235, 'N80.9', 'Endometriosis, unspecified', 'N09', 0),
(6236, 'N81', 'Female genital prolapse', 'N09', 0),
(6237, 'N81.0', 'Female urethrocele', 'N09', 0),
(6238, 'N81.1', 'Cystocele', 'N09', 0),
(6239, 'N81.2', 'Incomplete uterovaginal prolapse', 'N09', 0),
(6240, 'N81.3', 'Complete uterovaginal prolapse', 'N09', 0),
(6241, 'N81.4', 'Uterovaginal prolapse, unspecified', 'N09', 0),
(6242, 'N81.5', 'Vaginal enterocele', 'N09', 0),
(6243, 'N81.6', 'Rectocele', 'N09', 0),
(6244, 'N81.8', 'Other female genital prolapse', 'N09', 0),
(6245, 'N81.9', 'Female genital prolapse, unspecified', 'N09', 0),
(6246, 'N82', 'Fistulae involving female genital tract', 'N09', 0),
(6247, 'N82.0', 'Vesicovaginal fistula', 'N09', 0),
(6248, 'N82.1', 'Other female urinary-genital tract fistulae', 'N09', 0),
(6249, 'N82.2', 'Fistula of vagina to small intestine', 'N09', 0),
(6250, 'N82.3', 'Fistula of vagina to large intestine', 'N09', 0),
(6251, 'N82.4', 'Other female intestinal-genital tract fistulae', 'N09', 0),
(6252, 'N82.5', 'Female genital tract-skin fistulae', 'N09', 0),
(6253, 'N82.8', 'Other female genital tract fistulae', 'N09', 0),
(6254, 'N82.9', 'Female genital tract fistula, unspecified', 'N09', 0),
(6255, 'N83', 'Noninflammatory disorders of ovary, fallopian tube and broadligament', 'N09', 0),
(6256, 'N83.0', 'Follicular cyst of ovary', 'N09', 0),
(6257, 'N83.1', 'Corpus luteum cyst', 'N09', 0),
(6258, 'N83.2', 'Other and unspecified ovarian cysts', 'N09', 0),
(6259, 'N83.3', 'Acquired atrophy of ovary and fallopian tube', 'N09', 0),
(6260, 'N83.4', 'Prolapse and hernia of ovary and fallopian tube', 'N09', 0),
(6261, 'N83.5', 'Torsion of ovary, ovarian pedicle and fallopian tube', 'N09', 0),
(6262, 'N83.6', 'Haematosalpinx', 'N09', 0),
(6263, 'N83.7', 'Haematoma of broad ligament', 'N09', 0),
(6264, 'N83.8', 'Other noninflammatory disorders of ovary, fallopian tube and broadligament', 'N09', 0),
(6265, 'N83.9', 'Noninflammatory disorder of ovary, fallopian tube and broadligament, unspecified', 'N09', 0),
(6266, 'N84', 'Polyp of female genital tract', 'N09', 0),
(6267, 'N84.0', 'Polyp of corpus uteri', 'N09', 0),
(6268, 'N84.1', 'Polyp of cervix uteri', 'N09', 0),
(6269, 'N84.2', 'Polyp of vagina', 'N09', 0),
(6270, 'N84.3', 'Polyp of vulva', 'N09', 0),
(6271, 'N84.8', 'Polyp of other parts of female genital tract', 'N09', 0),
(6272, 'N84.9', 'Polyp of female genital tract, unspecified', 'N09', 0),
(6273, 'N85', 'Other noninflammatory disorders of uterus, except cervix', 'N09', 0),
(6274, 'N85.0', 'Endometrial glandular hyperplasia', 'N09', 0),
(6275, 'N85.1', 'Endometrial adenomatous hyperplasia', 'N09', 0),
(6276, 'N85.2', 'Hypertrophy of uterus', 'N09', 0),
(6277, 'N85.3', 'Subinvolution of uterus', 'N09', 0),
(6278, 'N85.4', 'Malposition of uterus', 'N09', 0),
(6279, 'N85.5', 'Inversion of uterus', 'N09', 0),
(6280, 'N85.6', 'Intrauterine synechiae', 'N09', 0),
(6281, 'N85.7', 'Haematometra', 'N09', 0),
(6282, 'N85.8', 'Other specified noninflammatory disorders of uterus', 'N09', 0),
(6283, 'N85.9', 'Noninflammatory disorder of uterus, unspecified', 'N09', 0),
(6284, 'N86', 'Erosion and ectropion of cervix uteri', 'N09', 0),
(6285, 'N87', 'Dysplasia of cervix uteri', 'N09', 0),
(6286, 'N87.0', 'Mild cervical dysplasia', 'N09', 0),
(6287, 'N87.1', 'Moderate cervical dysplasia', 'N09', 0),
(6288, 'N87.2', 'Severe cervical dysplasia, not elsewhere classified', 'N09', 0),
(6289, 'N87.9', 'Dysplasia of cervix uteri, unspecified', 'N09', 0),
(6290, 'N88', 'Other noninflammatory disorders of cervix uteri', 'N09', 0),
(6291, 'N88.0', 'Leukoplakia of cervix uteri', 'N09', 0),
(6292, 'N88.1', 'Old laceration of cervix uteri', 'N09', 0),
(6293, 'N88.2', 'Stricture and stenosis of cervix uteri', 'N09', 0),
(6294, 'N88.3', 'Incompetence of cervix uteri', 'N09', 0),
(6295, 'N88.4', 'Hypertrophic elongation of cervix uteri', 'N09', 0),
(6296, 'N88.8', 'Other specified noninflammatory disorders of cervix uteri', 'N09', 0),
(6297, 'N88.9', 'Noninflammatory disorder of cervix uteri, unspecified', 'N09', 0),
(6298, 'N89', 'Other noninflammatory disorders of vagina', 'N09', 0),
(6299, 'N89.0', 'Mild vaginal dysplasia', 'N09', 0),
(6300, 'N89.1', 'Moderate vaginal dysplasia', 'N09', 0),
(6301, 'N89.2', 'Severe vaginal dysplasia, not elsewhere classified', 'N09', 0),
(6302, 'N89.3', 'Dysplasia of vagina, unspecified', 'N09', 0),
(6303, 'N89.4', 'Leukoplakia of vagina', 'N09', 0),
(6304, 'N89.5', 'Stricture and atresia of vagina', 'N09', 0),
(6305, 'N89.6', 'Tight hymenal ring', 'N09', 0),
(6306, 'N89.7', 'Haematocolpos', 'N09', 0),
(6307, 'N89.8', 'Other specified noninflammatory disorders of vagina', 'N09', 0),
(6308, 'N89.9', 'Noninflammatory disorder of vagina, unspecified', 'N09', 0),
(6309, 'N90', 'Other noninflammatory disorders of vulva and perineum', 'N09', 0),
(6310, 'N90.0', 'Mild vulvar dysplasia', 'N09', 0),
(6311, 'N90.1', 'Moderate vulvar dysplasia', 'N09', 0),
(6312, 'N90.2', 'Severe vulvar dysplasia, not elsewhere classified', 'N09', 0),
(6313, 'N90.3', 'Dysplasia of vulva, unspecified', 'N09', 0),
(6314, 'N90.4', 'Leukoplakia of vulva', 'N09', 0),
(6315, 'N90.5', 'Atrophy of vulva', 'N09', 0),
(6316, 'N90.6', 'Hypertrophy of vulva', 'N09', 0),
(6317, 'N90.7', 'Vulvar cyst', 'N09', 0),
(6318, 'N90.8', 'Other specified noninflammatory disorders of vulva and perineum', 'N09', 0),
(6319, 'N90.9', 'Noninflammatory disorder of vulva and perineum, unspecified', 'N09', 0),
(6320, 'N91', 'Absent, scanty and rare menstruation', 'N09', 0),
(6321, 'N91.0', 'Primary amenorrhoea', 'N09', 0),
(6322, 'N91.1', 'Secondary amenorrhoea', 'N09', 0),
(6323, 'N91.2', 'Amenorrhoea, unspecified', 'N09', 0),
(6324, 'N91.3', 'Primary oligomenorrhoea', 'N09', 0),
(6325, 'N91.4', 'Secondary oligomenorrhoea', 'N09', 0),
(6326, 'N91.5', 'Oligomenorrhoea, unspecified', 'N09', 0),
(6327, 'N92', 'Excessive, frequent and irregular menstruation', 'N09', 0),
(6328, 'N92.0', 'Excessive and frequent menstruation with regular cycle', 'N09', 0),
(6329, 'N92.1', 'Excessive and frequent menstruation with irregular cycle', 'N09', 0),
(6330, 'N92.2', 'Excessive menstruation at puberty', 'N09', 0),
(6331, 'N92.3', 'Ovulation bleeding', 'N09', 0),
(6332, 'N92.4', 'Excessive bleeding in the premenopausal period', 'N09', 0),
(6333, 'N92.5', 'Other specified irregular menstruation', 'N09', 0),
(6334, 'N92.6', 'Irregular menstruation, unspecified', 'N09', 0),
(6335, 'N93', 'Other abnormal uterine and vaginal bleeding', 'N09', 0),
(6336, 'N93.0', 'Postcoital and contact bleeding', 'N09', 0),
(6337, 'N93.8', 'Other specified abnormal uterine and vaginal bleeding', 'N09', 0),
(6338, 'N93.9', 'Abnormal uterine and vaginal bleeding, unspecified', 'N09', 0),
(6339, 'N94', 'Pain and other conditions associated with female genital organs andmenstrual cycle', 'N09', 0),
(6340, 'N94.0', 'Mittelschmerz', 'N09', 0),
(6341, 'N94.1', 'Dyspareunia', 'N09', 0),
(6342, 'N94.2', 'Vaginismus', 'N09', 0),
(6343, 'N94.3', 'Premenstrual tension syndrome', 'N09', 0),
(6344, 'N94.4', 'Primary dysmenorrhoea', 'N09', 0),
(6345, 'N94.5', 'Secondary dysmenorrhoea', 'N09', 0),
(6346, 'N94.6', 'Dysmenorrhoea, unspecified', 'N09', 0),
(6347, 'N94.8', 'Other specified conditions associated with female genital organs andmenstrual cycle', 'N09', 0),
(6348, 'N94.9', 'Unspecified condition associated with female genital organs andmenstrual cycle', 'N09', 0),
(6349, 'N95', 'Menopausal and other perimenopausal disorders', 'N09', 0),
(6350, 'N95.0', 'Postmenopausal bleeding', 'N09', 0),
(6351, 'N95.1', 'Menopausal and female climacteric states', 'N09', 0),
(6352, 'N95.2', 'Postmenopausal atrophic vaginitis', 'N09', 0),
(6353, 'N95.3', 'States associated with artificial menopause', 'N09', 0),
(6354, 'N95.8', 'Other specified menopausal and perimenopausal disorders', 'N09', 0),
(6355, 'N95.9', 'Menopausal and perimenopausal disorder, unspecified', 'N09', 0),
(6356, 'N96', 'Habitual aborter', 'N09', 0),
(6357, 'N97', 'Female infertility', 'N09', 0),
(6358, 'N97.0', 'Female infertility associated with anovulation', 'N09', 0),
(6359, 'N97.1', 'Female infertility of tubal origin', 'N09', 0),
(6360, 'N97.2', 'Female infertility of uterine origin', 'N09', 0),
(6361, 'N97.3', 'Female infertility of cervical origin', 'N09', 0),
(6362, 'N97.4', 'Female infertility associated with male factors', 'N09', 0),
(6363, 'N97.8', 'Female infertility of other origin', 'N09', 0),
(6364, 'N97.9', 'Female infertility, unspecified', 'N09', 0),
(6365, 'N98', 'Complications associated with artificial fertilization', 'N09', 0),
(6366, 'N98.0', 'Infection associated with artificial insemination', 'N09', 0),
(6367, 'N98.1', 'Hyperstimulation of ovaries', 'N09', 0),
(6368, 'N98.2', 'Complications of attempted introduction of fertilized ovum followingin vitro fertilization', 'N09', 0),
(6369, 'N98.3', 'Complications of attempted introduction of embryo in embryo transfer', 'N09', 0),
(6370, 'N98.8', 'Other complications associated with artificial fertilization', 'N09', 0),
(6371, 'N98.9', 'Complication associated with artificial fertilization, unspecified', 'N09', 0),
(6372, 'N99', 'Postprocedural disorders of genitourinary system, not elsewhereclassified', 'N10', 0),
(6373, 'N99.0', 'Postprocedural renal failure', 'N10', 0),
(6374, 'N99.1', 'Postprocedural urethral stricture', 'N10', 0),
(6375, 'N99.2', 'Postoperative adhesions of vagina', 'N10', 0),
(6376, 'N99.3', 'Prolapse of vaginal vault after hysterectomy', 'N10', 0),
(6377, 'N99.4', 'Postprocedural pelvic peritoneal adhesions', 'N10', 0),
(6378, 'N99.5', 'Malfunction of external stoma of urinary tract', 'N10', 0),
(6379, 'N99.8', 'Other postprocedural disorders of genitourinary system', 'N10', 0),
(6380, 'N99.9', 'Postprocedural disorder of genitourinary system, unspecified', 'N10', 0),
(6381, 'O00', 'Ectopic pregnancy', 'O00', 0),
(6382, 'O00.0', 'Abdominal pregnancy', 'O00', 0),
(6383, 'O00.1', 'Tubal pregnancy', 'O00', 0),
(6384, 'O00.2', 'Ovarian pregnancy', 'O00', 0),
(6385, 'O00.8', 'Other ectopic pregnancy', 'O00', 0),
(6386, 'O00.9', 'Ectopic pregnancy, unspecified', 'O00', 0),
(6387, 'O01', 'Hydatidiform mole', 'O00', 0),
(6388, 'O01.0', 'Classical hydatidiform mole', 'O00', 0),
(6389, 'O01.1', 'Incomplete and partial hydatidiform mole', 'O00', 0),
(6390, 'O01.9', 'Hydatidiform mole, unspecified', 'O00', 0),
(6391, 'O02', 'Other abnormal products of conception', 'O00', 0),
(6392, 'O02.0', 'Blighted ovum and nonhydatidiform mole', 'O00', 0),
(6393, 'O02.1', 'Missed abortion', 'O00', 0),
(6394, 'O02.8', 'Other specified abnormal products of conception', 'O00', 0),
(6395, 'O02.9', 'Abnormal product of conception, unspecified', 'O00', 0),
(6396, 'O03', 'Spontaneous abortion', 'O00', 0),
(6397, 'O03.0', 'Spontaneous abortion, incomplete, complicated by genital tract andpelvic infection', 'O00', 0),
(6398, 'O03.1', 'Spontaneous abortion, incomplete, complicated by delayed orexcessive haemorrhage', 'O00', 0),
(6399, 'O03.2', 'Spontaneous abortion, incomplete, complicated by embolism', 'O00', 0),
(6400, 'O03.3', 'Spontaenous abortion, incomplete, with other and unspecifiedcomplications', 'O00', 0),
(6401, 'O03.4', 'Spontaneous abortion, incomplete, without complication', 'O00', 0),
(6402, 'O03.5', 'Spontaneous abortion, complete or unspecified, complicated bygenital tract and pelvic infection', 'O00', 0),
(6403, 'O03.6', 'Spontaneous abortion, complete or unspecified, complicated bydelayed or excessive haemorrhage', 'O00', 0),
(6404, 'O03.7', 'Spontaneous abortion, complete or unspecified, complicated by embolism', 'O00', 0),
(6405, 'O03.8', 'Spontaneous abortion, complete or unspecified, with other andunspecified complications', 'O00', 0),
(6406, 'O03.9', 'Spontaneous abortion, complete or unspecified, without complication', 'O00', 0),
(6407, 'O04', 'Medical abortion', 'O00', 0),
(6408, 'O04.0', 'Medical abortion, incomplete, complicated by genital tract andpelvic infection', 'O00', 0),
(6409, 'O04.1', 'Medical abortion, incomplete, complicated by delayed or excessivehaemorrhage', 'O00', 0),
(6410, 'O04.2', 'Medical abortion, incomplete, complicated by embolism', 'O00', 0),
(6411, 'O04.3', 'Medical abortion, incomplete, with other and unspecifiedcomplications', 'O00', 0),
(6412, 'O04.4', 'Medical abortion, incomplete, without complication', 'O00', 0),
(6413, 'O04.5', 'Medical abortion, complete or unspecified, complicated by genitaltract and pelvic infection', 'O00', 0),
(6414, 'O04.6', 'Medical abortion, complete or unspecified, complicated by delayed orexcessive haemorrhage', 'O00', 0),
(6415, 'O04.7', 'Medical abortion, complete or unspecified, complicated by embolism', 'O00', 0),
(6416, 'O04.8', 'Medical abortion, complete or unspecified, with other andunspecified complications', 'O00', 0),
(6417, 'O04.9', 'Medical abortion, complete or unspecified, without complication', 'O00', 0),
(6418, 'O05', 'Other abortion', 'O00', 0),
(6419, 'O05.0', 'Other abortion, incomplete, complicated by genital tract and pelvicinfection', 'O00', 0),
(6420, 'O05.1', 'Other abortion, incomplete, complicated by delayed or excessivehaemorrhage', 'O00', 0),
(6421, 'O05.2', 'Other abortion, incomplete, complicated by embolism', 'O00', 0),
(6422, 'O05.3', 'Other abortion, incomplete, with other and unspecified complications', 'O00', 0),
(6423, 'O05.4', 'Other abortion, incomplete, without complication', 'O00', 0),
(6424, 'O05.5', 'Other abortion, complete or unspecified, complicated by genitaltract and pelvic infection', 'O00', 0),
(6425, 'O05.6', 'Other abortion, complete or unspecified, complicated by delayed orexcessive haemorrhage', 'O00', 0),
(6426, 'O05.7', 'Other abortion, complete or unspecified, complicated by embolism', 'O00', 0),
(6427, 'O05.8', 'Other abortion, complete or unspecified, with other and unspecifiedcomplications', 'O00', 0),
(6428, 'O05.9', 'Other abortion, complete or unspecified, without complication', 'O00', 0),
(6429, 'O06', 'Unspecified abortion', 'O00', 0),
(6430, 'O06.0', 'Unspecified abortion, incomplete, complicated by genital tract andpelvic infection', 'O00', 0),
(6431, 'O06.1', 'Unspecified abortion, incomplete, complicated by delayed orexcessive haemorrhage', 'O00', 0),
(6432, 'O06.2', 'Unspecified abortion, incomplete, complicated by embolism', 'O00', 0),
(6433, 'O06.3', 'Unspecified abortion, incomplete, with other and unspecifiedcomplications', 'O00', 0),
(6434, 'O06.4', 'Unspecified abortion, incomplete, without complication', 'O00', 0),
(6435, 'O06.5', 'Unspecified abortion, complete or unspecified, complicated bygenital tract and pelvic infection', 'O00', 0),
(6436, 'O06.6', 'Unspecified abortion, complete or unspecified, complicated bydelayed or excessive haemorrhage', 'O00', 0),
(6437, 'O06.7', 'Unspecified abortion, complete or unspecified, complicated byembolism', 'O00', 0),
(6438, 'O06.8', 'Unspecified abortion, complete or unspecified, with other andunspecified complications', 'O00', 0),
(6439, 'O06.9', 'Unspecified abortion, complete or unspecified, without complication', 'O00', 0),
(6440, 'O07', 'Failed attempted abortion', 'O00', 0),
(6441, 'O07.0', 'Failed medical abortion, complicated by genital tract and pelvicinfection', 'O00', 0),
(6442, 'O07.1', 'Failed medical abortion, complicated by delayed or excessivehaemorrhage', 'O00', 0),
(6443, 'O07.2', 'Failed medical abortion, complicated by embolism', 'O00', 0),
(6444, 'O07.3', 'Failed medical abortion, with other and unspecified complications', 'O00', 0),
(6445, 'O07.4', 'Failed medical abortion, without complication', 'O00', 0),
(6446, 'O07.5', 'Other and unspecified failed attempted abortion, complicated bygenital tract and pelvic infection', 'O00', 0),
(6447, 'O07.6', 'Other and unspecified failed attempted abortion, complicated bydelayed or excessive haemorrhage', 'O00', 0),
(6448, 'O07.7', 'Other and unspecified failed attempted abortion, complicated byembolism', 'O00', 0),
(6449, 'O07.8', 'Other and unspecified failed attempted abortion, with other andunspecified complications', 'O00', 0),
(6450, 'O07.9', 'Other and unspecified failed attempted abortion, withoutcomplication', 'O00', 0),
(6451, 'O08', 'Complications following abortion and ectopic and molar pregnancy', 'O00', 0),
(6452, 'O08.0', 'Genital tract and pelvic infection following abortion and ectopicand molar pregnancy', 'O00', 0),
(6453, 'O08.1', 'Delayed or excessive haemorrhage following abortion and ectopic andmolar pregnancy', 'O00', 0),
(6454, 'O08.2', 'Embolism following abortion and ectopic and molar pregnancy', 'O00', 0),
(6455, 'O08.3', 'Shock following abortion and ectopic and molar pregnancy', 'O00', 0),
(6456, 'O08.4', 'Renal failure following abortion and ectopic and molar pregnancy', 'O00', 0),
(6457, 'O08.5', 'Metabolic disorders following abortion and ectopic and molarpregnancy', 'O00', 0),
(6458, 'O08.6', 'Damage to pelvic organs and tissues following abortion and ectopicand molar pregnancy', 'O00', 0),
(6459, 'O08.7', 'Other venous complications following abortion and ectopic and molarpregnancy', 'O00', 0),
(6460, 'O08.8', 'Other complications following abortion and ectopic and molarpregnancy', 'O00', 0),
(6461, 'O08.9', 'Complication following abortion and ectopic and molar pregnancy,unspecified', 'O00', 0),
(6462, 'O10', 'Pre-existing hypertension complicating pregnancy, childbirth and thepuerperium', 'O01', 0),
(6463, 'O10.0', 'Pre-existing essential hypertension complicating pregnancy,childbirth and the puerperium', 'O01', 0),
(6464, 'O10.1', 'Pre-existing hypertensive heart disease complicating pregnancy,childbirth and the puerperium', 'O01', 0),
(6465, 'O10.2', 'Pre-existing hypertensive renal disease complicating pregnancy,childbirth and the puerperium', 'O01', 0),
(6466, 'O10.3', 'Pre-existing hypertensive heart and renal disease complicatingpregnancy, childbirth and the puerperi', 'O01', 0),
(6467, 'O10.4', 'Pre-existing secondary hypertension complicating pregnancy,childbirth and the puerperium', 'O01', 0),
(6468, 'O10.9', 'Unspecified pre-existing hypertension complicating pregnancy,childbirth and the puerperium', 'O01', 0),
(6469, 'O11', 'Pre-existing hypertensive disorder with superimposed proteinuria', 'O01', 0),
(6470, 'O12', 'Gestational [pregnancy-induced] oedema and proteinuria withouthypertension', 'O01', 0),
(6471, 'O12.0', 'Gestational oedema', 'O01', 0),
(6472, 'O12.1', 'Gestational proteinuria', 'O01', 0),
(6473, 'O12.2', 'Gestational oedema with proteinuria', 'O01', 0),
(6474, 'O13', 'Gestational [pregnancy-induced] hypertension without significantproteinuria', 'O01', 0),
(6475, 'O14', 'Gestational [pregnancy-induced] hypertension with significantproteinuria', 'O01', 0),
(6476, 'O14.0', 'Moderate pre-eclampsia', 'O01', 0),
(6477, 'O14.1', 'Severe pre-eclampsia', 'O01', 0),
(6478, 'O14.9', 'Pre-eclampsia, unspecified', 'O01', 0),
(6479, 'O15', 'Eclampsia', 'O01', 0),
(6480, 'O15.0', 'Eclampsia in pregnancy', 'O01', 0),
(6481, 'O15.1', 'Eclampsia in labour', 'O01', 0),
(6482, 'O15.2', 'Eclampsia in the puerperium', 'O01', 0),
(6483, 'O15.9', 'Eclampsia, unspecified as to time period', 'O01', 0),
(6484, 'O16', 'Unspecified maternal hypertension', 'O01', 0),
(6485, 'O20', 'Haemorrhage in early pregnancy', 'O02', 0),
(6486, 'O20.0', 'Threatened abortion', 'O02', 0),
(6487, 'O20.8', 'Other haemorrhage in early pregnancy', 'O02', 0),
(6488, 'O20.9', 'Haemorrhage in early pregnancy, unspecified', 'O02', 0),
(6489, 'O21', 'Excessive vomiting in pregnancy', 'O02', 0),
(6490, 'O21.0', 'Mild hyperemesis gravidarum', 'O02', 0),
(6491, 'O21.1', 'Hyperemesis gravidarum with metabolic disturbance', 'O02', 0),
(6492, 'O21.2', 'Late vomiting of pregnancy', 'O02', 0),
(6493, 'O21.8', 'Other vomiting complicating pregnancy', 'O02', 0),
(6494, 'O21.9', 'Vomiting of pregnancy, unspecified', 'O02', 0),
(6495, 'O22', 'Venous complications in pregnancy', 'O02', 0),
(6496, 'O22.0', 'Varicose veins of lower extremity in pregnancy', 'O02', 0),
(6497, 'O22.1', 'Genital varices in pregnancy', 'O02', 0),
(6498, 'O22.2', 'Superficial thrombophlebitis in pregnancy', 'O02', 0),
(6499, 'O22.3', 'Deep phlebothrombosis in pregnancy', 'O02', 0),
(6500, 'O22.4', 'Haemorrhoids in pregnancy', 'O02', 0),
(6501, 'O22.5', 'Cerebral venous thrombosis in pregnancy', 'O02', 0),
(6502, 'O22.8', 'Other venous complications in pregnancy', 'O02', 0),
(6503, 'O22.9', 'Venous complication in pregnancy, unspecified', 'O02', 0),
(6504, 'O23', 'Infections of genitourinary tract in pregnancy', 'O02', 0),
(6505, 'O23.0', 'Infections of kidney in pregnancy', 'O02', 0),
(6506, 'O23.1', 'Infections of bladder in pregnancy', 'O02', 0),
(6507, 'O23.2', 'Infections of urethra in pregnancy', 'O02', 0),
(6508, 'O23.3', 'Infections of other parts of urinary tract in pregnancy', 'O02', 0),
(6509, 'O23.4', 'Unspecified infection of urinary tract in pregnancy', 'O02', 0),
(6510, 'O23.5', 'Infections of the genital tract in pregnancy', 'O02', 0),
(6511, 'O23.9', 'Other and unspecified genitourinary tract infection in pregnancy', 'O02', 0),
(6512, 'O24', 'Diabetes mellitus in pregnancy', 'O02', 0),
(6513, 'O24.0', 'Pre-existing diabetes mellitus, insulin-dependent', 'O02', 0),
(6514, 'O24.1', 'Pre-existing diabetes mellitus, non-insulin-dependent', 'O02', 0),
(6515, 'O24.2', 'Pre-existing malnutrition-related diabetes mellitus', 'O02', 0),
(6516, 'O24.3', 'Pre-existing diabetes mellitus, unspecified', 'O02', 0),
(6517, 'O24.4', 'Diabetes mellitus arising in pregnancy', 'O02', 0),
(6518, 'O24.9', 'Diabetes mellitus in pregnancy, unspecified', 'O02', 0),
(6519, 'O25', 'Malnutrition in pregnancy', 'O02', 0),
(6520, 'O26', 'Maternal care for other conditions predominantly related topregnancy', 'O02', 0),
(6521, 'O26.0', 'Excessive weight gain in pregnancy', 'O02', 0),
(6522, 'O26.1', 'Low weight gain in pregnancy', 'O02', 0),
(6523, 'O26.2', 'Pregnancy care of habitual aborter', 'O02', 0),
(6524, 'O26.3', 'Retained intrauterine contraceptive device in pregnancy', 'O02', 0),
(6525, 'O26.4', 'Herpes gestationis', 'O02', 0),
(6526, 'O26.5', 'Maternal hypotension syndrome', 'O02', 0),
(6527, 'O26.6', 'Liver disorders in pregnancy, childbirth and the puerperium', 'O02', 0),
(6528, 'O26.7', 'Subluxation of symphysis (pubis) in pregnancy, childbirth and thepuerperium', 'O02', 0),
(6529, 'O26.8', 'Other specified pregnancy-related conditions', 'O02', 0),
(6530, 'O26.9', 'Pregnancy-related condition, unspecified', 'O02', 0),
(6531, 'O28', 'Abnormal findings on antenatal screening of mother', 'O02', 0),
(6532, 'O28.0', 'Abnormal haematological finding on antenatal screening of mother', 'O02', 0),
(6533, 'O28.1', 'Abnormal biochemical finding on antenatal screening of mother', 'O02', 0),
(6534, 'O28.2', 'Abnormal cytological finding on antenatal screening of mother', 'O02', 0),
(6535, 'O28.3', 'Abnormal ultrasonic finding on antenatal screening of mother', 'O02', 0),
(6536, 'O28.4', 'Abnormal radiological finding on antenatal screening of mother', 'O02', 0),
(6537, 'O28.5', 'Abnormal chromosomal and genetic finding on antenatal screening ofmother', 'O02', 0),
(6538, 'O28.8', 'Other abnormal findings on antenatal screening of mother', 'O02', 0),
(6539, 'O28.9', 'Abnormal finding on antenatal screening of mother, unspecified', 'O02', 0),
(6540, 'O29', 'Complications of anaesthesia during pregnancy', 'O02', 0),
(6541, 'O29.0', 'Pulmonary complications of anaesthesia during pregnancy', 'O02', 0),
(6542, 'O29.1', 'Cardiac complications of anaesthesia during pregnancy', 'O02', 0),
(6543, 'O29.2', 'Central nervous system complications of anaesthesia during pregnancy', 'O02', 0),
(6544, 'O29.3', 'Toxic reaction to local anaesthesia during pregnancy', 'O02', 0),
(6545, 'O29.4', 'Spinal and epidural anaesthesia-induced headache during pregnancy', 'O02', 0),
(6546, 'O29.5', 'Other complications of spinal and epidural anaesthesia duringpregnancy', 'O02', 0),
(6547, 'O29.6', 'Failed or difficult intubation during pregnancy', 'O02', 0),
(6548, 'O29.8', 'Other complications of anaesthesia during pregnancy', 'O02', 0),
(6549, 'O29.9', 'Complication of anaesthesia during pregnancy, unspecified', 'O02', 0),
(6550, 'O30', 'Multiple gestation', 'O03', 0),
(6551, 'O30.0', 'Twin pregnancy', 'O03', 0),
(6552, 'O30.1', 'Triplet pregnancy', 'O03', 0),
(6553, 'O30.2', 'Quadruplet pregnancy', 'O03', 0),
(6554, 'O30.8', 'Other multiple gestation', 'O03', 0),
(6555, 'O30.9', 'Multiple gestation, unspecified', 'O03', 0),
(6556, 'O31', 'Complications specific to multiple gestation', 'O03', 0),
(6557, 'O31.0', 'Papyraceous fetus', 'O03', 0),
(6558, 'O31.1', 'Continuing pregnancy after abortion of one fetus or more', 'O03', 0),
(6559, 'O31.2', 'Continuing pregnancy after intrauterine death of one fetus or more', 'O03', 0),
(6560, 'O31.8', 'Other complications specific to multiple gestation', 'O03', 0),
(6561, 'O32', 'Maternal care for known or suspected malpresentation of fetus', 'O03', 0),
(6562, 'O32.0', 'Maternal care for unstable lie', 'O03', 0),
(6563, 'O32.1', 'Maternal care for breech presentation', 'O03', 0),
(6564, 'O32.2', 'Maternal care for transverse and oblique lie', 'O03', 0),
(6565, 'O32.3', 'Maternal care for face, brow and chin presentation', 'O03', 0),
(6566, 'O32.4', 'Maternal care for high head at term', 'O03', 0),
(6567, 'O32.5', 'Maternal care for multiple gestation with malpresentation of onefetus or more', 'O03', 0),
(6568, 'O32.6', 'Maternal care for compound presentation', 'O03', 0),
(6569, 'O32.8', 'Maternal care for other malpresentation of fetus', 'O03', 0),
(6570, 'O32.9', 'Maternal care for malpresentation of fetus, unspecified', 'O03', 0),
(6571, 'O33', 'Maternal care for known or suspected disproportion', 'O03', 0),
(6572, 'O33.0', 'Maternal care for disproportion due to deformity of maternal pelvicbones', 'O03', 0),
(6573, 'O33.1', 'Maternal care for disproportion due to generally contracted pelvis', 'O03', 0),
(6574, 'O33.2', 'Maternal care for disproportion due to inlet contraction of pelvis', 'O03', 0),
(6575, 'O33.3', 'Maternal care for disproportion due to outlet contraction of pelvis', 'O03', 0),
(6576, 'O33.4', 'Maternal care for disproportion of mixed maternal and fetal origin', 'O03', 0),
(6577, 'O33.5', 'Maternal care for disproportion due to unusually large fetus', 'O03', 0),
(6578, 'O33.6', 'Maternal care for disproportion due to hydrocephalic fetus', 'O03', 0),
(6579, 'O33.7', 'Maternal care for disproportion due to other fetal deformities', 'O03', 0),
(6580, 'O33.8', 'Maternal care for disproportion of other origin', 'O03', 0),
(6581, 'O33.9', 'Maternal care for disproportion, unspecified', 'O03', 0),
(6582, 'O34', 'Maternal care for known or suspected abnormality of pelvic organs', 'O03', 0),
(6583, 'O34.0', 'Maternal care for congenital malformation of uterus', 'O03', 0),
(6584, 'O34.1', 'Maternal care for tumour of corpus uteri', 'O03', 0),
(6585, 'O34.2', 'Maternal care due to uterine scar from previous surgery', 'O03', 0),
(6586, 'O34.3', 'Maternal care for cervical incompetence', 'O03', 0),
(6587, 'O34.4', 'Maternal care for other abnormalities of cervix', 'O03', 0),
(6588, 'O34.5', 'Maternal care for other abnormalities of gravid uterus', 'O03', 0),
(6589, 'O34.6', 'Maternal care for abnormality of vagina', 'O03', 0),
(6590, 'O34.7', 'Maternal care for abnormality of vulva and perineum', 'O03', 0),
(6591, 'O34.8', 'Maternal care for other abnormalities of pelvic organs', 'O03', 0),
(6592, 'O34.9', 'Maternal care for abnormality of pelvic organ, unspecified', 'O03', 0),
(6593, 'O35', 'Maternal care for known or suspected fetal abnormality and damage', 'O03', 0),
(6594, 'O35.0', 'Maternal care for (suspected) central nervous system malformation infetus', 'O03', 0),
(6595, 'O35.1', 'Maternal care for (suspected) chromosomal abnormality in fetus', 'O03', 0),
(6596, 'O35.2', 'Maternal care for (suspected) hereditary disease in fetus', 'O03', 0),
(6597, 'O35.3', 'Maternal care for (suspected) damage to fetus from viral disease inmother', 'O03', 0),
(6598, 'O35.4', 'Maternal care for (suspected) damage to fetus from alcohol', 'O03', 0),
(6599, 'O35.5', 'Maternal care for (suspected) damage to fetus by drugs', 'O03', 0),
(6600, 'O35.6', 'Maternal care for (suspected) damage to fetus by radiation', 'O03', 0),
(6601, 'O35.7', 'Maternal care for (suspected) damage to fetus by other medicalprocedures', 'O03', 0),
(6602, 'O35.8', 'Maternal care for other (suspected) fetal abnormality and damage', 'O03', 0),
(6603, 'O35.9', 'Maternal care for (suspected) fetal abnormality and damage,unspecified', 'O03', 0),
(6604, 'O36', 'Maternal care for other known or suspected fetal problems', 'O03', 0),
(6605, 'O36.0', 'Maternal care for rhesus isoimmunization', 'O03', 0),
(6606, 'O36.1', 'Maternal care for other isoimmunization', 'O03', 0),
(6607, 'O36.2', 'Maternal care for hydrops fetalis', 'O03', 0),
(6608, 'O36.3', 'Maternal care for signs of fetal hypoxia', 'O03', 0),
(6609, 'O36.4', 'Maternal care for intrauterine death', 'O03', 0),
(6610, 'O36.5', 'Maternal care for poor fetal growth', 'O03', 0),
(6611, 'O36.6', 'Maternal care for excessive fetal growth', 'O03', 0),
(6612, 'O36.7', 'Maternal care for viable fetus in abdominal pregnancy', 'O03', 0),
(6613, 'O36.8', 'Maternal care for other specified fetal problems', 'O03', 0),
(6614, 'O36.9', 'Maternal care for fetal problem, unspecified', 'O03', 0),
(6615, 'O40', 'Polyhydramnios', 'O03', 0),
(6616, 'O41', 'Other disorders of amniotic fluid and membranes', 'O03', 0),
(6617, 'O41.0', 'Oligohydramnios', 'O03', 0),
(6618, 'O41.1', 'Infection of amniotic sac and membranes', 'O03', 0),
(6619, 'O41.8', 'Other specified disorders of amniotic fluid and membranes', 'O03', 0),
(6620, 'O41.9', 'Disorder of amniotic fluid and membranes, unspecified', 'O03', 0),
(6621, 'O42', 'Premature rupture of membranes', 'O03', 0),
(6622, 'O42.0', 'Premature rupture of membranes, onset of labour within 24 hours', 'O03', 0),
(6623, 'O42.1', 'Premature rupture of membranes, onset of labour after 24 hours', 'O03', 0),
(6624, 'O42.2', 'Premature rupture of membranes, labour delayed by therapy', 'O03', 0),
(6625, 'O42.9', 'Premature rupture of membranes, unspecified', 'O03', 0),
(6626, 'O43', 'Placental disorders', 'O03', 0),
(6627, 'O43.0', 'Placental transfusion syndromes', 'O03', 0),
(6628, 'O43.1', 'Malformation of placenta', 'O03', 0),
(6629, 'O43.8', 'Other placental disorders', 'O03', 0),
(6630, 'O43.9', 'Placental disorder, unspecified', 'O03', 0),
(6631, 'O44', 'Placenta praevia', 'O03', 0),
(6632, 'O44.0', 'Placenta praevia specified as without haemorrhage', 'O03', 0),
(6633, 'O44.1', 'Placenta praevia with haemorrhage', 'O03', 0),
(6634, 'O45', 'Premature separation of placenta [abruptio placentae]', 'O03', 0),
(6635, 'O45.0', 'Premature separation of placenta with coagulation defect', 'O03', 0),
(6636, 'O45.8', 'Other premature separation of placenta', 'O03', 0),
(6637, 'O45.9', 'Premature separation of placenta, unspecified', 'O03', 0),
(6638, 'O46', 'Antepartum haemorrhage, not elsewhere classified', 'O03', 0),
(6639, 'O46.0', 'Antepartum haemorrhage with coagulation defect', 'O03', 0),
(6640, 'O46.8', 'Other antepartum haemorrhage', 'O03', 0),
(6641, 'O46.9', 'Antepartum haemorrhage, unspecified', 'O03', 0),
(6642, 'O47', 'False labour', 'O03', 0),
(6643, 'O47.0', 'False labour before 37 completed weeks of gestation', 'O03', 0),
(6644, 'O47.1', 'False labour at or after 37 completed weeks of gestation', 'O03', 0),
(6645, 'O47.9', 'False labour, unspecified', 'O03', 0),
(6646, 'O48', 'Prolonged pregnancy', 'O03', 0),
(6647, 'O60', 'Preterm delivery', 'O04', 0),
(6648, 'O61', 'Failed induction of labour', 'O04', 0),
(6649, 'O61.0', 'Failed medical induction of labour', 'O04', 0),
(6650, 'O61.1', 'Failed instrumental induction of labour', 'O04', 0),
(6651, 'O61.8', 'Other failed induction of labour', 'O04', 0),
(6652, 'O61.9', 'Failed induction of labour, unspecified', 'O04', 0),
(6653, 'O62', 'Abnormalities of forces of labour', 'O04', 0),
(6654, 'O62.0', 'Primary inadequate contractions', 'O04', 0),
(6655, 'O62.1', 'Secondary uterine inertia', 'O04', 0),
(6656, 'O62.2', 'Other uterine inertia', 'O04', 0),
(6657, 'O62.3', 'Precipitate labour', 'O04', 0),
(6658, 'O62.4', 'Hypertonic, incoordinate, and prolonged uterine contractions', 'O04', 0),
(6659, 'O62.8', 'Other abnormalities of forces of labour', 'O04', 0),
(6660, 'O62.9', 'Abnormality of forces of labour, unspecified', 'O04', 0),
(6661, 'O63', 'Long labour', 'O04', 0),
(6662, 'O63.0', 'Prolonged first stage (of labour)', 'O04', 0),
(6663, 'O63.1', 'Prolonged second stage (of labour)', 'O04', 0),
(6664, 'O63.2', 'Delayed delivery of second twin, triplet, etc.', 'O04', 0),
(6665, 'O63.9', 'Long labour, unspecified', 'O04', 0),
(6666, 'O64', 'Obstructed labour due to malposition and malpresentation of fetus', 'O04', 0),
(6667, 'O64.0', 'Obstructed labour due to incomplete rotation of fetal head', 'O04', 0),
(6668, 'O64.1', 'Obstructed labour due to breech presentation', 'O04', 0),
(6669, 'O64.2', 'Obstructed labour due to face presentation', 'O04', 0),
(6670, 'O64.3', 'Obstructed labour due to brow presentation', 'O04', 0),
(6671, 'O64.4', 'Obstructed labour due to shoulder presentation', 'O04', 0),
(6672, 'O64.5', 'Obstructed labour due to compound presentation', 'O04', 0),
(6673, 'O64.8', 'Obstructed labour due to other malposition and malpresentation', 'O04', 0),
(6674, 'O64.9', 'Obstructed labour due to malposition and malpresentation,unspecified', 'O04', 0),
(6675, 'O65', 'Obstructed labour due to maternal pelvic abnormality', 'O04', 0),
(6676, 'O65.0', 'Obstructed labour due to deformed pelvis', 'O04', 0),
(6677, 'O65.1', 'Obstructed labour due to generally contracted pelvis', 'O04', 0),
(6678, 'O65.2', 'Obstructed labour due to pelvic inlet contraction', 'O04', 0),
(6679, 'O65.3', 'Obstructed labour due to pelvic outlet and mid-cavity contraction', 'O04', 0),
(6680, 'O65.4', 'Obstructed labour due to fetopelvic disproportion, unspecified', 'O04', 0),
(6681, 'O65.5', 'Obstructed labour due to abnormality of maternal pelvic organs', 'O04', 0),
(6682, 'O65.8', 'Obstructed labour due to other maternal pelvic abnormalities', 'O04', 0),
(6683, 'O65.9', 'Obstructed labour due to maternal pelvic abnormality, unspecified', 'O04', 0),
(6684, 'O66', 'Other obstructed labour', 'O04', 0),
(6685, 'O66.0', 'Obstructed labour due to shoulder dystocia', 'O04', 0),
(6686, 'O66.1', 'Obstructed labour due to locked twins', 'O04', 0),
(6687, 'O66.2', 'Obstructed labour due to unusually large fetus', 'O04', 0),
(6688, 'O66.3', 'Obstructed labour due to other abnormalities of fetus', 'O04', 0),
(6689, 'O66.4', 'Failed trial of labour, unspecified', 'O04', 0),
(6690, 'O66.5', 'Failed application of vacuum extractor and forceps, unspecified', 'O04', 0),
(6691, 'O66.8', 'Other specified obstructed labour', 'O04', 0),
(6692, 'O66.9', 'Obstructed labour, unspecified', 'O04', 0),
(6693, 'O67', 'Labour and delivery complicated by intrapartum haemorrhage, notelsewhere classified', 'O04', 0),
(6694, 'O67.0', 'Intrapartum haemorrhage with coagulation defect', 'O04', 0),
(6695, 'O67.8', 'Other intrapartum haemorrhage', 'O04', 0),
(6696, 'O67.9', 'Intrapartum haemorrhage, unspecified', 'O04', 0),
(6697, 'O68', 'Labour and delivery complicated by fetal stress [distress]', 'O04', 0),
(6698, 'O68.0', 'Labour and delivery complicated by fetal heart rate anomaly', 'O04', 0),
(6699, 'O68.1', 'Labour and delivery complicated by meconium in amniotic fluid', 'O04', 0),
(6700, 'O68.2', 'Labour and delivery complicated by fetal heart rate anomaly withmeconium in amniotic fluid', 'O04', 0),
(6701, 'O68.3', 'Labour and delivery complicated by biochemical evidence of fetalstress', 'O04', 0),
(6702, 'O68.8', 'Labour and delivery complicated by other evidence of fetal stress', 'O04', 0),
(6703, 'O68.9', 'Labour and delivery complicated by fetal stress, unspecified', 'O04', 0),
(6704, 'O69', 'Labour and delivery complicated by umbilical cord complications', 'O04', 0),
(6705, 'O69.0', 'Labour and delivery complicated by prolapse of cord', 'O04', 0),
(6706, 'O69.1', 'Labour and delivery complicated by cord around neck, withcompression', 'O04', 0),
(6707, 'O69.2', 'Labour and delivery complicated by other cord entanglement', 'O04', 0),
(6708, 'O69.3', 'Labour and delivery complicated by short cord', 'O04', 0),
(6709, 'O69.4', 'Labour and delivery complicated by vasa praevia', 'O04', 0),
(6710, 'O69.5', 'Labour and delivery complicated by vascular lesion of cord', 'O04', 0),
(6711, 'O69.8', 'Labour and delivery complicated by other cord complications', 'O04', 0),
(6712, 'O69.9', 'Labour and delivery complicated by cord complication, unspecified', 'O04', 0),
(6713, 'O70', 'Perineal laceration during delivery', 'O04', 0),
(6714, 'O70.0', 'First degree perineal laceration during delivery', 'O04', 0),
(6715, 'O70.1', 'Second degree perineal laceration during delivery', 'O04', 0),
(6716, 'O70.2', 'Third degree perineal laceration during delivery', 'O04', 0),
(6717, 'O70.3', 'Fourth degree perineal laceration during delivery', 'O04', 0),
(6718, 'O70.9', 'Perineal laceration during delivery, unspecified', 'O04', 0),
(6719, 'O71', 'Other obstetric trauma', 'O04', 0),
(6720, 'O71.0', 'Rupture of uterus before onset of labour', 'O04', 0),
(6721, 'O71.1', 'Rupture of uterus during labour', 'O04', 0),
(6722, 'O71.2', 'Postpartum inversion of uterus', 'O04', 0),
(6723, 'O71.3', 'Obstetric laceration of cervix', 'O04', 0),
(6724, 'O71.4', 'Obstetric high vaginal laceration alone', 'O04', 0),
(6725, 'O71.5', 'Other obstetric injury to pelvic organs', 'O04', 0),
(6726, 'O71.6', 'Obstetric damage to pelvic joints and ligaments', 'O04', 0),
(6727, 'O71.7', 'Obstetric haematoma of pelvis', 'O04', 0),
(6728, 'O71.8', 'Other specified obstetric trauma', 'O04', 0),
(6729, 'O71.9', 'Obstetric trauma, unspecified', 'O04', 0),
(6730, 'O72', 'Postpartum haemorrhage', 'O04', 0),
(6731, 'O72.0', 'Third-stage haemorrhage', 'O04', 0),
(6732, 'O72.1', 'Other immediate postpartum haemorrhage', 'O04', 0),
(6733, 'O72.2', 'Delayed and secondary postpartum haemorrhage', 'O04', 0),
(6734, 'O72.3', 'Postpartum coagulation defects', 'O04', 0),
(6735, 'O73', 'Retained placenta and membranes, without haemorrhage', 'O04', 0),
(6736, 'O73.0', 'Retained placenta without haemorrhage', 'O04', 0),
(6737, 'O73.1', 'Retained portions of placenta and membranes, without haemorrhage', 'O04', 0),
(6738, 'O74', 'Complications of anaesthesia during labour and delivery', 'O04', 0),
(6739, 'O74.0', 'Aspiration pneumonitis due to anaesthesia during labour and delivery', 'O04', 0),
(6740, 'O74.1', 'Other pulmonary complications of anaesthesia during labour anddelivery', 'O04', 0),
(6741, 'O74.2', 'Cardiac complications of anaesthesia during labour and delivery', 'O04', 0),
(6742, 'O74.3', 'Central nervous system complications of anaesthesia during labourand delivery', 'O04', 0),
(6743, 'O74.4', 'Toxic reaction to local anaesthesia during labour and delivery', 'O04', 0),
(6744, 'O74.5', 'Spinal and epidural anaesthesia-induced headache during labour anddelivery', 'O04', 0),
(6745, 'O74.6', 'Other complications of spinal and epidural anaesthesia during labourand delivery', 'O04', 0),
(6746, 'O74.7', 'Failed or difficult intubation during labour and delivery', 'O04', 0),
(6747, 'O74.8', 'Other complications of anaesthesia during labour and delivery', 'O04', 0),
(6748, 'O74.9', 'Complication of anaesthesia during labour and delivery, unspecified', 'O04', 0),
(6749, 'O75', 'Other complications of labour and delivery, not elsewhere classified', 'O04', 0),
(6750, 'O75.0', 'Maternal distress during labour and delivery', 'O04', 0),
(6751, 'O75.1', 'Shock during or following labour and delivery', 'O04', 0),
(6752, 'O75.2', 'Pyrexia during labour, not elsewhere classified', 'O04', 0),
(6753, 'O75.3', 'Other infection during labour', 'O04', 0),
(6754, 'O75.4', 'Other complications of obstetric surgery and procedures', 'O04', 0),
(6755, 'O75.5', 'Delayed delivery after artificial rupture of membranes', 'O04', 0),
(6756, 'O75.6', 'Delayed delivery after spontaneous or unspecified rupture ofmembranes', 'O04', 0),
(6757, 'O75.7', 'Vaginal delivery following previous caesarean section', 'O04', 0),
(6758, 'O75.8', 'Other specified complications of labour and delivery', 'O04', 0),
(6759, 'O75.9', 'Complication of labour and delivery, unspecified', 'O04', 0),
(6760, 'O80', 'Single spontaneous delivery', 'O05', 0),
(6761, 'O80.0', 'Spontaneous vertex delivery', 'O05', 0),
(6762, 'O80.1', 'Spontaneous breech delivery', 'O05', 0),
(6763, 'O80.8', 'Other single spontaneous delivery', 'O05', 0),
(6764, 'O80.9', 'Single spontaneous delivery, unspecified', 'O05', 0),
(6765, 'O81', 'Single delivery by forceps and vacuum extractor', 'O05', 0),
(6766, 'O81.0', 'Low forceps delivery', 'O05', 0),
(6767, 'O81.1', 'Mid-cavity forceps delivery', 'O05', 0),
(6768, 'O81.2', 'Mid-cavity forceps with rotation', 'O05', 0),
(6769, 'O81.3', 'Other and unspecified forceps delivery', 'O05', 0),
(6770, 'O81.4', 'Vacuum extractor delivery', 'O05', 0),
(6771, 'O81.5', 'Delivery by combination of forceps and vacuum extractor', 'O05', 0),
(6772, 'O82', 'Single delivery by caesarean section', 'O05', 0),
(6773, 'O82.0', 'Delivery by elective caesarean section', 'O05', 0),
(6774, 'O82.1', 'Delivery by emergency caesarean section', 'O05', 0),
(6775, 'O82.2', 'Delivery by caesarean hysterectomy', 'O05', 0),
(6776, 'O82.8', 'Other single delivery by caesarean section', 'O05', 0),
(6777, 'O82.9', 'Delivery by caesarean section, unspecified', 'O05', 0),
(6778, 'O83', 'Other assisted single delivery', 'O05', 0),
(6779, 'O83.0', 'Breech extraction', 'O05', 0),
(6780, 'O83.1', 'Other assisted breech delivery', 'O05', 0),
(6781, 'O83.2', 'Other manipulation-assisted delivery', 'O05', 0),
(6782, 'O83.3', 'Delivery of viable fetus in abdominal pregnancy', 'O05', 0),
(6783, 'O83.4', 'Destructive operation for delivery', 'O05', 0),
(6784, 'O83.8', 'Other specified assisted single delivery', 'O05', 0),
(6785, 'O83.9', 'Assisted single delivery, unspecified', 'O05', 0),
(6786, 'O84', 'Multiple delivery', 'O05', 0),
(6787, 'O84.0', 'Multiple delivery, all spontaneous', 'O05', 0),
(6788, 'O84.1', 'Multiple delivery, all by forceps and vacuum extractor', 'O05', 0),
(6789, 'O84.2', 'Multiple delivery, all by caesarean section', 'O05', 0),
(6790, 'O84.8', 'Other multiple delivery', 'O05', 0),
(6791, 'O84.9', 'Multiple delivery, unspecified', 'O05', 0),
(6792, 'O85', 'Puerperal sepsis', 'O06', 0),
(6793, 'O86', 'Other puerperal infections', 'O06', 0),
(6794, 'O86.0', 'Infection of obstetric surgical wound', 'O06', 0),
(6795, 'O86.1', 'Other infection of genital tract following delivery', 'O06', 0),
(6796, 'O86.2', 'Urinary tract infection following delivery', 'O06', 0),
(6797, 'O86.3', 'Other genitourinary tract infections following delivery', 'O06', 0),
(6798, 'O86.4', 'Pyrexia of unknown origin following delivery', 'O06', 0),
(6799, 'O86.8', 'Other specified puerperal infections', 'O06', 0),
(6800, 'O87', 'Venous complications in the puerperium', 'O06', 0),
(6801, 'O87.0', 'Superficial thrombophlebitis in the puerperium', 'O06', 0),
(6802, 'O87.1', 'Deep phlebothrombosis in the puerperium', 'O06', 0),
(6803, 'O87.2', 'Haemorrhoids in the puerperium', 'O06', 0),
(6804, 'O87.3', 'Cerebral venous thrombosis in the puerperium', 'O06', 0),
(6805, 'O87.8', 'Other venous complications in the puerperium', 'O06', 0),
(6806, 'O87.9', 'Venous complication in the puerperium, unspecified', 'O06', 0),
(6807, 'O88', 'Obstetric embolism', 'O06', 0),
(6808, 'O88.0', 'Obstetric air embolism', 'O06', 0),
(6809, 'O88.1', 'Amniotic fluid embolism', 'O06', 0),
(6810, 'O88.2', 'Obstetric blood-clot embolism', 'O06', 0),
(6811, 'O88.3', 'Obstetric pyaemic and septic embolism', 'O06', 0),
(6812, 'O88.8', 'Other obstetric embolism', 'O06', 0),
(6813, 'O89', 'Complications of anaesthesia during the puerperium', 'O06', 0),
(6814, 'O89.0', 'Pulmonary complications of anaesthesia during the puerperium', 'O06', 0),
(6815, 'O89.1', 'Cardiac complications of anaesthesia during the puerperium', 'O06', 0),
(6816, 'O89.2', 'Central nervous system complications of anaesthesia during thepuerperium', 'O06', 0),
(6817, 'O89.3', 'Toxic reaction to local anaesthesia during the puerperium', 'O06', 0),
(6818, 'O89.4', 'Spinal and epidural anaesthesia-induced headache during thepuerperium', 'O06', 0),
(6819, 'O89.5', 'Other complications of spinal and epidural anaesthesia during thepuerperium', 'O06', 0),
(6820, 'O89.6', 'Failed or difficult intubation during the puerperium', 'O06', 0),
(6821, 'O89.8', 'Other complications of anaesthesia during the puerperium', 'O06', 0),
(6822, 'O89.9', 'Complication of anaesthesia during the puerperium, unspecified', 'O06', 0),
(6823, 'O90', 'Complications of the puerperium, not elsewhere classified', 'O06', 0),
(6824, 'O90.0', 'Disruption of caesarean section wound', 'O06', 0),
(6825, 'O90.1', 'Disruption of perineal obstetric wound', 'O06', 0),
(6826, 'O90.2', 'Haematoma of obstetric wound', 'O06', 0),
(6827, 'O90.3', 'Cardiomyopathy in the puerperium', 'O06', 0),
(6828, 'O90.4', 'Postpartum acute renal failure', 'O06', 0),
(6829, 'O90.5', 'Postpartum thyroiditis', 'O06', 0),
(6830, 'O90.8', 'Other complications of the puerperium, not elsewhere classified', 'O06', 0),
(6831, 'O90.9', 'Complication of the puerperium, unspecified', 'O06', 0),
(6832, 'O91', 'Infections of breast associated with childbirth', 'O06', 0),
(6833, 'O91.0', 'Infection of nipple associated with childbirth', 'O06', 0),
(6834, 'O91.1', 'Abscess of breast associated with childbirth', 'O06', 0),
(6835, 'O91.2', 'Nonpurulent mastitis associated with childbirth', 'O06', 0),
(6836, 'O92', 'Other disorders of breast and lactation associated with childbirth', 'O06', 0),
(6837, 'O92.0', 'Retracted nipple associated with childbirth', 'O06', 0),
(6838, 'O92.1', 'Cracked nipple associated with childbirth', 'O06', 0),
(6839, 'O92.2', 'Other and unspecified disorders of breast associated with childbirth', 'O06', 0),
(6840, 'O92.3', 'Agalactia', 'O06', 0),
(6841, 'O92.4', 'Hypogalactia', 'O06', 0),
(6842, 'O92.5', 'Suppressed lactation', 'O06', 0),
(6843, 'O92.6', 'Galactorrhoea', 'O06', 0),
(6844, 'O92.7', 'Other and unspecified disorders of lactation', 'O06', 0),
(6845, 'O95', 'Obstetric death of unspecified cause', 'O07', 0),
(6846, 'O96', 'Death from any obstetric cause occurring more than 42 days but lessthan one year after delivery', 'O07', 0),
(6847, 'O97', 'Death from sequelae of direct obstetric causes', 'O07', 0),
(6848, 'O98', 'Maternal infectious and parasitic diseases classifiable elsewherebut complicating pregnancy, childbi', 'O07', 0),
(6849, 'O98.0', 'Tuberculosis complicating pregnancy, childbirth and the puerperium', 'O07', 0),
(6850, 'O98.1', 'Syphilis complicating pregnancy, childbirth and the puerperium', 'O07', 0),
(6851, 'O98.2', 'Gonorrhoea complicating pregnancy, childbirth and the puerperium', 'O07', 0),
(6852, 'O98.3', 'Other infections with a predominantly sexual mode of transmissioncomplicating pregnancy, childbirth', 'O07', 0),
(6853, 'O98.4', 'Viral hepatitis complicating pregnancy, childbirth and thepuerperium', 'O07', 0),
(6854, 'O98.5', 'Other viral diseases complicating pregnancy, childbirth and thepuerperium', 'O07', 0),
(6855, 'O98.6', 'Protozoal diseases complicating pregnancy, childbirth and thepuerperium', 'O07', 0),
(6856, 'O98.8', 'Other maternal infectious and parasitic diseases complicatingpregnancy, childbirth and the puerperiu', 'O07', 0);
INSERT INTO `icd_penyakit` (`id`, `kode_penyakit`, `nama_penyakit`, `subkelompok`, `dtd_id`) VALUES
(6857, 'O98.9', 'Unspecified maternal infectious or parasitic disease complicatingpregnancy, childbirth and the puerp', 'O07', 0),
(6858, 'O99', 'Other maternal diseases classifiable elsewhere but complicatingpregnancy, childbirth and the puerper', 'O07', 0),
(6859, 'O99.0', 'Anaemia complicating pregnancy, childbirth and the puerperium', 'O07', 0),
(6860, 'O99.1', 'Other diseases of the blood and blood-forming organs and certaindisorders involving the immune mecha', 'O07', 0),
(6861, 'O99.2', 'Endocrine, nutritional and metabolic diseases complicatingpregnancy, childbirth and the puerperium', 'O07', 0),
(6862, 'O99.3', 'Mental disorders and diseases of the nervous system complicatingpregnancy, childbirth and the puerpe', 'O07', 0),
(6863, 'O99.4', 'Diseases of the circulatory system complicating pregnancy,childbirth and the puerperium', 'O07', 0),
(6864, 'O99.5', 'Diseases of the respiratory system complicating pregnancy,childbirth and the puerperium', 'O07', 0),
(6865, 'O99.6', 'Diseases of the digestive system complicating pregnancy, childbirthand the puerperium', 'O07', 0),
(6866, 'O99.7', 'Diseases of the skin and subcutaneous tissue complicating pregnancy,childbirth and the puerperium', 'O07', 0),
(6867, 'O99.8', 'Other specified diseases and conditions complicating pregnancy,childbirth and the puerperium', 'O07', 0),
(6868, 'P00', 'Fetus and newborn affected by maternal conditions that may beunrelated to present pregnancy', 'P00', 0),
(6869, 'P00.0', 'Fetus and newborn affected by maternal hypertensive disorders', 'P00', 0),
(6870, 'P00.1', 'Fetus and newborn affected by maternal renal and urinary tractdiseases', 'P00', 0),
(6871, 'P00.2', 'Fetus and newborn affected by maternal infectious and parasiticdiseases', 'P00', 0),
(6872, 'P00.3', 'Fetus and newborn affected by other maternal circulatory andrespiratory diseases', 'P00', 0),
(6873, 'P00.4', 'Fetus and newborn affected by maternal nutritional disorders', 'P00', 0),
(6874, 'P00.5', 'Fetus and newborn affected by maternal injury', 'P00', 0),
(6875, 'P00.6', 'Fetus and newborn affected by surgical procedure on mother', 'P00', 0),
(6876, 'P00.7', 'Fetus and newborn affected by other medical procedures on mother,not elsewhere classified', 'P00', 0),
(6877, 'P00.8', 'Fetus and newborn affected by other maternal conditions', 'P00', 0),
(6878, 'P00.9', 'Fetus and newborn affected by unspecified maternal condition', 'P00', 0),
(6879, 'P01', 'Fetus and newborn affected by maternal complications of pregnancy', 'P00', 0),
(6880, 'P01.0', 'Fetus and newborn affected by incompetent cervix', 'P00', 0),
(6881, 'P01.1', 'Fetus and newborn affected by premature rupture of membranes', 'P00', 0),
(6882, 'P01.2', 'Fetus and newborn affected by oligohydramnios', 'P00', 0),
(6883, 'P01.3', 'Fetus and newborn affected by polyhydramnios', 'P00', 0),
(6884, 'P01.4', 'Fetus and newborn affected by ectopic pregnancy', 'P00', 0),
(6885, 'P01.5', 'Fetus and newborn affected by multiple pregnancy', 'P00', 0),
(6886, 'P01.6', 'Fetus and newborn affected by maternal death', 'P00', 0),
(6887, 'P01.7', 'Fetus and newborn affected by malpresentation before labour', 'P00', 0),
(6888, 'P01.8', 'Fetus and newborn affected by other maternal complications ofpregnancy', 'P00', 0),
(6889, 'P01.9', 'Fetus and newborn affected by maternal complication of pregnancy,unspecified', 'P00', 0),
(6890, 'P02', 'Fetus and newborn affected by complications of placenta, cord andmembranes', 'P00', 0),
(6891, 'P02.0', 'Fetus and newborn affected by placenta praevia', 'P00', 0),
(6892, 'P02.1', 'Fetus and newborn affected by other forms of placental separationand haemorrhage', 'P00', 0),
(6893, 'P02.2', 'Fetus and newborn affected by other and unspecified morphologicaland functional abnormalities of pla', 'P00', 0),
(6894, 'P02.3', 'Fetus and newborn affected by placental transfusion syndromes', 'P00', 0),
(6895, 'P02.4', 'Fetus and newborn affected by prolapsed cord', 'P00', 0),
(6896, 'P02.5', 'Fetus and newborn affected by other compression of umbilical cord', 'P00', 0),
(6897, 'P02.6', 'Fetus and newborn affected by other and unspecified conditions ofumbilical cord', 'P00', 0),
(6898, 'P02.7', 'Fetus and newborn affected by chorioamnionitis', 'P00', 0),
(6899, 'P02.8', 'Fetus and newborn affected by other abnormalities of membranes', 'P00', 0),
(6900, 'P02.9', 'Fetus and newborn affected by abnormality of membranes, unspecified', 'P00', 0),
(6901, 'P03', 'Fetus and newborn affected by other complications of labour anddelivery', 'P00', 0),
(6902, 'P03.0', 'Fetus and newborn affected by breech delivery and extraction', 'P00', 0),
(6903, 'P03.1', 'Fetus and newborn affected by other malpresentation, malposition anddisproportion during labour and', 'P00', 0),
(6904, 'P03.2', 'Fetus and newborn affected by forceps delivery', 'P00', 0),
(6905, 'P03.3', 'Fetus and newborn affected by delivery by vacuum extractor[ventouse]', 'P00', 0),
(6906, 'P03.4', 'Fetus and newborn affected by caesarean delivery', 'P00', 0),
(6907, 'P03.5', 'Fetus and newborn affected by precipitate delivery', 'P00', 0),
(6908, 'P03.6', 'Fetus and newborn affected by abnormal uterine contractions', 'P00', 0),
(6909, 'P03.8', 'Fetus and newborn affected by other specified complications oflabour and delivery', 'P00', 0),
(6910, 'P03.9', 'Fetus and newborn affected by complication of labour and delivery,unspecified', 'P00', 0),
(6911, 'P04', 'Fetus and newborn affected by noxious influences transmitted viaplacenta or breast milk', 'P00', 0),
(6912, 'P04.0', 'Fetus and newborn affected by maternal anaesthesia and analgesia inpregnancy, labour and delivery', 'P00', 0),
(6913, 'P04.1', 'Fetus and newborn affected by other maternal medication', 'P00', 0),
(6914, 'P04.2', 'Fetus and newborn affected by maternal use of tobacco', 'P00', 0),
(6915, 'P04.3', 'Fetus and newborn affected by maternal use of alcohol', 'P00', 0),
(6916, 'P04.4', 'Fetus and newborn affected by maternal use of drugs of addiction', 'P00', 0),
(6917, 'P04.5', 'Fetus and newborn affected by maternal use of nutritional chemicalsubstances', 'P00', 0),
(6918, 'P04.6', 'Fetus and newborn affected by maternal exposure to environmentalchemical substances', 'P00', 0),
(6919, 'P04.8', 'Fetus and newborn affected by other maternal noxious influences', 'P00', 0),
(6920, 'P04.9', 'Fetus and newborn affected by maternal noxious influence,unspecified', 'P00', 0),
(6921, 'P05', 'Slow fetal growth and fetal malnutrition', 'P01', 0),
(6922, 'P05.0', 'Light for gestational age', 'P01', 0),
(6923, 'P05.1', 'Small for gestational age', 'P01', 0),
(6924, 'P05.2', 'Fetal malnutrition without mention of light or small for gestationalage', 'P01', 0),
(6925, 'P05.9', 'Slow fetal growth, unspecified', 'P01', 0),
(6926, 'P07', 'Disorders related to short gestation and low birth weight, notelsewhere classified', 'P01', 0),
(6927, 'P07.0', 'Extremely low birth weight', 'P01', 0),
(6928, 'P07.1', 'Other low birth weight', 'P01', 0),
(6929, 'P07.2', 'Extreme immaturity', 'P01', 0),
(6930, 'P07.3', 'Other preterm infants', 'P01', 0),
(6931, 'P08', 'Disorders related to long gestation and high birth weight', 'P01', 0),
(6932, 'P08.0', 'Exceptionally large baby', 'P01', 0),
(6933, 'P08.1', 'Other heavy for gestational age infants', 'P01', 0),
(6934, 'P08.2', 'Post-term infant, not heavy for gestational age', 'P01', 0),
(6935, 'P10', 'Intracranial laceration and haemorrhage due to birth injury', 'P02', 0),
(6936, 'P10.0', 'Subdural haemorrhage due to birth injury', 'P02', 0),
(6937, 'P10.1', 'Cerebral haemorrhage due to birth injury', 'P02', 0),
(6938, 'P10.2', 'Intraventricular haemorrhage due to birth injury', 'P02', 0),
(6939, 'P10.3', 'Subarachnoid haemorrhage due to birth injury', 'P02', 0),
(6940, 'P10.4', 'Tentorial tear due to birth injury', 'P02', 0),
(6941, 'P10.8', 'Other intracranial lacerations and haemorrhages due to birth injury', 'P02', 0),
(6942, 'P10.9', 'Unspecified intracranial laceration and haemorrhage due to birthinjury', 'P02', 0),
(6943, 'P11', 'Other birth injuries to central nervous system', 'P02', 0),
(6944, 'P11.0', 'Cerebral oedema due to birth injury', 'P02', 0),
(6945, 'P11.1', 'Other specified brain damage due to birth injury', 'P02', 0),
(6946, 'P11.2', 'Unspecified brain damage due to birth injury', 'P02', 0),
(6947, 'P11.3', 'Birth injury to facial nerve', 'P02', 0),
(6948, 'P11.4', 'Birth injury to other cranial nerves', 'P02', 0),
(6949, 'P11.5', 'Birth injury to spine and spinal cord', 'P02', 0),
(6950, 'P11.9', 'Birth injury to central nervous system, unspecified', 'P02', 0),
(6951, 'P12', 'Birth injury to scalp', 'P02', 0),
(6952, 'P12.0', 'Cephalhaematoma due to birth injury', 'P02', 0),
(6953, 'P12.1', 'Chignon due to birth injury', 'P02', 0),
(6954, 'P12.2', 'Epicranial subaponeurotic haemorrhage due to birth injury', 'P02', 0),
(6955, 'P12.3', 'Bruising of scalp due to birth injury', 'P02', 0),
(6956, 'P12.4', 'Monitoring injury of scalp of newborn', 'P02', 0),
(6957, 'P12.8', 'Other birth injuries to scalp', 'P02', 0),
(6958, 'P12.9', 'Birth injury to scalp, unspecified', 'P02', 0),
(6959, 'P13', 'Birth injury to skeleton', 'P02', 0),
(6960, 'P13.0', 'Fracture of skull due to birth injury', 'P02', 0),
(6961, 'P13.1', 'Other birth injuries to skull', 'P02', 0),
(6962, 'P13.2', 'Birth injury to femur', 'P02', 0),
(6963, 'P13.3', 'Birth injury to other long bones', 'P02', 0),
(6964, 'P13.4', 'Fracture of clavicle due to birth injury', 'P02', 0),
(6965, 'P13.8', 'Birth injuries to other parts of skeleton', 'P02', 0),
(6966, 'P13.9', 'Birth injury to skeleton, unspecified', 'P02', 0),
(6967, 'P14', 'Birth injury to peripheral nervous system', 'P02', 0),
(6968, 'P14.0', 'Erb''s paralysis due to birth injury', 'P02', 0),
(6969, 'P14.1', 'Klumpke''s paralysis due to birth injury', 'P02', 0),
(6970, 'P14.2', 'Phrenic nerve paralysis due to birth injury', 'P02', 0),
(6971, 'P14.3', 'Other brachial plexus birth injuries', 'P02', 0),
(6972, 'P14.8', 'Birth injuries to other parts of peripheral nervous system', 'P02', 0),
(6973, 'P14.9', 'Birth injury to peripheral nervous system, unspecified', 'P02', 0),
(6974, 'P15', 'Other birth injuries', 'P02', 0),
(6975, 'P15.0', 'Birth injury to liver', 'P02', 0),
(6976, 'P15.1', 'Birth injury to spleen', 'P02', 0),
(6977, 'P15.2', 'Sternomastoid injury due to birth injury', 'P02', 0),
(6978, 'P15.3', 'Birth injury to eye', 'P02', 0),
(6979, 'P15.4', 'Birth injury to face', 'P02', 0),
(6980, 'P15.5', 'Birth injury to external genitalia', 'P02', 0),
(6981, 'P15.6', 'Subcutaneous fat necrosis due to birth injury', 'P02', 0),
(6982, 'P15.8', 'Other specified birth injuries', 'P02', 0),
(6983, 'P15.9', 'Birth injury, unspecified', 'P02', 0),
(6984, 'P20', 'Intrauterine hypoxia', 'P03', 0),
(6985, 'P20.0', 'Intrauterine hypoxia first noted before onset of labour', 'P03', 0),
(6986, 'P20.1', 'Intrauterine hypoxia first noted during labour and delivery', 'P03', 0),
(6987, 'P20.9', 'Intrauterine hypoxia, unspecified', 'P03', 0),
(6988, 'P21', 'Birth asphyxia', 'P03', 0),
(6989, 'P21.0', 'Severe birth asphyxia', 'P03', 0),
(6990, 'P21.1', 'Mild and moderate birth asphyxia', 'P03', 0),
(6991, 'P21.9', 'Birth asphyxia, unspecified', 'P03', 0),
(6992, 'P22', 'Respiratory distress of newborn', 'P03', 0),
(6993, 'P22.0', 'Respiratory distress syndrome of newborn', 'P03', 0),
(6994, 'P22.1', 'Transient tachypnoea of newborn', 'P03', 0),
(6995, 'P22.8', 'Other respiratory distress of newborn', 'P03', 0),
(6996, 'P22.9', 'Respiratory distress of newborn, unspecified', 'P03', 0),
(6997, 'P23', 'Congenital pneumonia', 'P03', 0),
(6998, 'P23.0', 'Congenital pneumonia due to viral agent', 'P03', 0),
(6999, 'P23.1', 'Congenital pneumonia due to Chlamydia', 'P03', 0),
(7000, 'P23.2', 'Congenital pneumonia due to staphylococcus', 'P03', 0),
(7001, 'P23.3', 'Congenital pneumonia due to streptococcus, group B', 'P03', 0),
(7002, 'P23.4', 'Congenital pneumonia due to Escherichia coli', 'P03', 0),
(7003, 'P23.5', 'Congenital pneumonia due to Pseudomonas', 'P03', 0),
(7004, 'P23.6', 'Congenital pneumonia due to other bacterial agents', 'P03', 0),
(7005, 'P23.8', 'Congenital pneumonia due to other organisms', 'P03', 0),
(7006, 'P23.9', 'Congenital pneumonia, unspecified', 'P03', 0),
(7007, 'P24', 'Neonatal aspiration syndromes', 'P03', 0),
(7008, 'P24.0', 'Neonatal aspiration of meconium', 'P03', 0),
(7009, 'P24.1', 'Neonatal aspiration of amniotic fluid and mucus', 'P03', 0),
(7010, 'P24.2', 'Neonatal aspiration of blood', 'P03', 0),
(7011, 'P24.3', 'Neonatal aspiration of milk and regurgitated food', 'P03', 0),
(7012, 'P24.8', 'Other neonatal aspiration syndromes', 'P03', 0),
(7013, 'P24.9', 'Neonatal aspiration syndrome, unspecified', 'P03', 0),
(7014, 'P25', 'Interstitial emphysema and related conditions originating in theperinatal period', 'P03', 0),
(7015, 'P25.0', 'Interstitial emphysema originating in the perinatal period', 'P03', 0),
(7016, 'P25.1', 'Pneumothorax originating in the perinatal period', 'P03', 0),
(7017, 'P25.2', 'Pneumomediastinum originating in the perinatal period', 'P03', 0),
(7018, 'P25.3', 'Pneumopericardium originating in the perinatal period', 'P03', 0),
(7019, 'P25.8', 'Other conditions related to interstitial emphysema originating inthe perinatal period', 'P03', 0),
(7020, 'P26', 'Pulmonary haemorrhage originating in the perinatal period', 'P03', 0),
(7021, 'P26.0', 'Tracheobronchial haemorrhage originating in the perinatal period', 'P03', 0),
(7022, 'P26.1', 'Massive pulmonary haemorrhage originating in the perinatal period', 'P03', 0),
(7023, 'P26.8', 'Other pulmonary haemorrhages originating in the perinatal period', 'P03', 0),
(7024, 'P26.9', 'Unspecified pulmonary haemorrhage originating in the perinatalperiod', 'P03', 0),
(7025, 'P27', 'Chronic respiratory disease originating in the perinatal period', 'P03', 0),
(7026, 'P27.0', 'Wilson-Mikity syndrome', 'P03', 0),
(7027, 'P27.1', 'Bronchopulmonary dysplasia originating in the perinatal period', 'P03', 0),
(7028, 'P27.8', 'Other chronic respiratory diseases originating in the perinatalperiod', 'P03', 0),
(7029, 'P27.9', 'Unspecified chronic respiratory disease originating in the perinatalperiod', 'P03', 0),
(7030, 'P28', 'Other respiratory conditions originating in the perinatal period', 'P03', 0),
(7031, 'P28.0', 'Primary atelectasis of newborn', 'P03', 0),
(7032, 'P28.1', 'Other and unspecified atelectasis of newborn', 'P03', 0),
(7033, 'P28.2', 'Cyanotic attacks of newborn', 'P03', 0),
(7034, 'P28.3', 'Primary sleep apnoea of newborn', 'P03', 0),
(7035, 'P28.4', 'Other apnoea of newborn', 'P03', 0),
(7036, 'P28.5', 'Respiratory failure of newborn', 'P03', 0),
(7037, 'P28.8', 'Other specified respiratory conditions of newborn', 'P03', 0),
(7038, 'P28.9', 'Respiratory condition of newborn, unspecified', 'P03', 0),
(7039, 'P29', 'Cardiovascular disorders originating in the perinatal period', 'P03', 0),
(7040, 'P29.0', 'Neonatal cardiac failure', 'P03', 0),
(7041, 'P29.1', 'Neonatal cardiac dysrhythmia', 'P03', 0),
(7042, 'P29.2', 'Neonatal hypertension', 'P03', 0),
(7043, 'P29.3', 'Persistent fetal circulation', 'P03', 0),
(7044, 'P29.4', 'Transient myocardial ischaemia of newborn', 'P03', 0),
(7045, 'P29.8', 'Other cardiovascular disorders originating in the perinatal period', 'P03', 0),
(7046, 'P29.9', 'Cardiovascular disorder originating in the perinatal period,unspecified', 'P03', 0),
(7047, 'P35', 'Congenital viral diseases', 'P04', 0),
(7048, 'P35.0', 'Congenital rubella syndrome', 'P04', 0),
(7049, 'P35.1', 'Congenital cytomegalovirus infection', 'P04', 0),
(7050, 'P35.2', 'Congenital herpesviral [herpes simplex] infection', 'P04', 0),
(7051, 'P35.3', 'Congenital viral hepatitis', 'P04', 0),
(7052, 'P35.8', 'Other congenital viral diseases', 'P04', 0),
(7053, 'P35.9', 'Congenital viral disease, unspecified', 'P04', 0),
(7054, 'P36', 'Bacterial sepsis of newborn', 'P04', 0),
(7055, 'P36.0', 'Sepsis of newborn due to streptococcus, group B', 'P04', 0),
(7056, 'P36.1', 'Sepsis of newborn due to other and unspecified streptococci', 'P04', 0),
(7057, 'P36.2', 'Sepsis of newborn due to Staphylococcus aureus', 'P04', 0),
(7058, 'P36.3', 'Sepsis of newborn due to other and unspecified staphylococci', 'P04', 0),
(7059, 'P36.4', 'Sepsis of newborn due to Escherichia coli', 'P04', 0),
(7060, 'P36.5', 'Sepsis of newborn due to anaerobes', 'P04', 0),
(7061, 'P36.8', 'Other bacterial sepsis of newborn', 'P04', 0),
(7062, 'P36.9', 'Bacterial sepsis of newborn, unspecified', 'P04', 0),
(7063, 'P37', 'Other congenital infectious and parasitic diseases', 'P04', 0),
(7064, 'P37.0', 'Congenital tuberculosis', 'P04', 0),
(7065, 'P37.1', 'Congenital toxoplasmosis', 'P04', 0),
(7066, 'P37.2', 'Neonatal (disseminated) listeriosis', 'P04', 0),
(7067, 'P37.3', 'Congenital falciparum malaria', 'P04', 0),
(7068, 'P37.4', 'Other congenital malaria', 'P04', 0),
(7069, 'P37.5', 'Neonatal candidiasis', 'P04', 0),
(7070, 'P37.8', 'Other specified congenital infectious and parasitic diseases', 'P04', 0),
(7071, 'P37.9', 'Congenital infectious and parasitic disease, unspecified', 'P04', 0),
(7072, 'P38', 'Omphalitis of newborn with or without mild haemorrhage', 'P04', 0),
(7073, 'P39', 'Other infections specific to the perinatal period', 'P04', 0),
(7074, 'P39.0', 'Neonatal infective mastitis', 'P04', 0),
(7075, 'P39.1', 'Neonatal conjunctivitis and dacryocystitis', 'P04', 0),
(7076, 'P39.2', 'Intra-amniotic infection of fetus, not elsewhere classified', 'P04', 0),
(7077, 'P39.3', 'Neonatal urinary tract infection', 'P04', 0),
(7078, 'P39.4', 'Neonatal skin infection', 'P04', 0),
(7079, 'P39.8', 'Other specified infections specific to the perinatal period', 'P04', 0),
(7080, 'P39.9', 'Infection specific to the perinatal period, unspecified', 'P04', 0),
(7081, 'P50', 'Fetal blood loss', 'P05', 0),
(7082, 'P50.0', 'Fetal blood loss from vasa praevia', 'P05', 0),
(7083, 'P50.1', 'Fetal blood loss from ruptured cord', 'P05', 0),
(7084, 'P50.2', 'Fetal blood loss from placenta', 'P05', 0),
(7085, 'P50.3', 'Haemorrhage into co-twin', 'P05', 0),
(7086, 'P50.4', 'Haemorrhage into maternal circulation', 'P05', 0),
(7087, 'P50.5', 'Fetal blood loss from cut end of co-twin''s cord', 'P05', 0),
(7088, 'P50.8', 'Other fetal blood loss', 'P05', 0),
(7089, 'P50.9', 'Fetal blood loss, unspecified', 'P05', 0),
(7090, 'P51', 'Umbilical haemorrhage of newborn', 'P05', 0),
(7091, 'P51.0', 'Massive umbilical haemorrhage of newborn', 'P05', 0),
(7092, 'P51.8', 'Other umbilical haemorrhages of newborn', 'P05', 0),
(7093, 'P51.9', 'Umbilical haemorrhage of newborn, unspecified', 'P05', 0),
(7094, 'P52', 'Intracranial nontraumatic haemorrhage of fetus and newborn', 'P05', 0),
(7095, 'P52.0', 'Intraventricular (nontraumatic) haemorrhage, grade 1, of fetus andnewborn', 'P05', 0),
(7096, 'P52.1', 'Intraventricular (nontraumatic) haemorrhage, grade 2, of fetus andnewborn', 'P05', 0),
(7097, 'P52.2', 'Intraventricular (nontraumatic) haemorrhage, grade 3, of fetus andnewborn', 'P05', 0),
(7098, 'P52.3', 'Unspecified intraventricular (nontraumatic) haemorrhage of fetus andnewborn', 'P05', 0),
(7099, 'P52.4', 'Intracerebral (nontraumatic) haemorrhage of fetus and newborn', 'P05', 0),
(7100, 'P52.5', 'Subarachnoid (nontraumatic) haemorrhage of fetus and newborn', 'P05', 0),
(7101, 'P52.6', 'Cerebellar (nontraumatic) and posterior fossa haemorrhage of fetusand newborn', 'P05', 0),
(7102, 'P52.8', 'Other intracranial (nontraumatic) haemorrhages of fetus and newborn', 'P05', 0),
(7103, 'P52.9', 'Intracranial (nontraumatic) haemorrhage of fetus and newborn,unspecified', 'P05', 0),
(7104, 'P53', 'Haemorrhagic disease of fetus and newborn', 'P05', 0),
(7105, 'P54', 'Other neonatal haemorrhages', 'P05', 0),
(7106, 'P54.0', 'Neonatal haematemesis', 'P05', 0),
(7107, 'P54.1', 'Neonatal melaena', 'P05', 0),
(7108, 'P54.2', 'Neonatal rectal haemorrhage', 'P05', 0),
(7109, 'P54.3', 'Other neonatal gastrointestinal haemorrhage', 'P05', 0),
(7110, 'P54.4', 'Neonatal adrenal haemorrhage', 'P05', 0),
(7111, 'P54.5', 'Neonatal cutaneous haemorrhage', 'P05', 0),
(7112, 'P54.6', 'Neonatal vaginal haemorrhage', 'P05', 0),
(7113, 'P54.8', 'Other specified neonatal haemorrhages', 'P05', 0),
(7114, 'P54.9', 'Neonatal haemorrhage, unspecified', 'P05', 0),
(7115, 'P55', 'Haemolytic disease of fetus and newborn', 'P05', 0),
(7116, 'P55.0', 'Rh isoimmunization of fetus and newborn', 'P05', 0),
(7117, 'P55.1', 'ABO isoimmunization of fetus and newborn', 'P05', 0),
(7118, 'P55.8', 'Other haemolytic diseases of fetus and newborn', 'P05', 0),
(7119, 'P55.9', 'Haemolytic disease of fetus and newborn, unspecified', 'P05', 0),
(7120, 'P56', 'Hydrops fetalis due to haemolytic disease', 'P05', 0),
(7121, 'P56.0', 'Hydrops fetalis due to isoimmunization', 'P05', 0),
(7122, 'P56.9', 'Hydrops fetalis due to other and unspecified haemolytic disease', 'P05', 0),
(7123, 'P57', 'Kernicterus', 'P05', 0),
(7124, 'P57.0', 'Kernicterus due to isoimmunization', 'P05', 0),
(7125, 'P57.8', 'Other specified kernicterus', 'P05', 0),
(7126, 'P57.9', 'Kernicterus, unspecified', 'P05', 0),
(7127, 'P58', 'Neonatal jaundice due to other excessive haemolysis', 'P05', 0),
(7128, 'P58.0', 'Neonatal jaundice due to bruising', 'P05', 0),
(7129, 'P58.1', 'Neonatal jaundice due to bleeding', 'P05', 0),
(7130, 'P58.2', 'Neonatal jaundice due to infection', 'P05', 0),
(7131, 'P58.3', 'Neonatal jaundice due to polycythaemia', 'P05', 0),
(7132, 'P58.4', 'Neonatal jaundice due to drugs or toxins transmitted from mother orgiven to newborn', 'P05', 0),
(7133, 'P58.5', 'Neonatal jaundice due to swallowed maternal blood', 'P05', 0),
(7134, 'P58.8', 'Neonatal jaundice due to other specified excessive haemolysis', 'P05', 0),
(7135, 'P58.9', 'Neonatal jaundice due to excessive haemolysis, unspecified', 'P05', 0),
(7136, 'P59', 'Neonatal jaundice from other and unspecified causes', 'P05', 0),
(7137, 'P59.0', 'Neonatal jaundice associated with preterm delivery', 'P05', 0),
(7138, 'P59.1', 'Inspissated bile syndrome', 'P05', 0),
(7139, 'P59.2', 'Neonatal jaundice from other and unspecified hepatocellular damage', 'P05', 0),
(7140, 'P59.3', 'Neonatal jaundice from breast milk inhibitor', 'P05', 0),
(7141, 'P59.8', 'Neonatal jaundice from other specified causes', 'P05', 0),
(7142, 'P59.9', 'Neonatal jaundice, unspecified', 'P05', 0),
(7143, 'P60', 'Disseminated intravascular coagulation of fetus and newborn', 'P05', 0),
(7144, 'P61', 'Other perinatal haematological disorders', 'P05', 0),
(7145, 'P61.0', 'Transient neonatal thrombocytopenia', 'P05', 0),
(7146, 'P61.1', 'Polycythaemia neonatorum', 'P05', 0),
(7147, 'P61.2', 'Anaemia of prematurity', 'P05', 0),
(7148, 'P61.3', 'Congenital anaemia from fetal blood loss', 'P05', 0),
(7149, 'P61.4', 'Other congenital anaemias, not elsewhere classified', 'P05', 0),
(7150, 'P61.5', 'Transient neonatal neutropenia', 'P05', 0),
(7151, 'P61.6', 'Other transient neonatal disorders of coagulation', 'P05', 0),
(7152, 'P61.8', 'Other specified perinatal haematological disorders', 'P05', 0),
(7153, 'P61.9', 'Perinatal haematological disorder, unspecified', 'P05', 0),
(7154, 'P70', 'Transitory disorders of carbohydrate metabolism specific to fetusand newborn', 'P06', 0),
(7155, 'P70.0', 'Syndrome of infant of mother with gestational diabetes', 'P06', 0),
(7156, 'P70.1', 'Syndrome of infant of a diabetic mother', 'P06', 0),
(7157, 'P70.2', 'Neonatal diabetes mellitus', 'P06', 0),
(7158, 'P70.3', 'Iatrogenic neonatal hypoglycaemia', 'P06', 0),
(7159, 'P70.4', 'Other neonatal hypoglycaemia', 'P06', 0),
(7160, 'P70.8', 'Other transitory disorders of carbohydrate metabolism of fetus andnewborn', 'P06', 0),
(7161, 'P70.9', 'Transitory disorder of carbohydrate metabolism of fetus and newborn,unspecified', 'P06', 0),
(7162, 'P71', 'Transitory neonatal disorders of calcium and magnesium metabolism', 'P06', 0),
(7163, 'P71.0', 'Cow''s milk hypocalcaemia in newborn', 'P06', 0),
(7164, 'P71.1', 'Other neonatal hypocalcaemia', 'P06', 0),
(7165, 'P71.2', 'Neonatal hypomagnesaemia', 'P06', 0),
(7166, 'P71.3', 'Neonatal tetany without calcium or magnesium deficiency', 'P06', 0),
(7167, 'P71.4', 'Transitory neonatal hypoparathyroidism', 'P06', 0),
(7168, 'P71.8', 'Other transitory neonatal disorders of calcium and magnesiummetabolism', 'P06', 0),
(7169, 'P71.9', 'Transitory neonatal disorder of calcium and magnesium metabolism,unspecified', 'P06', 0),
(7170, 'P72', 'Other transitory neonatal endocrine disorders', 'P06', 0),
(7171, 'P72.0', 'Neonatal goitre, not elsewhere classified', 'P06', 0),
(7172, 'P72.1', 'Transitory neonatal hyperthyroidism', 'P06', 0),
(7173, 'P72.2', 'Other transitory neonatal disorders of thyroid function, notelsewhere classified', 'P06', 0),
(7174, 'P72.8', 'Other specified transitory neonatal endocrine disorders', 'P06', 0),
(7175, 'P72.9', 'Transitory neonatal endocrine disorder, unspecified', 'P06', 0),
(7176, 'P74', 'Other transitory neonatal electrolyte and metabolic disturbances', 'P06', 0),
(7177, 'P74.0', 'Late metabolic acidosis of newborn', 'P06', 0),
(7178, 'P74.1', 'Dehydration of newborn', 'P06', 0),
(7179, 'P74.2', 'Disturbances of sodium balance of newborn', 'P06', 0),
(7180, 'P74.3', 'Disturbances of potassium balance of newborn', 'P06', 0),
(7181, 'P74.4', 'Other transitory electrolyte disturbances of newborn', 'P06', 0),
(7182, 'P74.5', 'Transitory tyrosinaemia of newborn', 'P06', 0),
(7183, 'P74.8', 'Other transitory metabolic disturbances of newborn', 'P06', 0),
(7184, 'P74.9', 'Transitory metabolic disturbance of newborn, unspecified', 'P06', 0),
(7185, 'P75*', 'Meconium ileus (E84.1+)', 'P07', 0),
(7186, 'P76', 'Other intestinal obstruction of newborn', 'P07', 0),
(7187, 'P76.0', 'Meconium plug syndrome', 'P07', 0),
(7188, 'P76.1', 'Transitory ileus of newborn', 'P07', 0),
(7189, 'P76.2', 'Intestinal obstruction due to inspissated milk', 'P07', 0),
(7190, 'P76.8', 'Other specified intestinal obstruction of newborn', 'P07', 0),
(7191, 'P76.9', 'Intestinal obstruction of newborn, unspecified', 'P07', 0),
(7192, 'P77', 'Necrotizing enterocolitis of fetus and newborn', 'P07', 0),
(7193, 'P78', 'Other perinatal digestive system disorders', 'P07', 0),
(7194, 'P78.0', 'Perinatal intestinal perforation', 'P07', 0),
(7195, 'P78.1', 'Other neonatal peritonitis', 'P07', 0),
(7196, 'P78.2', 'Neonatal haematemesis and melaena due to swallowed maternal blood', 'P07', 0),
(7197, 'P78.3', 'Noninfective neonatal diarrhoea', 'P07', 0),
(7198, 'P78.8', 'Other specified perinatal digestive system disorders', 'P07', 0),
(7199, 'P78.9', 'Perinatal digestive system disorder, unspecified', 'P07', 0),
(7200, 'P80', 'Hypothermia of newborn', 'P08', 0),
(7201, 'P80.0', 'Cold injury syndrome', 'P08', 0),
(7202, 'P80.8', 'Other hypothermia of newborn', 'P08', 0),
(7203, 'P80.9', 'Hypothermia of newborn, unspecified', 'P08', 0),
(7204, 'P81', 'Other disturbances of temperature regulation of newborn', 'P08', 0),
(7205, 'P81.0', 'Environmental hyperthermia of newborn', 'P08', 0),
(7206, 'P81.8', 'Other specified disturbances of temperature regulation of newborn', 'P08', 0),
(7207, 'P81.9', 'Disturbance of temperature regulation of newborn, unspecified', 'P08', 0),
(7208, 'P83', 'Other conditions of integument specific to fetus and newborn', 'P08', 0),
(7209, 'P83.0', 'Sclerema neonatorum', 'P08', 0),
(7210, 'P83.1', 'Neonatal erythema toxicum', 'P08', 0),
(7211, 'P83.2', 'Hydrops fetalis not due to haemolytic disease', 'P08', 0),
(7212, 'P83.3', 'Other and unspecified oedema specific to fetus and newborn', 'P08', 0),
(7213, 'P83.4', 'Breast engorgement of newborn', 'P08', 0),
(7214, 'P83.5', 'Congenital hydrocele', 'P08', 0),
(7215, 'P83.6', 'Umbilical polyp of newborn', 'P08', 0),
(7216, 'P83.8', 'Other specified conditions of integument specific to fetus andnewborn', 'P08', 0),
(7217, 'P83.9', 'Condition of integument specific to fetus and newborn, unspecified', 'P08', 0),
(7218, 'P90', 'Convulsions of newborn', 'P09', 0),
(7219, 'P91', 'Other disturbances of cerebral status of newborn', 'P09', 0),
(7220, 'P91.0', 'Neonatal cerebral ischaemia', 'P09', 0),
(7221, 'P91.1', 'Acquired periventricular cysts of newborn', 'P09', 0),
(7222, 'P91.2', 'Neonatal cerebral leukomalacia', 'P09', 0),
(7223, 'P91.3', 'Neonatal cerebral irritability', 'P09', 0),
(7224, 'P91.4', 'Neonatal cerebral depression', 'P09', 0),
(7225, 'P91.5', 'Neonatal coma', 'P09', 0),
(7226, 'P91.8', 'Other specified disturbances of cerebral status of newborn', 'P09', 0),
(7227, 'P91.9', 'Disturbance of cerebral status of newborn, unspecified', 'P09', 0),
(7228, 'P92', 'Feeding problems of newborn', 'P09', 0),
(7229, 'P92.0', 'Vomiting in newborn', 'P09', 0),
(7230, 'P92.1', 'Regurgitation and rumination in newborn', 'P09', 0),
(7231, 'P92.2', 'Slow feeding of newborn', 'P09', 0),
(7232, 'P92.3', 'Underfeeding of newborn', 'P09', 0),
(7233, 'P92.4', 'Overfeeding of newborn', 'P09', 0),
(7234, 'P92.5', 'Neonatal difficulty in feeding at breast', 'P09', 0),
(7235, 'P92.8', 'Other feeding problems of newborn', 'P09', 0),
(7236, 'P92.9', 'Feeding problem of newborn, unspecified', 'P09', 0),
(7237, 'P93', 'Reactions and intoxications due to drugs administered to fetus andnewborn', 'P09', 0),
(7238, 'P94', 'Disorders of muscle tone of newborn', 'P09', 0),
(7239, 'P94.0', 'Transient neonatal myasthenia gravis', 'P09', 0),
(7240, 'P94.1', 'Congenital hypertonia', 'P09', 0),
(7241, 'P94.2', 'Congenital hypotonia', 'P09', 0),
(7242, 'P94.8', 'Other disorders of muscle tone of newborn', 'P09', 0),
(7243, 'P94.9', 'Disorder of muscle tone of newborn, unspecified', 'P09', 0),
(7244, 'P95', 'Fetal death of unspecified cause', 'P09', 0),
(7245, 'P96', 'Other conditions originating in the perinatal period', 'P09', 0),
(7246, 'P96.0', 'Congenital renal failure', 'P09', 0),
(7247, 'P96.1', 'Neonatal withdrawal symptoms from maternal use of drugs of addiction', 'P09', 0),
(7248, 'P96.2', 'Withdrawal symptoms from therapeutic use of drugs in newborn', 'P09', 0),
(7249, 'P96.3', 'Wide cranial sutures of newborn', 'P09', 0),
(7250, 'P96.4', 'Termination of pregnancy, fetus and newborn', 'P09', 0),
(7251, 'P96.5', 'Complications of intrauterine procedures, not elsewhere classified', 'P09', 0),
(7252, 'P96.8', 'Other specified conditions originating in the perinatal period', 'P09', 0),
(7253, 'P96.9', 'Condition originating in the perinatal period, unspecified', 'P09', 0),
(7254, 'Q00', 'Anencephaly and similar malformations', 'Q00', 0),
(7255, 'Q00.0', 'Anencephaly', 'Q00', 0),
(7256, 'Q00.1', 'Craniorachischisis', 'Q00', 0),
(7257, 'Q00.2', 'Iniencephaly', 'Q00', 0),
(7258, 'Q01', 'Encephalocele', 'Q00', 0),
(7259, 'Q01.0', 'Frontal encephalocele', 'Q00', 0),
(7260, 'Q01.1', 'Nasofrontal encephalocele', 'Q00', 0),
(7261, 'Q01.2', 'Occipital encephalocele', 'Q00', 0),
(7262, 'Q01.8', 'Encephalocele of other sites', 'Q00', 0),
(7263, 'Q01.9', 'Encephalocele, unspecified', 'Q00', 0),
(7264, 'Q02', 'Microcephaly', 'Q00', 0),
(7265, 'Q03', 'Congenital hydrocephalus', 'Q00', 0),
(7266, 'Q03.0', 'Malformations of aqueduct of Sylvius', 'Q00', 0),
(7267, 'Q03.1', 'Atresia of foramina of Magendie and Luschka', 'Q00', 0),
(7268, 'Q03.8', 'Other congenital hydrocephalus', 'Q00', 0),
(7269, 'Q03.9', 'Congenital hydrocephalus, unspecified', 'Q00', 0),
(7270, 'Q04', 'Other congenital malformations of brain', 'Q00', 0),
(7271, 'Q04.0', 'Congenital malformations of corpus callosum', 'Q00', 0),
(7272, 'Q04.1', 'Arhinencephaly', 'Q00', 0),
(7273, 'Q04.2', 'Holoprosencephaly', 'Q00', 0),
(7274, 'Q04.3', 'Other reduction deformities of brain', 'Q00', 0),
(7275, 'Q04.4', 'Septo-optic dysplasia', 'Q00', 0),
(7276, 'Q04.5', 'Megalencephaly', 'Q00', 0),
(7277, 'Q04.6', 'Congenital cerebral cysts', 'Q00', 0),
(7278, 'Q04.8', 'Other specified congenital malformations of brain', 'Q00', 0),
(7279, 'Q04.9', 'Congenital malformation of brain, unspecified', 'Q00', 0),
(7280, 'Q05', 'Spina bifida', 'Q00', 0),
(7281, 'Q05.0', 'Cervical spina bifida with hydrocephalus', 'Q00', 0),
(7282, 'Q05.1', 'Thoracic spina bifida with hydrocephalus', 'Q00', 0),
(7283, 'Q05.2', 'Lumbar spina bifida with hydrocephalus', 'Q00', 0),
(7284, 'Q05.3', 'Sacral spina bifida with hydrocephalus', 'Q00', 0),
(7285, 'Q05.4', 'Unspecified spina bifida with hydrocephalus', 'Q00', 0),
(7286, 'Q05.5', 'Cervical spina bifida without hydrocephalus', 'Q00', 0),
(7287, 'Q05.6', 'Thoracic spina bifida without hydrocephalus', 'Q00', 0),
(7288, 'Q05.7', 'Lumbar spina bifida without hydrocephalus', 'Q00', 0),
(7289, 'Q05.8', 'Sacral spina bifida without hydrocephalus', 'Q00', 0),
(7290, 'Q05.9', 'Spina bifida, unspecified', 'Q00', 0),
(7291, 'Q06', 'Other congenital malformations of spinal cord', 'Q00', 0),
(7292, 'Q06.0', 'Amyelia', 'Q00', 0),
(7293, 'Q06.1', 'Hypoplasia and dysplasia of spinal cord', 'Q00', 0),
(7294, 'Q06.2', 'Diastematomyelia', 'Q00', 0),
(7295, 'Q06.3', 'Other congenital cauda equina malformations', 'Q00', 0),
(7296, 'Q06.4', 'Hydromyelia', 'Q00', 0),
(7297, 'Q06.8', 'Other specified congenital malformations of spinal cord', 'Q00', 0),
(7298, 'Q06.9', 'Congenital malformation of spinal cord, unspecified', 'Q00', 0),
(7299, 'Q07', 'Other congenital malformations of nervous system', 'Q00', 0),
(7300, 'Q07.0', 'Arnold-Chiari syndrome', 'Q00', 0),
(7301, 'Q07.8', 'Other specified congenital malformations of nervous system', 'Q00', 0),
(7302, 'Q07.9', 'Congenital malformation of nervous system, unspecified', 'Q00', 0),
(7303, 'Q10', 'Congenital malformations of eyelid, lacrimal apparatus and orbit', 'Q01', 0),
(7304, 'Q10.0', 'Congenital ptosis', 'Q01', 0),
(7305, 'Q10.1', 'Congenital ectropion', 'Q01', 0),
(7306, 'Q10.2', 'Congenital entropion', 'Q01', 0),
(7307, 'Q10.3', 'Other congenital malformations of eyelid', 'Q01', 0),
(7308, 'Q10.4', 'Absence and agenesis of lacrimal apparatus', 'Q01', 0),
(7309, 'Q10.5', 'Congenital stenosis and stricture of lacrimal duct', 'Q01', 0),
(7310, 'Q10.6', 'Other congenital malformations of lacrimal apparatus', 'Q01', 0),
(7311, 'Q10.7', 'Congenital malformation of orbit', 'Q01', 0),
(7312, 'Q11', 'Anophthalmos, microphthalmos and macrophthalmos', 'Q01', 0),
(7313, 'Q11.0', 'Cystic eyeball', 'Q01', 0),
(7314, 'Q11.1', 'Other anophthalmos', 'Q01', 0),
(7315, 'Q11.2', 'Microphthalmos', 'Q01', 0),
(7316, 'Q11.3', 'Macrophthalmos', 'Q01', 0),
(7317, 'Q12', 'Congenital lens malformations', 'Q01', 0),
(7318, 'Q12.0', 'Congenital cataract', 'Q01', 0),
(7319, 'Q12.1', 'Congenital displaced lens', 'Q01', 0),
(7320, 'Q12.2', 'Coloboma of lens', 'Q01', 0),
(7321, 'Q12.3', 'Congenital aphakia', 'Q01', 0),
(7322, 'Q12.4', 'Spherophakia', 'Q01', 0),
(7323, 'Q12.8', 'Other congenital lens malformations', 'Q01', 0),
(7324, 'Q12.9', 'Congenital lens malformation, unspecified', 'Q01', 0),
(7325, 'Q13', 'Congenital malformations of anterior segment of eye', 'Q01', 0),
(7326, 'Q13.0', 'Coloboma of iris', 'Q01', 0),
(7327, 'Q13.1', 'Absence of iris', 'Q01', 0),
(7328, 'Q13.2', 'Other congenital malformations of iris', 'Q01', 0),
(7329, 'Q13.3', 'Congenital corneal opacity', 'Q01', 0),
(7330, 'Q13.4', 'Other congenital corneal malformations', 'Q01', 0),
(7331, 'Q13.5', 'Blue sclera', 'Q01', 0),
(7332, 'Q13.8', 'Other congenital malformations of anterior segment of eye', 'Q01', 0),
(7333, 'Q13.9', 'Congenital malformation of anterior segment of eye, unspecified', 'Q01', 0),
(7334, 'Q14', 'Congenital malformations of posterior segment of eye', 'Q01', 0),
(7335, 'Q14.0', 'Congenital malformation of vitreous humour', 'Q01', 0),
(7336, 'Q14.1', 'Congenital malformation of retina', 'Q01', 0),
(7337, 'Q14.2', 'Congenital malformation of optic disc', 'Q01', 0),
(7338, 'Q14.3', 'Congenital malformation of choroid', 'Q01', 0),
(7339, 'Q14.8', 'Other congenital malformations of posterior segment of eye', 'Q01', 0),
(7340, 'Q14.9', 'Congenital malformation of posterior segment of eye, unspecified', 'Q01', 0),
(7341, 'Q15', 'Other congenital malformations of eye', 'Q01', 0),
(7342, 'Q15.0', 'Congenital glaucoma', 'Q01', 0),
(7343, 'Q15.8', 'Other specified congenital malformations of eye', 'Q01', 0),
(7344, 'Q15.9', 'Congenital malformation of eye, unspecified', 'Q01', 0),
(7345, 'Q16', 'Congenital malformations of ear causing impairment of hearing', 'Q01', 0),
(7346, 'Q16.0', 'Congenital absence of (ear) auricle', 'Q01', 0),
(7347, 'Q16.1', 'Congenital absence, atresia and stricture of auditory canal(external)', 'Q01', 0),
(7348, 'Q16.2', 'Absence of eustachian tube', 'Q01', 0),
(7349, 'Q16.3', 'Congenital malformation of ear ossicles', 'Q01', 0),
(7350, 'Q16.4', 'Other congenital malformations of middle ear', 'Q01', 0),
(7351, 'Q16.5', 'Congenital malformation of inner ear', 'Q01', 0),
(7352, 'Q16.9', 'Congenital malformation of ear causing impairment of hearing,unspecified', 'Q01', 0),
(7353, 'Q17', 'Other congenital malformations of ear', 'Q01', 0),
(7354, 'Q17.0', 'Accessory auricle', 'Q01', 0),
(7355, 'Q17.1', 'Macrotia', 'Q01', 0),
(7356, 'Q17.2', 'Microtia', 'Q01', 0),
(7357, 'Q17.3', 'Other misshapen ear', 'Q01', 0),
(7358, 'Q17.4', 'Misplaced ear', 'Q01', 0),
(7359, 'Q17.5', 'Prominent ear', 'Q01', 0),
(7360, 'Q17.8', 'Other specified congenital malformations of ear', 'Q01', 0),
(7361, 'Q17.9', 'Congenital malformation of ear, unspecified', 'Q01', 0),
(7362, 'Q18', 'Other congenital malformations of face and neck', 'Q01', 0),
(7363, 'Q18.0', 'Sinus, fistula and cyst of branchial cleft', 'Q01', 0),
(7364, 'Q18.1', 'Preauricular sinus and cyst', 'Q01', 0),
(7365, 'Q18.2', 'Other branchial cleft malformations', 'Q01', 0),
(7366, 'Q18.3', 'Webbing of neck', 'Q01', 0),
(7367, 'Q18.4', 'Macrostomia', 'Q01', 0),
(7368, 'Q18.5', 'Microstomia', 'Q01', 0),
(7369, 'Q18.6', 'Macrocheilia', 'Q01', 0),
(7370, 'Q18.7', 'Microcheilia', 'Q01', 0),
(7371, 'Q18.8', 'Other specified congenital malformations of face and neck', 'Q01', 0),
(7372, 'Q18.9', 'Congenital malformation of face and neck, unspecified', 'Q01', 0),
(7373, 'Q20', 'Congenital malformations of cardiac chambers and connections', 'Q02', 0),
(7374, 'Q20.0', 'Common arterial trunk', 'Q02', 0),
(7375, 'Q20.1', 'Double outlet right ventricle', 'Q02', 0),
(7376, 'Q20.2', 'Double outlet left ventricle', 'Q02', 0),
(7377, 'Q20.3', 'Discordant ventriculoarterial connection', 'Q02', 0),
(7378, 'Q20.4', 'Double inlet ventricle', 'Q02', 0),
(7379, 'Q20.5', 'Discordant atrioventricular connection', 'Q02', 0),
(7380, 'Q20.6', 'Isomerism of atrial appendages', 'Q02', 0),
(7381, 'Q20.8', 'Other congenital malformations of cardiac chambers and connections', 'Q02', 0),
(7382, 'Q20.9', 'Congenital malformation of cardiac chambers and connections,unspecified', 'Q02', 0),
(7383, 'Q21', 'Congenital malformations of cardiac septa', 'Q02', 0),
(7384, 'Q21.0', 'Ventricular septal defect', 'Q02', 0),
(7385, 'Q21.1', 'Atrial septal defect', 'Q02', 0),
(7386, 'Q21.2', 'Atrioventricular septal defect', 'Q02', 0),
(7387, 'Q21.3', 'Tetralogy of Fallot', 'Q02', 0),
(7388, 'Q21.4', 'Aortopulmonary septal defect', 'Q02', 0),
(7389, 'Q21.8', 'Other congenital malformations of cardiac septa', 'Q02', 0),
(7390, 'Q21.9', 'Congenital malformation of cardiac septum, unspecified', 'Q02', 0),
(7391, 'Q22', 'Congenital malformations of pulmonary and tricuspid valves', 'Q02', 0),
(7392, 'Q22.0', 'Pulmonary valve atresia', 'Q02', 0),
(7393, 'Q22.1', 'Congenital pulmonary valve stenosis', 'Q02', 0),
(7394, 'Q22.2', 'Congenital pulmonary valve insufficiency', 'Q02', 0),
(7395, 'Q22.3', 'Other congenital malformations of pulmonary valve', 'Q02', 0),
(7396, 'Q22.4', 'Congenital tricuspid stenosis', 'Q02', 0),
(7397, 'Q22.5', 'Ebstein''s anomaly', 'Q02', 0),
(7398, 'Q22.6', 'Hypoplastic right heart syndrome', 'Q02', 0),
(7399, 'Q22.8', 'Other congenital malformations of tricuspid valve', 'Q02', 0),
(7400, 'Q22.9', 'Congenital malformation of tricuspid valve, unspecified', 'Q02', 0),
(7401, 'Q23', 'Congenital malformations of aortic and mitral valves', 'Q02', 0),
(7402, 'Q23.0', 'Congenital stenosis of aortic valve', 'Q02', 0),
(7403, 'Q23.1', 'Congenital insufficiency of aortic valve', 'Q02', 0),
(7404, 'Q23.2', 'Congenital mitral stenosis', 'Q02', 0),
(7405, 'Q23.3', 'Congenital mitral insufficiency', 'Q02', 0),
(7406, 'Q23.4', 'Hypoplastic left heart syndrome', 'Q02', 0),
(7407, 'Q23.8', 'Other congenital malformations of aortic and mitral valves', 'Q02', 0),
(7408, 'Q23.9', 'Congenital malformation of aortic and mitral valves, unspecified', 'Q02', 0),
(7409, 'Q24', 'Other congenital malformations of heart', 'Q02', 0),
(7410, 'Q24.0', 'Dextrocardia', 'Q02', 0),
(7411, 'Q24.1', 'Laevocardia', 'Q02', 0),
(7412, 'Q24.2', 'Cor triatriatum', 'Q02', 0),
(7413, 'Q24.3', 'Pulmonary infundibular stenosis', 'Q02', 0),
(7414, 'Q24.4', 'Congenital subaortic stenosis', 'Q02', 0),
(7415, 'Q24.5', 'Malformation of coronary vessels', 'Q02', 0),
(7416, 'Q24.6', 'Congenital heart block', 'Q02', 0),
(7417, 'Q24.8', 'Other specified congenital malformations of heart', 'Q02', 0),
(7418, 'Q24.9', 'Congenital malformation of heart, unspecified', 'Q02', 0),
(7419, 'Q25', 'Congenital malformations of great arteries', 'Q02', 0),
(7420, 'Q25.0', 'Patent ductus arteriosus', 'Q02', 0),
(7421, 'Q25.1', 'Coarctation of aorta', 'Q02', 0),
(7422, 'Q25.2', 'Atresia of aorta', 'Q02', 0),
(7423, 'Q25.3', 'Stenosis of aorta', 'Q02', 0),
(7424, 'Q25.4', 'Other congenital malformations of aorta', 'Q02', 0),
(7425, 'Q25.5', 'Atresia of pulmonary artery', 'Q02', 0),
(7426, 'Q25.6', 'Stenosis of pulmonary artery', 'Q02', 0),
(7427, 'Q25.7', 'Other congenital malformations of pulmonary artery', 'Q02', 0),
(7428, 'Q25.8', 'Other congenital malformations of great arteries', 'Q02', 0),
(7429, 'Q25.9', 'Congenital malformation of great arteries, unspecified', 'Q02', 0),
(7430, 'Q26', 'Congenital malformations of great veins', 'Q02', 0),
(7431, 'Q26.0', 'Congenital stenosis of vena cava', 'Q02', 0),
(7432, 'Q26.1', 'Persistent left superior vena cava', 'Q02', 0),
(7433, 'Q26.2', 'Total anomalous pulmonary venous connection', 'Q02', 0),
(7434, 'Q26.3', 'Partial anomalous pulmonary venous connection', 'Q02', 0),
(7435, 'Q26.4', 'Anomalous pulmonary venous connection, unspecified', 'Q02', 0),
(7436, 'Q26.5', 'Anomalous portal venous connection', 'Q02', 0),
(7437, 'Q26.6', 'Portal vein-hepatic artery fistula', 'Q02', 0),
(7438, 'Q26.8', 'Other congenital malformations of great veins', 'Q02', 0),
(7439, 'Q26.9', 'Congenital malformation of great vein, unspecified', 'Q02', 0),
(7440, 'Q27', 'Other congenital malformations of peripheral vascular system', 'Q02', 0),
(7441, 'Q27.0', 'Congenital absence and hypoplasia of umbilical artery', 'Q02', 0),
(7442, 'Q27.1', 'Congenital renal artery stenosis', 'Q02', 0),
(7443, 'Q27.2', 'Other congenital malformations of renal artery', 'Q02', 0),
(7444, 'Q27.3', 'Peripheral arteriovenous malformation', 'Q02', 0),
(7445, 'Q27.4', 'Congenital phlebectasia', 'Q02', 0),
(7446, 'Q27.8', 'Other specified congenital malformations of peripheral vascularsystem', 'Q02', 0),
(7447, 'Q27.9', 'Congenital malformation of peripheral vascular system, unspecified', 'Q02', 0),
(7448, 'Q28', 'Other congenital malformations of circulatory system', 'Q02', 0),
(7449, 'Q28.0', 'Arteriovenous malformation of precerebral vessels', 'Q02', 0),
(7450, 'Q28.1', 'Other malformations of precerebral vessels', 'Q02', 0),
(7451, 'Q28.2', 'Arteriovenous malformation of cerebral vessels', 'Q02', 0),
(7452, 'Q28.3', 'Other malformations of cerebral vessels', 'Q02', 0),
(7453, 'Q28.8', 'Other specified congenital malformations of circulatory system', 'Q02', 0),
(7454, 'Q28.9', 'Congenital malformation of circulatory system, unspecified', 'Q02', 0),
(7455, 'Q30', 'Congenital malformations of nose', 'Q02', 0),
(7456, 'Q30.0', 'Choanal atresia', 'Q03', 0),
(7457, 'Q30.1', 'Agenesis and underdevelopment of nose', 'Q03', 0),
(7458, 'Q30.2', 'Fissured, notched and cleft nose', 'Q03', 0),
(7459, 'Q30.3', 'Congenital perforated nasal septum', 'Q03', 0),
(7460, 'Q30.8', 'Other congenital malformations of nose', 'Q03', 0),
(7461, 'Q30.9', 'Congenital malformation of nose, unspecified', 'Q03', 0),
(7462, 'Q31', 'Congenital malformations of larynx', 'Q03', 0),
(7463, 'Q31.0', 'Web of larynx', 'Q03', 0),
(7464, 'Q31.1', 'Congenital subglottic stenosis', 'Q03', 0),
(7465, 'Q31.2', 'Laryngeal hypoplasia', 'Q03', 0),
(7466, 'Q31.3', 'Laryngocele', 'Q03', 0),
(7467, 'Q31.4', 'Congenital laryngeal stridor', 'Q03', 0),
(7468, 'Q31.8', 'Other congenital malformations of larynx', 'Q03', 0),
(7469, 'Q31.9', 'Congenital malformation of larynx, unspecified', 'Q03', 0),
(7470, 'Q32', 'Congenital malformations of trachea and bronchus', 'Q03', 0),
(7471, 'Q32.0', 'Congenital tracheomalacia', 'Q03', 0),
(7472, 'Q32.1', 'Other congenital malformations of trachea', 'Q03', 0),
(7473, 'Q32.2', 'Congenital bronchomalacia', 'Q03', 0),
(7474, 'Q32.3', 'Congenital stenosis of bronchus', 'Q03', 0),
(7475, 'Q32.4', 'Other congenital malformations of bronchus', 'Q03', 0),
(7476, 'Q33', 'Congenital malformations of lung', 'Q03', 0),
(7477, 'Q33.0', 'Congenital cystic lung', 'Q03', 0),
(7478, 'Q33.1', 'Accessory lobe of lung', 'Q03', 0),
(7479, 'Q33.2', 'Sequestration of lung', 'Q03', 0),
(7480, 'Q33.3', 'Agenesis of lung', 'Q03', 0),
(7481, 'Q33.4', 'Congenital bronchiectasis', 'Q03', 0),
(7482, 'Q33.5', 'Ectopic tissue in lung', 'Q03', 0),
(7483, 'Q33.6', 'Hypoplasia and dysplasia of lung', 'Q03', 0),
(7484, 'Q33.8', 'Other congenital malformations of lung', 'Q03', 0),
(7485, 'Q33.9', 'Congenital malformation of lung, unspecified', 'Q03', 0),
(7486, 'Q34', 'Other congenital malformations of respiratory system', 'Q03', 0),
(7487, 'Q34.0', 'Anomaly of pleura', 'Q03', 0),
(7488, 'Q34.1', 'Congenital cyst of mediastinum', 'Q03', 0),
(7489, 'Q34.8', 'Other specified congenital malformations of respiratory system', 'Q03', 0),
(7490, 'Q34.9', 'Congenital malformation of respiratory system, unspecified', 'Q03', 0),
(7491, 'Q35', 'Cleft palate', 'Q04', 0),
(7492, 'Q35.0', 'Cleft hard palate, bilateral', 'Q04', 0),
(7493, 'Q35.1', 'Cleft hard palate, unilateral', 'Q04', 0),
(7494, 'Q35.2', 'Cleft soft palate, bilateral', 'Q04', 0),
(7495, 'Q35.3', 'Cleft soft palate, unilateral', 'Q04', 0),
(7496, 'Q35.4', 'Cleft hard palate with cleft soft palate, bilateral', 'Q04', 0),
(7497, 'Q35.5', 'Cleft hard palate with cleft soft palate, unilateral', 'Q04', 0),
(7498, 'Q35.6', 'Cleft palate, medial', 'Q04', 0),
(7499, 'Q35.7', 'Cleft uvula', 'Q04', 0),
(7500, 'Q35.8', 'Cleft palate, unspecified, bilateral', 'Q04', 0),
(7501, 'Q35.9', 'Cleft palate, unspecified, unilateral', 'Q04', 0),
(7502, 'Q36', 'Cleft lip', 'Q04', 0),
(7503, 'Q36.0', 'Cleft lip, bilateral', 'Q04', 0),
(7504, 'Q36.1', 'Cleft lip, medial', 'Q04', 0),
(7505, 'Q36.9', 'Cleft lip, unilateral', 'Q04', 0),
(7506, 'Q37', 'Cleft palate with cleft lip', 'Q04', 0),
(7507, 'Q37.0', 'Cleft hard palate with cleft lip, bilateral', 'Q04', 0),
(7508, 'Q37.1', 'Cleft hard palate with cleft lip, unilateral', 'Q04', 0),
(7509, 'Q37.2', 'Cleft soft palate with cleft lip, bilateral', 'Q04', 0),
(7510, 'Q37.3', 'Cleft soft palate with cleft lip, unilateral', 'Q04', 0),
(7511, 'Q37.4', 'Cleft hard and soft palate with cleft lip, bilateral', 'Q04', 0),
(7512, 'Q37.5', 'Cleft hard and soft palate with cleft lip, unilateral', 'Q04', 0),
(7513, 'Q37.8', 'Unspecified cleft palate with cleft lip, bilateral', 'Q04', 0),
(7514, 'Q37.9', 'Unspecified cleft palate with cleft lip, unilateral', 'Q04', 0),
(7515, 'Q38', 'Other congenital malformations of tongue, mouth and pharynx', 'Q05', 0),
(7516, 'Q38.0', 'Congenital malformations of lips, not elsewhere classified', 'Q05', 0),
(7517, 'Q38.1', 'Ankyloglossia', 'Q05', 0),
(7518, 'Q38.2', 'Macroglossia', 'Q05', 0),
(7519, 'Q38.3', 'Other congenital malformations of tongue', 'Q05', 0),
(7520, 'Q38.4', 'Congenital malformations of salivary glands and ducts', 'Q05', 0),
(7521, 'Q38.5', 'Congenital malformations of palate, not elsewhere classified', 'Q05', 0),
(7522, 'Q38.6', 'Other congenital malformations of mouth', 'Q05', 0),
(7523, 'Q38.7', 'Pharyngeal pouch', 'Q05', 0),
(7524, 'Q38.8', 'Other congenital malformations of pharynx', 'Q05', 0),
(7525, 'Q39', 'Congenital malformations of oesophagus', 'Q05', 0),
(7526, 'Q39.0', 'Atresia of oesophagus without fistula', 'Q05', 0),
(7527, 'Q39.1', 'Atresia of oesophagus with tracheo-oesophageal fistula', 'Q05', 0),
(7528, 'Q39.2', 'Congenital tracheo-oesophageal fistula without atresia', 'Q05', 0),
(7529, 'Q39.3', 'Congenital stenosis and stricture of oesophagus', 'Q05', 0),
(7530, 'Q39.4', 'Oesophageal web', 'Q05', 0),
(7531, 'Q39.5', 'Congenital dilatation of oesophagus', 'Q05', 0),
(7532, 'Q39.6', 'Diverticulum of oesophagus', 'Q05', 0),
(7533, 'Q39.8', 'Other congenital malformations of oesophagus', 'Q05', 0),
(7534, 'Q39.9', 'Congenital malformation of oesophagus, unspecified', 'Q05', 0),
(7535, 'Q40', 'Other congenital malformations of upper alimentary tract', 'Q05', 0),
(7536, 'Q40.0', 'Congenital hypertrophic pyloric stenosis', 'Q05', 0),
(7537, 'Q40.1', 'Congenital hiatus hernia', 'Q05', 0),
(7538, 'Q40.2', 'Other specified congenital malformations of stomach', 'Q05', 0),
(7539, 'Q40.3', 'Congenital malformation of stomach, unspecified', 'Q05', 0),
(7540, 'Q40.8', 'Other specified congenital malformations of upper alimentary tract', 'Q05', 0),
(7541, 'Q40.9', 'Congenital malformation of upper alimentary tract, unspecified', 'Q05', 0),
(7542, 'Q41', 'Congenital absence, atresia and stenosis of small intestine', 'Q05', 0),
(7543, 'Q41.0', 'Congenital absence, atresia and stenosis of duodenum', 'Q05', 0),
(7544, 'Q41.1', 'Congenital absence, atresia and stenosis of jejunum', 'Q05', 0),
(7545, 'Q41.2', 'Congenital absence, atresia and stenosis of ileum', 'Q05', 0),
(7546, 'Q41.8', 'Congenital absence, atresia and stenosis of other specified parts ofsmall intestine', 'Q05', 0),
(7547, 'Q41.9', 'Congenital absence, atresia and stenosis of small intestine, partunspecified', 'Q05', 0),
(7548, 'Q42', 'Congenital absence, atresia and stenosis of large intestine', 'Q05', 0),
(7549, 'Q42.0', 'Congenital absence, atresia and stenosis of rectum with fistula', 'Q05', 0),
(7550, 'Q42.1', 'Congenital absence, atresia and stenosis of rectum without fistula', 'Q05', 0),
(7551, 'Q42.2', 'Congenital absence, atresia and stenosis of anus with fistula', 'Q05', 0),
(7552, 'Q42.3', 'Congenital absence, atresia and stenosis of anus without fistula', 'Q05', 0),
(7553, 'Q42.8', 'Congenital absence, atresia and stenosis of other parts of largeintestine', 'Q05', 0),
(7554, 'Q42.9', 'Congenital absence, atresia and stenosis of large intestine, partunspecified', 'Q05', 0),
(7555, 'Q43', 'Other congenital malformations of intestine', 'Q05', 0),
(7556, 'Q43.0', 'Meckel''s diverticulum', 'Q05', 0),
(7557, 'Q43.1', 'Hirschsprung''s disease', 'Q05', 0),
(7558, 'Q43.2', 'Other congenital functional disorders of colon', 'Q05', 0),
(7559, 'Q43.3', 'Congenital malformations of intestinal fixation', 'Q05', 0),
(7560, 'Q43.4', 'Duplication of intestine', 'Q05', 0),
(7561, 'Q43.5', 'Ectopic anus', 'Q05', 0),
(7562, 'Q43.6', 'Congenital fistula of rectum and anus', 'Q05', 0),
(7563, 'Q43.7', 'Persistent cloaca', 'Q05', 0),
(7564, 'Q43.8', 'Other specified congenital malformations of intestine', 'Q05', 0);
INSERT INTO `icd_penyakit` (`id`, `kode_penyakit`, `nama_penyakit`, `subkelompok`, `dtd_id`) VALUES
(7565, 'Q43.9', 'Congenital malformation of intestine, unspecified', 'Q05', 0),
(7566, 'Q44', 'Congenital malformations of gallbladder, bile ducts and liver', 'Q05', 0),
(7567, 'Q44.0', 'Agenesis, aplasia and hypoplasia of gallbladder', 'Q05', 0),
(7568, 'Q44.1', 'Other congenital malformations of gallbladder', 'Q05', 0),
(7569, 'Q44.2', 'Atresia of bile ducts', 'Q05', 0),
(7570, 'Q44.3', 'Congenital stenosis and stricture of bile ducts', 'Q05', 0),
(7571, 'Q44.4', 'Choledochal cyst', 'Q05', 0),
(7572, 'Q44.5', 'Other congenital malformations of bile ducts', 'Q05', 0),
(7573, 'Q44.6', 'Cystic disease of liver', 'Q05', 0),
(7574, 'Q44.7', 'Other congenital malformations of liver', 'Q05', 0),
(7575, 'Q45', 'Other congenital malformations of digestive system', 'Q05', 0),
(7576, 'Q45.0', 'Agenesis, aplasia and hypoplasia of pancreas', 'Q05', 0),
(7577, 'Q45.1', 'Annular pancreas', 'Q05', 0),
(7578, 'Q45.2', 'Congenital pancreatic cyst', 'Q05', 0),
(7579, 'Q45.3', 'Other congenital malformations of pancreas and pancreatic duct', 'Q05', 0),
(7580, 'Q45.8', 'Other specified congenital malformations of digestive system', 'Q05', 0),
(7581, 'Q45.9', 'Congenital malformation of digestive system, unspecified', 'Q05', 0),
(7582, 'Q50', 'Congenital malformations of ovaries, fallopian tubes and broadligaments', 'Q06', 0),
(7583, 'Q50.0', 'Congenital absence of ovary', 'Q06', 0),
(7584, 'Q50.1', 'Developmental ovarian cyst', 'Q06', 0),
(7585, 'Q50.2', 'Congenital torsion of ovary', 'Q06', 0),
(7586, 'Q50.3', 'Other congenital malformations of ovary', 'Q06', 0),
(7587, 'Q50.4', 'Embryonic cyst of fallopian tube', 'Q06', 0),
(7588, 'Q50.5', 'Embryonic cyst of broad ligament', 'Q06', 0),
(7589, 'Q50.6', 'Other congenital malformations of fallopian tube and broad ligament', 'Q06', 0),
(7590, 'Q51', 'Congenital malformations of uterus and cervix', 'Q06', 0),
(7591, 'Q51.0', 'Agenesis and aplasia of uterus', 'Q06', 0),
(7592, 'Q51.1', 'Doubling of uterus with doubling of cervix and vagina', 'Q06', 0),
(7593, 'Q51.2', 'Other doubling of uterus', 'Q06', 0),
(7594, 'Q51.3', 'Bicornate uterus', 'Q06', 0),
(7595, 'Q51.4', 'Unicornate uterus', 'Q06', 0),
(7596, 'Q51.5', 'Agenesis and aplasia of cervix', 'Q06', 0),
(7597, 'Q51.6', 'Embryonic cyst of cervix', 'Q06', 0),
(7598, 'Q51.7', 'Congenital fistulae between uterus and digestive and urinary tracts', 'Q06', 0),
(7599, 'Q51.8', 'Other congenital malformations of uterus and cervix', 'Q06', 0),
(7600, 'Q51.9', 'Congenital malformation of uterus and cervix, unspecified', 'Q06', 0),
(7601, 'Q52', 'Other congenital malformations of female genitalia', 'Q06', 0),
(7602, 'Q52.0', 'Congenital absence of vagina', 'Q06', 0),
(7603, 'Q52.1', 'Doubling of vagina', 'Q06', 0),
(7604, 'Q52.2', 'Congenital rectovaginal fistula', 'Q06', 0),
(7605, 'Q52.3', 'Imperforate hymen', 'Q06', 0),
(7606, 'Q52.4', 'Other congenital malformations of vagina', 'Q06', 0),
(7607, 'Q52.5', 'Fusion of labia', 'Q06', 0),
(7608, 'Q52.6', 'Congenital malformation of clitoris', 'Q06', 0),
(7609, 'Q52.7', 'Other congenital malformations of vulva', 'Q06', 0),
(7610, 'Q52.8', 'Other specified congenital malformations of female genitalia', 'Q06', 0),
(7611, 'Q52.9', 'Congenital malformation of female genitalia, unspecified', 'Q06', 0),
(7612, 'Q53', 'Undescended testicle', 'Q06', 0),
(7613, 'Q53.0', 'Ectopic testis', 'Q06', 0),
(7614, 'Q53.1', 'Undescended testicle, unilateral', 'Q06', 0),
(7615, 'Q53.2', 'Undescended testicle, bilateral', 'Q06', 0),
(7616, 'Q53.9', 'Undescended testicle, unspecified', 'Q06', 0),
(7617, 'Q54', 'Hypospadias', 'Q06', 0),
(7618, 'Q54.0', 'Hypospadias, balanic', 'Q06', 0),
(7619, 'Q54.1', 'Hypospadias, penile', 'Q06', 0),
(7620, 'Q54.2', 'Hypospadias, penoscrotal', 'Q06', 0),
(7621, 'Q54.3', 'Hypospadias, perineal', 'Q06', 0),
(7622, 'Q54.4', 'Congenital chordee', 'Q06', 0),
(7623, 'Q54.8', 'Other hypospadias', 'Q06', 0),
(7624, 'Q54.9', 'Hypospadias, unspecified', 'Q06', 0),
(7625, 'Q55', 'Other congenital malformations of male genital organs', 'Q06', 0),
(7626, 'Q55.0', 'Absence and aplasia of testis', 'Q06', 0),
(7627, 'Q55.1', 'Hypoplasia of testis and scrotum', 'Q06', 0),
(7628, 'Q55.2', 'Other congenital malformations of testis and scrotum', 'Q06', 0),
(7629, 'Q55.3', 'Atresia of vas deferens', 'Q06', 0),
(7630, 'Q55.4', 'Other congenital malformations of vas deferens, epididymis, seminalvesicles and prostate', 'Q06', 0),
(7631, 'Q55.5', 'Congenital absence and aplasia of penis', 'Q06', 0),
(7632, 'Q55.6', 'Other congenital malformations of penis', 'Q06', 0),
(7633, 'Q55.8', 'Other specified congenital malformations of male genital organs', 'Q06', 0),
(7634, 'Q55.9', 'Congenital malformation of male genital organ, unspecified', 'Q06', 0),
(7635, 'Q56', 'Indeterminate sex and pseudohermaphroditism', 'Q06', 0),
(7636, 'Q56.0', 'Hermaphroditism, not elsewhere classified', 'Q06', 0),
(7637, 'Q56.1', 'Male pseudohermaphroditism, not elsewhere classified', 'Q06', 0),
(7638, 'Q56.2', 'Female pseudohermaphroditism, not elsewhere classified', 'Q06', 0),
(7639, 'Q56.3', 'Pseudohermaphroditism, unspecified', 'Q06', 0),
(7640, 'Q56.4', 'Indeterminate sex, unspecified', 'Q06', 0),
(7641, 'Q60', 'Renal agenesis and other reduction defects of kidney', 'Q07', 0),
(7642, 'Q60.0', 'Renal agenesis, unilateral', 'Q07', 0),
(7643, 'Q60.1', 'Renal agenesis, bilateral', 'Q07', 0),
(7644, 'Q60.2', 'Renal agenesis, unspecified', 'Q07', 0),
(7645, 'Q60.3', 'Renal hypoplasia, unilateral', 'Q07', 0),
(7646, 'Q60.4', 'Renal hypoplasia, bilateral', 'Q07', 0),
(7647, 'Q60.5', 'Renal hypoplasia, unspecified', 'Q07', 0),
(7648, 'Q60.6', 'Potter''s syndrome', 'Q07', 0),
(7649, 'Q61', 'Cystic kidney disease', 'Q07', 0),
(7650, 'Q61.0', 'Congenital single renal cyst', 'Q07', 0),
(7651, 'Q61.1', 'Polycystic kidney, infantile type', 'Q07', 0),
(7652, 'Q61.2', 'Polycystic kidney, adult type', 'Q07', 0),
(7653, 'Q61.3', 'Polycystic kidney, unspecified', 'Q07', 0),
(7654, 'Q61.4', 'Renal dysplasia', 'Q07', 0),
(7655, 'Q61.5', 'Medullary cystic kidney', 'Q07', 0),
(7656, 'Q61.8', 'Other cystic kidney diseases', 'Q07', 0),
(7657, 'Q61.9', 'Cystic kidney disease, unspecified', 'Q07', 0),
(7658, 'Q62', 'Congenital obstructive defects of renal pelvis and congenitalmalformations of ureter', 'Q07', 0),
(7659, 'Q62.0', 'Congenital hydronephrosis', 'Q07', 0),
(7660, 'Q62.1', 'Atresia and stenosis of ureter', 'Q07', 0),
(7661, 'Q62.2', 'Congenital megaloureter', 'Q07', 0),
(7662, 'Q62.3', 'Other obstructive defects of renal pelvis and ureter', 'Q07', 0),
(7663, 'Q62.4', 'Agenesis of ureter', 'Q07', 0),
(7664, 'Q62.5', 'Duplication of ureter', 'Q07', 0),
(7665, 'Q62.6', 'Malposition of ureter', 'Q07', 0),
(7666, 'Q62.7', 'Congenital vesico-uretero-renal reflux', 'Q07', 0),
(7667, 'Q62.8', 'Other congenital malformations of ureter', 'Q07', 0),
(7668, 'Q63', 'Other congenital malformations of kidney', 'Q07', 0),
(7669, 'Q63.0', 'Accessory kidney', 'Q07', 0),
(7670, 'Q63.1', 'Lobulated, fused and horseshoe kidney', 'Q07', 0),
(7671, 'Q63.2', 'Ectopic kidney', 'Q07', 0),
(7672, 'Q63.3', 'Hyperplastic and giant kidney', 'Q07', 0),
(7673, 'Q63.8', 'Other specified congenital malformations of kidney', 'Q07', 0),
(7674, 'Q63.9', 'Congenital malformation of kidney, unspecified', 'Q07', 0),
(7675, 'Q64', 'Other congenital malformations of urinary system', 'Q07', 0),
(7676, 'Q64.0', 'Epispadias', 'Q07', 0),
(7677, 'Q64.1', 'Exstrophy of urinary bladder', 'Q07', 0),
(7678, 'Q64.2', 'Congenital posterior urethral valves', 'Q07', 0),
(7679, 'Q64.3', 'Other atresia and stenosis of urethra and bladder neck', 'Q07', 0),
(7680, 'Q64.4', 'Malformation of urachus', 'Q07', 0),
(7681, 'Q64.5', 'Congenital absence of bladder and urethra', 'Q07', 0),
(7682, 'Q64.6', 'Congenital diverticulum of bladder', 'Q07', 0),
(7683, 'Q64.7', 'Other congenital malformations of bladder and urethra', 'Q07', 0),
(7684, 'Q64.8', 'Other specified congenital malformations of urinary system', 'Q07', 0),
(7685, 'Q64.9', 'Congenital malformation of urinary system, unspecified', 'Q07', 0),
(7686, 'Q65', 'Congenital deformities of hip', 'Q08', 0),
(7687, 'Q65.0', 'Congenital dislocation of hip, unilateral', 'Q08', 0),
(7688, 'Q65.1', 'Congenital dislocation of hip, bilateral', 'Q08', 0),
(7689, 'Q65.2', 'Congenital dislocation of hip, unspecified', 'Q08', 0),
(7690, 'Q65.3', 'Congenital subluxation of hip, unilateral', 'Q08', 0),
(7691, 'Q65.4', 'Congenital subluxation of hip, bilateral', 'Q08', 0),
(7692, 'Q65.5', 'Congenital subluxation of hip, unspecified', 'Q08', 0),
(7693, 'Q65.6', 'Unstable hip', 'Q08', 0),
(7694, 'Q65.8', 'Other congenital deformities of hip', 'Q08', 0),
(7695, 'Q65.9', 'Congenital deformity of hip, unspecified', 'Q08', 0),
(7696, 'Q66', 'Congenital deformities of feet', 'Q08', 0),
(7697, 'Q66.0', 'Talipes equinovarus', 'Q08', 0),
(7698, 'Q66.1', 'Talipes calcaneovarus', 'Q08', 0),
(7699, 'Q66.2', 'Metatarsus varus', 'Q08', 0),
(7700, 'Q66.3', 'Other congenital varus deformities of feet', 'Q08', 0),
(7701, 'Q66.4', 'Talipes calcaneovalgus', 'Q08', 0),
(7702, 'Q66.5', 'Congenital pes planus', 'Q08', 0),
(7703, 'Q66.6', 'Other congenital valgus deformities of feet', 'Q08', 0),
(7704, 'Q66.7', 'Pes cavus', 'Q08', 0),
(7705, 'Q66.8', 'Other congenital deformities of feet', 'Q08', 0),
(7706, 'Q66.9', 'Congenital deformity of feet, unspecified', 'Q08', 0),
(7707, 'Q67', 'Congenital musculoskeletal deformities of head, face, spine andchest', 'Q08', 0),
(7708, 'Q67.0', 'Facial asymmetry', 'Q08', 0),
(7709, 'Q67.1', 'Compression facies', 'Q08', 0),
(7710, 'Q67.2', 'Dolichocephaly', 'Q08', 0),
(7711, 'Q67.3', 'Plagiocephaly', 'Q08', 0),
(7712, 'Q67.4', 'Other congenital deformities of skull, face and jaw', 'Q08', 0),
(7713, 'Q67.5', 'Congenital deformity of spine', 'Q08', 0),
(7714, 'Q67.6', 'Pectus excavatum', 'Q08', 0),
(7715, 'Q67.7', 'Pectus carinatum', 'Q08', 0),
(7716, 'Q67.8', 'Other congenital deformities of chest', 'Q08', 0),
(7717, 'Q68', 'Other congenital musculoskeletal deformities', 'Q08', 0),
(7718, 'Q68.0', 'Congenital deformity of sternocleidomastoid muscle', 'Q08', 0),
(7719, 'Q68.1', 'Congenital deformity of hand', 'Q08', 0),
(7720, 'Q68.2', 'Congenital deformity of knee', 'Q08', 0),
(7721, 'Q68.3', 'Congenital bowing of femur', 'Q08', 0),
(7722, 'Q68.4', 'Congenital bowing of tibia and fibula', 'Q08', 0),
(7723, 'Q68.5', 'Congenital bowing of long bones of leg, unspecified', 'Q08', 0),
(7724, 'Q68.8', 'Other specified congenital musculoskeletal deformities', 'Q08', 0),
(7725, 'Q69', 'Polydactyly', 'Q08', 0),
(7726, 'Q69.0', 'Accessory finger(s)', 'Q08', 0),
(7727, 'Q69.1', 'Accessory thumb(s)', 'Q08', 0),
(7728, 'Q69.2', 'Accessory toe(s)', 'Q08', 0),
(7729, 'Q69.9', 'Polydactyly, unspecified', 'Q08', 0),
(7730, 'Q70', 'Syndactyly', 'Q08', 0),
(7731, 'Q70.0', 'Fused fingers', 'Q08', 0),
(7732, 'Q70.1', 'Webbed fingers', 'Q08', 0),
(7733, 'Q70.2', 'Fused toes', 'Q08', 0),
(7734, 'Q70.3', 'Webbed toes', 'Q08', 0),
(7735, 'Q70.4', 'Polysyndactyly', 'Q08', 0),
(7736, 'Q70.9', 'Syndactyly, unspecified', 'Q08', 0),
(7737, 'Q71', 'Reduction defects of upper limb', 'Q08', 0),
(7738, 'Q71.0', 'Congenital complete absence of upper limb(s)', 'Q08', 0),
(7739, 'Q71.1', 'Congenital absence of upper arm and forearm with hand present', 'Q08', 0),
(7740, 'Q71.2', 'Congenital absence of both forearm and hand', 'Q08', 0),
(7741, 'Q71.3', 'Congenital absence of hand and finger(s)', 'Q08', 0),
(7742, 'Q71.4', 'Longitudinal reduction defect of radius', 'Q08', 0),
(7743, 'Q71.5', 'Longitudinal reduction defect of ulna', 'Q08', 0),
(7744, 'Q71.6', 'Lobster-claw hand', 'Q08', 0),
(7745, 'Q71.8', 'Other reduction defects of upper limb(s)', 'Q08', 0),
(7746, 'Q71.9', 'Reduction defect of upper limb, unspecified', 'Q08', 0),
(7747, 'Q72', 'Reduction defects of lower limb', 'Q08', 0),
(7748, 'Q72.0', 'Congenital complete absence of lower limb(s)', 'Q08', 0),
(7749, 'Q72.1', 'Congenital absence of thigh and lower leg with foot present', 'Q08', 0),
(7750, 'Q72.2', 'Congenital absence of both lower leg and foot', 'Q08', 0),
(7751, 'Q72.3', 'Congenital absence of foot and toe(s)', 'Q08', 0),
(7752, 'Q72.4', 'Longitudinal reduction defect of femur', 'Q08', 0),
(7753, 'Q72.5', 'Longitudinal reduction defect of tibia', 'Q08', 0),
(7754, 'Q72.6', 'Longitudinal reduction defect of fibula', 'Q08', 0),
(7755, 'Q72.7', 'Split foot', 'Q08', 0),
(7756, 'Q72.8', 'Other reduction defects of lower limb(s)', 'Q08', 0),
(7757, 'Q72.9', 'Reduction defect of lower limb, unspecified', 'Q08', 0),
(7758, 'Q73', 'Reduction defects of unspecified limb', 'Q08', 0),
(7759, 'Q73.0', 'Congenital absence of unspecified limb(s)', 'Q08', 0),
(7760, 'Q73.1', 'Phocomelia, unspecified limb(s)', 'Q08', 0),
(7761, 'Q73.8', 'Other reduction defects of unspecified limb(s)', 'Q08', 0),
(7762, 'Q74', 'Other congenital malformations of limb(s)', 'Q08', 0),
(7763, 'Q74.0', 'Other congenital malformations of upper limb(s), including shouldergirdle', 'Q08', 0),
(7764, 'Q74.1', 'Congenital malformation of knee', 'Q08', 0),
(7765, 'Q74.2', 'Other congenital malformations of lower limb(s), including pelvicgirdle', 'Q08', 0),
(7766, 'Q74.3', 'Arthrogryposis multiplex congenita', 'Q08', 0),
(7767, 'Q74.8', 'Other specified congenital malformations of limb(s)', 'Q08', 0),
(7768, 'Q74.9', 'Unspecified congenital malformation of limb(s)', 'Q08', 0),
(7769, 'Q75', 'Other congenital malformations of skull and face bones', 'Q08', 0),
(7770, 'Q75.0', 'Craniosynostosis', 'Q08', 0),
(7771, 'Q75.1', 'Craniofacial dysostosis', 'Q08', 0),
(7772, 'Q75.2', 'Hypertelorism', 'Q08', 0),
(7773, 'Q75.3', 'Macrocephaly', 'Q08', 0),
(7774, 'Q75.4', 'Mandibulofacial dysostosis', 'Q08', 0),
(7775, 'Q75.5', 'Oculomandibular dysostosis', 'Q08', 0),
(7776, 'Q75.8', 'Other specified congenital malformations of skull and face bones', 'Q08', 0),
(7777, 'Q75.9', 'Congenital malformation of skull and face bones, unspecified', 'Q08', 0),
(7778, 'Q76', 'Congenital malformations of spine and bony thorax', 'Q08', 0),
(7779, 'Q76.0', 'Spina bifida occulta', 'Q08', 0),
(7780, 'Q76.1', 'Klippel-Feil syndrome', 'Q08', 0),
(7781, 'Q76.2', 'Congenital spondylolisthesis', 'Q08', 0),
(7782, 'Q76.3', 'Congenital scoliosis due to congenital bony malformation', 'Q08', 0),
(7783, 'Q76.4', 'Other congenital malformations of spine, not associated withscoliosis', 'Q08', 0),
(7784, 'Q76.5', 'Cervical rib', 'Q08', 0),
(7785, 'Q76.6', 'Other congenital malformations of ribs', 'Q08', 0),
(7786, 'Q76.7', 'Congenital malformation of sternum', 'Q08', 0),
(7787, 'Q76.8', 'Other congenital malformations of bony thorax', 'Q08', 0),
(7788, 'Q76.9', 'Congenital malformation of bony thorax, unspecified', 'Q08', 0),
(7789, 'Q77', 'Osteochondrodysplasia with defects of growth of tubular bones andspine', 'Q08', 0),
(7790, 'Q77.0', 'Achondrogenesis', 'Q08', 0),
(7791, 'Q77.1', 'Thanatophoric short stature', 'Q08', 0),
(7792, 'Q77.2', 'Short rib syndrome', 'Q08', 0),
(7793, 'Q77.3', 'Chondrodysplasia punctata', 'Q08', 0),
(7794, 'Q77.4', 'Achondroplasia', 'Q08', 0),
(7795, 'Q77.5', 'Dystrophic dysplasia', 'Q08', 0),
(7796, 'Q77.6', 'Chondroectodermal dysplasia', 'Q08', 0),
(7797, 'Q77.7', 'Spondyloepiphyseal dysplasia', 'Q08', 0),
(7798, 'Q77.8', 'Other osteochondrodysplasia with defects of growth of tubular bonesand spine', 'Q08', 0),
(7799, 'Q77.9', 'Osteochondrodysplasia with defects of growth of tubular bones andspine, unspecified', 'Q08', 0),
(7800, 'Q78', 'Other osteochondrodysplasias', 'Q08', 0),
(7801, 'Q78.0', 'Osteogenesis imperfecta', 'Q08', 0),
(7802, 'Q78.1', 'Polyostotic fibrous dysplasia', 'Q08', 0),
(7803, 'Q78.2', 'Osteopetrosis', 'Q08', 0),
(7804, 'Q78.3', 'Progressive diaphyseal dysplasia', 'Q08', 0),
(7805, 'Q78.4', 'Enchondromatosis', 'Q08', 0),
(7806, 'Q78.5', 'Metaphyseal dysplasia', 'Q08', 0),
(7807, 'Q78.6', 'Multiple congenital exostoses', 'Q08', 0),
(7808, 'Q78.8', 'Other specified osteochondrodysplasias', 'Q08', 0),
(7809, 'Q78.9', 'Osteochondrodysplasia, unspecified', 'Q08', 0),
(7810, 'Q79', 'Congenital malformations of the musculoskeletal system, notelsewhere classified', 'Q08', 0),
(7811, 'Q79.0', 'Congenital diaphragmatic hernia', 'Q08', 0),
(7812, 'Q79.1', 'Other congenital malformations of diaphragm', 'Q08', 0),
(7813, 'Q79.2', 'Exomphalos', 'Q08', 0),
(7814, 'Q79.3', 'Gastroschisis', 'Q08', 0),
(7815, 'Q79.4', 'Prune belly syndrome', 'Q08', 0),
(7816, 'Q79.5', 'Other congenital malformations of abdominal wall', 'Q08', 0),
(7817, 'Q79.6', 'Ehlers-Danlos syndrome', 'Q08', 0),
(7818, 'Q79.8', 'Other congenital malformations of musculoskeletal system', 'Q08', 0),
(7819, 'Q79.9', 'Congenital malformation of musculoskeletal system, unspecified', 'Q08', 0),
(7820, 'Q80', 'Congenital ichthyosis', 'Q09', 0),
(7821, 'Q80.0', 'Ichthyosis vulgaris', 'Q09', 0),
(7822, 'Q80.1', 'X-linked ichthyosis', 'Q09', 0),
(7823, 'Q80.2', 'Lamellar ichthyosis', 'Q09', 0),
(7824, 'Q80.3', 'Congenital bullous ichthyosiform erythroderma', 'Q09', 0),
(7825, 'Q80.4', 'Harlequin fetus', 'Q09', 0),
(7826, 'Q80.8', 'Other congenital ichthyosis', 'Q09', 0),
(7827, 'Q80.9', 'Congenital ichthyosis, unspecified', 'Q09', 0),
(7828, 'Q81', 'Epidermolysis bullosa', 'Q09', 0),
(7829, 'Q81.0', 'Epidermolysis bullosa simplex', 'Q09', 0),
(7830, 'Q81.1', 'Epidermolysis bullosa letalis', 'Q09', 0),
(7831, 'Q81.2', 'Epidermolysis bullosa dystrophica', 'Q09', 0),
(7832, 'Q81.8', 'Other epidermolysis bullosa', 'Q09', 0),
(7833, 'Q81.9', 'Epidermolysis bullosa, unspecified', 'Q09', 0),
(7834, 'Q82', 'Other congenital malformations of skin', 'Q09', 0),
(7835, 'Q82.0', 'Hereditary lymphoedema', 'Q09', 0),
(7836, 'Q82.1', 'Xeroderma pigmentosum', 'Q09', 0),
(7837, 'Q82.2', 'Mastocytosis', 'Q09', 0),
(7838, 'Q82.3', 'Incontinentia pigmenti', 'Q09', 0),
(7839, 'Q82.4', 'Ectodermal dysplasia (anhidrotic)', 'Q09', 0),
(7840, 'Q82.5', 'Congenital non-neoplastic naevus', 'Q09', 0),
(7841, 'Q82.8', 'Other specified congenital malformations of skin', 'Q09', 0),
(7842, 'Q82.9', 'Congenital malformation of skin, unspecified', 'Q09', 0),
(7843, 'Q83', 'Congenital malformations of breast', 'Q09', 0),
(7844, 'Q83.0', 'Congenital absence of breast with absent nipple', 'Q09', 0),
(7845, 'Q83.1', 'Accessory breast', 'Q09', 0),
(7846, 'Q83.2', 'Absent nipple', 'Q09', 0),
(7847, 'Q83.3', 'Accessory nipple', 'Q09', 0),
(7848, 'Q83.8', 'Other congenital malformations of breast', 'Q09', 0),
(7849, 'Q83.9', 'Congenital malformation of breast, unspecified', 'Q09', 0),
(7850, 'Q84', 'Other congenital malformations of integument', 'Q09', 0),
(7851, 'Q84.0', 'Congenital alopecia', 'Q09', 0),
(7852, 'Q84.1', 'Congenital morphological disturbances of hair, not elsewhereclassified', 'Q09', 0),
(7853, 'Q84.2', 'Other congenital malformations of hair', 'Q09', 0),
(7854, 'Q84.3', 'Anonychia', 'Q09', 0),
(7855, 'Q84.4', 'Congenital leukonychia', 'Q09', 0),
(7856, 'Q84.5', 'Enlarged and hypertrophic nails', 'Q09', 0),
(7857, 'Q84.6', 'Other congenital malformations of nails', 'Q09', 0),
(7858, 'Q84.8', 'Other specified congenital malformations of integument', 'Q09', 0),
(7859, 'Q84.9', 'Congenital malformation of integument, unspecified', 'Q09', 0),
(7860, 'Q85', 'Phakomatoses, not elsewhere classified', 'Q09', 0),
(7861, 'Q85.0', 'Neurofibromatosis (nonmalignant)', 'Q09', 0),
(7862, 'Q85.1', 'Tuberous sclerosis', 'Q09', 0),
(7863, 'Q85.8', 'Other phakomatoses, not elsewhere classified', 'Q09', 0),
(7864, 'Q85.9', 'Phakomatosis, unspecified', 'Q09', 0),
(7865, 'Q86', 'Congenital malformation syndromes due to known exogenous causes, notelsewhere classified', 'Q09', 0),
(7866, 'Q86.0', 'Fetal alcohol syndrome (dysmorphic)', 'Q09', 0),
(7867, 'Q86.1', 'Fetal hydantoin syndrome', 'Q09', 0),
(7868, 'Q86.2', 'Dysmorphism due to warfarin', 'Q09', 0),
(7869, 'Q86.8', 'Other congenital malformation syndromes due to known exogenouscauses', 'Q09', 0),
(7870, 'Q87', 'Other specified congenital malformation syndromes affecting multiplesystems', 'Q09', 0),
(7871, 'Q87.0', 'Congenital malformation syndromes predominantly affecting facialappearance', 'Q09', 0),
(7872, 'Q87.1', 'Congenital malformation syndromes predominantly associated withshort stature', 'Q09', 0),
(7873, 'Q87.2', 'Congenital malformation syndromes predominantly involving limbs', 'Q09', 0),
(7874, 'Q87.3', 'Congenital malformation syndromes involving early overgrowth', 'Q09', 0),
(7875, 'Q87.4', 'Marfan''s syndrome', 'Q09', 0),
(7876, 'Q87.5', 'Other congenital malformation syndromes with other skeletal changes', 'Q09', 0),
(7877, 'Q87.8', 'Other specified congenital malformation syndromes, not elsewhereclassified', 'Q09', 0),
(7878, 'Q89', 'Other congenital malformations, not elsewhere classified', 'Q09', 0),
(7879, 'Q89.0', 'Congenital malformations of spleen', 'Q09', 0),
(7880, 'Q89.1', 'Congenital malformations of adrenal gland', 'Q09', 0),
(7881, 'Q89.2', 'Congenital malformations of other endocrine glands', 'Q09', 0),
(7882, 'Q89.3', 'Situs inversus', 'Q09', 0),
(7883, 'Q89.4', 'Conjoined twins', 'Q09', 0),
(7884, 'Q89.7', 'Multiple congenital malformations, not elsewhere classified', 'Q09', 0),
(7885, 'Q89.8', 'Other specified congenital malformations', 'Q09', 0),
(7886, 'Q89.9', 'Congenital malformation, unspecified', 'Q09', 0),
(7887, 'Q90', 'Down''s syndrome', 'Q10', 0),
(7888, 'Q90.0', 'Trisomy 21, meiotic nondisjunction', 'Q10', 0),
(7889, 'Q90.1', 'Trisomy 21, mosaicism (mitotic nondisjunction)', 'Q10', 0),
(7890, 'Q90.2', 'Trisomy 21, translocation', 'Q10', 0),
(7891, 'Q90.9', 'Down''s syndrome, unspecified', 'Q10', 0),
(7892, 'Q91', 'Edwards'' syndrome and Patau''s syndrome', 'Q10', 0),
(7893, 'Q91.0', 'Trisomy 18, meiotic nondisjunction', 'Q10', 0),
(7894, 'Q91.1', 'Trisomy 18, mosaicism (mitotic nondisjunction)', 'Q10', 0),
(7895, 'Q91.2', 'Trisomy 18, translocation', 'Q10', 0),
(7896, 'Q91.3', 'Edwards'' syndrome, unspecified', 'Q10', 0),
(7897, 'Q91.4', 'Trisomy 13, meiotic nondisjunction', 'Q10', 0),
(7898, 'Q91.5', 'Trisomy 13, mosaicism (mitotic nondisjunction)', 'Q10', 0),
(7899, 'Q91.6', 'Trisomy 13, translocation', 'Q10', 0),
(7900, 'Q91.7', 'Patau''s syndrome, unspecified', 'Q10', 0),
(7901, 'Q92', 'Other trisomies and partial trisomies of the autosomes, notelsewhere classified', 'Q10', 0),
(7902, 'Q92.0', 'Whole chromosome trisomy, meiotic nondisjunction', 'Q10', 0),
(7903, 'Q92.1', 'Whole chromosome trisomy, mosaicism (mitotic nondisjunction)', 'Q10', 0),
(7904, 'Q92.2', 'Major partial trisomy', 'Q10', 0),
(7905, 'Q92.3', 'Minor partial trisomy', 'Q10', 0),
(7906, 'Q92.4', 'Duplications seen only at prometaphase', 'Q10', 0),
(7907, 'Q92.5', 'Duplications with other complex rearrangements', 'Q10', 0),
(7908, 'Q92.6', 'Extra marker chromosomes', 'Q10', 0),
(7909, 'Q92.7', 'Triploidy and polyploidy', 'Q10', 0),
(7910, 'Q92.8', 'Other specified trisomies and partial trisomies of autosomes', 'Q10', 0),
(7911, 'Q92.9', 'Trisomy and partial trisomy of autosomes, unspecified', 'Q10', 0),
(7912, 'Q93', 'Monosomies and deletions from the autosomes, not elsewhereclassified', 'Q10', 0),
(7913, 'Q93.0', 'Whole chromosome monosomy, meiotic nondisjunction', 'Q10', 0),
(7914, 'Q93.1', 'Whole chromosome monosomy, mosaicism (mitotic nondisjunction)', 'Q10', 0),
(7915, 'Q93.2', 'Chromosome replaced with ring or dicentric', 'Q10', 0),
(7916, 'Q93.3', 'Deletion of short arm of chromosome 4', 'Q10', 0),
(7917, 'Q93.4', 'Deletion of short arm of chromosome 5', 'Q10', 0),
(7918, 'Q93.5', 'Other deletions of part of a chromosome', 'Q10', 0),
(7919, 'Q93.6', 'Deletions seen only at prometaphase', 'Q10', 0),
(7920, 'Q93.7', 'Deletions with other complex rearrangements', 'Q10', 0),
(7921, 'Q93.8', 'Other deletions from the autosomes', 'Q10', 0),
(7922, 'Q93.9', 'Deletion from autosomes, unspecified', 'Q10', 0),
(7923, 'Q95', 'Balanced rearrangements and structural markers, not elsewhereclassified', 'Q10', 0),
(7924, 'Q95.0', 'Balanced translocation and insertion in normal individual', 'Q10', 0),
(7925, 'Q95.1', 'Chromosome inversion in normal individual', 'Q10', 0),
(7926, 'Q95.2', 'Balanced autosomal rearrangement in abnormal individual', 'Q10', 0),
(7927, 'Q95.3', 'Balanced sex/autosomal rearrangement in abnormal individual', 'Q10', 0),
(7928, 'Q95.4', 'Individuals with marker heterochromatin', 'Q10', 0),
(7929, 'Q95.5', 'Individuals with autosomal fragile site', 'Q10', 0),
(7930, 'Q95.8', 'Other balanced rearrangements and structural markers', 'Q10', 0),
(7931, 'Q95.9', 'Balanced rearrangement and structural marker, unspecified', 'Q10', 0),
(7932, 'Q96', 'Turner''s syndrome', 'Q10', 0),
(7933, 'Q96.0', 'Karyotype 45,X', 'Q10', 0),
(7934, 'Q96.1', 'Karyotype 46,X iso (Xq)', 'Q10', 0),
(7935, 'Q96.2', 'Karyotype 46,X with abnormal sex chromosome, except iso (Xq)', 'Q10', 0),
(7936, 'Q96.3', 'Mosaicism, 45,X/46,XX or XY', 'Q10', 0),
(7937, 'Q96.4', 'Mosaicism, 45,X/other cell line(s) with abnormal sex chromosome', 'Q10', 0),
(7938, 'Q96.8', 'Other variants of Turner''s syndrome', 'Q10', 0),
(7939, 'Q96.9', 'Turner''s syndrome, unspecified', 'Q10', 0),
(7940, 'Q97', 'Other sex chromosome abnormalities, female phenotype, not elsewhereclassified', 'Q10', 0),
(7941, 'Q97.0', 'Karyotype 47,XXX', 'Q10', 0),
(7942, 'Q97.1', 'Female with more than three X chromosomes', 'Q10', 0),
(7943, 'Q97.2', 'Mosaicism, lines with various numbers of X chromosomes', 'Q10', 0),
(7944, 'Q97.3', 'Female with 46,XY karyotype', 'Q10', 0),
(7945, 'Q97.8', 'Other specified sex chromosome abnormalities, female phenotype', 'Q10', 0),
(7946, 'Q97.9', 'Sex chromosome abnormality, female phenotype, unspecified', 'Q10', 0),
(7947, 'Q98', 'Other sex chromosome abnormalities, male phenotype, not elsewhereclassified', 'Q10', 0),
(7948, 'Q98.0', 'Klinefelter''s syndrome karyotype 47,XXY', 'Q10', 0),
(7949, 'Q98.1', 'Klinefelter''s syndrome, male with more than two X chromosomes', 'Q10', 0),
(7950, 'Q98.2', 'Klinefelter''s syndrome, male with 46,XX karyotype', 'Q10', 0),
(7951, 'Q98.3', 'Other male with 46,XX karyotype', 'Q10', 0),
(7952, 'Q98.4', 'Klinefelter''s syndrome, unspecified', 'Q10', 0),
(7953, 'Q98.5', 'Karyotype 47,XYY', 'Q10', 0),
(7954, 'Q98.6', 'Male with structurally abnormal sex chromosome', 'Q10', 0),
(7955, 'Q98.7', 'Male with sex chromosome mosaicism', 'Q10', 0),
(7956, 'Q98.8', 'Other specified sex chromosome abnormalities, male phenotype', 'Q10', 0),
(7957, 'Q98.9', 'Sex chromosome abnormality, male phenotype, unspecified', 'Q10', 0),
(7958, 'Q99', 'Other chromosome abnormalities, not elsewhere classified', 'Q10', 0),
(7959, 'Q99.0', 'Chimera 46,XX/46,XY', 'Q10', 0),
(7960, 'Q99.1', '46,XX true hermaphrodite', 'Q10', 0),
(7961, 'Q99.2', 'Fragile X chromosome', 'Q10', 0),
(7962, 'Q99.8', 'Other specified chromosome abnormalities', 'Q10', 0),
(7963, 'Q99.9', 'Chromosomal abnormality, unspecified', 'Q10', 0),
(7964, 'R00', 'Abnormalities of heart beat', 'R00', 0),
(7965, 'R00.0', 'Tachycardia, unspecified', 'R00', 0),
(7966, 'R00.1', 'Bradycardia, unspecified', 'R00', 0),
(7967, 'R00.2', 'Palpitations', 'R00', 0),
(7968, 'R00.8', 'Other and unspecified abnormalities of heart beat', 'R00', 0),
(7969, 'R01', 'Cardiac murmurs and other cardiac sounds', 'R00', 0),
(7970, 'R01.0', 'Benign and innocent cardiac murmurs', 'R00', 0),
(7971, 'R01.1', 'Cardiac murmur, unspecified', 'R00', 0),
(7972, 'R01.2', 'Other cardiac sounds', 'R00', 0),
(7973, 'R02', 'Gangrene, not elsewhere classified', 'R00', 0),
(7974, 'R03', 'Abnormal blood-pressure reading, without diagnosis', 'R00', 0),
(7975, 'R03.0', 'Elevated blood-pressure reading, without diagnosis of hypertension', 'R00', 0),
(7976, 'R03.1', 'Nonspecific low blood-pressure reading', 'R00', 0),
(7977, 'R04', 'Haemorrhage from respiratory passages', 'R00', 0),
(7978, 'R04.0', 'Epistaxis', 'R00', 0),
(7979, 'R04.1', 'Haemorrhage from throat', 'R00', 0),
(7980, 'R04.2', 'Haemoptysis', 'R00', 0),
(7981, 'R04.8', 'Haemorrhage from other sites in respiratory passages', 'R00', 0),
(7982, 'R04.9', 'Haemorrhage from respiratory passages, unspecified', 'R00', 0),
(7983, 'R05', 'Cough', 'R00', 0),
(7984, 'R06', 'Abnormalities of breathing', 'R00', 0),
(7985, 'R06.0', 'Dyspnoea', 'R00', 0),
(7986, 'R06.1', 'Stridor', 'R00', 0),
(7987, 'R06.2', 'Wheezing', 'R00', 0),
(7988, 'R06.3', 'Periodic breathing', 'R00', 0),
(7989, 'R06.4', 'Hyperventilation', 'R00', 0),
(7990, 'R06.5', 'Mouth breathing', 'R00', 0),
(7991, 'R06.6', 'Hiccough', 'R00', 0),
(7992, 'R06.7', 'Sneezing', 'R00', 0),
(7993, 'R06.8', 'Other and unspecified abnormalities of breathing', 'R00', 0),
(7994, 'R07', 'Pain in throat and chest', 'R00', 0),
(7995, 'R07.0', 'Pain in throat', 'R00', 0),
(7996, 'R07.1', 'Chest pain on breathing', 'R00', 0),
(7997, 'R07.2', 'Precordial pain', 'R00', 0),
(7998, 'R07.3', 'Other chest pain', 'R00', 0),
(7999, 'R07.4', 'Chest pain, unspecified', 'R00', 0),
(8000, 'R09', 'Other symptoms and signs involving the circulatory and respiratorysystems', 'R00', 0),
(8001, 'R09.0', 'Asphyxia', 'R00', 0),
(8002, 'R09.1', 'Pleurisy', 'R00', 0),
(8003, 'R09.2', 'Respiratory arrest', 'R00', 0),
(8004, 'R09.3', 'Abnormal sputum', 'R00', 0),
(8005, 'R09.8', 'Other specified symptoms and signs involving the circulatory andrespiratory systems', 'R00', 0),
(8006, 'R10', 'Abdominal and pelvic pain', 'R01', 0),
(8007, 'R10.0', 'Acute abdomen', 'R01', 0),
(8008, 'R10.1', 'Pain localized to upper abdomen', 'R01', 0),
(8009, 'R10.2', 'Pelvic and perineal pain', 'R01', 0),
(8010, 'R10.3', 'Pain localized to other parts of lower abdomen', 'R01', 0),
(8011, 'R10.4', 'Other and unspecified abdominal pain', 'R01', 0),
(8012, 'R11', 'Nausea and vomiting', 'R01', 0),
(8013, 'R12', 'Heartburn', 'R01', 0),
(8014, 'R13', 'Dysphagia', 'R01', 0),
(8015, 'R14', 'Flatulence and related conditions', 'R01', 0),
(8016, 'R15', 'Faecal incontinence', 'R01', 0),
(8017, 'R16', 'Hepatomegaly and splenomegaly, not elsewhere classified', 'R01', 0),
(8018, 'R16.0', 'Hepatomegaly, not elsewhere classified', 'R01', 0),
(8019, 'R16.1', 'Splenomegaly, not elsewhere classified', 'R01', 0),
(8020, 'R16.2', 'Hepatomegaly with splenomegaly, not elsewhere classified', 'R01', 0),
(8021, 'R17', 'Unspecified jaundice', 'R01', 0),
(8022, 'R18', 'Ascites', 'R01', 0),
(8023, 'R19', 'Other symptoms and signs involving the digestive system and abdomen', 'R01', 0),
(8024, 'R19.0', 'Intra-abdominal and pelvic swelling, mass and lump', 'R01', 0),
(8025, 'R19.1', 'Abnormal bowel sounds', 'R01', 0),
(8026, 'R19.2', 'Visible peristalsis', 'R01', 0),
(8027, 'R19.3', 'Abdominal rigidity', 'R01', 0),
(8028, 'R19.4', 'Change in bowel habit', 'R01', 0),
(8029, 'R19.5', 'Other faecal abnormalities', 'R01', 0),
(8030, 'R19.6', 'Halitosis', 'R01', 0),
(8031, 'R19.8', 'Other specified symptoms and signs involving the digestive systemand abdomen', 'R01', 0),
(8032, 'R20', 'Disturbances of skin sensation', 'R02', 0),
(8033, 'R20.0', 'Anaesthesia of skin', 'R02', 0),
(8034, 'R20.1', 'Hypoaesthesia of skin', 'R02', 0),
(8035, 'R20.2', 'Paraesthesia of skin', 'R02', 0),
(8036, 'R20.3', 'Hyperaesthesia', 'R02', 0),
(8037, 'R20.8', 'Other and unspecified disturbances of skin sensation', 'R02', 0),
(8038, 'R21', 'Rash and other nonspecific skin eruption', 'R02', 0),
(8039, 'R22', 'Localized swelling, mass and lump of skin and subcutaneous tissue', 'R02', 0),
(8040, 'R22.0', 'Localized swelling, mass and lump, head', 'R02', 0),
(8041, 'R22.1', 'Localized swelling, mass and lump, neck', 'R02', 0),
(8042, 'R22.2', 'Localized swelling, mass and lump, trunk', 'R02', 0),
(8043, 'R22.3', 'Localized swelling, mass and lump, upper limb', 'R02', 0),
(8044, 'R22.4', 'Localized swelling, mass and lump, lower limb', 'R02', 0),
(8045, 'R22.7', 'Localized swelling, mass and lump, multiple sites', 'R02', 0),
(8046, 'R22.9', 'Localized swelling, mass and lump, unspecified', 'R02', 0),
(8047, 'R23', 'Other skin changes', 'R02', 0),
(8048, 'R23.0', 'Cyanosis', 'R02', 0),
(8049, 'R23.1', 'Pallor', 'R02', 0),
(8050, 'R23.2', 'Flushing', 'R02', 0),
(8051, 'R23.3', 'Spontaneous ecchymoses', 'R02', 0),
(8052, 'R23.4', 'Changes in skin texture', 'R02', 0),
(8053, 'R23.8', 'Other and unspecified skin changes', 'R02', 0),
(8054, 'R25', 'Abnormal involuntary movements', 'R03', 0),
(8055, 'R25.0', 'Abnormal head movements', 'R03', 0),
(8056, 'R25.1', 'Tremor, unspecified', 'R03', 0),
(8057, 'R25.2', 'Cramp and spasm', 'R03', 0),
(8058, 'R25.3', 'Fasciculation', 'R03', 0),
(8059, 'R25.8', 'Other and unspecified abnormal involuntary movements', 'R03', 0),
(8060, 'R26', 'Abnormalities of gait and mobility', 'R03', 0),
(8061, 'R26.0', 'Ataxic gait', 'R03', 0),
(8062, 'R26.1', 'Paralytic gait', 'R03', 0),
(8063, 'R26.2', 'Difficulty in walking, not elsewhere classified', 'R03', 0),
(8064, 'R26.8', 'Other and unspecified abnormalities of gait and mobility', 'R03', 0),
(8065, 'R27', 'Other lack of coordination', 'R03', 0),
(8066, 'R27.0', 'Ataxia, unspecified', 'R03', 0),
(8067, 'R27.8', 'Other and unspecified lack of coordination', 'R03', 0),
(8068, 'R29', 'Other symptoms and signs involving the nervous and musculoskeletalsystems', 'R03', 0),
(8069, 'R29.0', 'Tetany', 'R03', 0),
(8070, 'R29.1', 'Meningismus', 'R03', 0),
(8071, 'R29.2', 'Abnormal reflex', 'R03', 0),
(8072, 'R29.3', 'Abnormal posture', 'R03', 0),
(8073, 'R29.4', 'Clicking hip', 'R03', 0),
(8074, 'R29.8', 'Other and unspecified symptoms and signs involving the nervous andmusculoskeletal systems', 'R03', 0),
(8075, 'R30', 'Pain associated with micturition', 'R04', 0),
(8076, 'R30.0', 'Dysuria', 'R04', 0),
(8077, 'R30.1', 'Vesical tenesmus', 'R04', 0),
(8078, 'R30.9', 'Painful micturition, unspecified', 'R04', 0),
(8079, 'R31', 'Unspecified haematuria', 'R04', 0),
(8080, 'R32', 'Unspecified urinary incontinence', 'R04', 0),
(8081, 'R33', 'Retention of urine', 'R04', 0),
(8082, 'R34', 'Anuria and oliguria', 'R04', 0),
(8083, 'R35', 'Polyuria', 'R04', 0),
(8084, 'R36', 'Urethral discharge', 'R04', 0),
(8085, 'R39', 'Other symptoms and signs involving the urinary system', 'R04', 0),
(8086, 'R39.0', 'Extravasation of urine', 'R04', 0),
(8087, 'R39.1', 'Other difficulties with micturition', 'R04', 0),
(8088, 'R39.2', 'Extrarenal uraemia', 'R04', 0),
(8089, 'R39.8', 'Other and unspecified symptoms and signs involving the urinarysystem', 'R04', 0),
(8090, 'R40', 'Somnolence, stupor and coma', 'R05', 0),
(8091, 'R40.0', 'Somnolence', 'R05', 0),
(8092, 'R40.1', 'Stupor', 'R05', 0),
(8093, 'R40.2', 'Coma, unspecified', 'R05', 0),
(8094, 'R41', 'Other symptoms and signs involving cognitive functions and awareness', 'R05', 0),
(8095, 'R41.0', 'Disorientation, unspecified', 'R05', 0),
(8096, 'R41.1', 'Anterograde amnesia', 'R05', 0),
(8097, 'R41.2', 'Retrograde amnesia', 'R05', 0),
(8098, 'R41.3', 'Other amnesia', 'R05', 0),
(8099, 'R41.8', 'Other and unspecified symptoms and signs involving cognitivefunctions and awareness', 'R05', 0),
(8100, 'R42', 'Dizziness and giddiness', 'R05', 0),
(8101, 'R43', 'Disturbances of smell and taste', 'R05', 0),
(8102, 'R43.0', 'Anosmia', 'R05', 0),
(8103, 'R43.1', 'Parosmia', 'R05', 0),
(8104, 'R43.2', 'Parageusia', 'R05', 0),
(8105, 'R43.8', 'Other and unspecified disturbances of smell and taste', 'R05', 0),
(8106, 'R44', 'Other symptoms and signs involving general sensations andperceptions', 'R05', 0),
(8107, 'R44.0', 'Auditory hallucinations', 'R05', 0),
(8108, 'R44.1', 'Visual hallucinations', 'R05', 0),
(8109, 'R44.2', 'Other hallucinations', 'R05', 0),
(8110, 'R44.3', 'Hallucinations, unspecified', 'R05', 0),
(8111, 'R44.8', 'Other and unspecified symptoms and signs involving generalsensations and perceptions', 'R05', 0),
(8112, 'R45', 'Symptoms and signs involving emotional state', 'R05', 0),
(8113, 'R45.0', 'Nervousness', 'R05', 0),
(8114, 'R45.1', 'Restlessness and agitation', 'R05', 0),
(8115, 'R45.2', 'Unhappiness', 'R05', 0),
(8116, 'R45.3', 'Demoralization and apathy', 'R05', 0),
(8117, 'R45.4', 'Irritability and anger', 'R05', 0),
(8118, 'R45.5', 'Hostility', 'R05', 0),
(8119, 'R45.6', 'Physical violence', 'R05', 0),
(8120, 'R45.7', 'State of emotional shock and stress, unspecified', 'R05', 0),
(8121, 'R45.8', 'Other symptoms and signs involving emotional state', 'R05', 0),
(8122, 'R46', 'Symptoms and signs involving appearance and behaviour', 'R05', 0),
(8123, 'R46.0', 'Very low level of personal hygiene', 'R05', 0),
(8124, 'R46.1', 'Bizarre personal appearance', 'R05', 0),
(8125, 'R46.2', 'Strange and inexplicable behaviour', 'R05', 0),
(8126, 'R46.3', 'Overactivity', 'R05', 0),
(8127, 'R46.4', 'Slowness and poor responsiveness', 'R05', 0),
(8128, 'R46.5', 'Suspiciousness and marked evasiveness', 'R05', 0),
(8129, 'R46.6', 'Undue concern and preoccupation with stressful events', 'R05', 0),
(8130, 'R46.7', 'Verbosity and circumstantial detail obscuring reason for contact', 'R05', 0),
(8131, 'R46.8', 'Other symptoms and signs involving appearance and behaviour', 'R05', 0),
(8132, 'R47', 'Speech disturbances, not elsewhere classified', 'R06', 0),
(8133, 'R47.0', 'Dysphasia and aphasia', 'R06', 0),
(8134, 'R47.1', 'Dysarthria and anarthria', 'R06', 0),
(8135, 'R47.8', 'Other and unspecified speech disturbances', 'R06', 0),
(8136, 'R48', 'Dyslexia and other symbolic dysfunctions, not elsewhere classified', 'R06', 0),
(8137, 'R48.0', 'Dyslexia and alexia', 'R06', 0),
(8138, 'R48.1', 'Agnosia', 'R06', 0),
(8139, 'R48.2', 'Apraxia', 'R06', 0),
(8140, 'R48.8', 'Other and unspecified symbolic dysfunctions', 'R06', 0),
(8141, 'R49', 'Voice disturbances', 'R06', 0),
(8142, 'R49.0', 'Dysphonia', 'R06', 0),
(8143, 'R49.1', 'Aphonia', 'R06', 0),
(8144, 'R49.2', 'Hypernasality and hyponasality', 'R06', 0),
(8145, 'R49.8', 'Other and unspecified voice disturbances', 'R06', 0),
(8146, 'R50', 'Fever of unknown origin', 'R07', 0),
(8147, 'R50.0', 'Fever with chills', 'R07', 0),
(8148, 'R50.1', 'Persistent fever', 'R07', 0),
(8149, 'R50.9', 'Fever, unspecified', 'R07', 0),
(8150, 'R51', 'Headache', 'R07', 0),
(8151, 'R52', 'Pain, not elsewhere classified', 'R07', 0),
(8152, 'R52.0', 'Acute pain', 'R07', 0),
(8153, 'R52.1', 'Chronic intractable pain', 'R07', 0),
(8154, 'R52.2', 'Other chronic pain', 'R07', 0),
(8155, 'R52.9', 'Pain, unspecified', 'R07', 0),
(8156, 'R53', 'Malaise and fatigue', 'R07', 0),
(8157, 'R54', 'Senility', 'R07', 0),
(8158, 'R55', 'Syncope and collapse', 'R07', 0),
(8159, 'R56', 'Convulsions, not elsewhere classified', 'R07', 0),
(8160, 'R56.0', 'Febrile convulsions', 'R07', 0),
(8161, 'R56.8', 'Other and unspecified convulsions', 'R07', 0),
(8162, 'R57', 'Shock, not elsewhere classified', 'R07', 0),
(8163, 'R57.0', 'Cardiogenic shock', 'R07', 0),
(8164, 'R57.1', 'Hypovolaemic shock', 'R07', 0),
(8165, 'R57.8', 'Other shock', 'R07', 0),
(8166, 'R57.9', 'Shock, unspecified', 'R07', 0),
(8167, 'R58', 'Haemorrhage, not elsewhere classified', 'R07', 0),
(8168, 'R59', 'Enlarged lymph nodes', 'R07', 0),
(8169, 'R59.0', 'Localized enlarged lymph nodes', 'R07', 0),
(8170, 'R59.1', 'Generalized enlarged lymph nodes', 'R07', 0),
(8171, 'R59.9', 'Enlarged lymph nodes, unspecified', 'R07', 0),
(8172, 'R60', 'Oedema, not elsewhere classified', 'R07', 0),
(8173, 'R60.0', 'Localized oedema', 'R07', 0),
(8174, 'R60.1', 'Generalized oedema', 'R07', 0),
(8175, 'R60.9', 'Oedema, unspecified', 'R07', 0),
(8176, 'R61', 'Hyperhidrosis', 'R07', 0),
(8177, 'R61.0', 'Localized hyperhidrosis', 'R07', 0),
(8178, 'R61.1', 'Generalized hyperhidrosis', 'R07', 0),
(8179, 'R61.9', 'Hyperhidrosis, unspecified', 'R07', 0),
(8180, 'R62', 'Lack of expected normal physiological development', 'R07', 0),
(8181, 'R62.0', 'Delayed milestone', 'R07', 0),
(8182, 'R62.8', 'Other lack of expected normal physiological development', 'R07', 0),
(8183, 'R62.9', 'Lack of expected normal physiological development, unspecified', 'R07', 0),
(8184, 'R63', 'Symptoms and signs concerning food and fluid intake', 'R07', 0),
(8185, 'R63.0', 'Anorexia', 'R07', 0),
(8186, 'R63.1', 'Polydipsia', 'R07', 0),
(8187, 'R63.2', 'Polyphagia', 'R07', 0),
(8188, 'R63.3', 'Feeding difficulties and mismanagement', 'R07', 0),
(8189, 'R63.4', 'Abnormal weight loss', 'R07', 0),
(8190, 'R63.5', 'Abnormal weight gain', 'R07', 0),
(8191, 'R63.8', 'Other symptoms and signs concerning food and fluid intake', 'R07', 0),
(8192, 'R64', 'Cachexia', 'R07', 0),
(8193, 'R68', 'Other general symptoms and signs', 'R07', 0),
(8194, 'R68.0', 'Hypothermia, not associated with low environmental temperature', 'R07', 0),
(8195, 'R68.1', 'Nonspecific symptoms peculiar to infancy', 'R07', 0),
(8196, 'R68.2', 'Dry mouth, unspecified', 'R07', 0),
(8197, 'R68.3', 'Clubbing of fingers', 'R07', 0),
(8198, 'R68.8', 'Other specified general symptoms and signs', 'R07', 0),
(8199, 'R69', 'Unknown and unspecified causes of morbidity', 'R07', 0),
(8200, 'R70', 'Elevated erythrocyte sedimentation rate and abnormality of plasmaviscosity', 'R08', 0),
(8201, 'R70.0', 'Elevated erythrocyte sedimentation rate', 'R08', 0),
(8202, 'R70.1', 'Abnormal plasma viscosity', 'R08', 0),
(8203, 'R71', 'Abnormality of red blood cells', 'R08', 0),
(8204, 'R72', 'Abnormality of white blood cells, not elsewhere classified', 'R08', 0),
(8205, 'R73', 'Elevated blood glucose level', 'R08', 0),
(8206, 'R73.0', 'Abnormal glucose tolerance test', 'R08', 0),
(8207, 'R73.9', 'Hyperglycaemia, unspecified', 'R08', 0),
(8208, 'R74', 'Abnormal serum enzyme levels', 'R08', 0),
(8209, 'R74.0', 'Elevation of levels of transaminase and lactic acid dehydrogenase[LDH]', 'R08', 0),
(8210, 'R74.8', 'Abnormal levels of other serum enzymes', 'R08', 0),
(8211, 'R74.9', 'Abnormal level of unspecified serum enzyme', 'R08', 0),
(8212, 'R75', 'Laboratory evidence of human immunodeficiency virus [HIV]', 'R08', 0),
(8213, 'R76', 'Other abnormal immunological findings in serum', 'R08', 0),
(8214, 'R76.0', 'Raised antibody titre', 'R08', 0),
(8215, 'R76.1', 'Abnormal reaction to tuberculin test', 'R08', 0),
(8216, 'R76.2', 'False-positive serological test for syphilis', 'R08', 0),
(8217, 'R76.8', 'Other specified abnormal immunological findings in serum', 'R08', 0),
(8218, 'R76.9', 'Abnormal immunological finding in serum, unspecified', 'R08', 0),
(8219, 'R77', 'Other abnormalities of plasma proteins', 'R08', 0),
(8220, 'R77.0', 'Abnormality of albumin', 'R08', 0),
(8221, 'R77.1', 'Abnormality of globulin', 'R08', 0),
(8222, 'R77.2', 'Abnormality of alphafetoprotein', 'R08', 0),
(8223, 'R77.8', 'Other specified abnormalities of plasma proteins', 'R08', 0),
(8224, 'R77.9', 'Abnormality of plasma protein, unspecified', 'R08', 0),
(8225, 'R78', 'Findings of drugs and other substances, not normally found in blood', 'R08', 0),
(8226, 'R78.0', 'Finding of alcohol in blood', 'R08', 0),
(8227, 'R78.1', 'Finding of opiate drug in blood', 'R08', 0),
(8228, 'R78.2', 'Finding of cocaine in blood', 'R08', 0),
(8229, 'R78.3', 'Finding of hallucinogen in blood', 'R08', 0),
(8230, 'R78.4', 'Finding of other drugs of addictive potential in blood', 'R08', 0),
(8231, 'R78.5', 'Finding of psychotropic drug in blood', 'R08', 0),
(8232, 'R78.6', 'Finding of steroid agent in blood', 'R08', 0),
(8233, 'R78.7', 'Finding of abnormal level of heavy metals in blood', 'R08', 0),
(8234, 'R78.8', 'Finding of other specified substances, not normally found in blood', 'R08', 0),
(8235, 'R78.9', 'Finding of unspecified substance, not normally found in blood', 'R08', 0),
(8236, 'R79', 'Other abnormal findings of blood chemistry', 'R08', 0),
(8237, 'R79.0', 'Abnormal level of blood mineral', 'R08', 0),
(8238, 'R79.8', 'Other specified abnormal findings of blood chemistry', 'R08', 0),
(8239, 'R79.9', 'Abnormal finding of blood chemistry, unspecified', 'R08', 0),
(8240, 'R80', 'Isolated proteinuria', 'R09', 0),
(8241, 'R81', 'Glycosuria', 'R09', 0),
(8242, 'R82', 'Other abnormal findings in urine', 'R09', 0),
(8243, 'R82.0', 'Chyluria', 'R09', 0),
(8244, 'R82.1', 'Myoglobinuria', 'R09', 0),
(8245, 'R82.2', 'Biliuria', 'R09', 0),
(8246, 'R82.3', 'Haemoglobinuria', 'R09', 0),
(8247, 'R82.4', 'Acetonuria', 'R09', 0),
(8248, 'R82.5', 'Elevated urine levels of drugs, medicaments and biologicalsubstances', 'R09', 0),
(8249, 'R82.6', 'Abnormal urine levels of substances chiefly nonmedicinal as tosource', 'R09', 0),
(8250, 'R82.7', 'Abnormal findings on microbiological examination of urine', 'R09', 0),
(8251, 'R82.8', 'Abnormal findings on cytological and histological examination ofurine', 'R09', 0),
(8252, 'R82.9', 'Other and unspecified abnormal findings in urine', 'R09', 0),
(8253, 'R83', 'Abnormal findings in cerebrospinal fluid', 'R10', 0),
(8254, 'R83.0', 'Abnormal findings in cerebrospinal fluid, abnormal level of enzymes', 'R10', 0),
(8255, 'R83.1', 'Abnormal findings in cerebrospinal fluid, abnormal level of hormones', 'R10', 0),
(8256, 'R83.2', 'Abnormal findings in cerebrospinal fluid, abnormal level of otherdrugs, medicaments and biological s', 'R10', 0),
(8257, 'R83.3', 'Abnormal findings in cerebrospinal fluid, abnormal level ofsubstances chiefly nonmedicinal as to sou', 'R10', 0),
(8258, 'R83.4', 'Abnormal findings in cerebrospinal fluid, abnormal immunologicalfindings', 'R10', 0),
(8259, 'R83.5', 'Abnormal findings in cerebrospinal fluid, abnormal microbiologicalfindings', 'R10', 0),
(8260, 'R83.6', 'Abnormal findings in cerebrospinal fluid, abnormal cytologicalfindings', 'R10', 0),
(8261, 'R83.7', 'Abnormal findings in cerebrospinal fluid, abnormal histologicalfindings', 'R10', 0),
(8262, 'R83.8', 'Abnormal findings in cerebrospinal fluid, other abnormal findings', 'R10', 0),
(8263, 'R83.9', 'Abnormal findings in cerebrospinal fluid, unspecified abnormalfinding', 'R10', 0),
(8264, 'R84', 'Abnormal findings in specimens from respiratory organs and thorax', 'R10', 0),
(8265, 'R84.0', 'Abnormal findings in specimens from respiratory organs and thorax,abnormal level of enzymes', 'R10', 0),
(8266, 'R84.1', 'Abnormal findings in specimens from respiratory organs and thorax,abnormal level of hormones', 'R10', 0),
(8267, 'R84.2', 'Abnormal findings in specimens from respiratory organs and thorax,abnormal level of other drugs, med', 'R10', 0),
(8268, 'R84.3', 'Abnormal findings in specimens from respiratory organs and thorax,abnormal level of substances chief', 'R10', 0),
(8269, 'R84.4', 'Abnormal findings in specimens from respiratory organs and thorax,abnormal immunological findings', 'R10', 0),
(8270, 'R84.5', 'Abnormal findings in specimens from respiratory organs and thorax,abnormal microbiological findings', 'R10', 0),
(8271, 'R84.6', 'Abnormal findings in specimens from respiratory organs and thorax,abnormal cytological findings', 'R10', 0),
(8272, 'R84.7', 'Abnormal findings in specimens from respiratory organs and thorax,abnormal histological findings', 'R10', 0),
(8273, 'R84.8', 'Abnormal findings in specimens from respiratory organs and thorax,other abnormal findings', 'R10', 0),
(8274, 'R84.9', 'Abnormal findings in specimens from respiratory organs and thorax,unspecified abnormal finding', 'R10', 0),
(8275, 'R85', 'Abnormal findings in specimens from digestive organs and abdominalcavity', 'R10', 0),
(8276, 'R85.0', 'Abnormal findings in specimens from digestive organs and abdominalcavity, abnormal level of enzymes', 'R10', 0),
(8277, 'R85.1', 'Abnormal findings in specimens from digestive organs and abdominalcavity, abnormal level of hormones', 'R10', 0),
(8278, 'R85.2', 'Abnormal findings in specimens from digestive organs and abdominalcavity,  abnormal level of other d', 'R10', 0),
(8279, 'R85.3', 'Abnormal findings in specimens from digestive organs and abdominalcavity,  abnormal level of substan', 'R10', 0),
(8280, 'R85.4', 'Abnormal findings in specimens from digestive organs and abdominalcavity, abnormal immunological fin', 'R10', 0),
(8281, 'R85.5', 'Abnormal findings in specimens from digestive organs and abdominalcavity, abnormal microbiological f', 'R10', 0),
(8282, 'R85.6', 'Abnormal findings in specimens from digestive organs and abdominalcavity, abnormal cytological findi', 'R10', 0),
(8283, 'R85.7', 'Abnormal findings in specimens from digestive organs and abdominalcavity, abnormal histological find', 'R10', 0),
(8284, 'R85.8', 'Abnormal findings in specimens from digestive organs and abdominalcavity, other abnormal findings', 'R10', 0),
(8285, 'R85.9', 'Abnormal findings in specimens from digestive organs and abdominalcavity, unspecified abnormal findi', 'R10', 0),
(8286, 'R86', 'Abnormal findings in specimens from male genital organs', 'R10', 0),
(8287, 'R86.0', 'Abnormal findings in specimens from male genital organs, abnormallevel of enzymes', 'R10', 0),
(8288, 'R86.1', 'Abnormal findings in specimens from male genital organs, abnormallevel of hormones', 'R10', 0),
(8289, 'R86.2', 'Abnormal findings in specimens from male genital organs, abnormallevel of other drugs, medicaments a', 'R10', 0),
(8290, 'R86.3', 'Abnormal findings in specimens from male genital organs, abnormallevel of substances chiefly nonmedi', 'R10', 0),
(8291, 'R86.4', 'Abnormal findings in specimens from male genital organs, abnormalimmunological findings', 'R10', 0),
(8292, 'R86.5', 'Abnormal findings in specimens from male genital organs, abnormalmicrobiological findings', 'R10', 0),
(8293, 'R86.6', 'Abnormal findings in specimens from male genital organs, abnormalcytological findings', 'R10', 0),
(8294, 'R86.7', 'Abnormal findings in specimens from male genital organs, abnormalhistological findings', 'R10', 0),
(8295, 'R86.8', 'Abnormal findings in specimens from male genital organs, otherabnormal findings', 'R10', 0),
(8296, 'R86.9', 'Abnormal findings in specimens from male genital organs, unspecifiedabnormal finding', 'R10', 0),
(8297, 'R87', 'Abnormal findings in specimens from female genital organs', 'R10', 0),
(8298, 'R87.0', 'Abnormal findings in specimens from female genital organs, abnormallevel of enzymes', 'R10', 0),
(8299, 'R87.1', 'Abnormal findings in specimens from female genital organs, abnormallevel of hormones', 'R10', 0),
(8300, 'R87.2', 'Abnormal findings in specimens from female genital organs, abnormallevel of other drugs, medicaments', 'R10', 0),
(8301, 'R87.3', 'Abnormal findings in specimens from female genital organs, abnormallevel of substances chiefly nonme', 'R10', 0),
(8302, 'R87.4', 'Abnormal findings in specimens from female genital organs, abnormalimmunological findings', 'R10', 0),
(8303, 'R87.5', 'Abnormal findings in specimens from female genital organs, abnormalmicrobiological findings', 'R10', 0),
(8304, 'R87.6', 'Abnormal findings in specimens from female genital organs, abnormalcytological findings', 'R10', 0),
(8305, 'R87.7', 'Abnormal findings in specimens from female genital organs, abnormalhistological findings', 'R10', 0),
(8306, 'R87.8', 'Abnormal findings in specimens from female genital organs, otherabnormal findings', 'R10', 0),
(8307, 'R87.9', 'Abnormal findings in specimens from female genital organs,unspecified abnormal finding', 'R10', 0),
(8308, 'R89', 'Abnormal findings in specimens from other organs, systems andtissues', 'R10', 0),
(8309, 'R89.0', 'Abnormal findings in specimens from other organs, abnormal level ofenzymes', 'R10', 0),
(8310, 'R89.1', 'Abnormal findings in specimens from other organs, abnormal level ofhormones', 'R10', 0),
(8311, 'R89.2', 'Abnormal findings in specimens from other organs, abnormal level ofother drugs, medicaments and biol', 'R10', 0);
INSERT INTO `icd_penyakit` (`id`, `kode_penyakit`, `nama_penyakit`, `subkelompok`, `dtd_id`) VALUES
(8312, 'R89.3', 'Abnormal findings in specimens from other organs, abnormal level ofsubstances chiefly nonmedicinal a', 'R10', 0),
(8313, 'R89.4', 'Abnormal findings in specimens from other organs, abnormalimmunological findings', 'R10', 0),
(8314, 'R89.5', 'Abnormal findings in specimens from other organs, abnormalmicrobiological findings', 'R10', 0),
(8315, 'R89.6', 'Abnormal findings in specimens from other organs, abnormalcytological findings', 'R10', 0),
(8316, 'R89.7', 'Abnormal findings in specimens from other organs, abnormalhistological findings', 'R10', 0),
(8317, 'R89.8', 'Abnormal findings in specimens from other organs, other abnormalfindings', 'R10', 0),
(8318, 'R89.9', 'Abnormal findings in specimens from other organs, unspecifiedabnormal finding', 'R10', 0),
(8319, 'R90', 'Abnormal findings on diagnostic imaging of central nervous system', 'R11', 0),
(8320, 'R90.0', 'Intracranial space-occupying lesion', 'R11', 0),
(8321, 'R90.8', 'Other abnormal findings on diagnostic imaging of central nervoussystem', 'R11', 0),
(8322, 'R91', 'Abnormal findings on diagnostic imaging of lung', 'R11', 0),
(8323, 'R92', 'Abnormal findings on diagnostic imaging of breast', 'R11', 0),
(8324, 'R93', 'Abnormal findings on diagnostic imaging of other body structures', 'R11', 0),
(8325, 'R93.0', 'Abnormal findings on diagnostic imaging of skull and head, notelsewhere classified', 'R11', 0),
(8326, 'R93.1', 'Abnormal findings on diagnostic imaging of heart and coronarycirculation', 'R11', 0),
(8327, 'R93.2', 'Abnormal findings on diagnostic imaging of liver and biliary tract', 'R11', 0),
(8328, 'R93.3', 'Abnormal findings on diagnostic imaging of other parts of digestivetract', 'R11', 0),
(8329, 'R93.4', 'Abnormal findings on diagnostic imaging of urinary organs', 'R11', 0),
(8330, 'R93.5', 'Abnormal findings on diagnostic imaging of other abdominal regions,including retroperitoneum', 'R11', 0),
(8331, 'R93.6', 'Abnormal findings on diagnostic imaging of limbs', 'R11', 0),
(8332, 'R93.7', 'Abnormal findings on diagnostic imaging of other parts ofmusculoskeletal system', 'R11', 0),
(8333, 'R93.8', 'Abnormal findings on diagnostic imaging of other specified bodystructures', 'R11', 0),
(8334, 'R94', 'Abnormal results of function studies', 'R11', 0),
(8335, 'R94.0', 'Abnormal results of function studies of central nervous system', 'R11', 0),
(8336, 'R94.1', 'Abnormal results of function studies of peripheral nervous systemand special senses', 'R11', 0),
(8337, 'R94.2', 'Abnormal results of pulmonary function studies', 'R11', 0),
(8338, 'R94.3', 'Abnormal results of cardiovascular function studies', 'R11', 0),
(8339, 'R94.4', 'Abnormal results of kidney function studies', 'R11', 0),
(8340, 'R94.5', 'Abnormal results of liver function studies', 'R11', 0),
(8341, 'R94.6', 'Abnormal results of thyroid function studies', 'R11', 0),
(8342, 'R94.7', 'Abnormal results of other endocrine function studies', 'R11', 0),
(8343, 'R94.8', 'Abnormal results of function studies of other organs and systems', 'R11', 0),
(8344, 'R95', 'Sudden infant death syndrome', 'R12', 0),
(8345, 'R96', 'Other sudden death, cause unknown', 'R12', 0),
(8346, 'R96.0', 'Instantaneous death', 'R12', 0),
(8347, 'R96.1', 'Death occurring less than 24 hours from onset of symptoms, nototherwise explained', 'R12', 0),
(8348, 'R98', 'Unattended death', 'R12', 0),
(8349, 'R99', 'Other ill-defined and unspecified causes of mortality', 'R12', 0),
(8350, 'S00', 'Superficial injury of head', 'S00', 0),
(8351, 'S00.0', 'Superficial injury of scalp', 'S00', 0),
(8352, 'S00.1', 'Contusion of eyelid and periocular area', 'S00', 0),
(8353, 'S00.2', 'Other superficial injuries of eyelid and periocular area', 'S00', 0),
(8354, 'S00.3', 'Superficial injury of nose', 'S00', 0),
(8355, 'S00.4', 'Superficial injury of ear', 'S00', 0),
(8356, 'S00.5', 'Superficial injury of lip and oral cavity', 'S00', 0),
(8357, 'S00.7', 'Multiple superficial injuries of head', 'S00', 0),
(8358, 'S00.8', 'Superficial injury of other parts of head', 'S00', 0),
(8359, 'S00.9', 'Superficial injury of head, part unspecified', 'S00', 0),
(8360, 'S01', 'Open wound of head', 'S00', 0),
(8361, 'S01.0', 'Open wound of scalp', 'S00', 0),
(8362, 'S01.1', 'Open wound of eyelid and periocular area', 'S00', 0),
(8363, 'S01.2', 'Open wound of nose', 'S00', 0),
(8364, 'S01.3', 'Open wound of ear', 'S00', 0),
(8365, 'S01.4', 'Open wound of cheek and temporomandibular area', 'S00', 0),
(8366, 'S01.5', 'Open wound of lip and oral cavity', 'S00', 0),
(8367, 'S01.7', 'Multiple open wounds of head', 'S00', 0),
(8368, 'S01.8', 'Open wound of other parts of head', 'S00', 0),
(8369, 'S01.9', 'Open wound of head, part unspecified', 'S00', 0),
(8370, 'S02', 'Fracture of skull and facial bones', 'S00', 0),
(8371, 'S02.0', 'Fracture of vault of skull', 'S00', 0),
(8372, 'S02.1', 'Fracture of base of skull', 'S00', 0),
(8373, 'S02.2', 'Fracture of nasal bones', 'S00', 0),
(8374, 'S02.3', 'Fracture of orbital floor', 'S00', 0),
(8375, 'S02.4', 'Fracture of malar and maxillary bones', 'S00', 0),
(8376, 'S02.5', 'Fracture of tooth', 'S00', 0),
(8377, 'S02.6', 'Fracture of mandible', 'S00', 0),
(8378, 'S02.7', 'Multiple fractures involving skull and facial bones', 'S00', 0),
(8379, 'S02.8', 'Fractures of other skull and facial bones', 'S00', 0),
(8380, 'S02.9', 'Fracture of skull and facial bones, part unspecified', 'S00', 0),
(8381, 'S03', 'Dislocation, sprain and strain of joints and ligaments of head', 'S00', 0),
(8382, 'S03.0', 'Dislocation of jaw', 'S00', 0),
(8383, 'S03.1', 'Dislocation of septal cartilage of nose', 'S00', 0),
(8384, 'S03.2', 'Dislocation of tooth', 'S00', 0),
(8385, 'S03.3', 'Dislocation of other and unspecified parts of head', 'S00', 0),
(8386, 'S03.4', 'Sprain and strain of jaw', 'S00', 0),
(8387, 'S03.5', 'Sprain and strain of joints and ligaments of other and unspecifiedparts of head', 'S00', 0),
(8388, 'S04', 'Injury of cranial nerves', 'S00', 0),
(8389, 'S04.0', 'Injury of optic nerve and pathways', 'S00', 0),
(8390, 'S04.1', 'Injury of oculomotor nerve', 'S00', 0),
(8391, 'S04.2', 'Injury of trochlear nerve', 'S00', 0),
(8392, 'S04.3', 'Injury of trigeminal nerve', 'S00', 0),
(8393, 'S04.4', 'Injury of abducent nerve', 'S00', 0),
(8394, 'S04.5', 'Injury of facial nerve', 'S00', 0),
(8395, 'S04.6', 'Injury of acoustic nerve', 'S00', 0),
(8396, 'S04.7', 'Injury of accessory nerve', 'S00', 0),
(8397, 'S04.8', 'Injury of other cranial nerves', 'S00', 0),
(8398, 'S04.9', 'Injury of unspecified cranial nerve', 'S00', 0),
(8399, 'S05', 'Injury of eye and orbit', 'S00', 0),
(8400, 'S05.0', 'Injury of conjunctiva and corneal abrasion without mention offoreign body', 'S00', 0),
(8401, 'S05.1', 'Contusion of eyeball and orbital tissues', 'S00', 0),
(8402, 'S05.2', 'Ocular laceration and rupture with prolapse or loss of intraoculartissue', 'S00', 0),
(8403, 'S05.3', 'Ocular laceration without prolapse or loss of intraocular tissue', 'S00', 0),
(8404, 'S05.4', 'Penetrating wound of orbit with or without foreign body', 'S00', 0),
(8405, 'S05.5', 'Penetrating wound of eyeball with foreign body', 'S00', 0),
(8406, 'S05.6', 'Penetrating wound of eyeball without foreign body', 'S00', 0),
(8407, 'S05.7', 'Avulsion of eye', 'S00', 0),
(8408, 'S05.8', 'Other injuries of eye and orbit', 'S00', 0),
(8409, 'S05.9', 'Injury of eye and orbit, part unspecified', 'S00', 0),
(8410, 'S06', 'Intracranial injury', 'S00', 0),
(8411, 'S06.0', 'Concussion', 'S00', 0),
(8412, 'S06.1', 'Traumatic cerebral oedema', 'S00', 0),
(8413, 'S06.2', 'Diffuse brain injury', 'S00', 0),
(8414, 'S06.3', 'Focal brain injury', 'S00', 0),
(8415, 'S06.4', 'Epidural haemorrhage', 'S00', 0),
(8416, 'S06.5', 'Traumatic subdural haemorrhage', 'S00', 0),
(8417, 'S06.6', 'Traumatic subarachnoid haemorrhage', 'S00', 0),
(8418, 'S06.7', 'Intracranial injury with prolonged coma', 'S00', 0),
(8419, 'S06.8', 'Other intracranial injuries', 'S00', 0),
(8420, 'S06.9', 'Intracranial injury, unspecified', 'S00', 0),
(8421, 'S07', 'Crushing injury of head', 'S00', 0),
(8422, 'S07.0', 'Crushing injury of face', 'S00', 0),
(8423, 'S07.1', 'Crushing injury of skull', 'S00', 0),
(8424, 'S07.8', 'Crushing injury of other parts of head', 'S00', 0),
(8425, 'S07.9', 'Crushing injury of head, part unspecified', 'S00', 0),
(8426, 'S08', 'Traumatic amputation of part of head', 'S00', 0),
(8427, 'S08.0', 'Avulsion of scalp', 'S00', 0),
(8428, 'S08.1', 'Traumatic amputation of ear', 'S00', 0),
(8429, 'S08.8', 'Traumatic amputation of other parts of head', 'S00', 0),
(8430, 'S08.9', 'Traumatic amputation of unspecified part of head', 'S00', 0),
(8431, 'S09', 'Other and unspecified injuries of head', 'S00', 0),
(8432, 'S09.0', 'Injury of blood vessels of head, not elsewhere classified', 'S00', 0),
(8433, 'S09.1', 'Injury of muscle and tendon of head', 'S00', 0),
(8434, 'S09.2', 'Traumatic rupture of ear drum', 'S00', 0),
(8435, 'S09.7', 'Multiple injuries of head', 'S00', 0),
(8436, 'S09.8', 'Other specified injuries of head', 'S00', 0),
(8437, 'S09.9', 'Unspecified injury of head', 'S00', 0),
(8438, 'S10', 'Superficial injury of neck', 'S01', 0),
(8439, 'S10.0', 'Contusion of throat', 'S01', 0),
(8440, 'S10.1', 'Other and unspecified superficial injuries of throat', 'S01', 0),
(8441, 'S10.7', 'Multiple superficial injuries of neck', 'S01', 0),
(8442, 'S10.8', 'Superficial injury of other parts of neck', 'S01', 0),
(8443, 'S10.9', 'Superficial injury of neck, part unspecified', 'S01', 0),
(8444, 'S11', 'Open wound of neck', 'S01', 0),
(8445, 'S11.0', 'Open wound involving larynx and trachea', 'S01', 0),
(8446, 'S11.1', 'Open wound involving thyroid gland', 'S01', 0),
(8447, 'S11.2', 'Open wound involving pharynx and cervical oesophagus', 'S01', 0),
(8448, 'S11.7', 'Multiple open wounds of neck', 'S01', 0),
(8449, 'S11.8', 'Open wound of other parts of neck', 'S01', 0),
(8450, 'S11.9', 'Open wound of neck, part unspecified', 'S01', 0),
(8451, 'S12', 'Fracture of neck', 'S01', 0),
(8452, 'S12.0', 'Fracture of first cervical vertebra', 'S01', 0),
(8453, 'S12.1', 'Fracture of second cervical vertebra', 'S01', 0),
(8454, 'S12.2', 'Fracture of other specified cervical vertebra', 'S01', 0),
(8455, 'S12.7', 'Multiple fractures of cervical spine', 'S01', 0),
(8456, 'S12.8', 'Fracture of other parts of neck', 'S01', 0),
(8457, 'S12.9', 'Fracture of neck, part unspecified', 'S01', 0),
(8458, 'S13', 'Dislocation, sprain and strain of joints and ligaments at neck level', 'S01', 0),
(8459, 'S13.0', 'Traumatic rupture of cervical intervertebral disc', 'S01', 0),
(8460, 'S13.1', 'Dislocation of cervical vertebra', 'S01', 0),
(8461, 'S13.2', 'Dislocation of other and unspecified parts of neck', 'S01', 0),
(8462, 'S13.3', 'Multiple dislocations of neck', 'S01', 0),
(8463, 'S13.4', 'Sprain and strain of cervical spine', 'S01', 0),
(8464, 'S13.5', 'Sprain and strain of thyroid region', 'S01', 0),
(8465, 'S13.6', 'Sprain and strain of joints and ligaments of other and unspecifiedparts of neck', 'S01', 0),
(8466, 'S14', 'Injury of nerves and spinal cord at neck level', 'S01', 0),
(8467, 'S14.0', 'Concussion and oedema of cervical spinal cord', 'S01', 0),
(8468, 'S14.1', 'Other and unspecified injuries of cervical spinal cord', 'S01', 0),
(8469, 'S14.2', 'Injury of nerve root of cervical spine', 'S01', 0),
(8470, 'S14.3', 'Injury of brachial plexus', 'S01', 0),
(8471, 'S14.4', 'Injury of peripheral nerves of neck', 'S01', 0),
(8472, 'S14.5', 'Injury of cervical sympathetic nerves', 'S01', 0),
(8473, 'S14.6', 'Injury of other and unspecified nerves of neck', 'S01', 0),
(8474, 'S15', 'Injury of blood vessels at neck level', 'S01', 0),
(8475, 'S15.0', 'Injury of carotid artery', 'S01', 0),
(8476, 'S15.1', 'Injury of vertebral artery', 'S01', 0),
(8477, 'S15.2', 'Injury of external jugular vein', 'S01', 0),
(8478, 'S15.3', 'Injury of internal jugular vein', 'S01', 0),
(8479, 'S15.7', 'Injury of multiple blood vessels at neck level', 'S01', 0),
(8480, 'S15.8', 'Injury of other blood vessels at neck level', 'S01', 0),
(8481, 'S15.9', 'Injury of unspecified blood vessel at neck level', 'S01', 0),
(8482, 'S16', 'Injury of muscle and tendon at neck level', 'S01', 0),
(8483, 'S17', 'Crushing injury of neck', 'S01', 0),
(8484, 'S17.0', 'Crushing injury of larynx and trachea', 'S01', 0),
(8485, 'S17.8', 'Crushing injury of other parts of neck', 'S01', 0),
(8486, 'S17.9', 'Crushing injury of neck, part unspecified', 'S01', 0),
(8487, 'S18', 'Traumatic amputation at neck level', 'S01', 0),
(8488, 'S19', 'Other and unspecified injuries of neck', 'S01', 0),
(8489, 'S19.7', 'Multiple injuries of neck', 'S01', 0),
(8490, 'S19.8', 'Other specified injuries of neck', 'S01', 0),
(8491, 'S19.9', 'Unspecified injury of neck', 'S01', 0),
(8492, 'S20', 'Superficial injury of thorax', 'S02', 0),
(8493, 'S20.0', 'Contusion of breast', 'S02', 0),
(8494, 'S20.1', 'Other and unspecified superficial injuries of breast', 'S02', 0),
(8495, 'S20.2', 'Contusion of thorax', 'S02', 0),
(8496, 'S20.3', 'Other superficial injuries of front wall of thorax', 'S02', 0),
(8497, 'S20.4', 'Other superficial injuries of back wall of thorax', 'S02', 0),
(8498, 'S20.7', 'Multiple superficial injuries of thorax', 'S02', 0),
(8499, 'S20.8', 'Superficial injury of other and unspecified parts of thorax', 'S02', 0),
(8500, 'S21', 'Open wound of thorax', 'S02', 0),
(8501, 'S21.0', 'Open wound of breast', 'S02', 0),
(8502, 'S21.1', 'Open wound of front wall of thorax', 'S02', 0),
(8503, 'S21.2', 'Open wound of back wall of thorax', 'S02', 0),
(8504, 'S21.7', 'Multiple open wounds of thoracic wall', 'S02', 0),
(8505, 'S21.8', 'Open wound of other parts of thorax', 'S02', 0),
(8506, 'S21.9', 'Open wound of thorax, part unspecified', 'S02', 0),
(8507, 'S22', 'Fracture of rib(s), sternum and thoracic spine', 'S02', 0),
(8508, 'S22.0', 'Fracture of thoracic vertebra', 'S02', 0),
(8509, 'S22.1', 'Multiple fractures of thoracic spine', 'S02', 0),
(8510, 'S22.2', 'Fracture of sternum', 'S02', 0),
(8511, 'S22.3', 'Fracture of rib', 'S02', 0),
(8512, 'S22.4', 'Multiple fractures of ribs', 'S02', 0),
(8513, 'S22.5', 'Flail chest', 'S02', 0),
(8514, 'S22.8', 'Fracture of other parts of bony thorax', 'S02', 0),
(8515, 'S22.9', 'Fracture of bony thorax, part unspecified', 'S02', 0),
(8516, 'S23', 'Dislocation, sprain and strain of joints and ligaments of thorax', 'S02', 0),
(8517, 'S23.0', 'Traumatic rupture of thoracic intervertebral disc', 'S02', 0),
(8518, 'S23.1', 'Dislocation of thoracic vertebra', 'S02', 0),
(8519, 'S23.2', 'Dislocation of other and unspecified parts of thorax', 'S02', 0),
(8520, 'S23.3', 'Sprain and strain of thoracic spine', 'S02', 0),
(8521, 'S23.4', 'Sprain and strain of ribs and sternum', 'S02', 0),
(8522, 'S23.5', 'Sprain and strain of other and unspecified parts of thorax', 'S02', 0),
(8523, 'S24', 'Injury of nerves and spinal cord at thorax level', 'S02', 0),
(8524, 'S24.0', 'Concussion and oedema of thoracic spinal cord', 'S02', 0),
(8525, 'S24.1', 'Other and unspecified injuries of thoracic spinal cord', 'S02', 0),
(8526, 'S24.2', 'Injury of nerve root of thoracic spine', 'S02', 0),
(8527, 'S24.3', 'Injury of peripheral nerves of thorax', 'S02', 0),
(8528, 'S24.4', 'Injury of thoracic sympathetic nerves', 'S02', 0),
(8529, 'S24.5', 'Injury of other nerves of thorax', 'S02', 0),
(8530, 'S24.6', 'Injury of unspecified nerve of thorax', 'S02', 0),
(8531, 'S25', 'Injury of blood vessels of thorax', 'S02', 0),
(8532, 'S25.0', 'Injury of thoracic aorta', 'S02', 0),
(8533, 'S25.1', 'Injury of innominate or subclavian artery', 'S02', 0),
(8534, 'S25.2', 'Injury of superior vena cava', 'S02', 0),
(8535, 'S25.3', 'Injury of innominate or subclavian vein', 'S02', 0),
(8536, 'S25.4', 'Injury of pulmonary blood vessels', 'S02', 0),
(8537, 'S25.5', 'Injury of intercostal blood vessels', 'S02', 0),
(8538, 'S25.7', 'Injury of multiple blood vessels of thorax', 'S02', 0),
(8539, 'S25.8', 'Injury of other blood vessels of thorax', 'S02', 0),
(8540, 'S25.9', 'Injury of unspecified blood vessel of thorax', 'S02', 0),
(8541, 'S26', 'Injury of heart', 'S02', 0),
(8542, 'S26.0', 'Injury of heart with haemopericardium', 'S02', 0),
(8543, 'S26.8', 'Other injuries of heart', 'S02', 0),
(8544, 'S26.9', 'Injury of heart, unspecified', 'S02', 0),
(8545, 'S27', 'Injury of other and unspecified intrathoracic organs', 'S02', 0),
(8546, 'S27.0', 'Traumatic pneumothorax', 'S02', 0),
(8547, 'S27.1', 'Traumatic haemothorax', 'S02', 0),
(8548, 'S27.2', 'Traumatic haemopneumothorax', 'S02', 0),
(8549, 'S27.3', 'Other injuries of lung', 'S02', 0),
(8550, 'S27.4', 'Injury of bronchus', 'S02', 0),
(8551, 'S27.5', 'Injury of thoracic trachea', 'S02', 0),
(8552, 'S27.6', 'Injury of pleura', 'S02', 0),
(8553, 'S27.7', 'Multiple injuries of intrathoracic organs', 'S02', 0),
(8554, 'S27.8', 'Injury of other specified intrathoracic organs', 'S02', 0),
(8555, 'S27.9', 'Injury of unspecified intrathoracic organ', 'S02', 0),
(8556, 'S28', 'Crushing injury of thorax and traumatic amputation of part of thorax', 'S02', 0),
(8557, 'S28.0', 'Crushed chest', 'S02', 0),
(8558, 'S28.1', 'Traumatic amputation of part of thorax', 'S02', 0),
(8559, 'S29', 'Other and unspecified injuries of thorax', 'S02', 0),
(8560, 'S29.0', 'Injury of muscle and tendon at thorax level', 'S02', 0),
(8561, 'S29.7', 'Multiple injuries of thorax', 'S02', 0),
(8562, 'S29.8', 'Other specified injuries of thorax', 'S02', 0),
(8563, 'S29.9', 'Unspecified injury of thorax', 'S02', 0),
(8564, 'S30', 'Superficial injury of abdomen, lower back and pelvis', 'S03', 0),
(8565, 'S30.0', 'Contusion of lower back and pelvis', 'S03', 0),
(8566, 'S30.1', 'Contusion of abdominal wall', 'S03', 0),
(8567, 'S30.2', 'Contusion of external genital organs', 'S03', 0),
(8568, 'S30.7', 'Multiple superficial injuries of abdomen, lower back and pelvis', 'S03', 0),
(8569, 'S30.8', 'Other superficial injuries of abdomen, lower back and pelvis', 'S03', 0),
(8570, 'S30.9', 'Superficial injury of abdomen, lower back and pelvis, partunspecified', 'S03', 0),
(8571, 'S31', 'Open wound of abdomen, lower back and pelvis', 'S03', 0),
(8572, 'S31.0', 'Open wound of lower back and pelvis', 'S03', 0),
(8573, 'S31.1', 'Open wound of abdominal wall', 'S03', 0),
(8574, 'S31.2', 'Open wound of penis', 'S03', 0),
(8575, 'S31.3', 'Open wound of scrotum and testes', 'S03', 0),
(8576, 'S31.4', 'Open wound of vagina and vulva', 'S03', 0),
(8577, 'S31.5', 'Open wound of other and unspecified external genital organs', 'S03', 0),
(8578, 'S31.7', 'Multiple open wounds of abdomen, lower back and pelvis', 'S03', 0),
(8579, 'S31.8', 'Open wound of other and unspecified parts of abdomen', 'S03', 0),
(8580, 'S32', 'Fracture of lumbar spine and pelvis', 'S03', 0),
(8581, 'S32.0', 'Fracture of lumbar vertebra', 'S03', 0),
(8582, 'S32.1', 'Fracture of sacrum', 'S03', 0),
(8583, 'S32.2', 'Fracture of coccyx', 'S03', 0),
(8584, 'S32.3', 'Fracture of ilium', 'S03', 0),
(8585, 'S32.4', 'Fracture of acetabulum', 'S03', 0),
(8586, 'S32.5', 'Fracture of pubis', 'S03', 0),
(8587, 'S32.7', 'Multiple fractures of lumbar spine and pelvis', 'S03', 0),
(8588, 'S32.8', 'Fracture of other and unspecified parts of lumbar spine and pelvis', 'S03', 0),
(8589, 'S33', 'Dislocation, sprain and strain of joints and ligaments of lumbarspine and pelvis', 'S03', 0),
(8590, 'S33.0', 'Traumatic rupture of lumbar intervertebral disc', 'S03', 0),
(8591, 'S33.1', 'Dislocation of lumbar vertebra', 'S03', 0),
(8592, 'S33.2', 'Dislocation of sacroiliac and sacrococcygeal joint', 'S03', 0),
(8593, 'S33.3', 'Dislocation of other and unspecified parts of lumbar spine andpelvis', 'S03', 0),
(8594, 'S33.4', 'Traumatic rupture of symphysis pubis', 'S03', 0),
(8595, 'S33.5', 'Sprain and strain of lumbar spine', 'S03', 0),
(8596, 'S33.6', 'Sprain and strain of sacroiliac joint', 'S03', 0),
(8597, 'S33.7', 'Sprain and strain of other and unspecified parts of lumbar spine andpelvis', 'S03', 0),
(8598, 'S34', 'Injury of nerves and lumbar spinal cord at abdomen, lower back andpelvis level', 'S03', 0),
(8599, 'S34.0', 'Concussion and oedema of lumbar spinal cord', 'S03', 0),
(8600, 'S34.1', 'Other injury of lumbar spinal cord', 'S03', 0),
(8601, 'S34.2', 'Injury of nerve root of lumbar and sacral spine', 'S03', 0),
(8602, 'S34.3', 'Injury of cauda equina', 'S03', 0),
(8603, 'S34.4', 'Injury of lumbosacral plexus', 'S03', 0),
(8604, 'S34.5', 'Injury of lumbar, sacral and pelvic sympathetic nerves', 'S03', 0),
(8605, 'S34.6', 'Injury of peripheral nerve(s) of abdomen, lower back and pelvis', 'S03', 0),
(8606, 'S34.8', 'Injury of other and unspecified nerves at abdomen, lower back andpelvis level', 'S03', 0),
(8607, 'S35', 'Injury of blood vessels at abdomen, lower back and pelvis level', 'S03', 0),
(8608, 'S35.0', 'Injury of abdominal aorta', 'S03', 0),
(8609, 'S35.1', 'Injury of inferior vena cava', 'S03', 0),
(8610, 'S35.2', 'Injury of coeliac or mesenteric artery', 'S03', 0),
(8611, 'S35.3', 'Injury of portal or splenic vein', 'S03', 0),
(8612, 'S35.4', 'Injury of renal blood vessels', 'S03', 0),
(8613, 'S35.5', 'Injury of iliac blood vessels', 'S03', 0),
(8614, 'S35.7', 'Injury of multiple blood vessels at abdomen, lower back and pelvislevel', 'S03', 0),
(8615, 'S35.8', 'Injury of other blood vessels at abdomen, lower back and pelvislevel', 'S03', 0),
(8616, 'S35.9', 'Injury of unspecified blood vessel at abdomen, lower back and pelvislevel', 'S03', 0),
(8617, 'S36', 'Injury of intra-abdominal organs', 'S03', 0),
(8618, 'S36.0', 'Injury of spleen', 'S03', 0),
(8619, 'S36.1', 'Injury of liver or gallbladder', 'S03', 0),
(8620, 'S36.2', 'Injury of pancreas', 'S03', 0),
(8621, 'S36.3', 'Injury of stomach', 'S03', 0),
(8622, 'S36.4', 'Injury of small intestine', 'S03', 0),
(8623, 'S36.5', 'Injury of colon', 'S03', 0),
(8624, 'S36.6', 'Injury of rectum', 'S03', 0),
(8625, 'S36.7', 'Injury of multiple intra-abdominal organs', 'S03', 0),
(8626, 'S36.8', 'Injury of other intra-abdominal organs', 'S03', 0),
(8627, 'S36.9', 'Injury of unspecified intra-abdominal organ', 'S03', 0),
(8628, 'S37', 'Injury of pelvic organs', 'S03', 0),
(8629, 'S37.0', 'Injury of kidney', 'S03', 0),
(8630, 'S37.1', 'Injury of ureter', 'S03', 0),
(8631, 'S37.2', 'Injury of bladder', 'S03', 0),
(8632, 'S37.3', 'Injury of urethra', 'S03', 0),
(8633, 'S37.4', 'Injury of ovary', 'S03', 0),
(8634, 'S37.5', 'Injury of fallopian tube', 'S03', 0),
(8635, 'S37.6', 'Injury of uterus', 'S03', 0),
(8636, 'S37.7', 'Injury of multiple pelvic organs', 'S03', 0),
(8637, 'S37.8', 'Injury of other pelvic organs', 'S03', 0),
(8638, 'S37.9', 'Injury of unspecified pelvic organ', 'S03', 0),
(8639, 'S38', 'Crushing injury and traumatic amputation of part of abdomen, lowerback and pelvis', 'S03', 0),
(8640, 'S38.0', 'Crushing injury of external genital organs', 'S03', 0),
(8641, 'S38.1', 'Crushing injury of other and unspecified parts of abdomen, lowerback and pelvis', 'S03', 0),
(8642, 'S38.2', 'Traumatic amputation of external genital organs', 'S03', 0),
(8643, 'S38.3', 'Traumatic amputation of other and unspecified parts of abdomen,lower back and pelvis', 'S03', 0),
(8644, 'S39', 'Other and unspecified injuries of abdomen, lower back and pelvis', 'S03', 0),
(8645, 'S39.0', 'Injury of muscle and tendon of abdomen, lower back and pelvis', 'S03', 0),
(8646, 'S39.6', 'Injury of intra-abdominal organ(s) with pelvic organ(s)', 'S03', 0),
(8647, 'S39.7', 'Other multiple injuries of abdomen, lower back and pelvis', 'S03', 0),
(8648, 'S39.8', 'Other specified injuries of abdomen, lower back and pelvis', 'S03', 0),
(8649, 'S39.9', 'Unspecified injury of abdomen, lower back and pelvis', 'S03', 0),
(8650, 'S40', 'Superficial injury of shoulder and upper arm', 'S04', 0),
(8651, 'S40.0', 'Contusion of shoulder and upper arm', 'S04', 0),
(8652, 'S40.7', 'Multiple superficial injuries of shoulder and upper arm', 'S04', 0),
(8653, 'S40.8', 'Other superficial injuries of shoulder and upper arm', 'S04', 0),
(8654, 'S40.9', 'Superficial injury of shoulder and upper arm, unspecified', 'S04', 0),
(8655, 'S41', 'Open wound of shoulder and upper arm', 'S04', 0),
(8656, 'S41.0', 'Open wound of shoulder', 'S04', 0),
(8657, 'S41.1', 'Open wound of upper arm', 'S04', 0),
(8658, 'S41.7', 'Multiple open wounds of shoulder and upper arm', 'S04', 0),
(8659, 'S41.8', 'Open wound of other and unspecified parts of shoulder girdle', 'S04', 0),
(8660, 'S42', 'Fracture of shoulder and upper arm', 'S04', 0),
(8661, 'S42.0', 'Fracture of clavicle', 'S04', 0),
(8662, 'S42.1', 'Fracture of scapula', 'S04', 0),
(8663, 'S42.2', 'Fracture of upper end of humerus', 'S04', 0),
(8664, 'S42.3', 'Fracture of shaft of humerus', 'S04', 0),
(8665, 'S42.4', 'Fracture of lower end of humerus', 'S04', 0),
(8666, 'S42.7', 'Multiple fractures of clavicle, scapula and humerus', 'S04', 0),
(8667, 'S42.8', 'Fracture of other parts of shoulder and upper arm', 'S04', 0),
(8668, 'S42.9', 'Fracture of shoulder girdle, part unspecified', 'S04', 0),
(8669, 'S43', 'Dislocation, sprain and strain of joints and ligaments of shouldergirdle', 'S04', 0),
(8670, 'S43.0', 'Dislocation of shoulder joint', 'S04', 0),
(8671, 'S43.1', 'Dislocation of acromioclavicular joint', 'S04', 0),
(8672, 'S43.2', 'Dislocation of sternoclavicular joint', 'S04', 0),
(8673, 'S43.3', 'Dislocation of other and unspecified parts of shoulder girdle', 'S04', 0),
(8674, 'S43.4', 'Sprain and strain of shoulder joint', 'S04', 0),
(8675, 'S43.5', 'Sprain and strain of acromioclavicular joint', 'S04', 0),
(8676, 'S43.6', 'Sprain and strain of sternoclavicular joint', 'S04', 0),
(8677, 'S43.7', 'Sprain and strain of other and unspecified parts of shoulder girdle', 'S04', 0),
(8678, 'S44', 'Injury of nerves at shoulder and upper arm level', 'S04', 0),
(8679, 'S44.0', 'Injury of ulnar nerve at upper arm level', 'S04', 0),
(8680, 'S44.1', 'Injury of median nerve at upper arm level', 'S04', 0),
(8681, 'S44.2', 'Injury of radial nerve at upper arm level', 'S04', 0),
(8682, 'S44.3', 'Injury of axillary nerve', 'S04', 0),
(8683, 'S44.4', 'Injury of musculocutaneous nerve', 'S04', 0),
(8684, 'S44.5', 'Injury of cutaneous sensory nerve at shoulder and upper arm level', 'S04', 0),
(8685, 'S44.7', 'Injury of multiple nerves at shoulder and upper arm level', 'S04', 0),
(8686, 'S44.8', 'Injury of other nerves at shoulder and upper arm level', 'S04', 0),
(8687, 'S44.9', 'Injury of unspecified nerve at shoulder and upper arm level', 'S04', 0),
(8688, 'S45', 'Injury of blood vessels at shoulder and upper arm level', 'S04', 0),
(8689, 'S45.0', 'Injury of axillary artery', 'S04', 0),
(8690, 'S45.1', 'Injury of brachial artery', 'S04', 0),
(8691, 'S45.2', 'Injury of axillary or brachial vein', 'S04', 0),
(8692, 'S45.3', 'Injury of superficial vein at shoulder and upper arm level', 'S04', 0),
(8693, 'S45.7', 'Injury of multiple blood vessels at shoulder and upper arm level', 'S04', 0),
(8694, 'S45.8', 'Injury of other blood vessels at shoulder and upper arm level', 'S04', 0),
(8695, 'S45.9', 'Injury of unspecified blood vessel at shoulder and upper arm level', 'S04', 0),
(8696, 'S46', 'Injury of muscle and tendon at shoulder and upper arm level', 'S04', 0),
(8697, 'S46.0', 'Injury of tendon of the rotator cuff of shoulder', 'S04', 0),
(8698, 'S46.1', 'Injury of muscle and tendon of long head of biceps', 'S04', 0),
(8699, 'S46.2', 'Injury of muscle and tendon of other parts of biceps', 'S04', 0),
(8700, 'S46.3', 'Injury of muscle and tendon of triceps', 'S04', 0),
(8701, 'S46.7', 'Injury of multiple muscles and tendons at shoulder and upper armlevel', 'S04', 0),
(8702, 'S46.8', 'Injury of other muscles and tendons at shoulder and upper arm level', 'S04', 0),
(8703, 'S46.9', 'Injury of unspecified muscle and tendon at shoulder and upper armlevel', 'S04', 0),
(8704, 'S47', 'Crushing injury of shoulder and upper arm', 'S04', 0),
(8705, 'S48', 'Traumatic amputation of shoulder and upper arm', 'S04', 0),
(8706, 'S48.0', 'Traumatic amputation at shoulder joint', 'S04', 0),
(8707, 'S48.1', 'Traumatic amputation at level between shoulder and elbow', 'S04', 0),
(8708, 'S48.9', 'Traumatic amputation of shoulder and upper arm, level unspecified', 'S04', 0),
(8709, 'S49', 'Other and unspecified injuries of shoulder and upper arm', 'S04', 0),
(8710, 'S49.7', 'Multiple injuries of shoulder and upper arm', 'S04', 0),
(8711, 'S49.8', 'Other specified injuries of shoulder and upper arm', 'S04', 0),
(8712, 'S49.9', 'Unspecified injury of shoulder and upper arm', 'S04', 0),
(8713, 'S50', 'Superficial injury of forearm', 'S05', 0),
(8714, 'S50.0', 'Contusion of elbow', 'S05', 0),
(8715, 'S50.1', 'Contusion of other and unspecified parts of forearm', 'S05', 0),
(8716, 'S50.7', 'Multiple superficial injuries of forearm', 'S05', 0),
(8717, 'S50.8', 'Other superficial injuries of forearm', 'S05', 0),
(8718, 'S50.9', 'Superficial injury of forearm, unspecified', 'S05', 0),
(8719, 'S51', 'Open wound of forearm', 'S05', 0),
(8720, 'S51.0', 'Open wound of elbow', 'S05', 0),
(8721, 'S51.7', 'Multiple open wounds of forearm', 'S05', 0),
(8722, 'S51.8', 'Open wound of other parts of forearm', 'S05', 0),
(8723, 'S51.9', 'Open wound of forearm, part unspecified', 'S05', 0),
(8724, 'S52', 'Fracture of forearm', 'S05', 0),
(8725, 'S52.0', 'Fracture of upper end of ulna', 'S05', 0),
(8726, 'S52.1', 'Fracture of upper end of radius', 'S05', 0),
(8727, 'S52.2', 'Fracture of shaft of ulna', 'S05', 0),
(8728, 'S52.3', 'Fracture of shaft of radius', 'S05', 0),
(8729, 'S52.4', 'Fracture of shafts of both ulna and radius', 'S05', 0),
(8730, 'S52.5', 'Fracture of lower end of radius', 'S05', 0),
(8731, 'S52.6', 'Fracture of lower end of both ulna and radius', 'S05', 0),
(8732, 'S52.7', 'Multiple fractures of forearm', 'S05', 0),
(8733, 'S52.8', 'Fracture of other parts of forearm', 'S05', 0),
(8734, 'S52.9', 'Fracture of forearm, part unspecified', 'S05', 0),
(8735, 'S53', 'Dislocation, sprain and strain of joints and ligaments of elbow', 'S05', 0),
(8736, 'S53.0', 'Dislocation of radial head', 'S05', 0),
(8737, 'S53.1', 'Dislocation of elbow, unspecified', 'S05', 0),
(8738, 'S53.2', 'Traumatic rupture of radial collateral ligament', 'S05', 0),
(8739, 'S53.3', 'Traumatic rupture of ulnar collateral ligament', 'S05', 0),
(8740, 'S53.4', 'Sprain and strain of elbow', 'S05', 0),
(8741, 'S54', 'Injury of nerves at forearm level', 'S05', 0),
(8742, 'S54.0', 'Injury of ulnar nerve at forearm level', 'S05', 0),
(8743, 'S54.1', 'Injury of median nerve at forearm level', 'S05', 0),
(8744, 'S54.2', 'Injury of radial nerve at forearm level', 'S05', 0),
(8745, 'S54.3', 'Injury of cutaneous sensory nerve at forearm level', 'S05', 0),
(8746, 'S54.7', 'Injury of multiple nerves at forearm level', 'S05', 0),
(8747, 'S54.8', 'Injury of other nerves at forearm level', 'S05', 0),
(8748, 'S54.9', 'Injury of unspecified nerve at forearm level', 'S05', 0),
(8749, 'S55', 'Injury of blood vessels at forearm level', 'S05', 0),
(8750, 'S55.0', 'Injury of ulnar artery at forearm level', 'S05', 0),
(8751, 'S55.1', 'Injury of radial artery at forearm level', 'S05', 0),
(8752, 'S55.2', 'Injury of vein at forearm level', 'S05', 0),
(8753, 'S55.7', 'Injury of multiple blood vessels at forearm level', 'S05', 0),
(8754, 'S55.8', 'Injury of other blood vessels at forearm level', 'S05', 0),
(8755, 'S55.9', 'Injury of unspecified blood vessel at forearm level', 'S05', 0),
(8756, 'S56', 'Injury of muscle and tendon at forearm level', 'S05', 0),
(8757, 'S56.0', 'Injury of flexor muscle and tendon of thumb at forearm level', 'S05', 0),
(8758, 'S56.1', 'Injury of long flexor muscle and tendon of other finger(s) atforearm level', 'S05', 0),
(8759, 'S56.2', 'Injury of other flexor muscle and tendon at forearm level', 'S05', 0),
(8760, 'S56.3', 'Injury of extensor or abductor muscles and tendons of thumb atforearm level', 'S05', 0),
(8761, 'S56.4', 'Injury of extensor muscle and tendon of other finger(s) at forearmlevel', 'S05', 0),
(8762, 'S56.5', 'Injury of other extensor muscle and tendon at forearm level', 'S05', 0),
(8763, 'S56.7', 'Injury of multiple muscles and tendons at forearm level', 'S05', 0),
(8764, 'S56.8', 'Injury of other and unspecified muscles and tendons at forearm level', 'S05', 0),
(8765, 'S57', 'Crushing injury of forearm', 'S05', 0),
(8766, 'S57.0', 'Crushing injury of elbow', 'S05', 0),
(8767, 'S57.8', 'Crushing injury of other parts of forearm', 'S05', 0),
(8768, 'S57.9', 'Crushing injury of forearm, part unspecified', 'S05', 0),
(8769, 'S58', 'Traumatic amputation of forearm', 'S05', 0),
(8770, 'S58.0', 'Traumatic amputation at elbow level', 'S05', 0),
(8771, 'S58.1', 'Traumatic amputation at level between elbow and wrist', 'S05', 0),
(8772, 'S58.9', 'Traumatic amputation of forearm, level unspecified', 'S05', 0),
(8773, 'S59', 'Other and unspecified injuries of forearm', 'S05', 0),
(8774, 'S59.7', 'Multiple injuries of forearm', 'S05', 0),
(8775, 'S59.8', 'Other specified injuries of forearm', 'S05', 0),
(8776, 'S59.9', 'Unspecified injury of forearm', 'S05', 0),
(8777, 'S60', 'Superficial injury of wrist and hand', 'S06', 0),
(8778, 'S60.0', 'Contusion of finger(s) without damage to nail', 'S06', 0),
(8779, 'S60.1', 'Contusion of finger(s) with damage to nail', 'S06', 0),
(8780, 'S60.2', 'Contusion of other parts of wrist and hand', 'S06', 0),
(8781, 'S60.7', 'Multiple superficial injuries of wrist and hand', 'S06', 0),
(8782, 'S60.8', 'Other superficial injuries of wrist and hand', 'S06', 0),
(8783, 'S60.9', 'Superficial injury of wrist and hand, unspecified', 'S06', 0),
(8784, 'S61', 'Open wound of wrist and hand', 'S06', 0),
(8785, 'S61.0', 'Open wound of finger(s) without damage to nail', 'S06', 0),
(8786, 'S61.1', 'Open wound of finger(s) with damage to nail', 'S06', 0),
(8787, 'S61.7', 'Multiple open wounds of wrist and hand', 'S06', 0),
(8788, 'S61.8', 'Open wound of other parts of wrist and hand', 'S06', 0),
(8789, 'S61.9', 'Open wound of wrist and hand part, part unspecified', 'S06', 0),
(8790, 'S62', 'Fracture at wrist and hand level', 'S06', 0),
(8791, 'S62.0', 'Fracture of navicular [scaphoid] bone of hand', 'S06', 0),
(8792, 'S62.1', 'Fracture of other carpal bone(s)', 'S06', 0),
(8793, 'S62.2', 'Fracture of first metacarpal bone', 'S06', 0),
(8794, 'S62.3', 'Fracture of other metacarpal bone', 'S06', 0),
(8795, 'S62.4', 'Multiple fractures of metacarpal bones', 'S06', 0),
(8796, 'S62.5', 'Fracture of thumb', 'S06', 0),
(8797, 'S62.6', 'Fracture of other finger', 'S06', 0),
(8798, 'S62.7', 'Multiple fractures of fingers', 'S06', 0),
(8799, 'S62.8', 'Fracture of other and unspecified parts of wrist and hand', 'S06', 0),
(8800, 'S63', 'Dislocation, sprain and strain of joints and ligaments at wrist andhand level', 'S06', 0),
(8801, 'S63.0', 'Dislocation of wrist', 'S06', 0),
(8802, 'S63.1', 'Dislocation of finger', 'S06', 0),
(8803, 'S63.2', 'Multiple dislocations of fingers', 'S06', 0),
(8804, 'S63.3', 'Traumatic rupture of ligament of wrist and carpus', 'S06', 0),
(8805, 'S63.4', 'Traumatic rupture of ligament of finger at metacarpophalangeal andinterphalangeal joint(s)', 'S06', 0),
(8806, 'S63.5', 'Sprain and strain of wrist', 'S06', 0),
(8807, 'S63.6', 'Sprain and strain of finger(s)', 'S06', 0),
(8808, 'S63.7', 'Sprain and strain of other and unspecified parts of hand', 'S06', 0),
(8809, 'S64', 'Injury of nerves at wrist and hand level', 'S06', 0),
(8810, 'S64.0', 'Injury of ulnar nerve at wrist and hand level', 'S06', 0),
(8811, 'S64.1', 'Injury of median nerve at wrist and hand level', 'S06', 0),
(8812, 'S64.2', 'Injury of radial nerve at wrist and hand level', 'S06', 0),
(8813, 'S64.3', 'Injury of digital nerve of thumb', 'S06', 0),
(8814, 'S64.4', 'Injury of digital nerve of other finger', 'S06', 0),
(8815, 'S64.7', 'Injury of multiple nerves at wrist and hand level', 'S06', 0),
(8816, 'S64.8', 'Injury of other nerves at wrist and hand level', 'S06', 0),
(8817, 'S64.9', 'Injury of unspecified nerve at wrist and hand level', 'S06', 0),
(8818, 'S65', 'Injury of blood vessels at wrist and hand level', 'S06', 0),
(8819, 'S65.0', 'Injury of ulnar artery at wrist and hand level', 'S06', 0),
(8820, 'S65.1', 'Injury of radial artery at wrist and hand level', 'S06', 0),
(8821, 'S65.2', 'Injury of superficial palmar arch', 'S06', 0),
(8822, 'S65.3', 'Injury of deep palmar arch', 'S06', 0),
(8823, 'S65.4', 'Injury of blood vessel(s) of thumb', 'S06', 0),
(8824, 'S65.5', 'Injury of blood vessel(s) of other finger', 'S06', 0),
(8825, 'S65.7', 'Injury of multiple blood vessels at wrist and hand level', 'S06', 0),
(8826, 'S65.8', 'Injury of other blood vessels at wrist and hand level', 'S06', 0),
(8827, 'S65.9', 'Injury of unspecified blood vessel at wrist and hand level', 'S06', 0),
(8828, 'S66', 'Injury of muscle and tendon at wrist and hand level', 'S06', 0),
(8829, 'S66.0', 'Injury of long flexor muscle and tendon of thumb at wrist and handlevel', 'S06', 0),
(8830, 'S66.1', 'Injury of flexor muscle and tendon of other finger at wrist and handlevel', 'S06', 0),
(8831, 'S66.2', 'Injury of extensor muscle and tendon of thumb at wrist and handlevel', 'S06', 0),
(8832, 'S66.3', 'Injury of extensor muscle and tendon of other finger at wrist andhand level', 'S06', 0),
(8833, 'S66.4', 'Injury of intrinsic muscle and tendon of thumb at wrist and handlevel', 'S06', 0),
(8834, 'S66.5', 'Injury of intrinsic muscle and tendon of other finger at wrist andhand level', 'S06', 0),
(8835, 'S66.6', 'Injury of multiple flexor muscles and tendons at wrist and handlevel', 'S06', 0),
(8836, 'S66.7', 'Injury of multiple extensor muscles and tendons at wrist and handlevel', 'S06', 0),
(8837, 'S66.8', 'Injury of other muscles and tendons at wrist and hand level', 'S06', 0),
(8838, 'S66.9', 'Injury of unspecified muscle and tendon at wrist and hand level', 'S06', 0),
(8839, 'S67', 'Crushing injury of wrist and hand', 'S06', 0),
(8840, 'S67.0', 'Crushing injury of thumb and other finger(s)', 'S06', 0),
(8841, 'S67.8', 'Crushing injury of other and unspecified parts of wrist and hand', 'S06', 0),
(8842, 'S68', 'Traumatic amputation of wrist and hand', 'S06', 0),
(8843, 'S68.0', 'Traumatic amputation of thumb (complete)(partial)', 'S06', 0),
(8844, 'S68.1', 'Traumatic amputation of other single finger (complete)(partial)', 'S06', 0),
(8845, 'S68.2', 'Traumatic amputation of two or more fingers alone(complete)(partial)', 'S06', 0),
(8846, 'S68.3', 'Combined traumatic amputation of (part of) finger(s) with otherparts of wrist and hand', 'S06', 0),
(8847, 'S68.4', 'Traumatic amputation of hand at wrist level', 'S06', 0),
(8848, 'S68.8', 'Traumatic amputation of other parts of wrist and hand', 'S06', 0),
(8849, 'S68.9', 'Traumatic amputation of wrist and hand, level unspecified', 'S06', 0),
(8850, 'S69', 'Other and unspecified injuries of wrist and hand', 'S06', 0),
(8851, 'S69.7', 'Multiple injuries of wrist and hand', 'S06', 0),
(8852, 'S69.8', 'Other specified injuries of wrist and hand', 'S06', 0),
(8853, 'S69.9', 'Unspecified injury of wrist and hand', 'S06', 0),
(8854, 'S70', 'Superficial injury of hip and thigh', 'S07', 0),
(8855, 'S70.0', 'Contusion of hip', 'S07', 0),
(8856, 'S70.1', 'Contusion of thigh', 'S07', 0),
(8857, 'S70.7', 'Multiple superficial injuries of hip and thigh', 'S07', 0),
(8858, 'S70.8', 'Other superficial injuries of hip and thigh', 'S07', 0),
(8859, 'S70.9', 'Superficial injury of hip and thigh, unspecified', 'S07', 0),
(8860, 'S71', 'Open wound of hip and thigh', 'S07', 0),
(8861, 'S71.0', 'Open wound of hip', 'S07', 0),
(8862, 'S71.1', 'Open wound of thigh', 'S07', 0),
(8863, 'S71.7', 'Multiple open wounds of hip and thigh', 'S07', 0),
(8864, 'S71.8', 'Open wound of other and unspecified parts of pelvic girdle', 'S07', 0),
(8865, 'S72', 'Fracture of femur', 'S07', 0),
(8866, 'S72.0', 'Fracture of neck of femur', 'S07', 0),
(8867, 'S72.1', 'Pertrochanteric fracture', 'S07', 0),
(8868, 'S72.2', 'Subtrochanteric fracture', 'S07', 0),
(8869, 'S72.3', 'Fracture of shaft of femur', 'S07', 0),
(8870, 'S72.4', 'Fracture of lower end of femur', 'S07', 0),
(8871, 'S72.7', 'Multiple fractures of femur', 'S07', 0),
(8872, 'S72.8', 'Fractures of other parts of femur', 'S07', 0),
(8873, 'S72.9', 'Fracture of femur, part unspecified', 'S07', 0),
(8874, 'S73', 'Dislocation, sprain and strain of joint and ligaments of hip', 'S07', 0),
(8875, 'S73.0', 'Dislocation of hip', 'S07', 0),
(8876, 'S73.1', 'Sprain and strain of hip', 'S07', 0),
(8877, 'S74', 'Injury of nerves at hip and thigh level', 'S07', 0),
(8878, 'S74.0', 'Injury of sciatic nerve at hip and thigh level', 'S07', 0),
(8879, 'S74.1', 'Injury of femoral nerve at hip and thigh level', 'S07', 0),
(8880, 'S74.2', 'Injury of cutaneous sensory nerve at hip and thigh level', 'S07', 0),
(8881, 'S74.7', 'Injury of multiple nerves at hip and thigh level', 'S07', 0),
(8882, 'S74.8', 'Injury of other nerves at hip and thigh level', 'S07', 0),
(8883, 'S74.9', 'Injury of unspecified nerve at hip and thigh level', 'S07', 0),
(8884, 'S75', 'Injury of blood vessels at hip and thigh level', 'S07', 0),
(8885, 'S75.0', 'Injury of femoral artery', 'S07', 0),
(8886, 'S75.1', 'Injury of femoral vein at hip and thigh level', 'S07', 0),
(8887, 'S75.2', 'Injury of greater saphenous vein at hip and thigh level', 'S07', 0),
(8888, 'S75.7', 'Injury of multiple blood vessels at hip and thigh level', 'S07', 0),
(8889, 'S75.8', 'Injury of other blood vessels at hip and thigh level', 'S07', 0),
(8890, 'S75.9', 'Injury of unspecified blood vessel at hip and thigh level', 'S07', 0),
(8891, 'S76', 'Injury of muscle and tendon at hip and thigh level', 'S07', 0),
(8892, 'S76.0', 'Injury of muscle and tendon of hip', 'S07', 0),
(8893, 'S76.1', 'Injury of quadriceps muscle and tendon', 'S07', 0),
(8894, 'S76.2', 'Injury of adductor muscle and tendon of thigh', 'S07', 0),
(8895, 'S76.3', 'Injury of muscle and tendon of the posterior muscle group at thighlevel', 'S07', 0),
(8896, 'S76.4', 'Injury of other and unspecified muscles and tendons at thigh level', 'S07', 0),
(8897, 'S76.7', 'Injury of multiple muscles and tendons at hip and thigh level', 'S07', 0),
(8898, 'S77', 'Crushing injury of hip and thigh', 'S07', 0),
(8899, 'S77.0', 'Crushing injury of hip', 'S07', 0),
(8900, 'S77.1', 'Crushing injury of thigh', 'S07', 0),
(8901, 'S77.2', 'Crushing injury of hip with thigh', 'S07', 0),
(8902, 'S78', 'Traumatic amputation of hip and thigh', 'S07', 0),
(8903, 'S78.0', 'Traumatic amputation at hip joint', 'S07', 0),
(8904, 'S78.1', 'Traumatic amputation at level between hip and knee', 'S07', 0),
(8905, 'S78.9', 'Traumatic amputation of hip and thigh, level unspecified', 'S07', 0),
(8906, 'S79', 'Other and specified injuries of hip and thigh', 'S07', 0),
(8907, 'S79.7', 'Multiple injuries of hip and thigh', 'S07', 0),
(8908, 'S79.8', 'Other specified injuries of hip and thigh', 'S07', 0),
(8909, 'S79.9', 'Unspecified injury of hip and thigh', 'S07', 0),
(8910, 'S80', 'Superficial injury of lower leg', 'S08', 0),
(8911, 'S80.0', 'Contusion of knee', 'S08', 0),
(8912, 'S80.1', 'Contusion of other and unspecified parts of lower leg', 'S08', 0),
(8913, 'S80.7', 'Multiple superficial injuries of lower leg', 'S08', 0),
(8914, 'S80.8', 'Other superficial injuries of lower leg', 'S08', 0),
(8915, 'S80.9', 'Superficial injury of lower leg, unspecified', 'S08', 0),
(8916, 'S81', 'Open wound of lower leg', 'S08', 0),
(8917, 'S81.0', 'Open wound of knee', 'S08', 0),
(8918, 'S81.7', 'Multiple open wounds of lower leg', 'S08', 0),
(8919, 'S81.8', 'Open wound of other parts of lower leg', 'S08', 0),
(8920, 'S81.9', 'Open wound of lower leg, part unspecified', 'S08', 0),
(8921, 'S82', 'Fracture of lower leg, including ankle', 'S08', 0),
(8922, 'S82.0', 'Fracture of patella', 'S08', 0),
(8923, 'S82.1', 'Fracture of upper end of tibia', 'S08', 0),
(8924, 'S82.2', 'Fracture of shaft of tibia', 'S08', 0),
(8925, 'S82.3', 'Fracture of lower end of tibia', 'S08', 0),
(8926, 'S82.4', 'Fracture of fibula alone', 'S08', 0),
(8927, 'S82.5', 'Fracture of medial malleolus', 'S08', 0),
(8928, 'S82.6', 'Fracture of lateral malleolus', 'S08', 0),
(8929, 'S82.7', 'Multiple fractures of lower leg', 'S08', 0),
(8930, 'S82.8', 'Fractures of other parts of lower leg', 'S08', 0),
(8931, 'S82.9', 'Fracture of lower leg, part unspecified', 'S08', 0),
(8932, 'S83', 'Dislocation, sprain and strain of joints and ligaments of knee', 'S08', 0),
(8933, 'S83.0', 'Dislocation of patella', 'S08', 0),
(8934, 'S83.1', 'Dislocation of knee', 'S08', 0),
(8935, 'S83.2', 'Tear of meniscus, current', 'S08', 0),
(8936, 'S83.3', 'Tear of articular cartilage of knee, current', 'S08', 0),
(8937, 'S83.4', 'Sprain and strain involving (fibular)(tibial) collateral ligament ofknee', 'S08', 0),
(8938, 'S83.5', 'Sprain and strain involving (anterior)(posterior) cruciate ligamentof knee', 'S08', 0),
(8939, 'S83.6', 'Sprain and strain of other and unspecified parts of knee', 'S08', 0),
(8940, 'S83.7', 'Injury to multiple structures of knee', 'S08', 0),
(8941, 'S84', 'Injury of nerves at lower leg level', 'S08', 0),
(8942, 'S84.0', 'Injury of tibial nerve at lower leg level', 'S08', 0),
(8943, 'S84.1', 'Injury of peroneal nerve at lower leg level', 'S08', 0),
(8944, 'S84.2', 'Injury of cutaneous sensory nerve at lower leg level', 'S08', 0),
(8945, 'S84.7', 'Injury of multiple nerves at lower leg level', 'S08', 0),
(8946, 'S84.8', 'Injury of other nerves at lower leg level', 'S08', 0),
(8947, 'S84.9', 'Injury of unspecified nerve at lower leg level', 'S08', 0),
(8948, 'S85', 'Injury of blood vessels at lower leg level', 'S08', 0),
(8949, 'S85.0', 'Injury of popliteal artery', 'S08', 0),
(8950, 'S85.1', 'Injury of (anterior)(posterior) tibial artery', 'S08', 0),
(8951, 'S85.2', 'Injury of peroneal artery', 'S08', 0),
(8952, 'S85.3', 'Injury of greater saphenous vein at lower leg level', 'S08', 0),
(8953, 'S85.4', 'Injury of lesser saphenous vein at lower leg level', 'S08', 0),
(8954, 'S85.5', 'Injury of popliteal vein', 'S08', 0),
(8955, 'S85.7', 'Injury of multiple blood vessels at lower leg level', 'S08', 0),
(8956, 'S85.8', 'Injury of other blood vessels at lower leg level', 'S08', 0),
(8957, 'S85.9', 'Injury of unspecified blood vessel at lower leg level', 'S08', 0),
(8958, 'S86', 'Injury of muscle and tendon at lower leg level', 'S08', 0),
(8959, 'S86.0', 'Injury of Achilles tendon', 'S08', 0),
(8960, 'S86.1', 'Injury of other muscle(s) and tendon(s) of posterior muscle group atlower leg level', 'S08', 0),
(8961, 'S86.2', 'Injury of muscle(s) and tendon(s) of anterior muscle group at lowerleg level', 'S08', 0),
(8962, 'S86.3', 'Injury of muscle(s) and tendon(s) of peroneal muscle group at lowerleg level', 'S08', 0),
(8963, 'S86.7', 'Injury of multiple muscles and tendons at lower leg level', 'S08', 0),
(8964, 'S86.8', 'Injury of other muscles and tendons at lower leg level', 'S08', 0),
(8965, 'S86.9', 'Injury of unspecified muscle and tendon at lower leg level', 'S08', 0),
(8966, 'S87', 'Crushing injury of lower leg', 'S08', 0),
(8967, 'S87.0', 'Crushing injury of knee', 'S08', 0),
(8968, 'S87.8', 'Crushing injury of other and unspecified parts of lower leg', 'S08', 0),
(8969, 'S88', 'Traumatic amputation of lower leg', 'S08', 0),
(8970, 'S88.0', 'Traumatic amputation at knee level', 'S08', 0),
(8971, 'S88.1', 'Traumatic amputation at level between knee and ankle', 'S08', 0),
(8972, 'S88.9', 'Traumatic amputation of lower leg, level unspecified', 'S08', 0),
(8973, 'S89', 'Other and unspecified injuries of lower leg', 'S08', 0),
(8974, 'S89.7', 'Multiple injuries of lower leg', 'S08', 0),
(8975, 'S89.8', 'Other specified injuries of lower leg', 'S08', 0),
(8976, 'S89.9', 'Unspecified injury of lower leg', 'S08', 0),
(8977, 'S90', 'Superficial injury of ankle and foot', 'S09', 0),
(8978, 'S90.0', 'Contusion of ankle', 'S09', 0),
(8979, 'S90.1', 'Contusion of toe(s) without damage to nail', 'S09', 0),
(8980, 'S90.2', 'Contusion of toe(s) with damage to nail', 'S09', 0),
(8981, 'S90.3', 'Contusion of other and unspecified parts of foot', 'S09', 0),
(8982, 'S90.7', 'Multiple superficial injuries of ankle and foot', 'S09', 0),
(8983, 'S90.8', 'Other superficial injuries of ankle and foot', 'S09', 0),
(8984, 'S90.9', 'Superficial injury of ankle and foot, unspecified', 'S09', 0),
(8985, 'S91', 'Open wound of ankle and foot', 'S09', 0),
(8986, 'S91.0', 'Open wound of ankle', 'S09', 0),
(8987, 'S91.1', 'Open wound of toe(s) without damage to nail', 'S09', 0),
(8988, 'S91.2', 'Open wound of toe(s) with damage to nail', 'S09', 0),
(8989, 'S91.3', 'Open wound of other parts of foot', 'S09', 0),
(8990, 'S91.7', 'Multiple open wounds of ankle and foot', 'S09', 0),
(8991, 'S92', 'Fracture of foot, except ankle', 'S09', 0),
(8992, 'S92.0', 'Fracture of calcaneus', 'S09', 0),
(8993, 'S92.1', 'Fracture of talus', 'S09', 0),
(8994, 'S92.2', 'Fracture of other tarsal bone(s)', 'S09', 0),
(8995, 'S92.3', 'Fracture of metatarsal bone', 'S09', 0),
(8996, 'S92.4', 'Fracture of great toe', 'S09', 0),
(8997, 'S92.5', 'Fracture of other toe', 'S09', 0),
(8998, 'S92.7', 'Multiple fractures of foot', 'S09', 0),
(8999, 'S92.9', 'Fracture of foot, unspecified', 'S09', 0),
(9000, 'S93', 'Dislocation, sprain and strain of joints and ligaments at ankle andfoot level', 'S09', 0),
(9001, 'S93.0', 'Dislocation of ankle joint', 'S09', 0),
(9002, 'S93.1', 'Dislocation of toe(s)', 'S09', 0),
(9003, 'S93.2', 'Rupture of ligaments at ankle and foot level', 'S09', 0),
(9004, 'S93.3', 'Dislocation of other and unspecified parts of foot', 'S09', 0),
(9005, 'S93.4', 'Sprain and strain of ankle', 'S09', 0),
(9006, 'S93.5', 'Sprain and strain of toe(s)', 'S09', 0),
(9007, 'S93.6', 'Sprain and strain of other and unspecified parts of foot', 'S09', 0),
(9008, 'S94', 'Injury of nerves at ankle and foot level', 'S09', 0),
(9009, 'S94.0', 'Injury of lateral plantar nerve', 'S09', 0),
(9010, 'S94.1', 'Injury of medial plantar nerve', 'S09', 0),
(9011, 'S94.2', 'Injury of deep peroneal nerve at ankle and foot level', 'S09', 0),
(9012, 'S94.3', 'Injury of cutaneous sensory nerve at ankle and foot level', 'S09', 0),
(9013, 'S94.7', 'Injury of multiple nerves at ankle and foot level', 'S09', 0),
(9014, 'S94.8', 'Injury of other nerves at ankle and foot level', 'S09', 0),
(9015, 'S94.9', 'Injury of unspecified nerve at ankle and foot level', 'S09', 0),
(9016, 'S95', 'Injury of blood vessels at ankle and foot level', 'S09', 0),
(9017, 'S95.0', 'Injury of dorsal artery of foot', 'S09', 0),
(9018, 'S95.1', 'Injury of plantar artery of foot', 'S09', 0),
(9019, 'S95.2', 'Injury of dorsal vein of foot', 'S09', 0),
(9020, 'S95.7', 'Injury of multiple blood vessels at ankle and foot level', 'S09', 0),
(9021, 'S95.8', 'Injury of other blood vessels at ankle and foot level', 'S09', 0),
(9022, 'S95.9', 'Injury of unspecified blood vessel at ankle and foot level', 'S09', 0),
(9023, 'S96', 'Injury of muscle and tendon at ankle and foot level', 'S09', 0),
(9024, 'S96.0', 'Injury of muscle and tendon of long flexor muscle of toe at ankleand foot level', 'S09', 0),
(9025, 'S96.1', 'Injury of muscle and tendon of long extensor muscle of toe at ankleand foot level', 'S09', 0),
(9026, 'S96.2', 'Injury of intrinsic muscle and tendon at ankle and foot level', 'S09', 0);
INSERT INTO `icd_penyakit` (`id`, `kode_penyakit`, `nama_penyakit`, `subkelompok`, `dtd_id`) VALUES
(9027, 'S96.7', 'Injury of multiple muscles and tendons at ankle and foot level', 'S09', 0),
(9028, 'S96.8', 'Injury of other muscles and tendons at ankle and foot level', 'S09', 0),
(9029, 'S96.9', 'Injury of unspecified muscle and tendon at ankle and foot level', 'S09', 0),
(9030, 'S97', 'Crushing injury of ankle and foot', 'S09', 0),
(9031, 'S97.0', 'Crushing injury of ankle', 'S09', 0),
(9032, 'S97.1', 'Crushing injury of toe(s)', 'S09', 0),
(9033, 'S97.8', 'Crushing injury of other parts of ankle and foot', 'S09', 0),
(9034, 'S98', 'Traumatic amputation of ankle and foot', 'S09', 0),
(9035, 'S98.0', 'Traumatic amputation of foot at ankle level', 'S09', 0),
(9036, 'S98.1', 'Traumatic amputation of one toe', 'S09', 0),
(9037, 'S98.2', 'Traumatic amputation of two or more toes', 'S09', 0),
(9038, 'S98.3', 'Traumatic amputation of other parts of foot', 'S09', 0),
(9039, 'S98.4', 'Traumatic amputation of foot, level unspecified', 'S09', 0),
(9040, 'S99', 'Other and unspecified injuries of ankle and foot', 'S09', 0),
(9041, 'S99.7', 'Multiple injuries of ankle and foot', 'S09', 0),
(9042, 'S99.8', 'Other specified injuries of ankle and foot', 'S09', 0),
(9043, 'S99.9', 'Unspecified injury of ankle and foot', 'S09', 0),
(9044, 'SUBKOD', 'TOPIK', 'S09', 0),
(9045, 'T00', 'Superficial injuries involving multiple body regions', 'S10', 0),
(9046, 'T00.0', 'Superficial injuries involving head with neck', 'S10', 0),
(9047, 'T00.1', 'Superficial injuries involving thorax with abdomen, lower back andpelvis', 'S10', 0),
(9048, 'T00.2', 'Superficial injuries involving multiple regions of upper limb(s)', 'S10', 0),
(9049, 'T00.3', 'Superficial injuries involving multiple regions of lower limb(s)', 'S10', 0),
(9050, 'T00.6', 'Superficial injuries involving multiple regions of upper limb(s)with lower limb(s)', 'S10', 0),
(9051, 'T00.8', 'Superficial injuries involving other combinations of body regions', 'S10', 0),
(9052, 'T00.9', 'Multiple superficial injuries, unspecified', 'S10', 0),
(9053, 'T01', 'Open wounds involving multiple body regions', 'S10', 0),
(9054, 'T01.0', 'Open wounds involving head with neck', 'S10', 0),
(9055, 'T01.1', 'Open wounds involving thorax with abdomen, lower back and pelvis', 'S10', 0),
(9056, 'T01.2', 'Open wounds involving multiple regions of upper limb(s)', 'S10', 0),
(9057, 'T01.3', 'Open wounds involving multiple regions of lower limb(s)', 'S10', 0),
(9058, 'T01.6', 'Open wounds involving multiple regions of upper limb(s) with lowerlimb(s)', 'S10', 0),
(9059, 'T01.8', 'Open wounds involving other combinations of body regions', 'S10', 0),
(9060, 'T01.9', 'Multiple open wounds, unspecified', 'S10', 0),
(9061, 'T02', 'Fractures involving multiple body regions', 'S10', 0),
(9062, 'T02.0', 'Fractures involving head with neck', 'S10', 0),
(9063, 'T02.1', 'Fractures involving thorax with lower back and pelvis', 'S10', 0),
(9064, 'T02.2', 'Fractures involving multiple regions of one upper limb', 'S10', 0),
(9065, 'T02.3', 'Fractures involving multiple regions of one lower limb', 'S10', 0),
(9066, 'T02.4', 'Fractures involving multiple regions of both upper limbs', 'S10', 0),
(9067, 'T02.5', 'Fractures involving multiple regions of both lower limbs', 'S10', 0),
(9068, 'T02.6', 'Fractures involving multiple regions of upper limb(s) with lowerlimb(s)', 'S10', 0),
(9069, 'T02.7', 'Fractures involving thorax with lower back and pelvis with limb(s)', 'S10', 0),
(9070, 'T02.8', 'Fractures involving other combinations of body regions', 'S10', 0),
(9071, 'T02.9', 'Multiple fractures, unspecified', 'S10', 0),
(9072, 'T03', 'Dislocations, sprains and strains involving multiple body regions', 'S10', 0),
(9073, 'T03.0', 'Dislocations, sprains and strains involving head with neck', 'S10', 0),
(9074, 'T03.1', 'Dislocations, sprains and strains involving thorax with lower backand pelvis', 'S10', 0),
(9075, 'T03.2', 'Dislocations, sprains and strains involving multiple regions ofupper limb(s)', 'S10', 0),
(9076, 'T03.3', 'Dislocations, sprains and strains involving multiple regions oflower limb(s)', 'S10', 0),
(9077, 'T03.4', 'Dislocations, sprains and strains involving multiple regions ofupper limb(s) with lower limb(s)', 'S10', 0),
(9078, 'T03.8', 'Dislocations, sprains and strains involving other combinations ofbody regions', 'S10', 0),
(9079, 'T03.9', 'Multiple dislocations, sprains and strains, unspecified', 'S10', 0),
(9080, 'T04', 'Crushing injuries involving multiple body regions', 'S10', 0),
(9081, 'T04.0', 'Crushing injuries involving head with neck', 'S10', 0),
(9082, 'T04.1', 'Crushing injuries involving thorax with abdomen, lower back andpelvis', 'S10', 0),
(9083, 'T04.2', 'Crushing injuries involving multiple regions of upper limb(s)', 'S10', 0),
(9084, 'T04.3', 'Crushing injuries involving multiple regions of lower limb(s)', 'S10', 0),
(9085, 'T04.4', 'Crushing injuries involving multiple regions of upper limb(s) withlower limb(s)', 'S10', 0),
(9086, 'T04.7', 'Crushing injuries of thorax with abdomen, lower back and pelvis withlimb(s)', 'S10', 0),
(9087, 'T04.8', 'Crushing injuries involving other combinations of body regions', 'S10', 0),
(9088, 'T04.9', 'Multiple crushing injuries, unspecified', 'S10', 0),
(9089, 'T05', 'Traumatic amputations involving multiple body regions', 'S10', 0),
(9090, 'T05.0', 'Traumatic amputation of both hands', 'S10', 0),
(9091, 'T05.1', 'Traumatic amputation of one hand and other arm [any level, excepthand]', 'S10', 0),
(9092, 'T05.2', 'Traumatic amputation of both arms [any level]', 'S10', 0),
(9093, 'T05.3', 'Traumatic amputation of both feet', 'S10', 0),
(9094, 'T05.4', 'Traumatic amputation of one foot and other leg [any level, exceptfoot]', 'S10', 0),
(9095, 'T05.5', 'Traumatic amputation of both legs [any level]', 'S10', 0),
(9096, 'T05.6', 'Traumatic amputation of upper and lower limbs, any combination [anylevel]', 'S10', 0),
(9097, 'T05.8', 'Traumatic amputations involving other combinations of body regions', 'S10', 0),
(9098, 'T05.9', 'Multiple traumatic amputations, unspecified', 'S10', 0),
(9099, 'T06', 'Other injuries involving multiple body regions, not elsewhereclassified', 'S10', 0),
(9100, 'T06.0', 'Injuries of brain and cranial nerves with injuries of nerves andspinal cord at neck level', 'S10', 0),
(9101, 'T06.1', 'Injuries of nerves and spinal cord involving other multiple bodyregions', 'S10', 0),
(9102, 'T06.2', 'Injuries of nerves involving multiple body regions', 'S10', 0),
(9103, 'T06.3', 'Injuries of blood vessels involving multiple body regions', 'S10', 0),
(9104, 'T06.4', 'Injuries of muscles and tendons involving multiple body regions', 'S10', 0),
(9105, 'T06.5', 'Injuries of intrathoracic organs with intra-abdominal and pelvicorgans', 'S10', 0),
(9106, 'T06.8', 'Other specified injuries involving multiple body regions', 'S10', 0),
(9107, 'T07', 'Unspecified multiple injuries', 'S10', 0),
(9108, 'T08', 'Fracture of spine, level unspecified', 'S11', 0),
(9109, 'T09', 'Other injuries of spine and trunk, level unspecified', 'S11', 0),
(9110, 'T09.0', 'Superficial injury of trunk, level unspecified', 'S11', 0),
(9111, 'T09.1', 'Open wound of trunk, level unspecified', 'S11', 0),
(9112, 'T09.2', 'Dislocation, sprain and strain of unspecified joint and ligament oftrunk', 'S11', 0),
(9113, 'T09.3', 'Injury of spinal cord, level unspecified', 'S11', 0),
(9114, 'T09.4', 'Injury of unspecified nerve, spinal nerve root and plexus of trunk', 'S11', 0),
(9115, 'T09.5', 'Injury of unspecified muscle and tendon of trunk', 'S11', 0),
(9116, 'T09.6', 'Traumatic amputation of trunk, level unspecified', 'S11', 0),
(9117, 'T09.8', 'Other specified injuries of trunk, level unspecified', 'S11', 0),
(9118, 'T09.9', 'Unspecified injury of trunk, level unspecified', 'S11', 0),
(9119, 'T10', 'Fracture of upper limb, level unspecified', 'S11', 0),
(9120, 'T11', 'Other injuries of upper limb, level unspecified', 'S11', 0),
(9121, 'T11.0', 'Superficial injury of upper limb, level unspecified', 'S11', 0),
(9122, 'T11.1', 'Open wound of upper limb, level unspecified', 'S11', 0),
(9123, 'T11.2', 'Dislocation, sprain and strain of unspecified joint and ligament ofupper limb, level unspecified', 'S11', 0),
(9124, 'T11.3', 'Injury of unspecified nerve of upper limb, level unspecified', 'S11', 0),
(9125, 'T11.4', 'Injury of unspecified blood vessel of upper limb, level unspecified', 'S11', 0),
(9126, 'T11.5', 'Injury of unspecified muscle and tendon of upper limb, levelunspecified', 'S11', 0),
(9127, 'T11.6', 'Traumatic amputation of upper limb, level unspecified', 'S11', 0),
(9128, 'T11.8', 'Other specified injuries of upper limb, level unspecified', 'S11', 0),
(9129, 'T11.9', 'Unspecified injury of upper limb, level unspecified', 'S11', 0),
(9130, 'T12', 'Fracture of lower limb, level unspecified', 'S11', 0),
(9131, 'T13', 'Other injuries of lower limb, level unspecified', 'S11', 0),
(9132, 'T13.0', 'Superficial injury of lower limb, level unspecified', 'S11', 0),
(9133, 'T13.1', 'Open wound of lower limb, level unspecified', 'S11', 0),
(9134, 'T13.2', 'Dislocation, sprain and strain of unspecified joint and ligament oflower limb, level unspecified', 'S11', 0),
(9135, 'T13.3', 'Injury of unspecified nerve of lower limb, level unspecified', 'S11', 0),
(9136, 'T13.4', 'Injury of unspecified blood vessel of lower limb, level unspecified', 'S11', 0),
(9137, 'T13.5', 'Injury of unspecified muscle and tendon of lower limb, levelunspecified', 'S11', 0),
(9138, 'T13.6', 'Traumatic amputation of lower limb, level unspecified', 'S11', 0),
(9139, 'T13.8', 'Other specified injuries of lower limb, level unspecified', 'S11', 0),
(9140, 'T13.9', 'Unspecified injury of lower limb, level unspecified', 'S11', 0),
(9141, 'T14', 'Injury of unspecified body region', 'S11', 0),
(9142, 'T14.0', 'Superficial injury of unspecified body region', 'S11', 0),
(9143, 'T14.1', 'Open wound of unspecified body region', 'S11', 0),
(9144, 'T14.2', 'Fracture of unspecified body region', 'S11', 0),
(9145, 'T14.3', 'Dislocation, sprain and strain of unspecified body region', 'S11', 0),
(9146, 'T14.4', 'Injury of nerve(s) of unspecified body region', 'S11', 0),
(9147, 'T14.5', 'Injury of blood vessel(s) of unspecified body region', 'S11', 0),
(9148, 'T14.6', 'Injury of muscles and tendons of unspecified body region', 'S11', 0),
(9149, 'T14.7', 'Crushing injury and traumatic amputation of unspecified body region', 'S11', 0),
(9150, 'T14.8', 'Other injuries of unspecified body region', 'S11', 0),
(9151, 'T14.9', 'Injury, unspecified', 'S11', 0),
(9152, 'T15', 'Foreign body on external eye', 'S12', 0),
(9153, 'T15.0', 'Foreign body in cornea', 'S12', 0),
(9154, 'T15.1', 'Foreign body in conjunctival sac', 'S12', 0),
(9155, 'T15.8', 'Foreign body in other and multiple parts of external eye', 'S12', 0),
(9156, 'T15.9', 'Foreign body on external eye, part unspecified', 'S12', 0),
(9157, 'T16', 'Foreign body in ear', 'S12', 0),
(9158, 'T17', 'Foreign body in respiratory tract', 'S12', 0),
(9159, 'T17.0', 'Foreign body in nasal sinus', 'S12', 0),
(9160, 'T17.1', 'Foreign body in nostril', 'S12', 0),
(9161, 'T17.2', 'Foreign body in pharynx', 'S12', 0),
(9162, 'T17.3', 'Foreign body in larynx', 'S12', 0),
(9163, 'T17.4', 'Foreign body in trachea', 'S12', 0),
(9164, 'T17.5', 'Foreign body in bronchus', 'S12', 0),
(9165, 'T17.8', 'Foreign body in other and multiple parts of respiratory tract', 'S12', 0),
(9166, 'T17.9', 'Foreign body in respiratory tract, part unspecified', 'S12', 0),
(9167, 'T18', 'Foreign body in alimentary tract', 'S12', 0),
(9168, 'T18.0', 'Foreign body in mouth', 'S12', 0),
(9169, 'T18.1', 'Foreign body in oesophagus', 'S12', 0),
(9170, 'T18.2', 'Foreign body in stomach', 'S12', 0),
(9171, 'T18.3', 'Foreign body in small intestine', 'S12', 0),
(9172, 'T18.4', 'Foreign body in colon', 'S12', 0),
(9173, 'T18.5', 'Foreign body in anus and rectum', 'S12', 0),
(9174, 'T18.8', 'Foreign body in other and multiple parts of alimentary tract', 'S12', 0),
(9175, 'T18.9', 'Foreign body in alimentary tract, part unspecified', 'S12', 0),
(9176, 'T19', 'Foreign body in genitourinary tract', 'S12', 0),
(9177, 'T19.0', 'Foreign body in urethra', 'S12', 0),
(9178, 'T19.1', 'Foreign body in bladder', 'S12', 0),
(9179, 'T19.2', 'Foreign body in vulva and vagina', 'S12', 0),
(9180, 'T19.3', 'Foreign body in uterus [any part]', 'S12', 0),
(9181, 'T19.8', 'Foreign body in other and multiple parts of genitourinary tract', 'S12', 0),
(9182, 'T19.9', 'Foreign body in genitourinary tract, part unspecified', 'S12', 0),
(9183, 'T20', 'Burn and corrosion of head and neck', 'S13', 0),
(9184, 'T20.0', 'Burn of unspecified degree of head and neck', 'S13', 0),
(9185, 'T20.1', 'Burn of first degree of head and neck', 'S13', 0),
(9186, 'T20.2', 'Burn of second degree of head and neck', 'S13', 0),
(9187, 'T20.3', 'Burn of third degree of head and neck', 'S13', 0),
(9188, 'T20.4', 'Corrosion of unspecified degree of head and neck', 'S13', 0),
(9189, 'T20.5', 'Corrosion of first degree of head and neck', 'S13', 0),
(9190, 'T20.6', 'Corrosion of second degree of head and neck', 'S13', 0),
(9191, 'T20.7', 'Corrosion of third degree of head and neck', 'S13', 0),
(9192, 'T21', 'Burn and corrosion of trunk', 'S13', 0),
(9193, 'T21.0', 'Burn of unspecified degree of trunk', 'S13', 0),
(9194, 'T21.1', 'Burn of first degree of trunk', 'S13', 0),
(9195, 'T21.2', 'Burn of second degree of trunk', 'S13', 0),
(9196, 'T21.3', 'Burn of third degree of trunk', 'S13', 0),
(9197, 'T21.4', 'Corrosion of unspecified degree of trunk', 'S13', 0),
(9198, 'T21.5', 'Corrosion of first degree of trunk', 'S13', 0),
(9199, 'T21.6', 'Corrosion of second degree of trunk', 'S13', 0),
(9200, 'T21.7', 'Corrosion of third degree of trunk', 'S13', 0),
(9201, 'T22', 'Burn and corrosion of shoulder and upper limb, except wrist and hand', 'S13', 0),
(9202, 'T22.0', 'Burn of unspecified degree of shoulder and upper limb, except wristand hand', 'S13', 0),
(9203, 'T22.1', 'Burn of first degree of shoulder and upper limb, except wrist andhand', 'S13', 0),
(9204, 'T22.2', 'Burn of second degree of shoulder and upper limb, except wrist andhand', 'S13', 0),
(9205, 'T22.3', 'Burn of third degree of shoulder and upper limb, except wrist andhand', 'S13', 0),
(9206, 'T22.4', 'Corrosion of unspecified degree of shoulder and upper limb, exceptwrist and hand', 'S13', 0),
(9207, 'T22.5', 'Corrosion of first degree of shoulder and upper limb, except wristand hand', 'S13', 0),
(9208, 'T22.6', 'Corrosion of second degree of shoulder and upper limb, except wristand hand', 'S13', 0),
(9209, 'T22.7', 'Corrosion of third degree of shoulder and upper limb, except wristand hand', 'S13', 0),
(9210, 'T23', 'Burn and corrosion of wrist and hand', 'S13', 0),
(9211, 'T23.0', 'Burn of unspecified degree of wrist and hand', 'S13', 0),
(9212, 'T23.1', 'Burn of first degree of wrist and hand', 'S13', 0),
(9213, 'T23.2', 'Burn of second degree of wrist and hand', 'S13', 0),
(9214, 'T23.3', 'Burn of third degree of wrist and hand', 'S13', 0),
(9215, 'T23.4', 'Corrosion of unspecified degree of wrist and hand', 'S13', 0),
(9216, 'T23.5', 'Corrosion of first degree of wrist and hand', 'S13', 0),
(9217, 'T23.6', 'Corrosion of second degree of wrist and hand', 'S13', 0),
(9218, 'T23.7', 'Corrosion of third degree of wrist and hand', 'S13', 0),
(9219, 'T24', 'Burn and corrosion of hip and lower limb, except ankle and foot', 'S13', 0),
(9220, 'T24.0', 'Burn of unspecified degree of hip and lower limb, except ankle andfoot', 'S13', 0),
(9221, 'T24.1', 'Burn of first degree of hip and lower limb, except ankle and foot', 'S13', 0),
(9222, 'T24.2', 'Burn of second degree of hip and lower limb, except ankle and foot', 'S13', 0),
(9223, 'T24.3', 'Burn of third degree of hip and lower limb, except ankle and foot', 'S13', 0),
(9224, 'T24.4', 'Corrosion of unspecified degree of hip and lower limb, except ankleand foot', 'S13', 0),
(9225, 'T24.5', 'Corrosion of first degree of hip and lower limb, except ankle andfoot', 'S13', 0),
(9226, 'T24.6', 'Corrosion of second degree of hip and lower limb, except ankle andfoot', 'S13', 0),
(9227, 'T24.7', 'Corrosion of third degree of hip and lower limb, except ankle andfoot', 'S13', 0),
(9228, 'T25', 'Burn and corrosion of ankle and foot', 'S13', 0),
(9229, 'T25.0', 'Burn of unspecified degree of ankle and foot', 'S13', 0),
(9230, 'T25.1', 'Burn of first degree of ankle and foot', 'S13', 0),
(9231, 'T25.2', 'Burn of second degree of ankle and foot', 'S13', 0),
(9232, 'T25.3', 'Burn of third degree of ankle and foot', 'S13', 0),
(9233, 'T25.4', 'Corrosion of unspecified degree of ankle and foot', 'S13', 0),
(9234, 'T25.5', 'Corrosion of first degree of ankle and foot', 'S13', 0),
(9235, 'T25.6', 'Corrosion of second degree of ankle and foot', 'S13', 0),
(9236, 'T25.7', 'Corrosion of third degree of ankle and foot', 'S13', 0),
(9237, 'T26', 'Burn and corrosion confined to eye and adnexa', 'S14', 0),
(9238, 'T26.0', 'Burn of eyelid and periocular area', 'S14', 0),
(9239, 'T26.1', 'Burn of cornea and conjunctival sac', 'S14', 0),
(9240, 'T26.2', 'Burn with resulting rupture and destruction of eyeball', 'S14', 0),
(9241, 'T26.3', 'Burn of other parts of eye and adnexa', 'S14', 0),
(9242, 'T26.4', 'Burn of eye and adnexa, part unspecified', 'S14', 0),
(9243, 'T26.5', 'Corrosion of eyelid and periocular area', 'S14', 0),
(9244, 'T26.6', 'Corrosion of cornea and conjunctival sac', 'S14', 0),
(9245, 'T26.7', 'Corrosion with resulting rupture and destruction of eyeball', 'S14', 0),
(9246, 'T26.8', 'Corrosion of other parts of eye and adnexa', 'S14', 0),
(9247, 'T26.9', 'Corrosion of eye and adnexa, part unspecified', 'S14', 0),
(9248, 'T27', 'Burn and corrosion of respiratory tract', 'S14', 0),
(9249, 'T27.0', 'Burn of larynx and trachea', 'S14', 0),
(9250, 'T27.1', 'Burn involving larynx and trachea with lung', 'S14', 0),
(9251, 'T27.2', 'Burn of other parts of respiratory tract', 'S14', 0),
(9252, 'T27.3', 'Burn of respiratory tract, part unspecified', 'S14', 0),
(9253, 'T27.4', 'Corrosion of larynx and trachea', 'S14', 0),
(9254, 'T27.5', 'Corrosion involving larynx and trachea with lung', 'S14', 0),
(9255, 'T27.6', 'Corrosion of other parts of respiratory tract', 'S14', 0),
(9256, 'T27.7', 'Corrosion of respiratory tract, part unspecified', 'S14', 0),
(9257, 'T28', 'Burn and corrosion of other internal organs', 'S14', 0),
(9258, 'T28.0', 'Burn of mouth and pharynx', 'S14', 0),
(9259, 'T28.1', 'Burn of oesophagus', 'S14', 0),
(9260, 'T28.2', 'Burn of other parts of alimentary tract', 'S14', 0),
(9261, 'T28.3', 'Burn of internal genitourinary organs', 'S14', 0),
(9262, 'T28.4', 'Burn of other and unspecified internal organs', 'S14', 0),
(9263, 'T28.5', 'Corrosion of mouth and pharynx', 'S14', 0),
(9264, 'T28.6', 'Corrosion of oesophagus', 'S14', 0),
(9265, 'T28.7', 'Corrosion of other parts of alimentary tract', 'S14', 0),
(9266, 'T28.8', 'Corrosion of internal genitourinary organs', 'S14', 0),
(9267, 'T28.9', 'Corrosion of other and unspecified internal organs', 'S14', 0),
(9268, 'T29', 'Burns and corrosions of multiple body regions', 'S15', 0),
(9269, 'T29.0', 'Burns of multiple regions, unspecified degree', 'S15', 0),
(9270, 'T29.1', 'Burns of multiple regions, no more than first-degree burns mentioned', 'S15', 0),
(9271, 'T29.2', 'Burns of multiple regions, no more than second-degree burnsmentioned', 'S15', 0),
(9272, 'T29.3', 'Burns of multiple regions, at least one burn of third degreementioned', 'S15', 0),
(9273, 'T29.4', 'Corrosions of multiple regions, unspecified degree', 'S15', 0),
(9274, 'T29.5', 'Corrosions of multiple regions, no more than first-degree corrosionsmentioned', 'S15', 0),
(9275, 'T29.6', 'Corrosions of multiple regions, no more than second-degreecorrosions mentioned', 'S15', 0),
(9276, 'T29.7', 'Corrosions of multiple regions, at least one corrosion of thirddegree mentioned', 'S15', 0),
(9277, 'T30', 'Burn and corrosion, body region unspecified', 'S15', 0),
(9278, 'T30.0', 'Burn of unspecified body region, unspecified degree', 'S15', 0),
(9279, 'T30.1', 'Burn of first degree, body region unspecified', 'S15', 0),
(9280, 'T30.2', 'Burn of second degree, body region unspecified', 'S15', 0),
(9281, 'T30.3', 'Burn of third degree, body region unspecified', 'S15', 0),
(9282, 'T30.4', 'Corrosion of unspecified body region, unspecified degree', 'S15', 0),
(9283, 'T30.5', 'Corrosion of first degree, body region unspecified', 'S15', 0),
(9284, 'T30.6', 'Corrosion of second degree, body region unspecified', 'S15', 0),
(9285, 'T30.7', 'Corrosion of third degree, body region unspecified', 'S15', 0),
(9286, 'T31', 'Burns classified according to extent of body surface involved', 'S15', 0),
(9287, 'T31.0', 'Burns involving less than 10% of body surface', 'S15', 0),
(9288, 'T31.1', 'Burns involving 10-19% of body surface', 'S15', 0),
(9289, 'T31.2', 'Burns involving 20-29% of body surface', 'S15', 0),
(9290, 'T31.3', 'Burns involving 30-39% of body surface', 'S15', 0),
(9291, 'T31.4', 'Burns involving 40-49% of body surface', 'S15', 0),
(9292, 'T31.5', 'Burns involving 50-59% of body surface', 'S15', 0),
(9293, 'T31.6', 'Burns involving 60-69% of body surface', 'S15', 0),
(9294, 'T31.7', 'Burns involving 70-79% of body surface', 'S15', 0),
(9295, 'T31.8', 'Burns involving 80-89% of body surface', 'S15', 0),
(9296, 'T31.9', 'Burns involving 90% or more of body surface', 'S15', 0),
(9297, 'T32', 'Corrosions classified according to extent of body surface involved', 'S15', 0),
(9298, 'T32.0', 'Corrosions involving less than 10% of body surface', 'S15', 0),
(9299, 'T32.1', 'Corrosions involving 10-19% of body surface', 'S15', 0),
(9300, 'T32.2', 'Corrosions involving 20-29% of body surface', 'S15', 0),
(9301, 'T32.3', 'Corrosions involving 30-39% of body surface', 'S15', 0),
(9302, 'T32.4', 'Corrosions involving 40-49% of body surface', 'S15', 0),
(9303, 'T32.5', 'Corrosions involving 50-59% of body surface', 'S15', 0),
(9304, 'T32.6', 'Corrosions involving 60-69% of body surface', 'S15', 0),
(9305, 'T32.7', 'Corrosions involving 70-79% of body surface', 'S15', 0),
(9306, 'T32.8', 'Corrosions involving 80-89% of body surface', 'S15', 0),
(9307, 'T32.9', 'Corrosions involving 90% or more of body surface', 'S15', 0),
(9308, 'T33', 'Superficial frostbite', 'S16', 0),
(9309, 'T33.0', 'Superficial frostbite of head', 'S16', 0),
(9310, 'T33.1', 'Superficial frostbite of neck', 'S16', 0),
(9311, 'T33.2', 'Superficial frostbite of thorax', 'S16', 0),
(9312, 'T33.3', 'Superficial frostbite of abdominal wall, lower back and pelvis', 'S16', 0),
(9313, 'T33.4', 'Superficial frostbite of arm', 'S16', 0),
(9314, 'T33.5', 'Superficial frostbite of wrist and hand', 'S16', 0),
(9315, 'T33.6', 'Superficial frostbite of hip and thigh', 'S16', 0),
(9316, 'T33.7', 'Superficial frostbite of knee and lower leg', 'S16', 0),
(9317, 'T33.8', 'Superficial frostbite of ankle and foot', 'S16', 0),
(9318, 'T33.9', 'Superficial frostbite of other and unspecified sites', 'S16', 0),
(9319, 'T34', 'Frostbite with tissue necrosis', 'S16', 0),
(9320, 'T34.0', 'Frostbite with tissue necrosis of head', 'S16', 0),
(9321, 'T34.1', 'Frostbite with tissue necrosis of neck', 'S16', 0),
(9322, 'T34.2', 'Frostbite with tissue necrosis of thorax', 'S16', 0),
(9323, 'T34.3', 'Frostbite with tissue necrosis of abdominal wall, lower back andpelvis', 'S16', 0),
(9324, 'T34.4', 'Frostbite with tissue necrosis of arm', 'S16', 0),
(9325, 'T34.5', 'Frostbite with tissue necrosis of wrist and hand', 'S16', 0),
(9326, 'T34.6', 'Frostbite with tissue necrosis of hip and thigh', 'S16', 0),
(9327, 'T34.7', 'Frostbite with tissue necrosis of knee and lower leg', 'S16', 0),
(9328, 'T34.8', 'Frostbite with tissue necrosis of ankle and foot', 'S16', 0),
(9329, 'T34.9', 'Frostbite with tissue necrosis of other and unspecified sites', 'S16', 0),
(9330, 'T35', 'Frostbite involving multiple body regions and unspecified frostbite', 'S16', 0),
(9331, 'T35.0', 'Superficial frostbite involving multiple body regions', 'S16', 0),
(9332, 'T35.1', 'Frostbite with tissue necrosis involving multiple body regions', 'S16', 0),
(9333, 'T35.2', 'Unspecified frostbite of head and neck', 'S16', 0),
(9334, 'T35.3', 'Unspecified frostbite of thorax, abdomen, lower back and pelvis', 'S16', 0),
(9335, 'T35.4', 'Unspecified frostbite of upper limb', 'S16', 0),
(9336, 'T35.5', 'Unspecified frostbite of lower limb', 'S16', 0),
(9337, 'T35.6', 'Unspecified frostbite involving multiple body regions', 'S16', 0),
(9338, 'T35.7', 'Unspecified frostbite of unspecified site', 'S16', 0),
(9339, 'T36', 'Poisoning by systemic antibiotics', 'S17', 0),
(9340, 'T36.0', 'Penicillins', 'S17', 0),
(9341, 'T36.1', 'Cefalosporins and other beta-lactam antibiotics', 'S17', 0),
(9342, 'T36.2', 'Chloramphenicol group', 'S17', 0),
(9343, 'T36.3', 'Macrolides', 'S17', 0),
(9344, 'T36.4', 'Tetracyclines', 'S17', 0),
(9345, 'T36.5', 'Aminoglycosides', 'S17', 0),
(9346, 'T36.6', 'Rifamycins', 'S17', 0),
(9347, 'T36.7', 'Antifungal antibiotics, systemically used', 'S17', 0),
(9348, 'T36.8', 'Other systemic antibiotics', 'S17', 0),
(9349, 'T36.9', 'Systemic antibiotic, unspecified', 'S17', 0),
(9350, 'T37', 'Poisoning by other systemic anti-infectives and antiparasitics', 'S17', 0),
(9351, 'T37.0', 'Sulfonamides', 'S17', 0),
(9352, 'T37.1', 'Antimycobacterial drugs', 'S17', 0),
(9353, 'T37.2', 'Antimalarials and drugs acting on other blood protozoa', 'S17', 0),
(9354, 'T37.3', 'Other antiprotozoal drugs', 'S17', 0),
(9355, 'T37.4', 'Anthelminthics', 'S17', 0),
(9356, 'T37.5', 'Antiviral drugs', 'S17', 0),
(9357, 'T37.8', 'Other specified systemic anti-infectives and antiparasitics', 'S17', 0),
(9358, 'T37.9', 'Systemic anti-infective and antiparasitic, unspecified', 'S17', 0),
(9359, 'T38', 'Poisoning by hormones and their synthetic substitutes andantagonists, not elsewhere classified', 'S17', 0),
(9360, 'T38.0', 'Glucocorticoids and synthetic analogues', 'S17', 0),
(9361, 'T38.1', 'Thyroid hormones and substitutes', 'S17', 0),
(9362, 'T38.2', 'Antithyroid drugs', 'S17', 0),
(9363, 'T38.3', 'Insulin and oral hypoglycaemic [antidiabetic] drugs', 'S17', 0),
(9364, 'T38.4', 'Injection contraceptives', 'S17', 0),
(9365, 'T38.5', 'Other estrogens and progestogens', 'S17', 0),
(9366, 'T38.6', 'Antigonadotrophins, antiestrogens, antiandrogens, not elsewhereclassified', 'S17', 0),
(9367, 'T38.7', 'Androgens and anabolic congeners', 'S17', 0),
(9368, 'T38.8', 'Other and unspecified hormones and their synthetic substitutes', 'S17', 0),
(9369, 'T38.9', 'Other and unspecified hormone antagonists', 'S17', 0),
(9370, 'T39', 'Poisoning by nonopioid analgesics, antipyretics and antirheumatics', 'S17', 0),
(9371, 'T39.0', 'Salicylates', 'S17', 0),
(9372, 'T39.1', '4-Aminophenol derivatives', 'S17', 0),
(9373, 'T39.2', 'Pyrazolone derivatives', 'S17', 0),
(9374, 'T39.3', 'Other nonsteroidal anti-inflammatory drugs [NSAID]', 'S17', 0),
(9375, 'T39.4', 'Antirheumatics, not elsewhere classified', 'S17', 0),
(9376, 'T39.8', 'Other nonopioid analgesics and antipyretics, not elsewhereclassified', 'S17', 0),
(9377, 'T39.9', 'Nonopioid analgesic, antipyretic and antirheumatic, unspecified', 'S17', 0),
(9378, 'T40', 'Poisoning by narcotics and psychodysleptics [hallucinogens]', 'S17', 0),
(9379, 'T40.0', 'Opium', 'S17', 0),
(9380, 'T40.1', 'Heroin', 'S17', 0),
(9381, 'T40.2', 'Other opioids', 'S17', 0),
(9382, 'T40.3', 'Methadone', 'S17', 0),
(9383, 'T40.4', 'Other synthetic narcotics', 'S17', 0),
(9384, 'T40.5', 'Cocaine', 'S17', 0),
(9385, 'T40.6', 'Other and unspecified narcotics', 'S17', 0),
(9386, 'T40.7', 'Cannabis (derivatives)', 'S17', 0),
(9387, 'T40.8', 'Lysergide [LSD]', 'S17', 0),
(9388, 'T40.9', 'Other and unspecified psychodysleptics [hallucinogens]', 'S17', 0),
(9389, 'T41', 'Poisoning by anaesthetics and therapeutic gases', 'S17', 0),
(9390, 'T41.0', 'Inhaled anaesthetics', 'S17', 0),
(9391, 'T41.1', 'Intravenous anaesthetics', 'S17', 0),
(9392, 'T41.2', 'Other and unspecified general anaesthetics', 'S17', 0),
(9393, 'T41.3', 'Local anaesthetics', 'S17', 0),
(9394, 'T41.4', 'Anaesthetic, unspecified', 'S17', 0),
(9395, 'T41.5', 'Therapeutic gases', 'S17', 0),
(9396, 'T42', 'Poisoning by antiepileptic, sedative-hypnotic and antiparkinsonismdrugs', 'S17', 0),
(9397, 'T42.0', 'Hydantoin derivatives', 'S17', 0),
(9398, 'T42.1', 'Iminostilbenes', 'S17', 0),
(9399, 'T42.2', 'Succinimides and oxazolidinediones', 'S17', 0),
(9400, 'T42.3', 'Barbiturates', 'S17', 0),
(9401, 'T42.4', 'Benzodiazepines', 'S17', 0),
(9402, 'T42.5', 'Mixed antiepileptics, not elsewhere classified', 'S17', 0),
(9403, 'T42.6', 'Other antiepileptic and sedative-hypnotic drugs', 'S17', 0),
(9404, 'T42.7', 'Antiepileptic and sedative-hypnotic drugs, unspecified', 'S17', 0),
(9405, 'T42.8', 'Antiparkinsonism drugs and other central muscle-tone depressants', 'S17', 0),
(9406, 'T43', 'Poisoning by psychotropic drugs, not elsewhere classified', 'S17', 0),
(9407, 'T43.0', 'Tricyclic and tetracyclic antidepressants', 'S17', 0),
(9408, 'T43.1', 'Monoamine-oxidase-inhibitor antidepressants', 'S17', 0),
(9409, 'T43.2', 'Other and unspecified antidepressants', 'S17', 0),
(9410, 'T43.3', 'Phenothiazine antipsychotics and neuroleptics', 'S17', 0),
(9411, 'T43.4', 'Butyrophenone and thioxanthene neuroleptics', 'S17', 0),
(9412, 'T43.5', 'Other and unspecified antipsychotics and neuroleptics', 'S17', 0),
(9413, 'T43.6', 'Psychostimulants with abuse potential', 'S17', 0),
(9414, 'T43.8', 'Other psychotropic drugs, not elsewhere classified', 'S17', 0),
(9415, 'T43.9', 'Psychotropic drug, unspecified', 'S17', 0),
(9416, 'T44', 'Poisoning by drugs primarily affecting the autonomic nervous system', 'S17', 0),
(9417, 'T44.0', 'Anticholinesterase agents', 'S17', 0),
(9418, 'T44.1', 'Other parasympathomimetics [cholinergics]', 'S17', 0),
(9419, 'T44.2', 'Ganglionic blocking drugs, not elsewhere classified', 'S17', 0),
(9420, 'T44.3', 'Other parasympatholytics [anticholinergics and antimuscarinics] andspasmolytics, not elsewhere class', 'S17', 0),
(9421, 'T44.4', 'Predominantly alpha-adrenoreceptor agonists, not elsewhereclassified', 'S17', 0),
(9422, 'T44.5', 'Predominantly beta-adrenoreceptor agonists, not elsewhere classified', 'S17', 0),
(9423, 'T44.6', 'Alpha-adrenoreceptor antagonists, not elsewhere classified', 'S17', 0),
(9424, 'T44.7', 'Beta-adrenoreceptor antagonists, not elsewhere classified', 'S17', 0),
(9425, 'T44.8', 'Centrally acting and adrenergic-neuron-blocking agents, notelsewhere classified', 'S17', 0),
(9426, 'T44.9', 'Other and unspecified drugs primarily affecting the autonomicnervous system', 'S17', 0),
(9427, 'T45', 'Poisoning by primarily systemic and haematological agents, notelsewhere classified', 'S17', 0),
(9428, 'T45.0', 'Antiallergic and antiemetic drugs', 'S17', 0),
(9429, 'T45.1', 'Antineoplastic and immunosuppressive drugs', 'S17', 0),
(9430, 'T45.2', 'Vitamins, not elsewhere classified', 'S17', 0),
(9431, 'T45.3', 'Enzymes, not elsewhere classified', 'S17', 0),
(9432, 'T45.4', 'Iron and its compounds', 'S17', 0),
(9433, 'T45.5', 'Anticoagulants', 'S17', 0),
(9434, 'T45.6', 'Fibrinolysis-affecting drugs', 'S17', 0),
(9435, 'T45.7', 'Anticoagulant antagonists, vitamin K and other coagulants', 'S17', 0),
(9436, 'T45.8', 'Other primarily systemic and haematological agents', 'S17', 0),
(9437, 'T45.9', 'Primarily systemic and haematological agent, unspecified', 'S17', 0),
(9438, 'T46', 'Poisoning by agents primarily affecting the cardiovascular system', 'S17', 0),
(9439, 'T46.0', 'Cardiac-stimulant glycosides and drugs of similar action', 'S17', 0),
(9440, 'T46.1', 'Calcium-channel blockers', 'S17', 0),
(9441, 'T46.2', 'Other antidysrhythmic drugs, not elsewhere classified', 'S17', 0),
(9442, 'T46.3', 'Coronary vasodilators, not elsewhere classified', 'S17', 0),
(9443, 'T46.4', 'Angiotensin-converting-enzyme inhibitors', 'S17', 0),
(9444, 'T46.5', 'Other antihypertensive drugs, not elsewhere classified', 'S17', 0),
(9445, 'T46.6', 'Antihyperlipidaemic and antiarteriosclerotic drugs', 'S17', 0),
(9446, 'T46.7', 'Peripheral vasodilators', 'S17', 0),
(9447, 'T46.8', 'Antivaricose drugs, including sclerosing agents', 'S17', 0),
(9448, 'T46.9', 'Other and unspecified agents primarily affecting the cardiovascularsystem', 'S17', 0),
(9449, 'T47', 'Poisoning by agents primarily affecting the gastrointestinal system', 'S17', 0),
(9450, 'T47.0', 'Histamine H2-receptor antagonists', 'S17', 0),
(9451, 'T47.1', 'Other antacids and anti-gastric-secretion drugs', 'S17', 0),
(9452, 'T47.2', 'Stimulant laxatives', 'S17', 0),
(9453, 'T47.3', 'Saline and osmotic laxatives', 'S17', 0),
(9454, 'T47.4', 'Other laxatives', 'S17', 0),
(9455, 'T47.5', 'Digestants', 'S17', 0),
(9456, 'T47.6', 'Antidiarrhoeal drugs', 'S17', 0),
(9457, 'T47.7', 'Emetics', 'S17', 0),
(9458, 'T47.8', 'Other agents primarily affecting the gastrointestinal system', 'S17', 0),
(9459, 'T47.9', 'Agent primarily affecting the gastrointestinal system, unspecified', 'S17', 0),
(9460, 'T48', 'Poisoning by agents primarily acting on smooth and skeletal musclesand the respiratory system', 'S17', 0),
(9461, 'T48.0', 'Oxytocic drugs', 'S17', 0),
(9462, 'T48.1', 'Skeletal muscle relaxants [neuromuscular blocking agents]', 'S17', 0),
(9463, 'T48.2', 'Other and unspecified agents primarily acting on muscles', 'S17', 0),
(9464, 'T48.3', 'Antitussives', 'S17', 0),
(9465, 'T48.4', 'Expectorants', 'S17', 0),
(9466, 'T48.5', 'Anti-common-cold drugs', 'S17', 0),
(9467, 'T48.6', 'Antiasthmatics, not elsewhere classified', 'S17', 0),
(9468, 'T48.7', 'Other and unspecified agents primarily acting on the respiratorysystem', 'S17', 0),
(9469, 'T49', 'Poisoning by topical agents primarily affecting skin and mucousmembrane and by ophthalmological, oto', 'S17', 0),
(9470, 'T49.0', 'Local antifungal, anti-infective and anti-inflammatory drugs, notelsewhere classified', 'S17', 0),
(9471, 'T49.1', 'Antipruritics', 'S17', 0),
(9472, 'T49.2', 'Local astringents and local detergents', 'S17', 0),
(9473, 'T49.3', 'Emollients, demulcents and protectants', 'S17', 0),
(9474, 'T49.4', 'Keratolytics, keratoplastics and other hair treatment drugs andpreparations', 'S17', 0),
(9475, 'T49.5', 'Ophthalmological drugs and preparations', 'S17', 0),
(9476, 'T49.6', 'Otorhinolaryngological drugs and preparations', 'S17', 0),
(9477, 'T49.7', 'Dental drugs, topically applied', 'S17', 0),
(9478, 'T49.8', 'Other topical agents', 'S17', 0),
(9479, 'T49.9', 'Topical agent, unspecified', 'S17', 0),
(9480, 'T50', 'Poisoning by diuretics and other and unspecified drugs, medicamentsand biological substances', 'S17', 0),
(9481, 'T50.0', 'Mineralocorticoids and their antagonists', 'S17', 0),
(9482, 'T50.1', 'Loop [high-ceiling] diuretics', 'S17', 0),
(9483, 'T50.2', 'Carbonic-anhydrase inhibitors, benzothiadiazides and other diuretics', 'S17', 0),
(9484, 'T50.3', 'Electrolytic, caloric and water-balance agents', 'S17', 0),
(9485, 'T50.4', 'Drugs affecting uric acid metabolism', 'S17', 0),
(9486, 'T50.5', 'Appetite depressants', 'S17', 0),
(9487, 'T50.6', 'Antidotes and chelating agents, not elsewhere classified', 'S17', 0),
(9488, 'T50.7', 'Analeptics and opioid receptor antagonists', 'S17', 0),
(9489, 'T50.8', 'Diagnostic agents', 'S17', 0),
(9490, 'T50.9', 'Other and unspecified drugs, medicaments and biological substances', 'S17', 0),
(9491, 'T51', 'Toxic effect of alcohol', 'S18', 0),
(9492, 'T51.0', 'Ethanol', 'S18', 0),
(9493, 'T51.1', 'Methanol', 'S18', 0),
(9494, 'T51.2', '2-Propanol', 'S18', 0),
(9495, 'T51.3', 'Fusel oil', 'S18', 0),
(9496, 'T51.8', 'Other alcohols', 'S18', 0),
(9497, 'T51.9', 'Alcohol, unspecified', 'S18', 0),
(9498, 'T52', 'Toxic effect of organic solvents', 'S18', 0),
(9499, 'T52.0', 'Petroleum products', 'S18', 0),
(9500, 'T52.1', 'Benzene', 'S18', 0),
(9501, 'T52.2', 'Homologues of benzene', 'S18', 0),
(9502, 'T52.3', 'Glycols', 'S18', 0),
(9503, 'T52.4', 'Ketones', 'S18', 0),
(9504, 'T52.8', 'Other organic solvents', 'S18', 0),
(9505, 'T52.9', 'Organic solvent, unspecified', 'S18', 0),
(9506, 'T53', 'Toxic effect of halogen derivatives of aliphatic and aromatichydrocarbons', 'S18', 0),
(9507, 'T53.0', 'Carbon tetrachloride', 'S18', 0),
(9508, 'T53.1', 'Chloroform', 'S18', 0),
(9509, 'T53.2', 'Trichloroethylene', 'S18', 0),
(9510, 'T53.3', 'Tetrachloroethylene', 'S18', 0),
(9511, 'T53.4', 'Dichloromethane', 'S18', 0),
(9512, 'T53.5', 'Chlorofluorocarbons', 'S18', 0),
(9513, 'T53.6', 'Other halogen derivatives of aliphatic hydrocarbons', 'S18', 0),
(9514, 'T53.7', 'Other halogen derivatives of aromatic hydrocarbons', 'S18', 0),
(9515, 'T53.9', 'Halogen derivative of aliphatic and aromatic hydrocarbons,unspecified', 'S18', 0),
(9516, 'T54', 'Toxic effect of corrosive substances', 'S18', 0),
(9517, 'T54.0', 'Phenol and phenol homologues', 'S18', 0),
(9518, 'T54.1', 'Other corrosive organic compounds', 'S18', 0),
(9519, 'T54.2', 'Corrosive acids and acid-like substances', 'S18', 0),
(9520, 'T54.3', 'Corrosive alkalis and alkali-like substances', 'S18', 0),
(9521, 'T54.9', 'Corrosive substance, unspecified', 'S18', 0),
(9522, 'T55', 'Toxic effect of soaps and detergents', 'S18', 0),
(9523, 'T56', 'Toxic effect of metals', 'S18', 0),
(9524, 'T56.0', 'Lead and its compounds', 'S18', 0),
(9525, 'T56.1', 'Mercury and its compounds', 'S18', 0),
(9526, 'T56.2', 'Chromium and its compounds', 'S18', 0),
(9527, 'T56.3', 'Cadmium and its compounds', 'S18', 0),
(9528, 'T56.4', 'Copper and its compounds', 'S18', 0),
(9529, 'T56.5', 'Zinc and its compounds', 'S18', 0),
(9530, 'T56.6', 'Tin and its compounds', 'S18', 0),
(9531, 'T56.7', 'Beryllium and its compounds', 'S18', 0),
(9532, 'T56.8', 'Other metals', 'S18', 0),
(9533, 'T56.9', 'Metal, unspecified', 'S18', 0),
(9534, 'T57', 'Toxic effect of other inorganic substances', 'S18', 0),
(9535, 'T57.0', 'Arsenic and its compounds', 'S18', 0),
(9536, 'T57.1', 'Phosphorus and its compounds', 'S18', 0),
(9537, 'T57.2', 'Manganese and its compounds', 'S18', 0),
(9538, 'T57.3', 'Hydrogen cyanide', 'S18', 0),
(9539, 'T57.8', 'Other specified inorganic substances', 'S18', 0),
(9540, 'T57.9', 'Inorganic substance, unspecified', 'S18', 0),
(9541, 'T58', 'Toxic effect of carbon monoxide', 'S18', 0),
(9542, 'T59', 'Toxic effect of other gases, fumes and vapours', 'S18', 0),
(9543, 'T59.0', 'Nitrogen oxides', 'S18', 0),
(9544, 'T59.1', 'Sulfur dioxide', 'S18', 0),
(9545, 'T59.2', 'Formaldehyde', 'S18', 0),
(9546, 'T59.3', 'Lacrimogenic gas', 'S18', 0),
(9547, 'T59.4', 'Chlorine gas', 'S18', 0),
(9548, 'T59.5', 'Fluorine gas and hydrogen fluoride', 'S18', 0),
(9549, 'T59.6', 'Hydrogen sulfide', 'S18', 0),
(9550, 'T59.7', 'Carbon dioxide', 'S18', 0),
(9551, 'T59.8', 'Other specified gases, fumes and vapours', 'S18', 0),
(9552, 'T59.9', 'Gases, fumes and vapours, unspecified', 'S18', 0),
(9553, 'T60', 'Toxic effect of pesticides', 'S18', 0),
(9554, 'T60.0', 'Organophosphate and carbamate insecticides', 'S18', 0),
(9555, 'T60.1', 'Halogenated insecticides', 'S18', 0),
(9556, 'T60.2', 'Other insecticides', 'S18', 0),
(9557, 'T60.3', 'Herbicides and fungicides', 'S18', 0),
(9558, 'T60.4', 'Rodenticides', 'S18', 0),
(9559, 'T60.8', 'Other pesticides', 'S18', 0),
(9560, 'T60.9', 'Pesticide, unspecified', 'S18', 0),
(9561, 'T61', 'Toxic effect of noxious substances eaten as seafood', 'S18', 0),
(9562, 'T61.0', 'Ciguatera fish poisoning', 'S18', 0),
(9563, 'T61.1', 'Scombroid fish poisoning', 'S18', 0),
(9564, 'T61.2', 'Other fish and shellfish poisoning', 'S18', 0),
(9565, 'T61.8', 'Toxic effect of other seafoods', 'S18', 0),
(9566, 'T61.9', 'Toxic effect of unspecified seafood', 'S18', 0),
(9567, 'T62', 'Toxic effect of other noxious substances eaten as food', 'S18', 0),
(9568, 'T62.0', 'Ingested mushrooms', 'S18', 0),
(9569, 'T62.1', 'Ingested berries', 'S18', 0),
(9570, 'T62.2', 'Other ingested (parts of) plant(s)', 'S18', 0),
(9571, 'T62.8', 'Other specified noxious substances eaten as food', 'S18', 0),
(9572, 'T62.9', 'Noxious substance eaten as food, unspecified', 'S18', 0),
(9573, 'T63', 'Toxic effect of contact with venomous animals', 'S18', 0),
(9574, 'T63.0', 'Snake venom', 'S18', 0),
(9575, 'T63.1', 'Venom of other reptiles', 'S18', 0),
(9576, 'T63.2', 'Venom of scorpion', 'S18', 0),
(9577, 'T63.3', 'Venom of spider', 'S18', 0),
(9578, 'T63.4', 'Venom of other arthropods', 'S18', 0),
(9579, 'T63.5', 'Toxic effect of contact with fish', 'S18', 0),
(9580, 'T63.6', 'Toxic effect of contact with other marine animals', 'S18', 0),
(9581, 'T63.8', 'Toxic effect of contact with other venomous animals', 'S18', 0),
(9582, 'T63.9', 'Toxic effect of contact with unspecified venomous animal', 'S18', 0),
(9583, 'T64', 'Toxic effect of aflatoxin and other mycotoxin food contaminants', 'S18', 0),
(9584, 'T65', 'Toxic effect of other and unspecified substances', 'S18', 0),
(9585, 'T65.0', 'Cyanides', 'S18', 0),
(9586, 'T65.1', 'Strychnine and its salts', 'S18', 0),
(9587, 'T65.2', 'Tobacco and nicotine', 'S18', 0),
(9588, 'T65.3', 'Nitroderivatives and aminoderivatives of benzene and its homologues', 'S18', 0),
(9589, 'T65.4', 'Carbon disulfide', 'S18', 0),
(9590, 'T65.5', 'Nitroglycerin and other nitric acids and esters', 'S18', 0),
(9591, 'T65.6', 'Paints and dyes, not elsewhere classified', 'S18', 0),
(9592, 'T65.8', 'Toxic effect of other specified substances', 'S18', 0),
(9593, 'T65.9', 'Toxic effect of unspecified substance', 'S18', 0),
(9594, 'T66', 'Unspecified effects of radiation', 'S19', 0),
(9595, 'T67', 'Effects of heat and light', 'S19', 0),
(9596, 'T67.0', 'Heatstroke and sunstroke', 'S19', 0),
(9597, 'T67.1', 'Heat syncope', 'S19', 0),
(9598, 'T67.2', 'Heat cramp', 'S19', 0),
(9599, 'T67.3', 'Heat exhaustion, anhydrotic', 'S19', 0),
(9600, 'T67.4', 'Heat exhaustion due to salt depletion', 'S19', 0),
(9601, 'T67.5', 'Heat exhaustion, unspecified', 'S19', 0),
(9602, 'T67.6', 'Heat fatigue, transient', 'S19', 0),
(9603, 'T67.7', 'Heat oedema', 'S19', 0),
(9604, 'T67.8', 'Other effects of heat and light', 'S19', 0),
(9605, 'T67.9', 'Effect of heat and light, unspecified', 'S19', 0),
(9606, 'T68', 'Hypothermia', 'S19', 0),
(9607, 'T69', 'Other effects of reduced temperature', 'S19', 0),
(9608, 'T69.0', 'Immersion hand and foot', 'S19', 0),
(9609, 'T69.1', 'Chilblains', 'S19', 0),
(9610, 'T69.8', 'Other specified effects of reduced temperature', 'S19', 0),
(9611, 'T69.9', 'Effect of reduced temperature, unspecified', 'S19', 0),
(9612, 'T70', 'Effects of air pressure and water pressure', 'S19', 0),
(9613, 'T70.0', 'Otitic barotrauma', 'S19', 0),
(9614, 'T70.1', 'Sinus barotrauma', 'S19', 0),
(9615, 'T70.2', 'Other and unspecified effects of high altitude', 'S19', 0),
(9616, 'T70.3', 'Caisson disease [decompression sickness]', 'S19', 0),
(9617, 'T70.4', 'Effects of high-pressure fluids', 'S19', 0),
(9618, 'T70.8', 'Other effects of air pressure and water pressure', 'S19', 0),
(9619, 'T70.9', 'Effect of air pressure and water pressure, unspecified', 'S19', 0),
(9620, 'T71', 'Asphyxiation', 'S19', 0),
(9621, 'T73', 'Effects of other deprivation', 'S19', 0),
(9622, 'T73.0', 'Effects of hunger', 'S19', 0),
(9623, 'T73.1', 'Effects of thirst', 'S19', 0),
(9624, 'T73.2', 'Exhaustion due to exposure', 'S19', 0),
(9625, 'T73.3', 'Exhaustion due to excessive exertion', 'S19', 0),
(9626, 'T73.8', 'Other effects of deprivation', 'S19', 0),
(9627, 'T73.9', 'Effect of deprivation, unspecified', 'S19', 0),
(9628, 'T74', 'Maltreatment syndromes', 'S19', 0),
(9629, 'T74.0', 'Neglect or abandonment', 'S19', 0),
(9630, 'T74.1', 'Physical abuse', 'S19', 0),
(9631, 'T74.2', 'Sexual abuse', 'S19', 0),
(9632, 'T74.3', 'Psychological abuse', 'S19', 0),
(9633, 'T74.8', 'Other maltreatment syndromes', 'S19', 0),
(9634, 'T74.9', 'Maltreatment syndrome, unspecified', 'S19', 0),
(9635, 'T75', 'Effects of other external causes', 'S19', 0),
(9636, 'T75.0', 'Effects of lightning', 'S19', 0),
(9637, 'T75.1', 'Drowning and nonfatal submersion', 'S19', 0),
(9638, 'T75.2', 'Effects of vibration', 'S19', 0),
(9639, 'T75.3', 'Motion sickness', 'S19', 0),
(9640, 'T75.4', 'Effects of electric current', 'S19', 0),
(9641, 'T75.8', 'Other specified effects of external causes', 'S19', 0),
(9642, 'T78', 'Adverse effects, not elsewhere classified', 'S19', 0),
(9643, 'T78.0', 'Anaphylactic shock due to adverse food reaction', 'S19', 0),
(9644, 'T78.1', 'Other adverse food reactions, not elsewhere classified', 'S19', 0),
(9645, 'T78.2', 'Anaphylactic shock, unspecified', 'S19', 0),
(9646, 'T78.3', 'Angioneurotic oedema', 'S19', 0),
(9647, 'T78.4', 'Allergy, unspecified', 'S19', 0),
(9648, 'T78.8', 'Other adverse effects, not elsewhere classified', 'S19', 0),
(9649, 'T78.9', 'Adverse effect, unspecified', 'S19', 0),
(9650, 'T79', 'Certain early complications of trauma, not elsewhere classified', 'S20', 0),
(9651, 'T79.0', 'Air embolism (traumatic)', 'S20', 0),
(9652, 'T79.1', 'Fat embolism (traumatic)', 'S20', 0),
(9653, 'T79.2', 'Traumatic secondary and recurrent haemorrhage', 'S20', 0),
(9654, 'T79.3', 'Post-traumatic wound infection, not elsewhere classified', 'S20', 0),
(9655, 'T79.4', 'Traumatic shock', 'S20', 0),
(9656, 'T79.5', 'Traumatic anuria', 'S20', 0),
(9657, 'T79.6', 'Traumatic ischaemia of muscle', 'S20', 0),
(9658, 'T79.7', 'Traumatic subcutaneous emphysema', 'S20', 0),
(9659, 'T79.8', 'Other early complications of trauma', 'S20', 0),
(9660, 'T79.9', 'Unspecified early complication of trauma', 'S20', 0),
(9661, 'T80', 'Complications following infusion, transfusion and therapeuticinjection', 'S21', 0),
(9662, 'T80.0', 'Air embolism following infusion, transfusion and therapeuticinjection', 'S21', 0),
(9663, 'T80.1', 'Vascular complications following infusion, transfusion andtherapeutic injection', 'S21', 0),
(9664, 'T80.2', 'Infections following infusion, transfusion and therapeutic injection', 'S21', 0),
(9665, 'T80.3', 'ABO incompatibility reaction', 'S21', 0),
(9666, 'T80.4', 'Rh incompatibility reaction', 'S21', 0),
(9667, 'T80.5', 'Anaphylactic shock due to serum', 'S21', 0),
(9668, 'T80.6', 'Other serum reactions', 'S21', 0),
(9669, 'T80.8', 'Other complications following infusion, transfusion and therapeuticinjection', 'S21', 0),
(9670, 'T80.9', 'Unspecified complication following infusion, transfusion andtherapeutic injection', 'S21', 0),
(9671, 'T81', 'Complications of procedures, not elsewhere classified', 'S21', 0),
(9672, 'T81.0', 'Haemorrhage and haematoma complicating a procedure, not elsewhereclassified', 'S21', 0),
(9673, 'T81.1', 'Shock during or resulting from a procedure, not elsewhere classified', 'S21', 0),
(9674, 'T81.2', 'Accidental puncture and laceration during a procedure, not elsewhereclassified', 'S21', 0),
(9675, 'T81.3', 'Disruption of operation wound, not elsewhere classified', 'S21', 0),
(9676, 'T81.4', 'Infection following a procedure, not elsewhere classified', 'S21', 0),
(9677, 'T81.5', 'Foreign body accidentally left in body cavity or operation woundfollowing a procedure', 'S21', 0),
(9678, 'T81.6', 'Acute reaction to foreign substance accidentally left during aprocedure', 'S21', 0),
(9679, 'T81.7', 'Vascular complications following a procedure, not elsewhereclassified', 'S21', 0),
(9680, 'T81.8', 'Other complications of procedures, not elsewhere classified', 'S21', 0),
(9681, 'T81.9', 'Unspecified complication of procedure', 'S21', 0),
(9682, 'T82', 'Complications of cardiac and vascular prosthetic devices, implantsand grafts', 'S21', 0),
(9683, 'T82.0', 'Mechanical complication of heart valve prosthesis', 'S21', 0),
(9684, 'T82.1', 'Mechanical complication of cardiac electronic device', 'S21', 0),
(9685, 'T82.2', 'Mechanical complication of coronary artery bypass and valve grafts', 'S21', 0),
(9686, 'T82.3', 'Mechanical complication of other vascular grafts', 'S21', 0),
(9687, 'T82.4', 'Mechanical complication of vascular dialysis catheter', 'S21', 0),
(9688, 'T82.5', 'Mechanical complication of other cardiac and vascular devices andimplants', 'S21', 0),
(9689, 'T82.6', 'Infection and inflammatory reaction due to cardiac valve prosthesis', 'S21', 0),
(9690, 'T82.7', 'Infection and inflammatory reaction due to other cardiac andvascular devices, implants and grafts', 'S21', 0),
(9691, 'T82.8', 'Other complications of cardiac and vascular prosthetic devices,implants and grafts', 'S21', 0),
(9692, 'T82.9', 'Unspecified complication of cardiac and vascular prosthetic device,implant and graft', 'S21', 0),
(9693, 'T83', 'Complications of genitourinary prosthetic devices, implants andgrafts', 'S21', 0),
(9694, 'T83.0', 'Mechanical complication of urinary (indwelling) catheter', 'S21', 0),
(9695, 'T83.1', 'Mechanical complication of other urinary devices and implants', 'S21', 0),
(9696, 'T83.2', 'Mechanical complication of graft of urinary organ', 'S21', 0),
(9697, 'T83.3', 'Mechanical complication of intrauterine contraceptive device', 'S21', 0),
(9698, 'T83.4', 'Mechanical complication of other prosthetic devices, implants andgrafts in genital tract', 'S21', 0),
(9699, 'T83.5', 'Infection and inflammatory reaction due to prosthetic device,implant and graft in urinary system', 'S21', 0),
(9700, 'T83.6', 'Infection and inflammatory reaction due to prosthetic device,implant and graft in genital tract', 'S21', 0),
(9701, 'T83.8', 'Other complications of genitourinary prosthetic devices, implantsand grafts', 'S21', 0),
(9702, 'T83.9', 'Unspecified complication of genitourinary prosthetic device, implantand graft', 'S21', 0),
(9703, 'T84', 'Complications of internal orthopaedic prosthetic devices, implantsand grafts', 'S21', 0),
(9704, 'T84.0', 'Mechanical complication of internal joint prosthesis', 'S21', 0),
(9705, 'T84.1', 'Mechanical complication of internal fixation device of bones of limb', 'S21', 0),
(9706, 'T84.2', 'Mechanical complication of internal fixation device of other bones', 'S21', 0),
(9707, 'T84.3', 'Mechanical complication of other bone devices, implants and grafts', 'S21', 0),
(9708, 'T84.4', 'Mechanical complication of other internal orthopaedic devices,implants and grafts', 'S21', 0),
(9709, 'T84.5', 'Infection and inflammatory reaction due to internal joint prosthesis', 'S21', 0),
(9710, 'T84.6', 'Infection and inflammatory reaction due to internal fixation device[any site]', 'S21', 0),
(9711, 'T84.7', 'Infection and inflammatory reaction due to other internalorthopaedic prosthetic devices, implants an', 'S21', 0),
(9712, 'T84.8', 'Other complications of internal orthopaedic prosthetic devices,implants and grafts', 'S21', 0),
(9713, 'T84.9', 'Unspecified complication of internal orthopaedic prosthetic device,implant and graft', 'S21', 0),
(9714, 'T85', 'Complications of other internal prosthetic devices, implants andgrafts', 'S21', 0),
(9715, 'T85.0', 'Mechanical complication of ventricular intracranial (communicating)shunt', 'S21', 0),
(9716, 'T85.1', 'Mechanical complication of implanted electronic stimulator ofnervous system', 'S21', 0),
(9717, 'T85.2', 'Mechanical complication of intraocular lens', 'S21', 0),
(9718, 'T85.3', 'Mechanical complication of other ocular prosthetic devices, implantsand grafts', 'S21', 0),
(9719, 'T85.4', 'Mechanical complication of breast prosthesis and implant', 'S21', 0);
INSERT INTO `icd_penyakit` (`id`, `kode_penyakit`, `nama_penyakit`, `subkelompok`, `dtd_id`) VALUES
(9720, 'T85.5', 'Mechanical complication of gastrointestinal prosthetic devices,implants and grafts', 'S21', 0),
(9721, 'T85.6', 'Mechanical complication of other specified internal prostheticdevices, implants and grafts', 'S21', 0),
(9722, 'T85.7', 'Infection and inflammatory reaction due to other internal prostheticdevices, implants and grafts', 'S21', 0),
(9723, 'T85.8', 'Other complications of internal prosthetic devices, implants andgrafts, not elsewhere classified', 'S21', 0),
(9724, 'T85.9', 'Unspecified complication of internal prosthetic device, implant andgraft', 'S21', 0),
(9725, 'T86', 'Failure and rejection of transplanted organs and tissues', 'S21', 0),
(9726, 'T86.0', 'Bone-marrow transplant rejection', 'S21', 0),
(9727, 'T86.1', 'Kidney transplant failure and rejection', 'S21', 0),
(9728, 'T86.2', 'Heart transplant failure and rejection', 'S21', 0),
(9729, 'T86.3', 'Heart-lung transplant failure and rejection', 'S21', 0),
(9730, 'T86.4', 'Liver transplant failure and rejection', 'S21', 0),
(9731, 'T86.8', 'Failure and rejection of other transplanted organs and tissues', 'S21', 0),
(9732, 'T86.9', 'Failure and rejection of unspecified transplanted organ and tissue', 'S21', 0),
(9733, 'T87', 'Complications peculiar to reattachment and amputation', 'S21', 0),
(9734, 'T87.0', 'Complications of reattached (part of) upper extremity', 'S21', 0),
(9735, 'T87.1', 'Complications of reattached (part of) lower extremity', 'S21', 0),
(9736, 'T87.2', 'Complications of other reattached body part', 'S21', 0),
(9737, 'T87.3', 'Neuroma of amputation stump', 'S21', 0),
(9738, 'T87.4', 'Infection of amputation stump', 'S21', 0),
(9739, 'T87.5', 'Necrosis of amputation stump', 'S21', 0),
(9740, 'T87.6', 'Other and unspecified complications of amputation stump', 'S21', 0),
(9741, 'T88', 'Other complications of surgical and medical care, not elsewhereclassified', 'S21', 0),
(9742, 'T88.0', 'Infection following immunization', 'S21', 0),
(9743, 'T88.1', 'Other complications following immunization, not elsewhere classified', 'S21', 0),
(9744, 'T88.2', 'Shock due to anaesthesia', 'S21', 0),
(9745, 'T88.3', 'Malignant hyperthermia due to anaesthesia', 'S21', 0),
(9746, 'T88.4', 'Failed or difficult intubation', 'S21', 0),
(9747, 'T88.5', 'Other complications of anaesthesia', 'S21', 0),
(9748, 'T88.6', 'Anaphylactic shock due to adverse effect of correct drug ormedicament properly administered', 'S21', 0),
(9749, 'T88.7', 'Unspecified adverse effect of drug or medicament', 'S21', 0),
(9750, 'T88.8', 'Other specified complications of surgical and medical care, notelsewhere classified', 'S21', 0),
(9751, 'T88.9', 'Complication of surgical and medical care, unspecified', 'S21', 0),
(9752, 'T90', 'Sequelae of injuries of head', 'S22', 0),
(9753, 'T90.0', 'Sequelae of superficial injury of head', 'S22', 0),
(9754, 'T90.1', 'Sequelae of open wound of head', 'S22', 0),
(9755, 'T90.2', 'Sequelae of fracture of skull and facial bones', 'S22', 0),
(9756, 'T90.3', 'Sequelae of injury of cranial nerves', 'S22', 0),
(9757, 'T90.4', 'Sequelae of injury of eye and orbit', 'S22', 0),
(9758, 'T90.5', 'Sequelae of intracranial injury', 'S22', 0),
(9759, 'T90.8', 'Sequelae of other specified injuries of head', 'S22', 0),
(9760, 'T90.9', 'Sequelae of unspecified injury of head', 'S22', 0),
(9761, 'T91', 'Sequelae of injuries of neck and trunk', 'S22', 0),
(9762, 'T91.0', 'Sequelae of superficial injury and open wound of neck and trunk', 'S22', 0),
(9763, 'T91.1', 'Sequelae of fracture of spine', 'S22', 0),
(9764, 'T91.2', 'Sequelae of other fracture of thorax and pelvis', 'S22', 0),
(9765, 'T91.3', 'Sequelae of injury of spinal cord', 'S22', 0),
(9766, 'T91.4', 'Sequelae of injury of intrathoracic organs', 'S22', 0),
(9767, 'T91.5', 'Sequelae of injury of intra-abdominal and pelvic organs', 'S22', 0),
(9768, 'T91.8', 'Sequelae of other specified injuries of neck and trunk', 'S22', 0),
(9769, 'T91.9', 'Sequelae of unspecified injury of neck and trunk', 'S22', 0),
(9770, 'T92', 'Sequelae of injuries of upper limb', 'S22', 0),
(9771, 'T92.0', 'Sequelae of open wound of upper limb', 'S22', 0),
(9772, 'T92.1', 'Sequelae of fracture of arm', 'S22', 0),
(9773, 'T92.2', 'Sequelae of fracture at wrist and hand level', 'S22', 0),
(9774, 'T92.3', 'Sequelae of dislocation, sprain and strain of upper limb', 'S22', 0),
(9775, 'T92.4', 'Sequelae of injury of nerve of upper limb', 'S22', 0),
(9776, 'T92.5', 'Sequelae of injury of muscle and tendon of upper limb', 'S22', 0),
(9777, 'T92.6', 'Sequelae of crushing injury and traumatic amputation of upper limb', 'S22', 0),
(9778, 'T92.8', 'Sequelae of other specified injuries of upper limb', 'S22', 0),
(9779, 'T92.9', 'Sequelae of unspecified injury of upper limb', 'S22', 0),
(9780, 'T93', 'Sequelae of injuries of lower limb', 'S22', 0),
(9781, 'T93.0', 'Sequelae of open wound of lower limb', 'S22', 0),
(9782, 'T93.1', 'Sequelae of fracture of femur', 'S22', 0),
(9783, 'T93.2', 'Sequelae of other fractures of lower limb', 'S22', 0),
(9784, 'T93.3', 'Sequelae of dislocation, sprain and strain of lower limb', 'S22', 0),
(9785, 'T93.4', 'Sequelae of injury of nerve of lower limb', 'S22', 0),
(9786, 'T93.5', 'Sequelae of injury of muscle and tendon of lower limb', 'S22', 0),
(9787, 'T93.6', 'Sequelae of crushing injury and traumatic amputation of lower limb', 'S22', 0),
(9788, 'T93.8', 'Sequelae of other specified injuries of lower limb', 'S22', 0),
(9789, 'T93.9', 'Sequelae of unspecified injury of lower limb', 'S22', 0),
(9790, 'T94', 'Sequelae of injuries involving multiple and unspecified body regions', 'S22', 0),
(9791, 'T94.0', 'Sequelae of injuries involving multiple body regions', 'S22', 0),
(9792, 'T94.1', 'Sequelae of injuries, not specified by body region', 'S22', 0),
(9793, 'T95', 'Sequelae of burns, corrosions and frostbite', 'S22', 0),
(9794, 'T95.0', 'Sequelae of burn, corrosion and frostbite of head and neck', 'S22', 0),
(9795, 'T95.1', 'Sequelae of burn, corrosion and frostbite of trunk', 'S22', 0),
(9796, 'T95.2', 'Sequelae of burn, corrosion and frostbite of upper limb', 'S22', 0),
(9797, 'T95.3', 'Sequelae of burn, corrosion and frostbite of lower limb', 'S22', 0),
(9798, 'T95.4', 'Sequelae of burn and corrosion classifiable only according to extentof body surface involved', 'S22', 0),
(9799, 'T95.8', 'Sequelae of other specified burn, corrosion and frostbite', 'S22', 0),
(9800, 'T95.9', 'Sequelae of unspecified burn, corrosion and frostbite', 'S22', 0),
(9801, 'T96', 'Sequelae of poisoning by drugs, medicaments and biologicalsubstances', 'S22', 0),
(9802, 'T97', 'Sequelae of toxic effects of substances chiefly nonmedicinal as tosource', 'S22', 0),
(9803, 'T98', 'Sequelae of other and unspecified effects of external causes', 'S22', 0),
(9804, 'T98.0', 'Sequelae of effects of foreign body entering through natural orifice', 'S22', 0),
(9805, 'T98.1', 'Sequelae of other and unspecified effects of external causes', 'S22', 0),
(9806, 'T98.2', 'Sequelae of certain early complications of trauma', 'S22', 0),
(9807, 'T98.3', 'Sequelae of complications of surgical and medical care, notelsewhere classified', 'S22', 0),
(9808, 'V01', 'Pedestrian injured in collision with pedal cycle', 'V00', 0),
(9809, 'V01.0', 'Pedestrian injured in collision with pedal cycle, nontrafficaccident', 'V00', 0),
(9810, 'V01.1', 'Pedestrian injured in collision with pedal cycle, traffic accident', 'V00', 0),
(9811, 'V01.9', 'Pedestrian injured in collision with pedal cycle, unspecifiedwhether traffic or nontraffic accident', 'V00', 0),
(9812, 'V02', 'Pedestrian injured in collision with two- or three-wheeled motorvehicle', 'V00', 0),
(9813, 'V02.0', 'Pedestrian injured in collision with two- or three-wheeled motorvehicle, nontraffic accident', 'V00', 0),
(9814, 'V02.1', 'Pedestrian injured in collision with two- or three-wheeled motorvehicle, traffic accident', 'V00', 0),
(9815, 'V02.9', 'Pedestrian injured in collision with two- or three-wheeled motorvehicle, unspecified whether traffic', 'V00', 0),
(9816, 'V03', 'Pedestrian injured in collision with car, pick-up truck or van', 'V00', 0),
(9817, 'V03.0', 'Pedestrian injured in collision with car, pick-up truck or van,nontraffic accident', 'V00', 0),
(9818, 'V03.1', 'Pedestrian injured in collision with car, pick-up truck or van,traffic accident', 'V00', 0),
(9819, 'V03.9', 'Pedestrian injured in collision with car, pick-up truck or van,unspecified whether traffic or nontra', 'V00', 0),
(9820, 'V04', 'Pedestrian injured in collision with heavy transport vehicle or bus', 'V00', 0),
(9821, 'V04.0', 'Pedestrian injured in collision with heavy transport vehicle or bus,nontraffic accident', 'V00', 0),
(9822, 'V04.1', 'Pedestrian injured in collision with heavy transport vehicle or bus,traffic accident', 'V00', 0),
(9823, 'V04.9', 'Pedestrian injured in collision with heavy transport vehicle or bus,unspecified whether traffic or n', 'V00', 0),
(9824, 'V05', 'Pedestrian injured in collision with railway train or railwayvehicle', 'V00', 0),
(9825, 'V05.0', 'Pedestrian injured in collision with railway train or railwayvehicle, nontraffic accident', 'V00', 0),
(9826, 'V05.1', 'Pedestrian injured in collision with railway train or railwayvehicle, traffic accident', 'V00', 0),
(9827, 'V05.9', 'Pedestrian injured in collision with railway train or railwayvehicle, unspecified whether traffic or', 'V00', 0),
(9828, 'V06', 'Pedestrian injured in collision with other nonmotor vehicle', 'V00', 0),
(9829, 'V06.0', 'Pedestrian injured in collision with other nonmotor vehicle,nontraffic accident', 'V00', 0),
(9830, 'V06.1', 'Pedestrian injured in collision with other nonmotor vehicle, trafficaccident', 'V00', 0),
(9831, 'V06.9', 'Pedestrian injured in collision with other nonmotor vehicle,unspecified whether traffic or nontraffi', 'V00', 0),
(9832, 'V09', 'Pedestrian injured in other and unspecified transport accidents', 'V00', 0),
(9833, 'V09.0', 'Pedestrian injured in nontraffic accident involving other andunspecified motor vehicles', 'V00', 0),
(9834, 'V09.1', 'Pedestrian injured in unspecified nontraffic accident', 'V00', 0),
(9835, 'V09.2', 'Pedestrian injured in traffic accident involving other andunspecified motor vehicles', 'V00', 0),
(9836, 'V09.3', 'Pedestrian injured in unspecified traffic accident', 'V00', 0),
(9837, 'V09.9', 'Pedestrian injured in unspecified transport accident', 'V00', 0),
(9838, 'V10', 'Pedal cyclist injured in collision with pedestrian or animal', 'V01', 0),
(9839, 'V10.0', 'Pedal cyclist injured in collision with pedestrian or animal,driver, nontraffic accident', 'V01', 0),
(9840, 'V10.1', 'Pedal cyclist injured in collision with pedestrian or animal,passenger, nontraffic accident', 'V01', 0),
(9841, 'V10.2', 'Pedal cyclist injured in collision with pedestrian or animal,unspecified pedal cyclist, nontraffic a', 'V01', 0),
(9842, 'V10.3', 'Pedal cyclist injured in collision with pedestrian or animal, whileboarding or alighting', 'V01', 0),
(9843, 'V10.4', 'Pedal cyclist injured in collision with pedestrian or animal,driver, traffic accident', 'V01', 0),
(9844, 'V10.5', 'Pedal cyclist injured in collision with pedestrian or animal,passenger, traffic accident', 'V01', 0),
(9845, 'V10.9', 'Pedal cyclist injured in collision with pedestrian or animal,unspecified pedal cyclist, traffic acci', 'V01', 0),
(9846, 'V11', 'Pedal cyclist injured in collision with other pedal cycle', 'V01', 0),
(9847, 'V11.0', 'Pedal cyclist injured in collision with other pedal cycle, driver,nontraffic accident', 'V01', 0),
(9848, 'V11.1', 'Pedal cyclist injured in collision with other pedal cycle,passenger, nontraffic accident', 'V01', 0),
(9849, 'V11.2', 'Pedal cyclist injured in collision with other pedal cycle,unspecified pedal cyclist, nontraffic acci', 'V01', 0),
(9850, 'V11.3', 'Pedal cyclist injured in collision with other pedal cycle, whileboarding or alighting', 'V01', 0),
(9851, 'V11.4', 'Pedal cyclist injured in collision with other pedal cycle, driver,traffic accident', 'V01', 0),
(9852, 'V11.5', 'Pedal cyclist injured in collision with other pedal cycle,passenger, traffic accident', 'V01', 0),
(9853, 'V11.9', 'Pedal cyclist injured in collision with other pedal cycle,unspecified pedal cyclist, traffic acciden', 'V01', 0),
(9854, 'V12', 'Pedal cyclist injured in collision with two- or three-wheeled motorvehicle', 'V01', 0),
(9855, 'V12.0', 'Pedal cyclist injured in collision with two- or three-wheeled motorvehicle, driver, nontraffic accid', 'V01', 0),
(9856, 'V12.1', 'Pedal cyclist injured in collision with two- or three-wheeled motorvehicle, passenger, nontraffic ac', 'V01', 0),
(9857, 'V12.2', 'Pedal cyclist injured in collision with two- or three-wheeled motorvehicle, unspecified pedal cyclis', 'V01', 0),
(9858, 'V12.3', 'Pedal cyclist injured in collision with two- or three-wheeled motorvehicle, while boarding or alight', 'V01', 0),
(9859, 'V12.4', 'Pedal cyclist injured in collision with two- or three-wheeled motorvehicle, driver, traffic accident', 'V01', 0),
(9860, 'V12.5', 'Pedal cyclist injured in collision with two- or three-wheeled motorvehicle, passenger, traffic accid', 'V01', 0),
(9861, 'V12.9', 'Pedal cyclist injured in collision with two- or three-wheeled motorvehicle, unspecified pedal cyclis', 'V01', 0),
(9862, 'V13', 'Pedal cyclist injured in collision with car, pick-up truck or van', 'V01', 0),
(9863, 'V13.0', 'Pedal cyclist injured in collision with car, pick-up truck or van,driver, nontraffic accident', 'V01', 0),
(9864, 'V13.1', 'Pedal cyclist injured in collision with car, pick-up truck or van,passenger, nontraffic accident', 'V01', 0),
(9865, 'V13.2', 'Pedal cyclist injured in collision with car, pick-up truck or van,unspecified pedal cyclist, nontraf', 'V01', 0),
(9866, 'V13.3', 'Pedal cyclist injured in collision with car, pick-up truck or van,while boarding or alighting', 'V01', 0),
(9867, 'V13.4', 'Pedal cyclist injured in collision with car, pick-up truck or van,driver, traffic accident', 'V01', 0),
(9868, 'V13.5', 'Pedal cyclist injured in collision with car, pick-up truck or van,passenger, traffic accident', 'V01', 0),
(9869, 'V13.9', 'Pedal cyclist injured in collision with car, pick-up truck or van,unspecified pedal cyclist, traffic', 'V01', 0),
(9870, 'V14', 'Pedal cyclist injured in collision with heavy transport vehicle orbus', 'V01', 0),
(9871, 'V14.0', 'Pedal cyclist injured in collision with heavy transport vehicle orbus, driver, nontraffic accident', 'V01', 0),
(9872, 'V14.1', 'Pedal cyclist injured in collision with heavy transport vehicle orbus, passenger, nontraffic acciden', 'V01', 0),
(9873, 'V14.2', 'Pedal cyclist injured in collision with heavy transport vehicle orbus, unspecified pedal cyclist, no', 'V01', 0),
(9874, 'V14.3', 'Pedal cyclist injured in collision with heavy transport vehicle orbus, while boarding or alighting', 'V01', 0),
(9875, 'V14.4', 'Pedal cyclist injured in collision with heavy transport vehicle orbus, driver, traffic accident', 'V01', 0),
(9876, 'V14.5', 'Pedal cyclist injured in collision with heavy transport vehicle orbus, passenger, traffic accident', 'V01', 0),
(9877, 'V14.9', 'Pedal cyclist injured in collision with heavy transport vehicle orbus, unspecified pedal cyclist, tr', 'V01', 0),
(9878, 'V15', 'Pedal cyclist injured in collision with railway train or railwayvehicle', 'V01', 0),
(9879, 'V15.0', 'Pedal cyclist injured in collision with railway train or railwayvehicle, driver, nontraffic accident', 'V01', 0),
(9880, 'V15.1', 'Pedal cyclist injured in collision with railway train or railwayvehicle, passenger, nontraffic accid', 'V01', 0),
(9881, 'V15.2', 'Pedal cyclist injured in collision with railway train or railwayvehicle, unspecified pedal cyclist,', 'V01', 0),
(9882, 'V15.3', 'Pedal cyclist injured in collision with railway train or railwayvehicle, while boarding or alighting', 'V01', 0),
(9883, 'V15.4', 'Pedal cyclist injured in collision with railway train or railwayvehicle, driver, traffic accident', 'V01', 0),
(9884, 'V15.5', 'Pedal cyclist injured in collision with railway train or railwayvehicle, passenger, traffic accident', 'V01', 0),
(9885, 'V15.9', 'Pedal cyclist injured in collision with railway train or railwayvehicle, unspecified pedal cyclist,', 'V01', 0),
(9886, 'V16', 'Pedal cyclist injured in collision with other nonmotor vehicle', 'V01', 0),
(9887, 'V16.0', 'Pedal cyclist injured in collision with other nonmotor vehicle,driver, nontraffic accident', 'V01', 0),
(9888, 'V16.1', 'Pedal cyclist injured in collision with other nonmotor vehicle,passenger, nontraffic accident', 'V01', 0),
(9889, 'V16.2', 'Pedal cyclist injured in collision with other nonmotor vehicle,unspecified pedal cyclist, nontraffic', 'V01', 0),
(9890, 'V16.3', 'Pedal cyclist injured in collision with other nonmotor vehicle,while boarding or alighting', 'V01', 0),
(9891, 'V16.4', 'Pedal cyclist injured in collision with other nonmotor vehicle,driver, traffic accident', 'V01', 0),
(9892, 'V16.5', 'Pedal cyclist injured in collision with other nonmotor vehicle,passenger, traffic accident', 'V01', 0),
(9893, 'V16.9', 'Pedal cyclist injured in collision with other nonmotor vehicle,unspecified pedal cyclist, traffic ac', 'V01', 0),
(9894, 'V17', 'Pedal cyclist injured in collision with fixed or stationary object', 'V01', 0),
(9895, 'V17.0', 'Pedal cyclist injured in collision with fixed or stationary object,driver, nontraffic accident', 'V01', 0),
(9896, 'V17.1', 'Pedal cyclist injured in collision with fixed or stationary object,passenger, nontraffic accident', 'V01', 0),
(9897, 'V17.2', 'Pedal cyclist injured in collision with fixed or stationary object,unspecified pedal cyclist, nontra', 'V01', 0),
(9898, 'V17.3', 'Pedal cyclist injured in collision with fixed or stationary object,while boarding or alighting', 'V01', 0),
(9899, 'V17.4', 'Pedal cyclist injured in collision with fixed or stationary object,driver, traffic accident', 'V01', 0),
(9900, 'V17.5', 'Pedal cyclist injured in collision with fixed or stationary object,passenger, traffic accident', 'V01', 0),
(9901, 'V17.9', 'Pedal cyclist injured in collision with fixed or stationary object,unspecified pedal cyclist, traffi', 'V01', 0),
(9902, 'V18', 'Pedal cyclist injured in noncollision transport accident', 'V01', 0),
(9903, 'V18.0', 'Pedal cyclist injured in noncollision transport accident, driver,nontraffic accident', 'V01', 0),
(9904, 'V18.1', 'Pedal cyclist injured in noncollision transport accident, passenger,nontraffic accident', 'V01', 0),
(9905, 'V18.2', 'Pedal cyclist injured in noncollision transport accident,unspecified pedal cyclist, nontraffic accid', 'V01', 0),
(9906, 'V18.3', 'Pedal cyclist injured in noncollision transport accident,  whileboarding or alighting', 'V01', 0),
(9907, 'V18.4', 'Pedal cyclist injured in noncollision transport accident, driver,traffic accident', 'V01', 0),
(9908, 'V18.5', 'Pedal cyclist injured in noncollision transport accident, passenger,traffic accident', 'V01', 0),
(9909, 'V18.9', 'Pedal cyclist injured in collision with fixed or stationary object,unspecified pedal cyclist, traffi', 'V01', 0),
(9910, 'V19', 'Pedal cyclist injured in other and unspecified transport accidents', 'V01', 0),
(9911, 'V19.0', 'Driver injured in collision with other and unspecified motorvehicles in nontraffic accident', 'V01', 0),
(9912, 'V19.1', 'Passenger injured in collision with other and unspecified motorvehicles in nontraffic accident', 'V01', 0),
(9913, 'V19.2', 'Unspecified pedal cyclist injured in collision with other andunspecified motor vehicles in nontraffi', 'V01', 0),
(9914, 'V19.3', 'Pedal cyclist [any] injured in unspecified nontraffic accident', 'V01', 0),
(9915, 'V19.4', 'Driver injured in collision with other and unspecified motorvehicles in traffic accident', 'V01', 0),
(9916, 'V19.5', 'Passenger injured in collision with other and unspecified motorvehicles in traffic accident', 'V01', 0),
(9917, 'V19.6', 'Unspecified pedal cyclist injured in collision with other andunspecified motor vehicles in traffic a', 'V01', 0),
(9918, 'V19.8', 'Pedal cyclist [any] injured in other specified transport accidents', 'V01', 0),
(9919, 'V19.9', 'Pedal cyclist [any] injured in unspecified traffic accident', 'V01', 0),
(9920, 'V20', 'Motorcycle rider injured in collision with pedestrian or animal', 'V02', 0),
(9921, 'V20.0', 'Motorcycle rider injured in collision with pedestrian or animal,driver, nontraffic accident', 'V02', 0),
(9922, 'V20.1', 'Motorcycle rider injured in collision with pedestrian or animal,passenger, nontraffic accident', 'V02', 0),
(9923, 'V20.2', 'Motorcycle rider injured in collision with pedestrian or animal,unspecified motorcycle rider, nontra', 'V02', 0),
(9924, 'V20.3', 'Motorcycle rider injured in collision with pedestrian or animal,while boarding or alighting', 'V02', 0),
(9925, 'V20.4', 'Motorcycle rider injured in collision with pedestrian or animal,driver, traffic accident', 'V02', 0),
(9926, 'V20.5', 'Motorcycle rider injured in collision with pedestrian or animal,passenger, traffic accident', 'V02', 0),
(9927, 'V20.9', 'Motorcycle rider injured in collision with pedestrian or animal,unspecified motorcycle rider, traffi', 'V02', 0),
(9928, 'V21', 'Motorcycle rider injured in collision with pedal cycle', 'V02', 0),
(9929, 'V21.0', 'Motorcycle rider injured in collision with pedal cycle, driver,nontraffic accident', 'V02', 0),
(9930, 'V21.1', 'Motorcycle rider injured in collision with pedal cycle, passenger,nontraffic accident', 'V02', 0),
(9931, 'V21.2', 'Motorcycle rider injured in collision with pedal cycle, unspecifiedmotorcycle rider, nontraffic acci', 'V02', 0),
(9932, 'V21.3', 'Motorcycle rider injured in collision with pedal cycle, whileboarding or alighting', 'V02', 0),
(9933, 'V21.4', 'Motorcycle rider injured in collision with pedal cycle, driver,traffic accident', 'V02', 0),
(9934, 'V21.5', 'Motorcycle rider injured in collision with pedal cycle, passenger,traffic accident', 'V02', 0),
(9935, 'V21.9', 'Motorcycle rider injured in collision with pedal cycle, unspecifiedmotorcycle rider, traffic acciden', 'V02', 0),
(9936, 'V22', 'Motorcycle rider injured in collision with two- or three-wheeledmotor vehicle', 'V02', 0),
(9937, 'V22.0', 'Motorcycle rider injured in collision with two- or three-wheeledmotor vehicle, driver, nontraffic ac', 'V02', 0),
(9938, 'V22.1', 'Motorcycle rider injured in collision with two- or three-wheeledmotor vehicle, passenger, nontraffic', 'V02', 0),
(9939, 'V22.2', 'Motorcycle rider injured in collision with two- or three-wheeledmotor vehicle, unspecified motorcycl', 'V02', 0),
(9940, 'V22.3', 'Motorcycle rider injured in collision with two- or three-wheeledmotor vehicle, while boarding or ali', 'V02', 0),
(9941, 'V22.4', 'Motorcycle rider injured in collision with two- or three-wheeledmotor vehicle, driver, traffic accid', 'V02', 0),
(9942, 'V22.5', 'Motorcycle rider injured in collision with two- or three-wheeledmotor vehicle, passenger, traffic ac', 'V02', 0),
(9943, 'V22.9', 'Motorcycle rider injured in collision with two- or three-wheeledmotor vehicle, unspecified motorcycl', 'V02', 0),
(9944, 'V23', 'Motorcycle rider injured in collision with car, pick-up truck or van', 'V02', 0),
(9945, 'V23.0', 'Motorcycle rider injured in collision with car, pick-up truck orvan, driver, nontraffic accident', 'V02', 0),
(9946, 'V23.1', 'Motorcycle rider injured in collision with car, pick-up truck orvan, passenger, nontraffic accident', 'V02', 0),
(9947, 'V23.2', 'Motorcycle rider injured in collision with car, pick-up truck orvan, unspecified motorcycle rider, n', 'V02', 0),
(9948, 'V23.3', 'Motorcycle rider injured in collision with car, pick-up truck orvan, while boarding or alighting', 'V02', 0),
(9949, 'V23.4', 'Motorcycle rider injured in collision with car, pick-up truck orvan, driver, traffic accident', 'V02', 0),
(9950, 'V23.5', 'Motorcycle rider injured in collision with car, pick-up truck orvan, passenger, traffic accident', 'V02', 0),
(9951, 'V23.9', 'Motorcycle rider injured in collision with car, pick-up truck orvan, unspecified motorcycle rider, t', 'V02', 0),
(9952, 'V24', 'Motorcycle rider injured in collision with heavy transport vehicleor bus', 'V02', 0),
(9953, 'V24.0', 'Motorcycle rider injured in collision with heavy transport vehicleor bus, driver, nontraffic acciden', 'V02', 0),
(9954, 'V24.1', 'Motorcycle rider injured in collision with heavy transport vehicleor bus, passenger, nontraffic acci', 'V02', 0),
(9955, 'V24.2', 'Motorcycle rider injured in collision with heavy transport vehicleor bus, unspecified motorcycle rid', 'V02', 0),
(9956, 'V24.3', 'Motorcycle rider injured in collision with heavy transport vehicleor bus, while boarding or alightin', 'V02', 0),
(9957, 'V24.4', 'Motorcycle rider injured in collision with heavy transport vehicleor bus, driver, traffic accident', 'V02', 0),
(9958, 'V24.5', 'Motorcycle rider injured in collision with heavy transport vehicleor bus, passenger, traffic acciden', 'V02', 0),
(9959, 'V24.9', 'Motorcycle rider injured in collision with heavy transport vehicleor bus, unspecified motorcycle rid', 'V02', 0),
(9960, 'V25', 'Motorcycle rider injured in collision with railway train or railwayvehicle', 'V02', 0),
(9961, 'V25.0', 'Motorcycle rider injured in collision with railway train or railwayvehicle, driver, nontraffic accid', 'V02', 0),
(9962, 'V25.1', 'Motorcycle rider injured in collision with railway train or railwayvehicle, passenger, nontraffic ac', 'V02', 0),
(9963, 'V25.2', 'Motorcycle rider injured in collision with railway train or railwayvehicle, unspecified motorcycle r', 'V02', 0),
(9964, 'V25.3', 'Motorcycle rider injured in collision with railway train or railwayvehicle, while boarding or alight', 'V02', 0),
(9965, 'V25.4', 'Motorcycle rider injured in collision with railway train or railwayvehicle, driver, traffic accident', 'V02', 0),
(9966, 'V25.5', 'Motorcycle rider injured in collision with railway train or railwayvehicle, passenger, traffic accid', 'V02', 0),
(9967, 'V25.9', 'Motorcycle rider injured in collision with railway train or railwayvehicle, unspecified motorcycle r', 'V02', 0),
(9968, 'V26', 'Motorcycle rider injured in collision with other nonmotor vehicle', 'V02', 0),
(9969, 'V26.0', 'Motorcycle rider injured in collision with other nonmotor vehicle,driver, nontraffic accident', 'V02', 0),
(9970, 'V26.1', 'Motorcycle rider injured in collision with other nonmotor vehicle,passenger, nontraffic accident', 'V02', 0),
(9971, 'V26.2', 'Motorcycle rider injured in collision with other nonmotor vehicle,unspecified motorcycle rider, nont', 'V02', 0),
(9972, 'V26.3', 'Motorcycle rider injured in collision with other nonmotor vehicle,while boarding or alighting', 'V02', 0),
(9973, 'V26.4', 'Motorcycle rider injured in collision with other nonmotor vehicle,driver, traffic accident', 'V02', 0),
(9974, 'V26.5', 'Motorcycle rider injured in collision with other nonmotor vehicle,passenger, traffic accident', 'V02', 0),
(9975, 'V26.9', 'Motorcycle rider injured in collision with other nonmotor vehicle,unspecified motorcycle rider, traf', 'V02', 0),
(9976, 'V27', 'Motorcycle rider injured in collision with fixed or stationaryobject', 'V02', 0),
(9977, 'V27.0', 'Motorcycle rider injured in collision with fixed or stationaryobject, driver, nontraffic accident', 'V02', 0),
(9978, 'V27.1', 'Motorcycle rider injured in collision with fixed or stationaryobject, passenger, nontraffic accident', 'V02', 0),
(9979, 'V27.2', 'Motorcycle rider injured in collision with fixed or stationaryobject, unspecified motorcycle rider,', 'V02', 0),
(9980, 'V27.3', 'Motorcycle rider injured in collision with fixed or stationaryobject, while boarding or alighting', 'V02', 0),
(9981, 'V27.4', 'Motorcycle rider injured in collision with fixed or stationaryobject, driver, traffic accident', 'V02', 0),
(9982, 'V27.5', 'Motorcycle rider injured in collision with fixed or stationaryobject, passenger, traffic accident', 'V02', 0),
(9983, 'V27.9', 'Motorcycle rider injured in collision with fixed or stationaryobject, unspecified motorcycle rider,', 'V02', 0),
(9984, 'V28', 'Motorcycle rider injured in noncollision transport accident', 'V02', 0),
(9985, 'V28.0', 'Motorcycle rider injured in noncollision transport accident, driver,nontraffic accident', 'V02', 0),
(9986, 'V28.1', 'Motorcycle rider injured in noncollision transport accident,passenger, nontraffic accident', 'V02', 0),
(9987, 'V28.2', 'Motorcycle rider injured in noncollision transport accident,unspecified motorcycle rider, nontraffic', 'V02', 0),
(9988, 'V28.3', 'Motorcycle rider injured in noncollision transport accident, whileboarding or alighting', 'V02', 0),
(9989, 'V28.4', 'Motorcycle rider injured in noncollision transport accident, driver,traffic accident', 'V02', 0),
(9990, 'V28.5', 'Motorcycle rider injured in noncollision transport accident,passenger, traffic accident', 'V02', 0),
(9991, 'V28.9', 'Motorcycle rider injured in noncollision transport accident,unspecified motorcycle rider, traffic ac', 'V02', 0),
(9992, 'V29', 'Motorcycle rider injured in other and unspecified transportaccidents', 'V02', 0),
(9993, 'V29.0', 'Driver injured in collision with other and unspecified motorvehicles in nontraffic accident', 'V02', 0),
(9994, 'V29.1', 'Passenger injured in collision with other and unspecified motorvehicles in nontraffic accident', 'V02', 0),
(9995, 'V29.2', 'Unspecified motorcycle rider injured in collision with other andunspecified motor vehicles in nontra', 'V02', 0),
(9996, 'V29.3', 'Motorcycle rider [any] injured in unspecified nontraffic accident', 'V02', 0),
(9997, 'V29.4', 'Driver injured in collision with other and unspecified motorvehicles in traffic accident', 'V02', 0),
(9998, 'V29.5', 'Passenger injured in collision with other and unspecified motorvehicles in traffic accident', 'V02', 0),
(9999, 'V29.6', 'Unspecified motorcycle rider injured in collision with other andunspecified motor vehicles in traffi', 'V02', 0),
(10000, 'V29.8', 'Motorcycle rider [any] injured in other specified transportaccidents', 'V02', 0),
(10001, 'V29.9', 'Motorcycle rider [any] injured in unspecified traffic accident', 'V02', 0),
(10002, 'V30', 'Occupant of three-wheeled motor vehicle injured in collision withpedestrian or animal', 'V03', 0),
(10003, 'V30.0', 'Occupant of three-wheeled motor vehicle injured in collision withpedestrian or animal, driver, nontr', 'V03', 0),
(10004, 'V30.1', 'Occupant of three-wheeled motor vehicle injured in collision withpedestrian or animal, passenger, no', 'V03', 0),
(10005, 'V30.2', 'Occupant of three-wheeled motor vehicle injured in collision withpedestrian or animal, person on out', 'V03', 0),
(10006, 'V30.3', 'Occupant of three-wheeled motor vehicle injured in collision withpedestrian or animal, unspecified o', 'V03', 0),
(10007, 'V30.4', 'Occupant of three-wheeled motor vehicle injured in collision withpedestrian or animal, while boardin', 'V03', 0),
(10008, 'V30.5', 'Occupant of three-wheeled motor vehicle injured in collision withpedestrian or animal, driver, traff', 'V03', 0),
(10009, 'V30.6', 'Occupant of three-wheeled motor vehicle injured in collision withpedestrian or animal, passenger, tr', 'V03', 0),
(10010, 'V30.7', 'Occupant of three-wheeled motor vehicle injured in collision withpedestrian or animal, person on out', 'V03', 0),
(10011, 'V30.9', 'Occupant of three-wheeled motor vehicle injured in collision withpedestrian or animal, unspecified o', 'V03', 0),
(10012, 'V31', 'Occupant of three-wheeled motor vehicle injured in collision withpedal cycle', 'V03', 0),
(10013, 'V31.0', 'Occupant of three-wheeled motor vehicle injured in collision withpedal cycle, driver, nontraffic acc', 'V03', 0),
(10014, 'V31.1', 'Occupant of three-wheeled motor vehicle injured in collision withpedal cycle, passenger, nontraffic', 'V03', 0),
(10015, 'V31.2', 'Occupant of three-wheeled motor vehicle injured in collision withpedal cycle, person on outside of v', 'V03', 0),
(10016, 'V31.3', 'Occupant of three-wheeled motor vehicle injured in collision withpedal cycle, unspecified occupant o', 'V03', 0),
(10017, 'V31.4', 'Occupant of three-wheeled motor vehicle injured in collision withpedal cycle, while boarding or alig', 'V03', 0),
(10018, 'V31.5', 'Occupant of three-wheeled motor vehicle injured in collision withpedal cycle, driver, traffic accide', 'V03', 0),
(10019, 'V31.6', 'Occupant of three-wheeled motor vehicle injured in collision withpedal cycle, passenger, traffic acc', 'V03', 0),
(10020, 'V31.7', 'Occupant of three-wheeled motor vehicle injured in collision withpedal cycle, person on outside of v', 'V03', 0),
(10021, 'V31.9', 'Occupant of three-wheeled motor vehicle injured in collision withpedal cycle, unspecified occupant o', 'V03', 0),
(10022, 'V32', 'Occupant of three-wheeled motor vehicle injured in collision withtwo- or three-wheeled motor vehicle', 'V03', 0),
(10023, 'V32.0', 'Occupant of three-wheeled motor vehicle injured in collision withtwo- or three-wheeled motor vehicle', 'V03', 0),
(10024, 'V32.1', 'Occupant of three-wheeled motor vehicle injured in collision withtwo- or three-wheeled motor vehicle', 'V03', 0),
(10025, 'V32.2', 'Occupant of three-wheeled motor vehicle injured in collision withtwo- or three-wheeled motor vehicle', 'V03', 0),
(10026, 'V32.3', 'Occupant of three-wheeled motor vehicle injured in collision withtwo- or three-wheeled motor vehicle', 'V03', 0),
(10027, 'V32.4', 'Occupant of three-wheeled motor vehicle injured in collision withtwo- or three-wheeled motor vehicle', 'V03', 0),
(10028, 'V32.5', 'Occupant of three-wheeled motor vehicle injured in collision withtwo- or three-wheeled motor vehicle', 'V03', 0),
(10029, 'V32.6', 'Occupant of three-wheeled motor vehicle injured in collision withtwo-or three-wheeled motor vehicle,', 'V03', 0),
(10030, 'V32.7', 'Occupant of three-wheeled motor vehicle injured in collision withtwo-or three-wheeled motor vehicle,', 'V03', 0),
(10031, 'V32.9', 'Occupant of three-wheeled motor vehicle injured in collision withtwo- or three-wheeled motor vehicle', 'V03', 0),
(10032, 'V33', 'Occupant of three-wheeled motor vehicle injured in collision withcar, pick-up truck or van', 'V03', 0),
(10033, 'V33.0', 'Occupant of three-wheeled motor vehicle injured in collision withcar, pick-up truck or van, driver,', 'V03', 0),
(10034, 'V33.1', 'Occupant of three-wheeled motor vehicle injured in collision withcar, pick-up truck or van, passenge', 'V03', 0),
(10035, 'V33.2', 'Occupant of three-wheeled motor vehicle injured in collision withcar, pick-up truck or van, person o', 'V03', 0),
(10036, 'V33.3', 'Occupant of three-wheeled motor vehicle injured in collision withcar, pick-up truck or van, unspecif', 'V03', 0),
(10037, 'V33.4', 'Occupant of three-wheeled motor vehicle injured in collision withcar, pick-up truck or van, while bo', 'V03', 0),
(10038, 'V33.5', 'Occupant of three-wheeled motor vehicle injured in collision withcar, pick-up truck or van, driver,', 'V03', 0),
(10039, 'V33.6', 'Occupant of three-wheeled motor vehicle injured in collision withcar, pick-up truck or van, passenge', 'V03', 0),
(10040, 'V33.7', 'Occupant of three-wheeled motor vehicle injured in collision withcar, pick-up truck or van, person o', 'V03', 0),
(10041, 'V33.9', 'Occupant of three-wheeled motor vehicle injured in collision withcar, pick-up truck or van, unspecif', 'V03', 0),
(10042, 'V34', 'Occupant of three-wheeled motor vehicle injured in collision withheavy transport vehicle or bus', 'V03', 0),
(10043, 'V34.0', 'Occupant of three-wheeled motor vehicle injured in collision withheavy transport vehicle or bus, dri', 'V03', 0),
(10044, 'V34.1', 'Occupant of three-wheeled motor vehicle injured in collision withheavy transport vehicle or bus, pas', 'V03', 0),
(10045, 'V34.2', 'Occupant of three-wheeled motor vehicle injured in collision withheavy transport vehicle or bus, per', 'V03', 0),
(10046, 'V34.3', 'Occupant of three-wheeled motor vehicle injured in collision withheavy transport vehicle or bus, uns', 'V03', 0),
(10047, 'V34.4', 'Occupant of three-wheeled motor vehicle injured in collision withheavy transport vehicle or bus, whi', 'V03', 0),
(10048, 'V34.5', 'Occupant of three-wheeled motor vehicle injured in collision withheavy transport vehicle or bus, dri', 'V03', 0),
(10049, 'V34.6', 'Occupant of three-wheeled motor vehicle injured in collision withheavy transport vehicle or bus, pas', 'V03', 0),
(10050, 'V34.7', 'Occupant of three-wheeled motor vehicle injured in collision withheavy transport vehicle or bus, per', 'V03', 0),
(10051, 'V34.9', 'Occupant of three-wheeled motor vehicle injured in collision withheavy transport vehicle or bus, uns', 'V03', 0),
(10052, 'V35', 'Occupant of three-wheeled motor vehicle injured in collision withrailway train or railway vehicle', 'V03', 0),
(10053, 'V35.0', 'Occupant of three-wheeled motor vehicle injured in collision withrailway train or railway vehicle, d', 'V03', 0),
(10054, 'V35.1', 'Occupant of three-wheeled motor vehicle injured in collision withrailway train or railway vehicle, p', 'V03', 0),
(10055, 'V35.2', 'Occupant of three-wheeled motor vehicle injured in collision withrailway train or railway vehicle, p', 'V03', 0),
(10056, 'V35.3', 'Occupant of three-wheeled motor vehicle injured in collision withrailway train or railway vehicle, u', 'V03', 0),
(10057, 'V35.4', 'Occupant of three-wheeled motor vehicle injured in collision withrailway train or railway vehicle, w', 'V03', 0),
(10058, 'V35.5', 'Occupant of three-wheeled motor vehicle injured in collision withrailway train or railway vehicle, d', 'V03', 0),
(10059, 'V35.6', 'Occupant of three-wheeled motor vehicle injured in collision withrailway train or railway vehicle, p', 'V03', 0),
(10060, 'V35.7', 'Occupant of three-wheeled motor vehicle injured in collision withrailway train or railway vehicle, p', 'V03', 0),
(10061, 'V35.9', 'Occupant of three-wheeled motor vehicle injured in collision withrailway train or railway vehicle, u', 'V03', 0),
(10062, 'V36', 'Occupant of three-wheeled motor vehicle injured in collision withother nonmotor vehicle', 'V03', 0),
(10063, 'V36.0', 'Occupant of three-wheeled motor vehicle injured in collision withother nonmotor vehicle, driver, non', 'V03', 0),
(10064, 'V36.1', 'Occupant of three-wheeled motor vehicle injured in collision withother nonmotor vehicle, passenger,', 'V03', 0),
(10065, 'V36.2', 'Occupant of three-wheeled motor vehicle injured in collision withother nonmotor vehicle, person on o', 'V03', 0),
(10066, 'V36.3', 'Occupant of three-wheeled motor vehicle injured in collision withother nonmotor vehicle, unspecified', 'V03', 0),
(10067, 'V36.4', 'Occupant of three-wheeled motor vehicle injured in collision withother nonmotor vehicle, while board', 'V03', 0),
(10068, 'V36.5', 'Occupant of three-wheeled motor vehicle injured in collision withother nonmotor vehicle, driver, tra', 'V03', 0),
(10069, 'V36.6', 'Occupant of three-wheeled motor vehicle injured in collision withother nonmotor vehicle, passenger,', 'V03', 0),
(10070, 'V36.7', 'Occupant of three-wheeled motor vehicle injured in collision withother nonmotor vehicle, person on o', 'V03', 0),
(10071, 'V36.9', 'Occupant of three-wheeled motor vehicle injured in collision withother nonmotor vehicle, unspecified', 'V03', 0),
(10072, 'V37', 'Occupant of three-wheeled motor vehicle injured in collision withfixed or stationary object', 'V03', 0),
(10073, 'V37.0', 'Occupant of three-wheeled motor vehicle injured in collision withfixed or stationary object, driver', 'V03', 0),
(10074, 'V37.1', 'Occupant of three-wheeled motor vehicle injured in collision withfixed or stationary object, passeng', 'V03', 0),
(10075, 'V37.2', 'Occupant of three-wheeled motor vehicle injured in collision withfixed or stationary object, person', 'V03', 0),
(10076, 'V37.3', 'Occupant of three-wheeled motor vehicle injured in collision withfixed or stationary object, unspeci', 'V03', 0),
(10077, 'V37.4', 'Occupant of three-wheeled motor vehicle injured in collision withfixed or stationary object, while b', 'V03', 0),
(10078, 'V37.5', 'Occupant of three-wheeled motor vehicle injured in collision withfixed or stationary object, driver,', 'V03', 0),
(10079, 'V37.6', 'Occupant of three-wheeled motor vehicle injured in collision withfixed or stationary object, passeng', 'V03', 0),
(10080, 'V37.7', 'Occupant of three-wheeled motor vehicle injured in collision withfixed or stationary object, person', 'V03', 0),
(10081, 'V37.9', 'Occupant of three-wheeled motor vehicle injured in collision withfixed or stationary object, unspeci', 'V03', 0),
(10082, 'V38', 'Occupant of three-wheeled motor vehicle injured in noncollisiontransport accident', 'V03', 0),
(10083, 'V38.0', 'Occupant of three-wheeled motor vehicle injured in noncollisiontransport accident, driver, nontraffi', 'V03', 0),
(10084, 'V38.1', 'Occupant of three-wheeled motor vehicle injured in noncollisiontransport accident, passenger, nontra', 'V03', 0),
(10085, 'V38.2', 'Occupant of three-wheeled motor vehicle injured in noncollisiontransport accident, person on outside', 'V03', 0),
(10086, 'V38.3', 'Occupant of three-wheeled motor vehicle injured in noncollisiontransport accident, unspecified occup', 'V03', 0),
(10087, 'V38.4', 'Occupant of three-wheeled motor vehicle injured in noncollisiontransport accident, while boarding or', 'V03', 0),
(10088, 'V38.5', 'Occupant of three-wheeled motor vehicle injured in noncollisiontransport accident, driver, traffic a', 'V03', 0),
(10089, 'V38.6', 'Occupant of three-wheeled motor vehicle injured in noncollisiontransport accident, passenger, traffi', 'V03', 0),
(10090, 'V38.7', 'Occupant of three-wheeled motor vehicle injured in noncollisiontransport accident, person on outside', 'V03', 0),
(10091, 'V38.9', 'Occupant of three-wheeled motor vehicle injured in noncollisiontransport accident, unspecified occup', 'V03', 0),
(10092, 'V39', 'Occupant of three-wheeled motor vehicle injured in other andunspecified transport accidents', 'V03', 0),
(10093, 'V39.0', 'Driver injured in collision with other and unspecified motorvehicles in nontraffic accident', 'V03', 0),
(10094, 'V39.1', 'Passenger injured in collision with other and unspecified motorvehicles in nontraffic accident', 'V03', 0),
(10095, 'V39.2', 'Unspecified occupant of three-wheeled motor vehicle injured incollision with other and unspecified m', 'V03', 0),
(10096, 'V39.3', 'Occupant [any] of three-wheeled motor vehicle injured in unspecifiednontraffic accident', 'V03', 0),
(10097, 'V39.4', 'Driver injured in collision with other and unspecified motorvehicles in traffic accident', 'V03', 0),
(10098, 'V39.5', 'Passenger injured in collision with other and unspecified motorvehicles in traffic accident', 'V03', 0),
(10099, 'V39.6', 'Unspecified occupant of three-wheeled motor vehicle injured incollision with other and unspecified m', 'V03', 0),
(10100, 'V39.8', 'Occupant [any] of three-wheeled motor vehicle injured in otherspecified transport accidents', 'V03', 0),
(10101, 'V39.9', 'Occupant [any] of three-wheeled motor vehicle injured in unspecifiedtraffic accident', 'V03', 0),
(10102, 'V40', 'Car occupant injured in collision with pedestrian or animal', 'V04', 0),
(10103, 'V40.0', 'Car occupant injured in collision with pedestrian or animal, driver,nontraffic accident', 'V04', 0),
(10104, 'V40.1', 'Car occupant injured in collision with pedestrian or animal,passenger, nontraffic accident', 'V04', 0),
(10105, 'V40.2', 'Car occupant injured in collision with pedestrian or animal, personon outside of vehicle, nontraffic', 'V04', 0),
(10106, 'V40.3', 'Car occupant injured in collision with pedestrian or animal,unspecified car occupant, nontraffic acc', 'V04', 0),
(10107, 'V40.4', 'Car occupant injured in collision with pedestrian or animal, whileboarding or alighting', 'V04', 0),
(10108, 'V40.5', 'Car occupant injured in collision with pedestrian or animal, driver,traffic accident', 'V04', 0),
(10109, 'V40.6', 'Car occupant injured in collision with pedestrian or animal,passenger, traffic accident', 'V04', 0),
(10110, 'V40.7', 'Car occupant injured in collision with pedestrian or animal, personon outside of vehicle, traffic ac', 'V04', 0),
(10111, 'V40.9', 'Car occupant injured in collision with pedestrian or animal,unspecified car occupant, traffic accide', 'V04', 0),
(10112, 'V41', 'Car occupant injured in collision with pedal cycle', 'V04', 0),
(10113, 'V41.0', 'Car occupant injured in collision with pedal cycle, driver,nontraffic accident', 'V04', 0),
(10114, 'V41.1', 'Car occupant injured in collision with pedal cycle, passenger,nontraffic accident', 'V04', 0),
(10115, 'V41.2', 'Car occupant injured in collision with pedal cycle, person onoutside of vehicle, nontraffic accident', 'V04', 0),
(10116, 'V41.3', 'Car occupant injured in collision with pedal cycle, unspecified caroccupant, nontraffic accident', 'V04', 0),
(10117, 'V41.4', 'Car occupant injured in collision with pedal cycle, while boardingor alighting', 'V04', 0),
(10118, 'V41.5', 'Car occupant injured in collision with pedal cycle, driver, trafficaccident', 'V04', 0),
(10119, 'V41.6', 'Car occupant injured in collision with pedal cycle, passenger,traffic accident', 'V04', 0),
(10120, 'V41.7', 'Car occupant injured in collision with pedal cycle, person onoutside of vehicle, traffic accident', 'V04', 0),
(10121, 'V41.9', 'Car occupant injured in collision with pedal cycle, unspecified caroccupant, traffic accident', 'V04', 0),
(10122, 'V42', 'Car occupant injured in collision with two- or three-wheeled motorvehicle', 'V04', 0),
(10123, 'V42.0', 'Car occupant injured in collision with two- or three-wheeled motorvehicle, driver, nontraffic accide', 'V04', 0),
(10124, 'V42.1', 'Car occupant injured in collision with two- or three-wheeled motorvehicle, passenger, nontraffic acc', 'V04', 0),
(10125, 'V42.2', 'Car occupant injured in collision with two- or three-wheeled motorvehicle, person on outside of vehi', 'V04', 0),
(10126, 'V42.3', 'Car occupant injured in collision with two- or three-wheeled motorvehicle, unspecified car occupant,', 'V04', 0),
(10127, 'V42.4', 'Car occupant injured in collision with two- or three-wheeled motorvehicle, while boarding or alighti', 'V04', 0),
(10128, 'V42.5', 'Car occupant injured in collision with two- or three-wheeled motorvehicle, driver, traffic accident', 'V04', 0),
(10129, 'V42.6', 'Car occupant injured in collision with two- or three-wheeled motorvehicle, passenger, traffic accide', 'V04', 0),
(10130, 'V42.7', 'Car occupant injured in collision with two- or three-wheeled motorvehicle, person on outside of vehi', 'V04', 0),
(10131, 'V42.9', 'Car occupant injured in collision with two- or three-wheeled motorvehicle, unspecified car occupant,', 'V04', 0),
(10132, 'V43', 'Car occupant injured in collision with car, pick-up truck or van', 'V04', 0),
(10133, 'V43.0', 'Car occupant injured in collision with car, pick-up truck or van,driver, nontraffic accident', 'V04', 0),
(10134, 'V43.1', 'Car occupant injured in collision with car, pick-up truck or van,passenger, nontraffic accident', 'V04', 0),
(10135, 'V43.2', 'Car occupant injured in collision with car, pick-up truck or van,person on outside of vehicle, nontr', 'V04', 0),
(10136, 'V43.3', 'Car occupant injured in collision with car, pick-up truck or van,unspecified car occupant, nontraffi', 'V04', 0),
(10137, 'V43.4', 'Car occupant injured in collision with car, pick-up truck or van,while boarding or alighting', 'V04', 0),
(10138, 'V43.5', 'Car occupant injured in collision with car, pick-up truck or van,driver, traffic accident', 'V04', 0),
(10139, 'V43.6', 'Car occupant injured in collision with car, pick-up truck or van,passenger, traffic accident', 'V04', 0),
(10140, 'V43.7', 'Car occupant injured in collision with car, pick-up truck or van,person on outside of vehicle, traff', 'V04', 0),
(10141, 'V43.9', 'Car occupant injured in collision with car, pick-up truck or van,unspecified car occupant, traffic a', 'V04', 0),
(10142, 'V44', 'Car occupant injured in collision with heavy transport vehicle orbus', 'V04', 0),
(10143, 'V44.0', 'Car occupant injured in collision with heavy transport vehicle orbus, driver, nontraffic accident', 'V04', 0),
(10144, 'V44.1', 'Car occupant injured in collision with heavy transport vehicle orbus, passenger, nontraffic accident', 'V04', 0),
(10145, 'V44.2', 'Car occupant injured in collision with heavy transport vehicle orbus, person on outside of vehicle,', 'V04', 0),
(10146, 'V44.3', 'Car occupant injured in collision with heavy transport vehicle orbus, unspecified car occupant, nont', 'V04', 0),
(10147, 'V44.4', 'Car occupant injured in collision with heavy transport vehicle orbus, while boarding or alighting', 'V04', 0),
(10148, 'V44.5', 'Car occupant injured in collision with heavy transport vehicle orbus, driver, traffic accident', 'V04', 0),
(10149, 'V44.6', 'Car occupant injured in collision with heavy transport vehicle orbus, passenger, traffic accident', 'V04', 0),
(10150, 'V44.7', 'Car occupant injured in collision with heavy transport vehicle orbus, person on outside of vehicle,', 'V04', 0),
(10151, 'V44.9', 'Car occupant injured in collision with heavy transport vehicle orbus, unspecified car occupant, traf', 'V04', 0),
(10152, 'V45', 'Car occupant injured in collision with railway train or railwayvehicle', 'V04', 0),
(10153, 'V45.0', 'Car occupant injured in collision with railway train or railwayvehicle, driver, nontraffic accident', 'V04', 0),
(10154, 'V45.1', 'Car occupant injured in collision with railway train or railwayvehicle, passenger, nontraffic accide', 'V04', 0),
(10155, 'V45.2', 'Car occupant injured in collision with railway train or railwayvehicle, person on outside of vehicle', 'V04', 0),
(10156, 'V45.3', 'Car occupant injured in collision with railway train or railwayvehicle, unspecified car occupant, no', 'V04', 0),
(10157, 'V45.4', 'Car occupant injured in collision with railway train or railwayvehicle, while boarding or alighting', 'V04', 0),
(10158, 'V45.5', 'Car occupant injured in collision with railway train or railwayvehicle, driver, traffic accident', 'V04', 0),
(10159, 'V45.6', 'Car occupant injured in collision with railway train or railwayvehicle, passenger, traffic accident', 'V04', 0),
(10160, 'V45.7', 'Car occupant injured in collision with railway train or railwayvehicle, person on outside of vehicle', 'V04', 0),
(10161, 'V45.9', 'Car occupant injured in collision with railway train or railwayvehicle, unspecified car occupant, tr', 'V04', 0),
(10162, 'V46', 'Car occupant injured in collision with other nonmotor vehicle', 'V04', 0);
INSERT INTO `icd_penyakit` (`id`, `kode_penyakit`, `nama_penyakit`, `subkelompok`, `dtd_id`) VALUES
(10163, 'V46.0', 'Car occupant injured in collision with other nonmotor vehicle,driver, nontraffic accident', 'V04', 0),
(10164, 'V46.1', 'Car occupant injured in collision with other nonmotor vehicle,passenger, nontraffic accident', 'V04', 0),
(10165, 'V46.2', 'Car occupant injured in collision with other nonmotor vehicle,person on outside of vehicle, nontraff', 'V04', 0),
(10166, 'V46.3', 'Car occupant injured in collision with other nonmotor vehicle,unspecified car occupant, nontraffic a', 'V04', 0),
(10167, 'V46.4', 'Car occupant injured in collision with other nonmotor vehicle, whileboarding or alighting', 'V04', 0),
(10168, 'V46.5', 'Car occupant injured in collision with other nonmotor vehicle,driver, traffic accident', 'V04', 0),
(10169, 'V46.6', 'Car occupant injured in collision with other nonmotor vehicle,passenger, traffic accident', 'V04', 0),
(10170, 'V46.7', 'Car occupant injured in collision with other nonmotor vehicle,person on outside of vehicle, traffic', 'V04', 0),
(10171, 'V46.9', 'Car occupant injured in collision with other nonmotor vehicle,unspecified car occupant, traffic acci', 'V04', 0),
(10172, 'V47', 'Car occupant injured in collision with fixed or stationary object', 'V04', 0),
(10173, 'V47.0', 'Car occupant injured in collision with fixed or stationary object,driver, nontraffic accident', 'V04', 0),
(10174, 'V47.1', 'Car occupant injured in collision with fixed or stationary object,passenger, nontraffic accident', 'V04', 0),
(10175, 'V47.2', 'Car occupant injured in collision with fixed or stationary object,person on outside of vehicle, nont', 'V04', 0),
(10176, 'V47.3', 'Car occupant injured in collision with fixed or stationary object,unspecified car occupant, nontraff', 'V04', 0),
(10177, 'V47.4', 'Car occupant injured in collision with fixed or stationary object,while boarding or alighting', 'V04', 0),
(10178, 'V47.5', 'Car occupant injured in collision with fixed or stationary object,driver, traffic accident', 'V04', 0),
(10179, 'V47.6', 'Car occupant injured in collision with fixed or stationary object,passenger, traffic accident', 'V04', 0),
(10180, 'V47.7', 'Car occupant injured in collision with fixed or stationary object,person on outside of vehicle, traf', 'V04', 0),
(10181, 'V47.9', 'Car occupant injured in collision with fixed or stationary object,unspecified car occupant, traffic', 'V04', 0),
(10182, 'V48', 'Car occupant injured in noncollision transport accident', 'V04', 0),
(10183, 'V48.0', 'Car occupant injured in noncollision transport accident, driver,nontraffic accident', 'V04', 0),
(10184, 'V48.1', 'Car occupant injured in noncollision transport accident, passenger,nontraffic accident', 'V04', 0),
(10185, 'V48.2', 'Car occupant injured in noncollision transport accident, person onoutside of vehicle, nontraffic acc', 'V04', 0),
(10186, 'V48.3', 'Car occupant injured in noncollision transport accident, unspecifiedcar occupant, nontraffic acciden', 'V04', 0),
(10187, 'V48.4', 'Car occupant injured in noncollision transport accident, whileboarding or alighting', 'V04', 0),
(10188, 'V48.5', 'Car occupant injured in noncollision transport accident, driver,traffic accident', 'V04', 0),
(10189, 'V48.6', 'Car occupant injured in noncollision transport accident, passenger,traffic accident', 'V04', 0),
(10190, 'V48.7', 'Car occupant injured in noncollision transport accident, person onoutside of vehicle, traffic accide', 'V04', 0),
(10191, 'V48.9', 'Car occupant injured in noncollision transport accident, unspecifiedcar occupant, traffic accident', 'V04', 0),
(10192, 'V49', 'Car occupant injured in other and unspecified transport accidents', 'V04', 0),
(10193, 'V49.0', 'Driver injured in collision with other and unspecified motorvehicles in nontraffic accident', 'V04', 0),
(10194, 'V49.1', 'Passenger injured in collision with other and unspecified motorvehicles in nontraffic accident', 'V04', 0),
(10195, 'V49.2', 'Unspecified car occupant injured in collision with other andunspecified motor vehicles in nontraffic', 'V04', 0),
(10196, 'V49.3', 'Car occupant [any] injured in unspecified nontraffic accident', 'V04', 0),
(10197, 'V49.4', 'Driver injured in collision with other and unspecified motorvehicles in traffic accident', 'V04', 0),
(10198, 'V49.5', 'Passenger injured in collision with other and unspecified motorvehicles in traffic accident', 'V04', 0),
(10199, 'V49.6', 'Unspecified car occupant injured in collision with other andunspecified motor vehicles in traffic ac', 'V04', 0),
(10200, 'V49.8', 'Car occupant [any] injured in other specified transport accidents', 'V04', 0),
(10201, 'V49.9', 'Car occupant [any] injured in unspecified traffic accident', 'V04', 0),
(10202, 'V50', 'Occupant of pick-up truck or van injured in collision withpedestrian or animal', 'V05', 0),
(10203, 'V50.0', 'Occupant of pick-up truck or van injured in collision withpedestrian or animal, driver, nontraffic a', 'V05', 0),
(10204, 'V50.1', 'Occupant of pick-up truck or van injured in collision withpedestrian or animal, passenger, nontraffi', 'V05', 0),
(10205, 'V50.2', 'Occupant of pick-up truck or van injured in collision withpedestrian or animal, person on outside of', 'V05', 0),
(10206, 'V50.3', 'Occupant of pick-up truck or van injured in collision withpedestrian or animal, unspecified occupant', 'V05', 0),
(10207, 'V50.4', 'Occupant of pick-up truck or van injured in collision withpedestrian or animal, while boarding or al', 'V05', 0),
(10208, 'V50.5', 'Occupant of pick-up truck or van injured in collision withpedestrian or animal, driver, traffic acci', 'V05', 0),
(10209, 'V50.6', 'Occupant of pick-up truck or van injured in collision withpedestrian or animal, passenger, traffic a', 'V05', 0),
(10210, 'V50.7', 'Occupant of pick-up truck or van injured in collision withpedestrian or animal, person on outside of', 'V05', 0),
(10211, 'V50.9', 'Occupant of pick-truck or van injured in collision with pedestrianor animal, unspecified occupant of', 'V05', 0),
(10212, 'V51', 'Occupant of pick-up truck or van injured in collision with pedalcycle', 'V05', 0),
(10213, 'V51.0', 'Occupant of pick-up truck or van injured in collision with pedalcycle, driver, nontraffic accident', 'V05', 0),
(10214, 'V51.1', 'Occupant of pick-up truck or van injured in collision with pedalcycle, passenger, nontraffic acciden', 'V05', 0),
(10215, 'V51.2', 'Occupant of pick-up truck or van injured in collision with pedalcycle, person on outside of vehicle,', 'V05', 0),
(10216, 'V51.3', 'Occupant of pick-up truck or van injured in collision with pedalcycle, unspecified occupant of pick-', 'V05', 0),
(10217, 'V51.4', 'Occupant of pick-up truck or van injured in collision with pedalcycle, while boarding or alighting', 'V05', 0),
(10218, 'V51.5', 'Occupant of pick-up truck or van injured in collision with pedalcycle, driver, traffic accident', 'V05', 0),
(10219, 'V51.6', 'Occupant of pick-up truck or van injured in collision with pedalcycle, passenger, traffic accident', 'V05', 0),
(10220, 'V51.7', 'Occupant of pick-up truck or van injured in collision with pedalcycle, person on outside of vehicle,', 'V05', 0),
(10221, 'V51.9', 'Occupant of pick-truck or van injured in collision with pedal cycle,unspecified occupant of pick-up', 'V05', 0),
(10222, 'V52', 'Occupant of pick-up truck or van injured in collision with two- orthree-wheeled motor vehicle', 'V05', 0),
(10223, 'V52.0', 'Occupant of pick-up truck or van injured in collision with two- orthree-wheeled motor vehicle, drive', 'V05', 0),
(10224, 'V52.1', 'Occupant of pick-up truck or van injured in collision with two- orthree-wheeled motor vehicle, passe', 'V05', 0),
(10225, 'V52.2', 'Occupant of pick-up truck or van injured in collision with two- orthree-wheeled motor vehicle, perso', 'V05', 0),
(10226, 'V52.3', 'Occupant of pick-up truck or van injured in collision with two- orthree-wheeled motor vehicle, unspe', 'V05', 0),
(10227, 'V52.4', 'Occupant of pick-up truck or van injured in collision with two- orthree-wheeled motor vehicle, while', 'V05', 0),
(10228, 'V52.5', 'Occupant of pick-up truck or van injured in collision with two- orthree-wheeled motor vehicle, drive', 'V05', 0),
(10229, 'V52.6', 'Occupant of pick-up truck or van injured in collision with two- orthree-wheeled motor vehicle, passe', 'V05', 0),
(10230, 'V52.7', 'Occupant of pick-up truck or van injured in collision with two- orthree-wheeled motor vehicle, perso', 'V05', 0),
(10231, 'V52.9', 'Occupant of pick-up truck or van injured in collision with two- orthree-wheeled motor vehicle, unspe', 'V05', 0),
(10232, 'V53', 'Occupant of pick-up truck or van injured in collision with car,pick-up truck or van', 'V05', 0),
(10233, 'V53.0', 'Occupant of pick-up truck or van injured in collision with car,pick-up truck or van, driver, nontraf', 'V05', 0),
(10234, 'V53.1', 'Occupant of pick-up truck or van injured in collision with car,pick-up truck or van, passenger, nont', 'V05', 0),
(10235, 'V53.2', 'Occupant of pick-up truck or van injured in collision with car,pick-up truck or van, person on outsi', 'V05', 0),
(10236, 'V53.3', 'Occupant of pick-up truck or van injured in collision with car,pick-up truck or van, unspecified occ', 'V05', 0),
(10237, 'V53.4', 'Occupant of pick-up truck or van injured in collision with car,pick-up truck or van, while boarding', 'V05', 0),
(10238, 'V53.5', 'Occupant of pick-up truck or van injured in collision with car,pick-up truck or van, driver, traffic', 'V05', 0),
(10239, 'V53.6', 'Occupant of pick-up truck or van injured in collision with car,pick-up truck or van, passenger, traf', 'V05', 0),
(10240, 'V53.7', 'Occupant of pick-up truck or van injured in collision with car,pick-up truck or van, person on outsi', 'V05', 0),
(10241, 'V53.9', 'Occupant of pick-up truck or van injured in collision with car,pick-up truck or van, unspecified occ', 'V05', 0),
(10242, 'V54', 'Occupant of pick-up truck or van injured in collision with heavytransport vehicle or bus', 'V05', 0),
(10243, 'V54.0', 'Occupant of pick-up truck or van injured in collision with heavytransport vehicle or bus, driver, no', 'V05', 0),
(10244, 'V54.1', 'Occupant of pick-up truck or van injured in collision with heavytransport vehicle or bus, passenger,', 'V05', 0),
(10245, 'V54.2', 'Occupant of pick-up truck or van injured in collision with heavytransport vehicle or bus, person on', 'V05', 0),
(10246, 'V54.3', 'Occupant of pick-up truck or van injured in collision with heavytransport vehicle or bus, unspecifie', 'V05', 0),
(10247, 'V54.4', 'Occupant of pick-up truck or van injured in collision with heavytransport vehicle or bus, while boar', 'V05', 0),
(10248, 'V54.5', 'Occupant of pick-up truck or van injured in collision with heavytransport vehicle or bus, driver, tr', 'V05', 0),
(10249, 'V54.6', 'Occupant of pick-up truck or van injured in collision with heavytransport vehicle or bus, passenger,', 'V05', 0),
(10250, 'V54.7', 'Occupant of pick-up truck or van injured in collision with heavytransport vehicle or bus, person on', 'V05', 0),
(10251, 'V54.9', 'Occupant of pick-up truck or van injured in collision with heavytransport vehicle or bus, unspecifie', 'V05', 0),
(10252, 'V55', 'Occupant of pick-up truck or van injured in collision with railwaytrain or railway vehicle', 'V05', 0),
(10253, 'V55.0', 'Occupant of pick-up truck or van injured in collision with railwaytrain or railway vehicle, driver,', 'V05', 0),
(10254, 'V55.1', 'Occupant of pick-up truck or van injured in collision with railwaytrain or railway vehicle, passenge', 'V05', 0),
(10255, 'V55.2', 'Occupant of pick-up truck or van injured in collision with railwaytrain or railway vehicle, person o', 'V05', 0),
(10256, 'V55.3', 'Occupant of pick-up truck or van injured in collision with railwaytrain or railway vehicle, unspecif', 'V05', 0),
(10257, 'V55.4', 'Occupant of pick-up truck or van injured in collision with railwaytrain or railway vehicle, while bo', 'V05', 0),
(10258, 'V55.5', 'Occupant of pick-up truck or van injured in collision with railwaytrain or railway vehicle, driver,', 'V05', 0),
(10259, 'V55.6', 'Occupant of pick-up truck or van injured in collision with railwaytrain or railway vehicle, passenge', 'V05', 0),
(10260, 'V55.7', 'Occupant of pick-up truck or van injured in collision with railwaytrain or railway vehicle, person o', 'V05', 0),
(10261, 'V55.9', 'Occupant of pick-up truck or van injured in collision with railwaytrain or railway vehicle, unspecif', 'V05', 0),
(10262, 'V56', 'Occupant of pick-up truck or van injured in collision with othernonmotor vehicle', 'V05', 0),
(10263, 'V56.0', 'Occupant of pick-up truck or van injured in collision with othernonmotor vehicle, driver, nontraffic', 'V05', 0),
(10264, 'V56.1', 'Occupant of pick-up truck or van injured in collision with othernonmotor vehicle, passenger, nontraf', 'V05', 0),
(10265, 'V56.2', 'Occupant of pick-up truck or van injured in collision with othernonmotor vehicle, person on outside', 'V05', 0),
(10266, 'V56.3', 'Occupant of pick-up truck or van injured in collision with othernonmotor vehicle, unspecified occupa', 'V05', 0),
(10267, 'V56.4', 'Occupant of pick-up truck or van injured in collision with othernonmotor vehicle, while boarding or', 'V05', 0),
(10268, 'V56.5', 'Occupant of pick-up truck or van injured in collision with othernonmotor vehicle, driver, traffic ac', 'V05', 0),
(10269, 'V56.6', 'Occupant of pick-up truck or van injured in collision with othernonmotor vehicle, passenger, traffic', 'V05', 0),
(10270, 'V56.7', 'Occupant of pick-up truck or van injured in collision with othernonmotor vehicle, person on outside', 'V05', 0),
(10271, 'V56.9', 'Occupant of pick-up truck or van injured in collision with othernonmotor vehicle, unspecified occupa', 'V05', 0),
(10272, 'V57', 'Occupant of pick-up truck or van injured in collision with fixed orstationary object', 'V05', 0),
(10273, 'V57.0', 'Occupant of pick-up truck or van injured in collision with fixed orstationary object, driver, nontra', 'V05', 0),
(10274, 'V57.1', 'Occupant of pick-up truck or van injured in collision with fixed orstationary object, passenger, non', 'V05', 0),
(10275, 'V57.2', 'Occupant of pick-up truck or van injured in collision with fixed orstationary object, person on outs', 'V05', 0),
(10276, 'V57.3', 'Occupant of pick-up truck or van injured in collision with fixed orstationary object, unspecified oc', 'V05', 0),
(10277, 'V57.4', 'Occupant of pick-up truck or van injured in collision with fixed orstationary object, while boarding', 'V05', 0),
(10278, 'V57.5', 'Occupant of pick-up truck or van injured in collision with fixed orstationary object, driver, traffi', 'V05', 0),
(10279, 'V57.6', 'Occupant of pick-up truck or van injured in collision with fixed orstationary object, passenger, tra', 'V05', 0),
(10280, 'V57.7', 'Occupant of pick-up truck or van injured in collision with fixed orstationary object, person on outs', 'V05', 0),
(10281, 'V57.9', 'Occupant of pick-up truck or van injured in collision with fixed orstationary object, unspecified oc', 'V05', 0),
(10282, 'V58', 'Occupant of pick-up truck or van injured in noncollision transportaccident', 'V05', 0),
(10283, 'V58.0', 'Occupant of pick-up truck or van injured in noncollision transportaccident, driver, nontraffic accid', 'V05', 0),
(10284, 'V58.1', 'Occupant of pick-up truck or van injured in noncollision transportaccident, passenger, nontraffic ac', 'V05', 0),
(10285, 'V58.2', 'Occupant of pick-up truck or van injured in noncollision transportaccident, person on outside of veh', 'V05', 0),
(10286, 'V58.3', 'Occupant of pick-up truck or van injured in noncollision transportaccident, unspecified occupant of', 'V05', 0),
(10287, 'V58.4', 'Occupant of pick-up truck or van injured in noncollision transportaccident, while boarding or alight', 'V05', 0),
(10288, 'V58.5', 'Occupant of pick-up truck or van injured in noncollision transportaccident, driver, traffic accident', 'V05', 0),
(10289, 'V58.6', 'Occupant of pick-up truck or van injured in noncollision transportaccident, passenger, traffic accid', 'V05', 0),
(10290, 'V58.7', 'Occupant of pick-up truck or van injured in noncollision transportaccident, person on outside of veh', 'V05', 0),
(10291, 'V58.9', 'Occupant of pick-up truck or van injured in noncollision transportaccident, unspecified occupant of', 'V05', 0),
(10292, 'V59', 'Occupant of pick-up truck or van injured in other and unspecifiedtransport accidents', 'V05', 0),
(10293, 'V59.0', 'Driver injured in collision with other and unspecified motorvehicles in nontraffic accident', 'V05', 0),
(10294, 'V59.1', 'Passenger injured in collision with other and unspecified motorvehicles in nontraffic accident', 'V05', 0),
(10295, 'V59.2', 'Unspecified occupant of pick-up truck or van injured in collisionwith other and unspecified motor ve', 'V05', 0),
(10296, 'V59.3', 'Occupant [any] of pick-up truck or van injured in unspecifiednontraffic accident', 'V05', 0),
(10297, 'V59.4', 'Driver injured in collision with other and unspecified motorvehicles in traffic accident', 'V05', 0),
(10298, 'V59.5', 'Passenger injured in collision with other and unspecified motorvehicles in traffic accident', 'V05', 0),
(10299, 'V59.6', 'Unspecified occupant of pick-up truck or van injured in collisionwith other and unspecified motor ve', 'V05', 0),
(10300, 'V59.8', 'Occupant [any] of pick-up truck or van injured in other specifiedtransport accidents', 'V05', 0),
(10301, 'V59.9', 'Occupant [any] of pick-up truck or van injured in unspecifiedtraffic accident', 'V05', 0),
(10302, 'V60', 'Occupant of heavy transport vehicle injured in collision withpedestrian or animal', 'V06', 0),
(10303, 'V60.0', 'Occupant of heavy transport vehicle injured in collision withpedestrian or animal, driver, nontraffi', 'V06', 0),
(10304, 'V60.1', 'Occupant of heavy transport vehicle injured in collision withpedestrian or animal, passenger, nontra', 'V06', 0),
(10305, 'V60.2', 'Occupant of heavy transport vehicle injured in collision withpedestrian or animal, person on outside', 'V06', 0),
(10306, 'V60.3', 'Occupant of heavy transport vehicle injured in collision withpedestrian or animal, unspecified occup', 'V06', 0),
(10307, 'V60.4', 'Occupant of heavy transport vehicle injured in collision withpedestrian or animal, while boarding or', 'V06', 0),
(10308, 'V60.5', 'Occupant of heavy transport vehicle injured in collision withpedestrian or animal, driver, traffic a', 'V06', 0),
(10309, 'V60.6', 'Occupant of heavy transport vehicle injured in collision withpedestrian or animal, passenger, traffi', 'V06', 0),
(10310, 'V60.7', 'Occupant of heavy transport vehicle injured in collision withpedestrian or animal, person on outside', 'V06', 0),
(10311, 'V60.9', 'Occupant of heavy transport vehicle injured in collision withpedestrian or animal, unspecified occup', 'V06', 0),
(10312, 'V61', 'Occupant of heavy transport vehicle injured in collision with pedalcycle', 'V06', 0),
(10313, 'V61.0', 'Occupant of heavy transport vehicle injured in collision with pedalcycle, driver, nontraffic acciden', 'V06', 0),
(10314, 'V61.1', 'Occupant of heavy transport vehicle injured in collision with pedalcycle, passenger, nontraffic acci', 'V06', 0),
(10315, 'V61.2', 'Occupant of heavy transport vehicle injured in collision with pedalcycle, person on outside of vehic', 'V06', 0),
(10316, 'V61.3', 'Occupant of heavy transport vehicle injured in collision with pedalcycle, unspecified occupant of he', 'V06', 0),
(10317, 'V61.4', 'Occupant of heavy transport vehicle injured in collision with pedalcycle, while boarding or alightin', 'V06', 0),
(10318, 'V61.5', 'Occupant of heavy transport vehicle injured in collision with pedalcycle, driver, traffic accident', 'V06', 0),
(10319, 'V61.6', 'Occupant of heavy transport vehicle injured in collision with pedalcycle, passenger, traffic acciden', 'V06', 0),
(10320, 'V61.7', 'Occupant of heavy transport vehicle injured in collision with pedalcycle, person on outside of vehic', 'V06', 0),
(10321, 'V61.9', 'Occupant of heavy transport vehicle injured in collision with pedalcycle, unspecified occupant of he', 'V06', 0),
(10322, 'V62', 'Occupant of heavy transport vehicle injured in collision with two-or three-wheeled motor vehicle', 'V06', 0),
(10323, 'V62.0', 'Occupant of heavy transport vehicle injured in collision with two-or three-wheeled motor vehicle, dr', 'V06', 0),
(10324, 'V62.1', 'Occupant of heavy transport vehicle injured in collision with two-or three-wheeled motor vehicle, pa', 'V06', 0),
(10325, 'V62.2', 'Occupant of heavy transport vehicle injured in collision with two-or three-wheeled motor vehicle, pe', 'V06', 0),
(10326, 'V62.3', 'Occupant of heavy transport vehicle injured in collision with two-or three-wheeled motor vehicle, un', 'V06', 0),
(10327, 'V62.4', 'Occupant of heavy transport vehicle injured in collision with two-or three-wheeled motor vehicle, wh', 'V06', 0),
(10328, 'V62.5', 'Occupant of heavy transport vehicle injured in collision with two-or three-wheeled motor vehicle, dr', 'V06', 0),
(10329, 'V62.6', 'Occupant of heavy transport vehicle injured in collision with two-or three-wheeled motor vehicle, pa', 'V06', 0),
(10330, 'V62.7', 'Occupant of heavy transport vehicle injured in collision with two-or three-wheeled motor vehicle, pe', 'V06', 0),
(10331, 'V62.9', 'Occupant of heavy transport vehicle injured in collision with two-or three-wheeled motor vehicle, un', 'V06', 0),
(10332, 'V63', 'Occupant of heavy transport vehicle injured in collision with car,pick-up truck or van', 'V06', 0),
(10333, 'V63.0', 'Occupant of heavy transport vehicle injured in collision with car,pick-up truck or van, driver, nont', 'V06', 0),
(10334, 'V63.1', 'Occupant of heavy transport vehicle injured in collision with car,pick-up truck or van, passenger, n', 'V06', 0),
(10335, 'V63.2', 'Occupant of heavy transport vehicle injured in collision with car,pick-up truck or van, person on ou', 'V06', 0),
(10336, 'V63.3', 'Occupant of heavy transport vehicle injured in collision with car,pick-up truck or van, unspecified', 'V06', 0),
(10337, 'V63.4', 'Occupant of heavy transport vehicle injured in collision with car,pick-up truck or van, while boardi', 'V06', 0),
(10338, 'V63.5', 'Occupant of heavy transport vehicle injured in collision with car,pick-up truck or van, driver, traf', 'V06', 0),
(10339, 'V63.6', 'Occupant of heavy transport vehicle injured in collision with car,pick-up truck or van, passenger, t', 'V06', 0),
(10340, 'V63.7', 'Occupant of heavy transport vehicle injured in collision with car,pick-up truck or van, person on ou', 'V06', 0),
(10341, 'V63.9', 'Occupant of heavy transport vehicle injured in collision with car,pick-up truck or van, unspecified', 'V06', 0),
(10342, 'V64', 'Occupant of heavy transport vehicle injured in collision with heavytransport vehicle or bus', 'V06', 0),
(10343, 'V64.0', 'Occupant of heavy transport vehicle injured in collision with heavytransport vehicle or bus, driver,', 'V06', 0),
(10344, 'V64.1', 'Occupant of heavy transport vehicle injured in collision with heavytransport vehicle or bus, passeng', 'V06', 0),
(10345, 'V64.2', 'Occupant of heavy transport vehicle injured in collision with heavytransport vehicle or bus, person', 'V06', 0),
(10346, 'V64.3', 'Occupant of heavy transport vehicle injured in collision with heavytransport vehicle or bus, unspeci', 'V06', 0),
(10347, 'V64.4', 'Occupant of heavy transport vehicle injured in collision with heavytransport vehicle or bus, while b', 'V06', 0),
(10348, 'V64.5', 'Occupant of heavy transport vehicle injured in collision with heavytransport vehicle or bus, driver,', 'V06', 0),
(10349, 'V64.6', 'Occupant of heavy transport vehicle injured in collision with heavytransport vehicle or bus, passeng', 'V06', 0),
(10350, 'V64.7', 'Occupant of heavy transport vehicle injured in collision with heavytransport vehicle or bus, person', 'V06', 0),
(10351, 'V64.9', 'Occupant of heavy transport vehicle injured in collision with heavytransport vehicle or bus, unspeci', 'V06', 0),
(10352, 'V65', 'Occupant of heavy transport vehicle injured in collision withrailway train or railway vehicle', 'V06', 0),
(10353, 'V65.0', 'Occupant of heavy transport vehicle injured in collision withrailway train or railway vehicle, drive', 'V06', 0),
(10354, 'V65.1', 'Occupant of heavy transport vehicle injured in collision withrailway train or railway vehicle, passe', 'V06', 0),
(10355, 'V65.2', 'Occupant of heavy transport vehicle injured in collision withrailway train or railway vehicle, perso', 'V06', 0),
(10356, 'V65.3', 'Occupant of heavy transport vehicle injured in collision withrailway train or railway vehicle, unspe', 'V06', 0),
(10357, 'V65.4', 'Occupant of heavy transport vehicle injured in collision withrailway train or railway vehicle, while', 'V06', 0),
(10358, 'V65.5', 'Occupant of heavy transport vehicle injured in collision withrailway train or railway vehicle, drive', 'V06', 0),
(10359, 'V65.6', 'Occupant of heavy transport vehicle injured in collision withrailway train or railway vehicle, passe', 'V06', 0),
(10360, 'V65.7', 'Occupant of heavy transport vehicle injured in collision withrailway train or railway vehicle, perso', 'V06', 0),
(10361, 'V65.9', 'Occupant of heavy transport vehicle injured in collision withrailway train or railway vehicle, unspe', 'V06', 0),
(10362, 'V66', 'Occupant of heavy transport vehicle injured in collision with othernonmotor vehicle', 'V06', 0),
(10363, 'V66.0', 'Occupant of heavy transport vehicle injured in collision with othernonmotor vehicle, driver, nontraf', 'V06', 0),
(10364, 'V66.1', 'Occupant of heavy transport vehicle injured in collision with othernonmotor vehicle, passenger, nont', 'V06', 0),
(10365, 'V66.2', 'Occupant of heavy transport vehicle injured in collision with othernonmotor vehicle, person on outsi', 'V06', 0),
(10366, 'V66.3', 'Occupant of heavy transport vehicle injured in collision with othernonmotor vehicle, unspecified occ', 'V06', 0),
(10367, 'V66.4', 'Occupant of heavy transport vehicle injured in collision with othernonmotor vehicle, while boarding', 'V06', 0),
(10368, 'V66.5', 'Occupant of heavy transport vehicle injured in collision with othernonmotor vehicle, driver, traffic', 'V06', 0),
(10369, 'V66.6', 'Occupant of heavy transport vehicle injured in collision with othernonmotor vehicle, passenger, traf', 'V06', 0),
(10370, 'V66.7', 'Occupant of heavy transport vehicle injured in collision with othernonmotor vehicle, person on outsi', 'V06', 0),
(10371, 'V66.9', 'Occupant of heavy transport vehicle injured in collision with othernonmotor vehicle, unspecified occ', 'V06', 0),
(10372, 'V67', 'Occupant of heavy transport vehicle injured in collision with fixedor stationary object', 'V06', 0),
(10373, 'V67.0', 'Occupant of heavy transport vehicle injured in collision with fixedor stationary object, driver, non', 'V06', 0),
(10374, 'V67.1', 'Occupant of heavy transport vehicle injured in collision with fixedor stationary object, passenger,', 'V06', 0),
(10375, 'V67.2', 'Occupant of heavy transport vehicle injured in collision with fixedor stationary object, person on o', 'V06', 0),
(10376, 'V67.3', 'Occupant of heavy transport vehicle injured in collision with fixedor stationary object, unspecified', 'V06', 0),
(10377, 'V67.4', 'Occupant of heavy transport vehicle injured in collision with fixedor stationary object, while board', 'V06', 0),
(10378, 'V67.5', 'Occupant of heavy transport vehicle injured in collision with fixedor stationary object, driver, tra', 'V06', 0),
(10379, 'V67.6', 'Occupant of heavy transport vehicle injured in collision with fixedor stationary object, passenger,', 'V06', 0),
(10380, 'V67.7', 'Occupant of heavy transport vehicle injured in collision with fixedor stationary object, person on o', 'V06', 0),
(10381, 'V67.9', 'Occupant of heavy transport vehicle injured in collision with fixedor stationary object, unspecified', 'V06', 0),
(10382, 'V68', 'Occupant of heavy transport vehicle injured in noncollisiontransport accident', 'V06', 0),
(10383, 'V68.0', 'Occupant of heavy transport vehicle injured in noncollisiontransport accident, driver, nontraffic ac', 'V06', 0),
(10384, 'V68.1', 'Occupant of heavy transport vehicle injured in noncollisiontransport accident, passenger, nontraffic', 'V06', 0),
(10385, 'V68.2', 'Occupant of heavy transport vehicle injured in noncollisiontransport accident, person on outside of', 'V06', 0),
(10386, 'V68.3', 'Occupant of heavy transport vehicle injured in noncollisiontransport accident, unspecified occupant', 'V06', 0),
(10387, 'V68.4', 'Occupant of heavy transport vehicle injured in noncollisiontransport accident, while boarding or ali', 'V06', 0),
(10388, 'V68.5', 'Occupant of heavy transport vehicle injured in noncollisiontransport accident, driver, traffic accid', 'V06', 0),
(10389, 'V68.6', 'Occupant of heavy transport vehicle injured in noncollisiontransport accident, passenger, traffic ac', 'V06', 0),
(10390, 'V68.7', 'Occupant of heavy transport vehicle injured in noncollisiontransport accident, person on outside of', 'V06', 0),
(10391, 'V68.9', 'Occupant of heavy transport vehicle injured in noncollisiontransport accident, unspecified occupant', 'V06', 0),
(10392, 'V69', 'Occupant of heavy transport vehicle injured in other and unspecifiedtransport accidents', 'V06', 0),
(10393, 'V69.0', 'Driver injured in collision with other and unspecified motorvehicles in nontraffic accident', 'V06', 0),
(10394, 'V69.1', 'Passenger injured in collision with other and unspecified motorvehicles in nontraffic accident', 'V06', 0),
(10395, 'V69.2', 'Unspecified occupant of heavy transport vehicle injured in collisionwith other and unspecified motor', 'V06', 0),
(10396, 'V69.3', 'Occupant [any] of heavy transport vehicle injured in unspecifiednontraffic accident', 'V06', 0),
(10397, 'V69.4', 'Driver injured in collision with other and unspecified motorvehicles in traffic accident', 'V06', 0),
(10398, 'V69.5', 'Passenger injured in collision with other and unspecified motorvehicles in traffic accident', 'V06', 0),
(10399, 'V69.6', 'Unspecified occupant of heavy transport vehicle injured in collisionwith other and unspecified motor', 'V06', 0),
(10400, 'V69.8', 'Occupant [any] of heavy transport vehicle injured in other specifiedtransport accidents', 'V06', 0),
(10401, 'V69.9', 'Occupant [any] of heavy transport vehicle injured in unspecifiedtraffic accident', 'V06', 0),
(10402, 'V70', 'Bus occupant injured in collision with pedestrian or animal', 'V07', 0),
(10403, 'V70.0', 'Bus occupant injured in collision with pedestrian or animal, driver,nontraffic accident', 'V07', 0),
(10404, 'V70.1', 'Bus occupant injured in collision with pedestrian or animal,passenger, nontraffic accident', 'V07', 0),
(10405, 'V70.2', 'Bus occupant injured in collision with pedestrian or animal, personon outside of vehicle, nontraffic', 'V07', 0),
(10406, 'V70.3', 'Bus occupant injured in collision with pedestrian or animal,unspecified bus occupant, nontraffic acc', 'V07', 0),
(10407, 'V70.4', 'Bus occupant injured in collision with pedestrian or animal, whileboarding or alighting', 'V07', 0),
(10408, 'V70.5', 'Bus occupant injured in collision with pedestrian or animal, driver,traffic accident', 'V07', 0),
(10409, 'V70.6', 'Bus occupant injured in collision with pedestrian or animal,passenger, traffic accident', 'V07', 0),
(10410, 'V70.7', 'Bus occupant injured in collision with pedestrian or animal, personon outside of vehicle, traffic ac', 'V07', 0),
(10411, 'V70.9', 'Bus occupant injured in collision with pedestrian or animal,unspecified bus occupant, traffic accide', 'V07', 0),
(10412, 'V71', 'Bus occupant injured in collision with pedal cycle', 'V07', 0),
(10413, 'V71.0', 'Bus occupant injured in collision with pedal cycle, driver,nontraffic accident', 'V07', 0),
(10414, 'V71.1', 'Bus occupant injured in collision with pedal cycle, passenger,nontraffic accident', 'V07', 0),
(10415, 'V71.2', 'Bus occupant injured in collision with pedal cycle, person onoutside of vehicle, nontraffic accident', 'V07', 0),
(10416, 'V71.3', 'Bus occupant injured in collision with pedal cycle, unspecified busoccupant, nontraffic accident', 'V07', 0),
(10417, 'V71.4', 'Bus occupant injured in collision with pedal cycle, while boardingor alighting', 'V07', 0),
(10418, 'V71.5', 'Bus occupant injured in collision with pedal cycle, driver, trafficaccident', 'V07', 0),
(10419, 'V71.6', 'Bus occupant injured in collision with pedal cycle, passenger,traffic accident', 'V07', 0),
(10420, 'V71.7', 'Bus occupant injured in collision with pedal cycle, person onoutside of vehicle, traffic accident', 'V07', 0),
(10421, 'V71.9', 'Bus occupant injured in collision with pedal cycle, unspecified busoccupant, traffic accident', 'V07', 0),
(10422, 'V72', 'Bus occupant injured in collision with two- or three-wheeled motorvehicle', 'V07', 0),
(10423, 'V72.0', 'Bus occupant injured in collision with two- or three-wheeled motorvehicle, driver, nontraffic accide', 'V07', 0),
(10424, 'V72.1', 'Bus occupant injured in collision with two- or three-wheeled motorvehicle, passenger, nontraffic acc', 'V07', 0),
(10425, 'V72.2', 'Bus occupant injured in collision with two- or three-wheeled motorvehicle, person on outside of vehi', 'V07', 0),
(10426, 'V72.3', 'Bus occupant injured in collision with two- or three-wheeled motorvehicle, unspecified bus occupant,', 'V07', 0),
(10427, 'V72.4', 'Bus occupant injured in collision with two- or three-wheeled motorvehicle, while boarding or alighti', 'V07', 0),
(10428, 'V72.5', 'Bus occupant injured in collision with two- or three-wheeled motorvehicle, driver, traffic accident', 'V07', 0),
(10429, 'V72.6', 'Bus occupant injured in collision with two- or three-wheeled motorvehicle, passenger, traffic accide', 'V07', 0),
(10430, 'V72.7', 'Bus occupant injured in collision with two- or three-wheeled motorvehicle, person on outside of vehi', 'V07', 0),
(10431, 'V72.9', 'Bus occupant injured in collision with two- or three-wheeled motorvehicle, unspecified bus occupant,', 'V07', 0),
(10432, 'V73', 'Bus occupant injured in collision with car, pick-up truck or van', 'V07', 0),
(10433, 'V73.0', 'Bus occupant injured in collision with car, pick-up truck or van,driver, nontraffic accident', 'V07', 0),
(10434, 'V73.1', 'Bus occupant injured in collision with car, pick-up truck or van,passenger, nontraffic accident', 'V07', 0),
(10435, 'V73.2', 'Bus occupant injured in collision with car, pick-up truck or van,person on outside of vehicle, nontr', 'V07', 0),
(10436, 'V73.3', 'Bus occupant injured in collision with car, pick-up truck or van,unspecified bus occupant, nontraffi', 'V07', 0),
(10437, 'V73.4', 'Bus occupant injured in collision with car, pick-up truck or van,while boarding or alighting', 'V07', 0),
(10438, 'V73.5', 'Bus occupant injured in collision with car, pick-up truck or van,driver, traffic accident', 'V07', 0),
(10439, 'V73.6', 'Bus occupant injured in collision with car, pick-up truck or van,passenger, traffic accident', 'V07', 0),
(10440, 'V73.7', 'Bus occupant injured in collision with car, pick-up truck or van,person on outside of vehicle, traff', 'V07', 0),
(10441, 'V73.9', 'Bus occupant injured in collision with car, pick-up truck or van,unspecified bus occupant, traffic a', 'V07', 0),
(10442, 'V74', 'Bus occupant injured in collision with heavy transport vehicle orbus', 'V07', 0),
(10443, 'V74.0', 'Bus occupant injured in collision with heavy transport vehicle orbus, driver, nontraffic accident', 'V07', 0),
(10444, 'V74.1', 'Bus occupant injured in collision with heavy transport vehicle orbus, passenger, nontraffic accident', 'V07', 0),
(10445, 'V74.2', 'Bus occupant injured in collision with heavy transport vehicle orbus, person on outside of vehicle,', 'V07', 0),
(10446, 'V74.3', 'Bus occupant injured in collision with heavy transport vehicle orbus, unspecified bus occupant, nont', 'V07', 0),
(10447, 'V74.4', 'Bus occupant injured in collision with heavy transport vehicle orbus, while boarding or alighting', 'V07', 0),
(10448, 'V74.5', 'Bus occupant injured in collision with heavy transport vehicle orbus, driver, traffic accident', 'V07', 0),
(10449, 'V74.6', 'Bus occupant injured in collision with heavy transport vehicle orbus, passenger, traffic accident', 'V07', 0),
(10450, 'V74.7', 'Bus occupant injured in collision with heavy transport vehicle orbus, person on outside of vehicle,', 'V07', 0),
(10451, 'V74.9', 'Bus occupant injured in collision with heavy transport vehicle orbus, unspecified bus occupant, traf', 'V07', 0),
(10452, 'V75', 'Bus occupant injured in collision with railway train or railwayvehicle', 'V07', 0),
(10453, 'V75.0', 'Bus occupant injured in collision with railway train or railwayvehicle, driver, nontraffic accident', 'V07', 0),
(10454, 'V75.1', 'Bus occupant injured in collision with railway train or railwayvehicle, passenger, nontraffic accide', 'V07', 0),
(10455, 'V75.2', 'Bus occupant injured in collision with railway train or railwayvehicle, person on outside of vehicle', 'V07', 0),
(10456, 'V75.3', 'Bus occupant injured in collision with railway train or railwayvehicle, unspecified bus occupant, no', 'V07', 0),
(10457, 'V75.4', 'Bus occupant injured in collision with railway train or railwayvehicle, while boarding or alighting', 'V07', 0),
(10458, 'V75.5', 'Bus occupant injured in collision with railway train or railwayvehicle, driver, traffic accident', 'V07', 0),
(10459, 'V75.6', 'Bus occupant injured in collision with railway train or railwayvehicle, passenger, traffic accident', 'V07', 0),
(10460, 'V75.7', 'Bus occupant injured in collision with railway train or railwayvehicle, person on outside of vehicle', 'V07', 0),
(10461, 'V75.9', 'Bus occupant injured in collision with railway train or railwayvehicle, unspecified bus occupant, tr', 'V07', 0),
(10462, 'V76', 'Bus occupant injured in collision with other nonmotor vehicle', 'V07', 0),
(10463, 'V76.0', 'Bus occupant injured in collision with other nonmotor vehicle,driver, nontraffic accident', 'V07', 0),
(10464, 'V76.1', 'Bus occupant injured in collision with other nonmotor vehicle,passenger, nontraffic accident', 'V07', 0),
(10465, 'V76.2', 'Bus occupant injured in collision with other nonmotor vehicle,person on outside of vehicle, nontraff', 'V07', 0),
(10466, 'V76.3', 'Bus occupant injured in collision with other nonmotor vehicle,unspecified bus occupant, nontraffic a', 'V07', 0),
(10467, 'V76.4', 'Bus occupant injured in collision with other nonmotor vehicle, whileboarding or alighting', 'V07', 0),
(10468, 'V76.5', 'Bus occupant injured in collision with other nonmotor vehicle,driver, traffic accident', 'V07', 0),
(10469, 'V76.6', 'Bus occupant injured in collision with other nonmotor vehicle,passenger, traffic accident', 'V07', 0),
(10470, 'V76.7', 'Bus occupant injured in collision with other nonmotor vehicle,person on outside of vehicle, traffic', 'V07', 0),
(10471, 'V76.9', 'Bus occupant injured in collision with other nonmotor vehicle,unspecified bus occupant, traffic acci', 'V07', 0),
(10472, 'V77', 'Bus occupant injured in collision with fixed or stationary object', 'V07', 0),
(10473, 'V77.0', 'Bus occupant injured in collision with fixed or stationary object,driver, nontraffic accident', 'V07', 0),
(10474, 'V77.1', 'Bus occupant injured in collision with fixed or stationary object,passenger, nontraffic accident', 'V07', 0),
(10475, 'V77.2', 'Bus occupant injured in collision with fixed or stationary object,person on outside of vehicle, nont', 'V07', 0),
(10476, 'V77.3', 'Bus occupant injured in collision with fixed or stationary object,unspecified bus occupant, nontraff', 'V07', 0),
(10477, 'V77.4', 'Bus occupant injured in collision with fixed or stationary object,while boarding or alighting', 'V07', 0),
(10478, 'V77.5', 'Bus occupant injured in collision with fixed or stationary object,driver, traffic accident', 'V07', 0),
(10479, 'V77.6', 'Bus occupant injured in collision with fixed or stationary object,passenger, traffic accident', 'V07', 0),
(10480, 'V77.7', 'Bus occupant injured in collision with fixed or stationary object,person on outside of vehicle, traf', 'V07', 0),
(10481, 'V77.9', 'Bus occupant injured in collision with fixed or stationary object,unspecified bus occupant, traffic', 'V07', 0),
(10482, 'V78', 'Bus occupant injured in noncollision transport accident', 'V07', 0),
(10483, 'V78.0', 'Bus occupant injured in noncollision transport accident, driver,nontraffic accident', 'V07', 0),
(10484, 'V78.1', 'Bus occupant injured in noncollision transport accident, passenger,nontraffic accident', 'V07', 0),
(10485, 'V78.2', 'Bus occupant injured in noncollision transport accident, person onoutside of vehicle, nontraffic acc', 'V07', 0),
(10486, 'V78.3', 'Bus occupant injured in noncollision transport accident, unspecifiedbus occupant, nontraffic acciden', 'V07', 0),
(10487, 'V78.4', 'Bus occupant injured in noncollision transport accident, whileboarding or alighting', 'V07', 0),
(10488, 'V78.5', 'Bus occupant injured in noncollision transport accident, driver,traffic accident', 'V07', 0),
(10489, 'V78.6', 'Bus occupant injured in noncollision transport accident, passenger,traffic accident', 'V07', 0),
(10490, 'V78.7', 'Bus occupant injured in noncollision transport accident, person onoutside of vehicle, traffic accide', 'V07', 0),
(10491, 'V78.9', 'Bus occupant injured in noncollision transport accident, unspecifiedbus occupant, traffic accident', 'V07', 0),
(10492, 'V79', 'Bus occupant injured in other and unspecified transport accidents', 'V07', 0),
(10493, 'V79.0', 'Driver injured in collision with other and unspecified motorvehicles in nontraffic accident', 'V07', 0),
(10494, 'V79.1', 'Passenger injured in collision with other and unspecified motorvehicles in nontraffic accident', 'V07', 0),
(10495, 'V79.2', 'Unspecified bus occupant injured in collision with other andunspecified motor vehicles in nontraffic', 'V07', 0),
(10496, 'V79.3', 'Bus occupant [any] injured in unspecified nontraffic accident', 'V07', 0),
(10497, 'V79.4', 'Driver injured in collision with other and unspecified motorvehicles in traffic accident', 'V07', 0),
(10498, 'V79.5', 'Passenger injured in collision with other and unspecified motorvehicles in traffic accident', 'V07', 0),
(10499, 'V79.6', 'Unspecified bus occupant injured in collision with other andunspecified motor vehicles in traffic ac', 'V07', 0),
(10500, 'V79.8', 'Bus occupant [any] injured in other specified transport accidents', 'V07', 0),
(10501, 'V79.9', 'Bus occupant [any] injured in unspecified traffic accident', 'V07', 0),
(10502, 'V80', 'Animal-rider or occupant of animal-drawn vehicle injured intransport accident', 'V08', 0),
(10503, 'V80.0', 'Rider or occupant injured by fall from or being thrown from animalor animal-drawn vehicle in noncoll', 'V08', 0),
(10504, 'V80.1', 'Rider or occupant injured in collision with pedestrian or animal', 'V08', 0),
(10505, 'V80.2', 'Rider or occupant injured in collision with pedal cycle', 'V08', 0),
(10506, 'V80.3', 'Rider or occupant injured in collision with two- or three-wheeledmotor vehicle', 'V08', 0),
(10507, 'V80.4', 'Rider or occupant injured in collision with car, pick-up truck, van,heavy transport vehicle or bus', 'V08', 0),
(10508, 'V80.5', 'Rider or occupant injured in collision with other specified motorvehicle', 'V08', 0),
(10509, 'V80.6', 'Rider or occupant injured in collision with railway train or railwayvehicle', 'V08', 0),
(10510, 'V80.7', 'Rider or occupant injured in collision with other nonmotor vehicle', 'V08', 0),
(10511, 'V80.8', 'Rider or occupant injured in collision with fixed or stationaryobject', 'V08', 0),
(10512, 'V80.9', 'Rider or occupant injured in other and unspecified transportaccidents', 'V08', 0),
(10513, 'V81', 'Occupant of railway train or railway vehicle injured in transportaccident', 'V08', 0),
(10514, 'V81.0', 'Occupant of railway train or railway vehicle injured in collisionwith motor vehicle in nontraffic ac', 'V08', 0),
(10515, 'V81.1', 'Occupant of railway train or railway vehicle injured in collisionwith motor vehicle in traffic accid', 'V08', 0),
(10516, 'V81.2', 'Occupant of railway train or railway vehicle injured in collisionwith or hit by rolling stock', 'V08', 0),
(10517, 'V81.3', 'Occupant of railway train or railway vehicle injured in collisionwith other object', 'V08', 0),
(10518, 'V81.4', 'Person injured while boarding or alighting from railway train orrailway vehicle', 'V08', 0),
(10519, 'V81.5', 'Occupant of railway train or railway vehicle injured by fall inrailway train or railway vehicle', 'V08', 0),
(10520, 'V81.6', 'Occupant of railway train or railway vehicle injured by fall fromrailway train or railway vehicle', 'V08', 0),
(10521, 'V81.7', 'Occupant of railway train or railway vehicle injured in derailmentwithout antecedent collision', 'V08', 0),
(10522, 'V81.8', 'Occupant of railway train or railway vehicle injured in otherspecified railway accidents', 'V08', 0),
(10523, 'V81.9', 'Occupant of railway train or railway vehicle injured in unspecifiedrailway accident', 'V08', 0),
(10524, 'V82', 'Occupant of streetcar injured in transport accident', 'V08', 0),
(10525, 'V82.0', 'Occupant of streetcar injured in collision with motor vehicle innontraffic accident', 'V08', 0),
(10526, 'V82.1', 'Occupant of streetcar injured in collision with motor vehicle intraffic accident', 'V08', 0),
(10527, 'V82.2', 'Occupant of streetcar injured in collision with or hit by rollingstock', 'V08', 0),
(10528, 'V82.3', 'Occupant of streetcar injured in collision with other object', 'V08', 0),
(10529, 'V82.4', 'Person injured while boarding or alighting from streetcar', 'V08', 0),
(10530, 'V82.5', 'Occupant of streetcar injured by fall in streetcar', 'V08', 0),
(10531, 'V82.6', 'Occupant of streetcar injured by fall from streetcar', 'V08', 0),
(10532, 'V82.7', 'Occupant of streetcar injured in derailment without antecedentcollision', 'V08', 0),
(10533, 'V82.8', 'Occupant of streetcar injured in other specified transport accidents', 'V08', 0),
(10534, 'V82.9', 'Occupant of streetcar injured in unspecified traffic accident', 'V08', 0),
(10535, 'V83', 'Occupant of special vehicle mainly used on industrial premisesinjured in transport accident', 'V08', 0),
(10536, 'V83.0', 'Driver of special industrial vehicle injured in traffic accident', 'V08', 0),
(10537, 'V83.1', 'Passenger of special industrial vehicle injured in traffic accident', 'V08', 0),
(10538, 'V83.2', 'Person on outside of special industrial vehicle injured in trafficaccident', 'V08', 0),
(10539, 'V83.3', 'Unspecified occupant of special industrial vehicle injured intraffic accident', 'V08', 0),
(10540, 'V83.4', 'Person injured while boarding or alighting from special industrialvehicle', 'V08', 0),
(10541, 'V83.5', 'Driver of special industrial vehicle injured in nontraffic accident', 'V08', 0),
(10542, 'V83.6', 'Passenger of special industrial vehicle injured in nontrafficaccident', 'V08', 0),
(10543, 'V83.7', 'Person on outside of special industrial vehicle injured innontraffic accident', 'V08', 0),
(10544, 'V83.9', 'Unspecified occupant of special industrial vehicle injured innontraffic accident', 'V08', 0),
(10545, 'V84', 'Occupant of special vehicle mainly used in agriculture injured intransport accident', 'V08', 0),
(10546, 'V84.0', 'Driver of special agricultural vehicle injured in traffic accident', 'V08', 0),
(10547, 'V84.1', 'Passenger of special agricultural vehicle injured in trafficaccident', 'V08', 0),
(10548, 'V84.2', 'Person on outside of special agricultural vehicle injured in trafficaccident', 'V08', 0),
(10549, 'V84.3', 'Unspecified occupant of special agricultural vehicle injured intraffic accident', 'V08', 0),
(10550, 'V84.4', 'Person injured while boarding or alighting from special agriculturalvehicle', 'V08', 0),
(10551, 'V84.5', 'Driver of special agricultural vehicle injured in nontrafficaccident', 'V08', 0),
(10552, 'V84.6', 'Passenger of special agricultural vehicle injured in nontrafficaccident', 'V08', 0),
(10553, 'V84.7', 'Person on outside of special agricultural vehicle injured innontraffic accident', 'V08', 0),
(10554, 'V84.9', 'Unspecified occupant of special agricultural vehicle injured innontraffic accident', 'V08', 0),
(10555, 'V85', 'Occupant of special construction vehicle injured in transportaccident', 'V08', 0),
(10556, 'V85.0', 'Driver of special construction vehicle injured in traffic accident', 'V08', 0),
(10557, 'V85.1', 'Passenger of special construction vehicle injured in trafficaccident', 'V08', 0),
(10558, 'V85.2', 'Person on outside of special construction vehicle injured in trafficaccident', 'V08', 0),
(10559, 'V85.3', 'Unspecified occupant of special construction vehicle injured intraffic accident', 'V08', 0),
(10560, 'V85.4', 'Person injured while boarding or alighting from special constructionvehicle', 'V08', 0),
(10561, 'V85.5', 'Driver of special construction vehicle injured in nontrafficaccident', 'V08', 0),
(10562, 'V85.6', 'Passenger of special construction vehicle injured in nontrafficaccident', 'V08', 0),
(10563, 'V85.7', 'Person on outside of special construction vehicle injured innontraffic accident', 'V08', 0),
(10564, 'V85.9', 'Unspecified occupant of special construction vehicle injured innontraffic accident', 'V08', 0),
(10565, 'V86', 'Occupant of special all-terrain or other motor vehicle designedprimarily for off-road use, injured i', 'V08', 0),
(10566, 'V86.0', 'Driver of all-terrain or other off-road motor vehicle injured intraffic accident', 'V08', 0),
(10567, 'V86.1', 'Passenger of all-terrain or other off-road motor vehicle injured intraffic accident', 'V08', 0),
(10568, 'V86.2', 'Person on outside of all-terrain or other off-road motor vehicleinjured in traffic accident', 'V08', 0),
(10569, 'V86.3', 'Unspecified occupant of all-terrain or other off-road motor vehicleinjured in traffic accident', 'V08', 0),
(10570, 'V86.4', 'Person injured while boarding or alighting from all-terrain or otheroff-road motor vehicle', 'V08', 0),
(10571, 'V86.5', 'Driver of all-terrain or other off-road motor vehicle injured innontraffic accident', 'V08', 0),
(10572, 'V86.6', 'Passenger of all-terrain or other off-road motor vehicle injured innontraffic accident', 'V08', 0),
(10573, 'V86.7', 'Person on outside of all-terrain or other off-road motor vehicleinjured in nontraffic accident', 'V08', 0),
(10574, 'V86.9', 'Unspecified occupant of all-terrain or other off-road motor vehicleinjured in nontraffic accident', 'V08', 0);
INSERT INTO `icd_penyakit` (`id`, `kode_penyakit`, `nama_penyakit`, `subkelompok`, `dtd_id`) VALUES
(10575, 'V87', 'Traffic accident of specified type but victim''s mode of transportunknown', 'V08', 0),
(10576, 'V87.0', 'Person injured in collision between car and two- or three-wheeledmotor vehicle (traffic)', 'V08', 0),
(10577, 'V87.1', 'Person injured in collision between other motor vehicle and two- orthree-wheeled motor vehicle (traf', 'V08', 0),
(10578, 'V87.2', 'Person injured in collision between car and pick-up truck or van(traffic)', 'V08', 0),
(10579, 'V87.3', 'Person injured in collision between car and bus (traffic)', 'V08', 0),
(10580, 'V87.4', 'Person injured in collision between car and heavy transport vehicle(traffic)', 'V08', 0),
(10581, 'V87.5', 'Person injured in collision between heavy transport vehicle and bus(traffic)', 'V08', 0),
(10582, 'V87.6', 'Person injured in collision between railway train or railway vehicleand car (traffic)', 'V08', 0),
(10583, 'V87.7', 'Person injured in collision between other specified motor vehicles(traffic)', 'V08', 0),
(10584, 'V87.8', 'Person injured in other specified noncollision transport accidentsinvolving motor vehicle (traffic)', 'V08', 0),
(10585, 'V87.9', 'Person injured in other specified (collision)(noncollision)transport accidents involving nonmotor ve', 'V08', 0),
(10586, 'V88', 'Nontraffic accident of specified type but victim''s mode of transportunknown', 'V08', 0),
(10587, 'V88.0', 'Person injured in collision between car and two- or three-wheeledmotor vehicle, nontraffic', 'V08', 0),
(10588, 'V88.1', 'Person injured in collision between other motor vehicle and two- orthree-wheeled motor vehicle, nont', 'V08', 0),
(10589, 'V88.2', 'Person injured in collision between car and pick-up truck or van,nontraffic', 'V08', 0),
(10590, 'V88.3', 'Person injured in collision between car and bus, nontraffic', 'V08', 0),
(10591, 'V88.4', 'Person injured in collision between car and heavy transport vehicle,nontraffic', 'V08', 0),
(10592, 'V88.5', 'Person injured in collision between heavy transport vehicle and bus,nontraffic', 'V08', 0),
(10593, 'V88.6', 'Person injured in collision between railway train or railway vehicleand car, nontraffic', 'V08', 0),
(10594, 'V88.7', 'Person injured in collision between other specified motor vehicles,nontraffic', 'V08', 0),
(10595, 'V88.8', 'Person injured in other specified noncollision transport accidentsinvolving motor vehicle, nontraffi', 'V08', 0),
(10596, 'V88.9', 'Person injured in other specified (collision)(noncollision)transport accidents involving nonmotor ve', 'V08', 0),
(10597, 'V89', 'Motor- or nonmotor-vehicle accident, type of vehicle unspecified', 'V08', 0),
(10598, 'V89.0', 'Person injured in unspecified motor-vehicle accident, nontraffic', 'V08', 0),
(10599, 'V89.1', 'Person injured in unspecified nonmotor-vehicle accident, nontraffic', 'V08', 0),
(10600, 'V89.2', 'Person injured in unspecified motor-vehicle accident, traffic', 'V08', 0),
(10601, 'V89.3', 'Person injured in unspecified nonmotor-vehicle accident, traffic', 'V08', 0),
(10602, 'V89.9', 'Person injured in unspecified vehicle accident', 'V08', 0),
(10603, 'V90', 'Accident to watercraft causing drowning and submersion', 'V09', 0),
(10604, 'V90.0', 'Accident to watercraft causing drowning and submersion, merchantship', 'V09', 0),
(10605, 'V90.1', 'Accident to watercraft causing drowning and submersion, passengership', 'V09', 0),
(10606, 'V90.2', 'Accident to watercraft causing drowning and submersion, fishing boat', 'V09', 0),
(10607, 'V90.3', 'Accident to watercraft causing drowning and submersion, otherpowered watercraft', 'V09', 0),
(10608, 'V90.4', 'Accident to watercraft causing drowning and submersion, sailboat', 'V09', 0),
(10609, 'V90.5', 'Accident to watercraft causing drowning and submersion, canoe orkayak', 'V09', 0),
(10610, 'V90.6', 'Accident to watercraft causing drowning and submersion, inflatablecraft (nonpowered)', 'V09', 0),
(10611, 'V90.7', 'Accident to watercraft causing drowning and submersion, water-skis', 'V09', 0),
(10612, 'V90.8', 'Accident to watercraft causing drowning and submersion, otherunpowered watercraft', 'V09', 0),
(10613, 'V90.9', 'Accident to watercraft causing drowning and submersion, unspecifiedwatercraft', 'V09', 0),
(10614, 'V91', 'Accident to watercraft causing other injury', 'V09', 0),
(10615, 'V91.0', 'Accident to watercraft causing other injury, merchant ship', 'V09', 0),
(10616, 'V91.1', 'Accident to watercraft causing other injury, passenger ship', 'V09', 0),
(10617, 'V91.2', 'Accident to watercraft causing other injury, fishing boat', 'V09', 0),
(10618, 'V91.3', 'Accident to watercraft causing other injury, other poweredwatercraft', 'V09', 0),
(10619, 'V91.4', 'Accident to watercraft causing other injury, sailboat', 'V09', 0),
(10620, 'V91.5', 'Accident to watercraft causing other injury, canoe or kayak', 'V09', 0),
(10621, 'V91.6', 'Accident to watercraft causing other injury, inflatable craft(nonpowered)', 'V09', 0),
(10622, 'V91.7', 'Accident to watercraft causing other injury, water-skis', 'V09', 0),
(10623, 'V91.8', 'Accident to watercraft causing other injury, other unpoweredwatercraft', 'V09', 0),
(10624, 'V91.9', 'Accident to watercraft causing other injury, unspecified watercraft', 'V09', 0),
(10625, 'V92', 'Water-transport-related drowning and submersion without accident towatercraft', 'V09', 0),
(10626, 'V92.0', 'Water-transport-related drowning and submersion without accident towatercraft, merchant ship', 'V09', 0),
(10627, 'V92.1', 'Water-transport-related drowning and submersion without accident towatercraft, passenger ship', 'V09', 0),
(10628, 'V92.2', 'Water-transport-related drowning and submersion without accident towatercraft, fishing boat', 'V09', 0),
(10629, 'V92.3', 'Water-transport-related drowning and submersion without accident towatercraft, other powered watercr', 'V09', 0),
(10630, 'V92.4', 'Water-transport-related drowning and submersion without accident towatercraft, sailboat', 'V09', 0),
(10631, 'V92.5', 'Water-transport-related drowning and submersion without accident towatercraft, canoe or kayak', 'V09', 0),
(10632, 'V92.6', 'Water-transport-related drowning and submersion without accident towatercraft, inflatable craft (non', 'V09', 0),
(10633, 'V92.7', 'Water-transport-related drowning and submersion without accident towatercraft, water-skis', 'V09', 0),
(10634, 'V92.8', 'Water-transport-related drowning and submersion without accident towatercraft, other unpowered water', 'V09', 0),
(10635, 'V92.9', 'Water-transport-related drowning and submersion without accident towatercraft, unspecified watercraf', 'V09', 0),
(10636, 'V93', 'Accident on board watercraft without accident to watercraft, notcausing drowning and submersion', 'V09', 0),
(10637, 'V93.0', 'Accident on board watercraft without accident to watercraft, notcausing drowning and submersion, mer', 'V09', 0),
(10638, 'V93.1', 'Accident on board watercraft without accident to watercraft, notcausing drowning and submersion, pas', 'V09', 0),
(10639, 'V93.2', 'Accident on board watercraft without accident to watercraft, notcausing drowning and submersion, fis', 'V09', 0),
(10640, 'V93.3', 'Accident on board watercraft without accident to watercraft, notcausing drowning and submersion, oth', 'V09', 0),
(10641, 'V93.4', 'Accident on board watercraft without accident to watercraft, notcausing drowning and submersion, sai', 'V09', 0),
(10642, 'V93.5', 'Accident on board watercraft without accident to watercraft, notcausing drowning and submersion, can', 'V09', 0),
(10643, 'V93.6', 'Accident on board watercraft without accident to watercraft, notcausing drowning and submersion, inf', 'V09', 0),
(10644, 'V93.7', 'Accident on board watercraft without accident to watercraft, notcausing drowning and submersion, wat', 'V09', 0),
(10645, 'V93.8', 'Accident on board watercraft without accident to watercraft, notcausing drowning and submersion, oth', 'V09', 0),
(10646, 'V93.9', 'Accident on board watercraft without accident to watercraft, notcausing drowning and submersion, uns', 'V09', 0),
(10647, 'V94', 'Other and unspecified water transport accidents', 'V09', 0),
(10648, 'V94.0', 'Other and unspecified water transport accidents, merchant ship', 'V09', 0),
(10649, 'V94.1', 'Other and unspecified water transport accidents, passenger ship', 'V09', 0),
(10650, 'V94.2', 'Other and unspecified water transport accidents, fishing boat', 'V09', 0),
(10651, 'V94.3', 'Other and unspecified water transport accidents, other poweredwatercraft', 'V09', 0),
(10652, 'V94.4', 'Other and unspecified water transport accidents, sailboat', 'V09', 0),
(10653, 'V94.5', 'Other and unspecified water transport accidents, canoe or kayak', 'V09', 0),
(10654, 'V94.6', 'Other and unspecified water transport accidents, inflatable craft(nonpowered)', 'V09', 0),
(10655, 'V94.7', 'Other and unspecified water transport accidents, water-skis', 'V09', 0),
(10656, 'V94.8', 'Other and unspecified water transport accidents, other unpoweredwatercraft', 'V09', 0),
(10657, 'V94.9', 'Other and unspecified water transport accidents, unspecifiedwatercraft', 'V09', 0),
(10658, 'V95', 'Accident to powered aircraft causing injury to occupant', 'V10', 0),
(10659, 'V95.0', 'Helicopter accident injuring occupant', 'V10', 0),
(10660, 'V95.1', 'Ultralight, microlight or powered-glider accident injuring occupant', 'V10', 0),
(10661, 'V95.2', 'Accident to other private fixed-wing aircraft, injuring occupant', 'V10', 0),
(10662, 'V95.3', 'Accident to commercial fixed-wing aircraft, injuring occupant', 'V10', 0),
(10663, 'V95.4', 'Spacecraft accident injuring occupant', 'V10', 0),
(10664, 'V95.8', 'Other aircraft accidents injuring occupant', 'V10', 0),
(10665, 'V95.9', 'Unspecified aircraft accident injuring occupant', 'V10', 0),
(10666, 'V96', 'Accident to nonpowered aircraft causing injury to occupant', 'V10', 0),
(10667, 'V96.0', 'Balloon accident injuring occupant', 'V10', 0),
(10668, 'V96.1', 'Hang-glider accident injuring occupant', 'V10', 0),
(10669, 'V96.2', 'Glider (nonpowered) accident injuring occupant', 'V10', 0),
(10670, 'V96.8', 'Other nonpowered-aircraft accidents injuring occupant', 'V10', 0),
(10671, 'V96.9', 'Unspecified nonpowered-aircraft accident injuring occupant', 'V10', 0),
(10672, 'V97', 'Other specified air transport accidents', 'V10', 0),
(10673, 'V97.0', 'Occupant of aircraft injured in other specified air transportaccidents', 'V10', 0),
(10674, 'V97.1', 'Person injured while boarding or alighting from aircraft', 'V10', 0),
(10675, 'V97.2', 'Parachutist injured in air transport accident', 'V10', 0),
(10676, 'V97.3', 'Person on ground injured in air transport accident', 'V10', 0),
(10677, 'V97.8', 'Other air transport accidents, not elsewhere classified', 'V10', 0),
(10678, 'V98', 'Other specified transport accidents', 'V11', 0),
(10679, 'V99', 'Unspecified transport accident', 'V11', 0),
(10680, 'W00', 'Fall on same level involving ice and snow', 'V12', 0),
(10681, 'W01', 'Fall on same level from slipping, tripping and stumbling', 'V12', 0),
(10682, 'W02', 'Fall involving ice-skates, skis, roller-skates or skateboards', 'V12', 0),
(10683, 'W03', 'Other fall on same level due to collision with, or pushing by,another person', 'V12', 0),
(10684, 'W04', 'Fall while being carried or supported by other persons', 'V12', 0),
(10685, 'W05', 'Fall involving wheelchair', 'V12', 0),
(10686, 'W06', 'Fall involving bed', 'V12', 0),
(10687, 'W07', 'Fall involving chair', 'V12', 0),
(10688, 'W08', 'Fall involving other furniture', 'V12', 0),
(10689, 'W09', 'Fall involving playground equipment', 'V12', 0),
(10690, 'W10', 'Fall on and from stairs and steps', 'V12', 0),
(10691, 'W11', 'Fall on and from ladder', 'V12', 0),
(10692, 'W12', 'Fall on and from scaffolding', 'V12', 0),
(10693, 'W13', 'Fall from, out of or through building or structure', 'V12', 0),
(10694, 'W14', 'Fall from tree', 'V12', 0),
(10695, 'W15', 'Fall from cliff', 'V12', 0),
(10696, 'W16', 'Diving or jumping into water causing injury other than drowning orsubmersion', 'V12', 0),
(10697, 'W17', 'Other fall from one level to another', 'V12', 0),
(10698, 'W18', 'Other fall on same level', 'V12', 0),
(10699, 'W19', 'Unspecified fall', 'V12', 0),
(10700, 'W20', 'Struck by thrown, projected or falling object', 'V13', 0),
(10701, 'W21', 'Striking against or struck by sports equipment', 'V13', 0),
(10702, 'W22', 'Striking against or struck by other objects', 'V13', 0),
(10703, 'W23', 'Caught, crushed, jammed or pinched in or between objects', 'V13', 0),
(10704, 'W24', 'Contact with lifting and transmission devices, not elsewhereclassified', 'V13', 0),
(10705, 'W25', 'Contact with sharp glass', 'V13', 0),
(10706, 'W26', 'Contact with knife, sword or dagger', 'V13', 0),
(10707, 'W27', 'Contact with nonpowered hand tool', 'V13', 0),
(10708, 'W28', 'Contact with powered lawnmower', 'V13', 0),
(10709, 'W29', 'Contact with other powered hand tools and household machinery', 'V13', 0),
(10710, 'W30', 'Contact with agricultural machinery', 'V13', 0),
(10711, 'W31', 'Contact with other and unspecified machinery', 'V13', 0),
(10712, 'W32', 'Handgun discharge', 'V13', 0),
(10713, 'W33', 'Rifle, shotgun and larger firearm discharge', 'V13', 0),
(10714, 'W34', 'Discharge from other and unspecified firearms', 'V13', 0),
(10715, 'W35', 'Explosion and rupture of boiler', 'V13', 0),
(10716, 'W36', 'Explosion and rupture of gas cylinder', 'V13', 0),
(10717, 'W37', 'Explosion and rupture of pressurized tyre, pipe or hose', 'V13', 0),
(10718, 'W38', 'Explosion and rupture of other specified pressurized devices', 'V13', 0),
(10719, 'W39', 'Discharge of firework', 'V13', 0),
(10720, 'W40', 'Explosion of other materials', 'V13', 0),
(10721, 'W41', 'Exposure to high-pressure jet', 'V13', 0),
(10722, 'W42', 'Exposure to noise', 'V13', 0),
(10723, 'W43', 'Exposure to vibration', 'V13', 0),
(10724, 'W44', 'Foreign body entering into or through eye or natural orifice', 'V13', 0),
(10725, 'W45', 'Foreign body or object entering through skin', 'V13', 0),
(10726, 'W49', 'Exposure to other and unspecified inanimate mechanical forces', 'V13', 0),
(10727, 'W50', 'Hit, struck, kicked, twisted, bitten or scratched by another person', 'V14', 0),
(10728, 'W51', 'Striking against or bumped into by another person', 'V14', 0),
(10729, 'W52', 'Crushed, pushed or stepped on by crowd or human stampede', 'V14', 0),
(10730, 'W53', 'Bitten by rat', 'V14', 0),
(10731, 'W54', 'Bitten or struck by dog', 'V14', 0),
(10732, 'W55', 'Bitten or struck by other mammals', 'V14', 0),
(10733, 'W56', 'Contact with marine animal', 'V14', 0),
(10734, 'W57', 'Bitten or stung by nonvenomous insect and other nonvenomousarthropods', 'V14', 0),
(10735, 'W58', 'Bitten or struck by crocodile or alligator', 'V14', 0),
(10736, 'W59', 'Bitten or crushed by other reptiles', 'V14', 0),
(10737, 'W60', 'Contact with plant thorns and spines and sharp leaves', 'V14', 0),
(10738, 'W64', 'Exposure to other and unspecified animate mechanical forces', 'V14', 0),
(10739, 'W65', 'Drowning and submersion while in bath-tub', 'V15', 0),
(10740, 'W66', 'Drowning and submersion following fall into bath-tub', 'V15', 0),
(10741, 'W67', 'Drowning and submersion while in swimming-pool', 'V15', 0),
(10742, 'W68', 'Drowning and submersion following fall into swimming-pool', 'V15', 0),
(10743, 'W69', 'Drowning and submersion while in natural water', 'V15', 0),
(10744, 'W70', 'Drowning and submersion following fall into natural water', 'V15', 0),
(10745, 'W73', 'Other specified drowning and submersion', 'V15', 0),
(10746, 'W74', 'Unspecified drowning and submersion', 'V15', 0),
(10747, 'W75', 'Accidental suffocation and strangulation in bed', 'V16', 0),
(10748, 'W76', 'Other accidental hanging and strangulation', 'V16', 0),
(10749, 'W77', 'Threat to breathing due to cave-in, falling earth and othersubstances', 'V16', 0),
(10750, 'W78', 'Inhalation of gastric contents', 'V16', 0),
(10751, 'W79', 'Inhalation and ingestion of food causing obstruction of respiratorytract', 'V16', 0),
(10752, 'W80', 'Inhalation and ingestion of other objects causing obstruction ofrespiratory tract', 'V16', 0),
(10753, 'W81', 'Confined to or trapped in a low-oxygen environment', 'V16', 0),
(10754, 'W83', 'Other specified threats to breathing', 'V16', 0),
(10755, 'W84', 'Unspecified threat to breathing', 'V16', 0),
(10756, 'W85', 'Exposure to electric transmission lines', 'V17', 0),
(10757, 'W86', 'Exposure to other specified electric current', 'V17', 0),
(10758, 'W87', 'Exposure to unspecified electric current', 'V17', 0),
(10759, 'W88', 'Exposure to ionizing radiation', 'V17', 0),
(10760, 'W89', 'Exposure to man-made visible and ultraviolet light', 'V17', 0),
(10761, 'W90', 'Exposure to other nonionizing radiation', 'V17', 0),
(10762, 'W91', 'Exposure to unspecified type of radiation', 'V17', 0),
(10763, 'W92', 'Exposure to excessive heat of man-made origin', 'V17', 0),
(10764, 'W93', 'Exposure to excessive cold of man-made origin', 'V17', 0),
(10765, 'W94', 'Exposure to high and low air pressure and changes in air pressure', 'V17', 0),
(10766, 'W99', 'Exposure to other and unspecified man-made environmental factors', 'V17', 0),
(10767, 'X00', 'Exposure to uncontrolled fire in building or structure', 'V18', 0),
(10768, 'X01', 'Exposure to uncontrolled fire, not in building or structure', 'V18', 0),
(10769, 'X02', 'Exposure to controlled fire in building or structure', 'V18', 0),
(10770, 'X03', 'Exposure to controlled fire, not in building or structure', 'V18', 0),
(10771, 'X04', 'Exposure to ignition of highly flammable material', 'V18', 0),
(10772, 'X05', 'Exposure to ignition or melting of nightwear', 'V18', 0),
(10773, 'X06', 'Exposure to ignition or melting of other clothing and apparel', 'V18', 0),
(10774, 'X08', 'Exposure to other specified smoke, fire and flames', 'V18', 0),
(10775, 'X09', 'Exposure to unspecified smoke, fire and flames', 'V18', 0),
(10776, 'X10', 'Contact with hot drinks, food, fats and cooking oils', 'V19', 0),
(10777, 'X11', 'Contact with hot tap-water', 'V19', 0),
(10778, 'X12', 'Contact with other hot fluids', 'V19', 0),
(10779, 'X13', 'Contact with steam and hot vapours', 'V19', 0),
(10780, 'X14', 'Contact with hot air and gases', 'V19', 0),
(10781, 'X15', 'Contact with hot household appliances', 'V19', 0),
(10782, 'X16', 'Contact with hot heating appliances, radiators and pipes', 'V19', 0),
(10783, 'X17', 'Contact with hot engines, machinery and tools', 'V19', 0),
(10784, 'X18', 'Contact with other hot metals', 'V19', 0),
(10785, 'X19', 'Contact with other and unspecified heat and hot substances', 'V19', 0),
(10786, 'X20', 'Contact with venomous snakes and lizards', 'V20', 0),
(10787, 'X21', 'Contact with venomous spiders', 'V20', 0),
(10788, 'X22', 'Contact with scorpions', 'V20', 0),
(10789, 'X23', 'Contact with hornets, wasps and bees', 'V20', 0),
(10790, 'X24', 'Contact with centipedes and venomous millipedes (tropical)', 'V20', 0),
(10791, 'X25', 'Contact with other specified venomous arthropods', 'V20', 0),
(10792, 'X26', 'Contact with venomous marine animals and plants', 'V20', 0),
(10793, 'X27', 'Contact with other specified venomous animals', 'V20', 0),
(10794, 'X28', 'Contact with other specified venomous plants', 'V20', 0),
(10795, 'X29', 'Contact with unspecified venomous animal or plant', 'V20', 0),
(10796, 'X30', 'Exposure to excessive natural heat', 'V21', 0),
(10797, 'X31', 'Exposure to excessive natural cold', 'V21', 0),
(10798, 'X32', 'Exposure to sunlight', 'V21', 0),
(10799, 'X33', 'Victim of lightning', 'V21', 0),
(10800, 'X34', 'Victim of earthquake', 'V21', 0),
(10801, 'X35', 'Victim of volcanic eruption', 'V21', 0),
(10802, 'X36', 'Victim of avalanche, landslide and other earth movements', 'V21', 0),
(10803, 'X37', 'Victim of cataclysmic storm', 'V21', 0),
(10804, 'X38', 'Victim of flood', 'V21', 0),
(10805, 'X39', 'Exposure to other and unspecified forces of nature', 'V21', 0),
(10806, 'X40', 'Accidental poisoning by and exposure to nonopioid analgesics,antipyretics and antirheumatics', 'V22', 0),
(10807, 'X41', 'Accidental poisoning by and exposure to antiepileptic,sedative-hypnotic, antiparkinsonism and psycho', 'V22', 0),
(10808, 'X42', 'Accidental poisoning by and exposure to narcotics andpsychodysleptics [hallucinogens], not elsewhere', 'V22', 0),
(10809, 'X43', 'Accidental poisoning by and exposure to other drugs acting on theautonomic nervous system', 'V22', 0),
(10810, 'X44', 'Accidental poisoning by and exposure to other and unspecified drugs,medicaments and biological subst', 'V22', 0),
(10811, 'X45', 'Accidental poisoning by and exposure to alcohol', 'V22', 0),
(10812, 'X46', 'Accidental poisoning by and exposure to organic solvents andhalogenated hydrocarbons and their vapou', 'V22', 0),
(10813, 'X47', 'Accidental poisoning by and exposure to other gases and vapours', 'V22', 0),
(10814, 'X48', 'Accidental poisoning by and exposure to pesticides', 'V22', 0),
(10815, 'X49', 'Accidental poisoning by and exposure to other and unspecifiedchemicals and noxious substances', 'V22', 0),
(10816, 'X50', 'Overexertion and strenuous or repetitive movements', 'V23', 0),
(10817, 'X51', 'Travel and motion', 'V23', 0),
(10818, 'X52', 'Prolonged stay in weightless environment', 'V23', 0),
(10819, 'X53', 'Lack of food', 'V23', 0),
(10820, 'X54', 'Lack of water', 'V23', 0),
(10821, 'X57', 'Unspecified privation', 'V23', 0),
(10822, 'X58', 'Exposure to other specified factors', 'V24', 0),
(10823, 'X59', 'Exposure to unspecified factor', 'V24', 0),
(10824, 'X60', 'Intentional self-poisoning by and exposure to nonopioid analgesics,antipyretics and antirheumatics', 'V25', 0),
(10825, 'X61', 'Intentional self-poisoning by and exposure to antiepileptic,sedative-hypnotic, antiparkinsonism and', 'V25', 0),
(10826, 'X62', 'Intentional self-poisoning by and exposure to narcotics andpsychodysleptics [hallucinogens], not els', 'V25', 0),
(10827, 'X63', 'Intentional self-poisoning by and exposure to other drugs acting onthe autonomic nervous system', 'V25', 0),
(10828, 'X64', 'Intentional self-poisoning by and exposure to other and unspecifieddrugs, medicaments and biological', 'V25', 0),
(10829, 'X65', 'Intentional self-poisoning by and exposure to alcohol', 'V25', 0),
(10830, 'X66', 'Intentional self-poisoning by and exposure to organic solvents andhalogenated hydrocarbons and their', 'V25', 0),
(10831, 'X67', 'Intentional self-poisoning by and exposure to other gases andvapours', 'V25', 0),
(10832, 'X68', 'Intentional self-poisoning by and exposure to pesticides', 'V25', 0),
(10833, 'X69', 'Intentional self-poisoning by and exposure to other and unspecifiedchemicals and noxious substances', 'V25', 0),
(10834, 'X70', 'Intentional self-harm by hanging, strangulation and suffocation', 'V25', 0),
(10835, 'X71', 'Intentional self-harm by drowning and submersion', 'V25', 0),
(10836, 'X72', 'Intentional self-harm by handgun discharge', 'V25', 0),
(10837, 'X73', 'Intentional self-harm by rifle, shotgun and larger firearm discharge', 'V25', 0),
(10838, 'X74', 'Intentional self-harm by other and unspecified firearm discharge', 'V25', 0),
(10839, 'X75', 'Intentional self-harm by explosive material', 'V25', 0),
(10840, 'X76', 'Intentional self-harm by smoke, fire and flames', 'V25', 0),
(10841, 'X77', 'Intentional self-harm by steam, hot vapours and hot objects', 'V25', 0),
(10842, 'X78', 'Intentional self-harm by sharp object', 'V25', 0),
(10843, 'X79', 'Intentional self-harm by blunt object', 'V25', 0),
(10844, 'X80', 'Intentional self-harm by jumping from a high place', 'V25', 0),
(10845, 'X81', 'Intentional self-harm by jumping or lying before moving object', 'V25', 0),
(10846, 'X82', 'Intentional self-harm by crashing of motor vehicle', 'V25', 0),
(10847, 'X83', 'Intentional self-harm by other specified means', 'V25', 0),
(10848, 'X84', 'Intentional self-harm by unspecified means', 'V25', 0),
(10849, 'X85', 'Assault by drugs, medicaments and biological substances', 'X 85 ? Y 0', 0),
(10850, 'X86', 'Assault by corrosive substance', 'V26', 0),
(10851, 'X87', 'Assault by pesticides', 'V26', 0),
(10852, 'X88', 'Assault by gases and vapours', 'V26', 0),
(10853, 'X89', 'Assault by other specified chemicals and noxious substances', 'V26', 0),
(10854, 'X90', 'Assault by unspecified chemical or noxious substance', 'V26', 0),
(10855, 'X91', 'Assault by hanging, strangulation and suffocation', 'V26', 0),
(10856, 'X92', 'Assault by drowning and submersion', 'V26', 0),
(10857, 'X93', 'Assault by handgun discharge', 'V26', 0),
(10858, 'X94', 'Assault by rifle, shotgun and larger firearm discharge', 'V26', 0),
(10859, 'X95', 'Assault by other and unspecified firearm discharge', 'V26', 0),
(10860, 'X96', 'Assault by explosive material', 'V26', 0),
(10861, 'X97', 'Assault by smoke, fire and flames', 'V26', 0),
(10862, 'X98', 'Assault by steam, hot vapours and hot objects', 'V26', 0),
(10863, 'X99', 'Assault by sharp object', 'V26', 0),
(10864, 'Y00', 'Assault by blunt object', 'V26', 0),
(10865, 'Y01', 'Assault by pushing from high place', 'V26', 0),
(10866, 'Y02', 'Assault by pushing or placing victim before moving object', 'V26', 0),
(10867, 'Y03', 'Assault by crashing of motor vehicle', 'V26', 0),
(10868, 'Y04', 'Assault by bodily force', 'V26', 0),
(10869, 'Y05', 'Sexual assault by bodily force', 'V26', 0),
(10870, 'Y06', 'Neglect and abandonment', 'V26', 0),
(10871, 'Y06.0', 'By spouse or partner', 'V26', 0),
(10872, 'Y06.1', 'By parent', 'V26', 0),
(10873, 'Y06.2', 'By acquaintance or friend', 'V26', 0),
(10874, 'Y06.8', 'By other specified persons', 'V26', 0),
(10875, 'Y06.9', 'By unspecified person', 'V26', 0),
(10876, 'Y07', 'Other maltreatment syndromes', 'V26', 0),
(10877, 'Y07.0', 'By spouse or partner', 'V26', 0),
(10878, 'Y07.1', 'By parent', 'V26', 0),
(10879, 'Y07.2', 'By acquaintance or friend', 'V26', 0),
(10880, 'Y07.3', 'By official authorities', 'V26', 0),
(10881, 'Y07.8', 'By other specified persons', 'V26', 0),
(10882, 'Y07.9', 'By unspecified person', 'V26', 0),
(10883, 'Y08', 'Assault by other specified means', 'V26', 0),
(10884, 'Y09', 'Assault by unspecified means', 'V26', 0),
(10885, 'Y10', 'Poisoning by and exposure to nonopioid analgesics, antipyretics andantirheumatics, undetermined inte', 'V27', 0),
(10886, 'Y11', 'Poisoning by and exposure to antiepileptic, sedative-hypnotic,antiparkinsonism and psychotropic drug', 'V27', 0),
(10887, 'Y12', 'Poisoning by and exposure to narcotics and psychodysleptics[hallucinogens], not elsewhere classified', 'V27', 0),
(10888, 'Y13', 'Poisoning by and exposure to other drugs acting on the autonomicnervous system, undetermined intent', 'V27', 0),
(10889, 'Y14', 'Poisoning by and exposure to other and unspecified drugs,medicaments and biological substances, unde', 'V27', 0),
(10890, 'Y15', 'Poisoning by and exposure to alcohol, undetermined intent', 'V27', 0),
(10891, 'Y16', 'Poisoning by and exposure to organic solvents and halogenatedhydrocarbons and their vapours, undeter', 'V27', 0),
(10892, 'Y17', 'Poisoning by and exposure to other gases and vapours, undeterminedintent', 'V27', 0),
(10893, 'Y18', 'Poisoning by and exposure to pesticides, undetermined intent', 'V27', 0),
(10894, 'Y19', 'Poisoning by and exposure to other and unspecified chemicals andnoxious substances, undetermined int', 'V27', 0),
(10895, 'Y20', 'Hanging, strangulation and suffocation, undetermined intent', 'V27', 0),
(10896, 'Y21', 'Drowning and submersion, undetermined intent', 'V27', 0),
(10897, 'Y22', 'Handgun discharge, undetermined intent', 'V27', 0),
(10898, 'Y23', 'Rifle, shotgun and larger firearm discharge, undetermined intent', 'V27', 0),
(10899, 'Y24', 'Other and unspecified firearm discharge, undetermined intent', 'V27', 0),
(10900, 'Y25', 'Contact with explosive material, undetermined intent', 'V27', 0),
(10901, 'Y26', 'Exposure to smoke, fire and flames, undetermined intent', 'V27', 0),
(10902, 'Y27', 'Contact with steam, hot vapours and hot objects, undetermined intent', 'V27', 0),
(10903, 'Y28', 'Contact with sharp object, undetermined intent', 'V27', 0),
(10904, 'Y29', 'Contact with blunt object, undetermined intent', 'V27', 0),
(10905, 'Y30', 'Falling, jumping or pushed from a high place, undetermined intent', 'V27', 0),
(10906, 'Y31', 'Falling, lying or running before or into moving object, undeterminedintent', 'V27', 0),
(10907, 'Y32', 'Crashing of motor vehicle, undetermined intent', 'V27', 0),
(10908, 'Y33', 'Other specified events, undetermined intent', 'V27', 0),
(10909, 'Y34', 'Unspecified event, undetermined intent', 'V27', 0),
(10910, 'Y35', 'Legal intervention', 'V28', 0),
(10911, 'Y35.0', 'Legal intervention involving firearm discharge', 'V28', 0),
(10912, 'Y35.1', 'Legal intervention involving explosives', 'V28', 0),
(10913, 'Y35.2', 'Legal intervention involving gas', 'V28', 0),
(10914, 'Y35.3', 'Legal intervention involving blunt objects', 'V28', 0),
(10915, 'Y35.4', 'Legal intervention involving sharp objects', 'V28', 0),
(10916, 'Y35.5', 'Legal execution', 'V28', 0),
(10917, 'Y35.6', 'Legal intervention involving other specified means', 'V28', 0),
(10918, 'Y35.7', 'Legal intervention, means unspecified', 'V28', 0),
(10919, 'Y36', 'Operations of war', 'V28', 0),
(10920, 'Y36.0', 'War operations involving explosion of marine weapons', 'V28', 0),
(10921, 'Y36.1', 'War operations involving destruction of aircraft', 'V28', 0),
(10922, 'Y36.2', 'War operations involving other explosions and fragments', 'V28', 0),
(10923, 'Y36.3', 'War operations involving fires, conflagrations and hot substances', 'V28', 0),
(10924, 'Y36.4', 'War operations involving firearm discharge and other forms ofconventional warfare', 'V28', 0),
(10925, 'Y36.5', 'War operations involving nuclear weapons', 'V28', 0),
(10926, 'Y36.6', 'War operations involving biological weapons', 'V28', 0),
(10927, 'Y36.7', 'War operations involving chemical weapons and other forms ofunconventional warfare', 'V28', 0),
(10928, 'Y36.8', 'War operations occurring after cessation of hostilities', 'V28', 0),
(10929, 'Y36.9', 'War operations, unspecified', 'V28', 0),
(10930, 'Y40', 'Systemic antibiotics', 'V29', 0),
(10931, 'Y40.0', 'Penicillins', 'V29', 0),
(10932, 'Y40.1', 'Cefalosporins and other beta-lactam antibiotics', 'V29', 0),
(10933, 'Y40.2', 'Chloramphenicol group', 'V29', 0),
(10934, 'Y40.3', 'Macrolides', 'V29', 0),
(10935, 'Y40.4', 'Tetracyclines', 'V29', 0),
(10936, 'Y40.5', 'Aminoglycosides', 'V29', 0),
(10937, 'Y40.6', 'Rifamycins', 'V29', 0),
(10938, 'Y40.7', 'Antifungal antibiotics, systemically used', 'V29', 0),
(10939, 'Y40.8', 'Other systemic antibiotics', 'V29', 0),
(10940, 'Y40.9', 'Systemic antibiotic, unspecified', 'V29', 0),
(10941, 'Y41', 'Other systemic anti-infectives and antiparasitics', 'V29', 0),
(10942, 'Y41.0', 'Sulfonamides', 'V29', 0),
(10943, 'Y41.1', 'Antimycobacterial drugs', 'V29', 0),
(10944, 'Y41.2', 'Antimalarials and drugs acting on other blood protozoa', 'V29', 0),
(10945, 'Y41.3', 'Other antiprotozoal drugs', 'V29', 0),
(10946, 'Y41.4', 'Anthelminthics', 'V29', 0),
(10947, 'Y41.5', 'Antiviral drugs', 'V29', 0),
(10948, 'Y41.8', 'Other specified systemic anti-infectives and antiparasitics', 'V29', 0),
(10949, 'Y41.9', 'Systemic anti-infective and antiparasitic, unspecified', 'V29', 0),
(10950, 'Y42', 'Hormones and their synthetic substitutes and antagonists, notelsewhere classified', 'V29', 0),
(10951, 'Y42.0', 'Glucocorticoids and synthetic analogues', 'V29', 0),
(10952, 'Y42.1', 'Thyroid hormones and substitutes', 'V29', 0),
(10953, 'Y42.2', 'Antithyroid drugs', 'V29', 0),
(10954, 'Y42.3', 'Insulin and oral hypoglycaemic [antidiabetic] drugs', 'V29', 0),
(10955, 'Y42.4', 'Oral contraceptives', 'V29', 0),
(10956, 'Y42.5', 'Other estrogens and progestogens', 'V29', 0),
(10957, 'Y42.6', 'Antigonadotrophins, antiestrogens, antiandrogens, not elsewhereclassified', 'V29', 0),
(10958, 'Y42.7', 'Androgens and anabolic congeners', 'V29', 0),
(10959, 'Y42.8', 'Other and unspecified hormones and their synthetic substitutes', 'V29', 0),
(10960, 'Y42.9', 'Other and unspecified hormone antagonists', 'V29', 0),
(10961, 'Y43', 'Primarily systemic agents', 'V29', 0),
(10962, 'Y43.0', 'Antiallergic and antiemetic drugs', 'V29', 0),
(10963, 'Y43.1', 'Antineoplastic antimetabolites', 'V29', 0),
(10964, 'Y43.2', 'Antineoplastic natural products', 'V29', 0),
(10965, 'Y43.3', 'Other antineoplastic drugs', 'V29', 0),
(10966, 'Y43.4', 'Immunosuppressive agents', 'V29', 0),
(10967, 'Y43.5', 'Acidifying and alkalizing agents', 'V29', 0),
(10968, 'Y43.6', 'Enzymes, not elsewhere classified', 'V29', 0),
(10969, 'Y43.8', 'Other primarily systemic agents, not elsewhere classified', 'V29', 0),
(10970, 'Y43.9', 'Primarily systemic agent, unspecified', 'V29', 0),
(10971, 'Y44', 'Agents primarily affecting blood constituents', 'V29', 0),
(10972, 'Y44.0', 'Iron preparations and other anti-hypochromic-anaemia preparations', 'V29', 0),
(10973, 'Y44.1', 'Vitamin B12, folic acid and other anti-megaloblastic-anaemiapreparations', 'V29', 0),
(10974, 'Y44.2', 'Anticoagulants', 'V29', 0),
(10975, 'Y44.3', 'Anticoagulant antagonists, vitamin K and other coagulants', 'V29', 0),
(10976, 'Y44.4', 'Antithrombotic drugs [platelet-aggregation inhibitors]', 'V29', 0),
(10977, 'Y44.5', 'Thrombolytic drugs', 'V29', 0),
(10978, 'Y44.6', 'Natural blood and blood products', 'V29', 0),
(10979, 'Y44.7', 'Plasma substitutes', 'V29', 0),
(10980, 'Y44.9', 'Other and unspecified agents affecting blood constituents', 'V29', 0),
(10981, 'Y45', 'Analgesics, antipyretics and anti-inflammatory drugs', 'V29', 0),
(10982, 'Y45.0', 'Opioids and related analgesics', 'V29', 0),
(10983, 'Y45.1', 'Salicylates', 'V29', 0),
(10984, 'Y45.2', 'Propionic acid derivatives', 'V29', 0),
(10985, 'Y45.3', 'Other nonsteroidal anti-inflammatory drugs [NSAID]', 'V29', 0),
(10986, 'Y45.4', 'Antirheumatics', 'V29', 0),
(10987, 'Y45.5', '4-Aminophenol derivatives', 'V29', 0),
(10988, 'Y45.8', 'Other analgesics and antipyretics', 'V29', 0),
(10989, 'Y45.9', 'Analgesic, antipyretic and anti-inflammatory drug, unspecified', 'V29', 0),
(10990, 'Y46', 'Antiepileptics and antiparkinsonism drugs', 'V29', 0),
(10991, 'Y46.0', 'Succinimides', 'V29', 0),
(10992, 'Y46.1', 'Oxazolidinediones', 'V29', 0),
(10993, 'Y46.2', 'Hydantoin derivatives', 'V29', 0),
(10994, 'Y46.3', 'Deoxybarbiturates', 'V29', 0),
(10995, 'Y46.4', 'Iminostilbenes', 'V29', 0),
(10996, 'Y46.5', 'Valproic acid', 'V29', 0),
(10997, 'Y46.6', 'Other and unspecified antiepileptics', 'V29', 0),
(10998, 'Y46.7', 'Antiparkinsonism drugs', 'V29', 0),
(10999, 'Y46.8', 'Antispasticity drugs', 'V29', 0),
(11000, 'Y47', 'Sedatives, hypnotics and antianxiety drugs', 'V29', 0),
(11001, 'Y47.0', 'Barbiturates, not elsewhere classified', 'V29', 0),
(11002, 'Y47.1', 'Benzodiazepines', 'V29', 0),
(11003, 'Y47.2', 'Cloral derivatives', 'V29', 0),
(11004, 'Y47.3', 'Paraldehyde', 'V29', 0),
(11005, 'Y47.4', 'Bromine compounds', 'V29', 0),
(11006, 'Y47.5', 'Mixed sedatives and hypnotics, not elsewhere classified', 'V29', 0),
(11007, 'Y47.8', 'Other sedatives, hypnotics and antianxiety drugs', 'V29', 0),
(11008, 'Y47.9', 'Sedative, hypnotic and antianxiety drug, unspecified', 'V29', 0),
(11009, 'Y48', 'Anaesthetics and therapeutic gases', 'V29', 0),
(11010, 'Y48.0', 'Inhaled anaesthetics', 'V29', 0),
(11011, 'Y48.1', 'Parenteral anaesthetics', 'V29', 0),
(11012, 'Y48.2', 'Other and unspecified general anaesthetics', 'V29', 0),
(11013, 'Y48.3', 'Local anaesthetics', 'V29', 0),
(11014, 'Y48.4', 'Anaesthetic, unspecified', 'V29', 0),
(11015, 'Y48.5', 'Therapeutic gases', 'V29', 0),
(11016, 'Y49', 'Psychotropic drugs, not elsewhere classified', 'V29', 0),
(11017, 'Y49.0', 'Tricyclic and tetracyclic antidepressants', 'V29', 0),
(11018, 'Y49.1', 'Monoamine-oxidase-inhibitor antidepressants', 'V29', 0),
(11019, 'Y49.2', 'Other and unspecified antidepressants', 'V29', 0),
(11020, 'Y49.3', 'Phenothiazine antipsychotics and neuroleptics', 'V29', 0),
(11021, 'Y49.4', 'Butyrophenone and thioxanthene neuroleptics', 'V29', 0),
(11022, 'Y49.5', 'Other antipsychotics and neuroleptics', 'V29', 0),
(11023, 'Y49.6', 'Psychodysleptics [hallucinogens]', 'V29', 0),
(11024, 'Y49.7', 'Psychostimulants with abuse potential', 'V29', 0),
(11025, 'Y49.8', 'Other psychotropic drugs, not elsewhere classified', 'V29', 0),
(11026, 'Y49.9', 'Psychotropic drug, unspecified', 'V29', 0),
(11027, 'Y50', 'Central nervous system stimulants, not elsewhere classified', 'V29', 0),
(11028, 'Y50.0', 'Analeptics', 'V29', 0),
(11029, 'Y50.1', 'Opioid receptor antagonists', 'V29', 0),
(11030, 'Y50.2', 'Methylxanthines, not elsewhere classified', 'V29', 0),
(11031, 'Y50.8', 'Other central nervous system stimulants', 'V29', 0),
(11032, 'Y50.9', 'Central nervous system stimulant, unspecified', 'V29', 0),
(11033, 'Y51', 'Drugs primarily affecting the autonomic nervous system', 'V29', 0),
(11034, 'Y51.0', 'Anticholinesterase agents', 'V29', 0),
(11035, 'Y51.1', 'Other parasympathomimetics [cholinergics]', 'V29', 0),
(11036, 'Y51.2', 'Ganglionic blocking drugs, not elsewhere classified', 'V29', 0),
(11037, 'Y51.3', 'Other parasympatholytics [anticholinergics and antimuscarinics] andspasmolytics, not elsewhere class', 'V29', 0),
(11038, 'Y51.4', 'Predominantly alpha-adrenoreceptor agonists, not elsewhereclassified', 'V29', 0),
(11039, 'Y51.5', 'Predominantly beta-adrenoreceptor agonists, not elsewhere classified', 'V29', 0),
(11040, 'Y51.6', 'Alpha-adrenoreceptor antagonists, not elsewhere classified', 'V29', 0),
(11041, 'Y51.7', 'Beta-adrenoreceptor antagonists, not elsewhere classified', 'V29', 0),
(11042, 'Y51.8', 'Centrally acting and adrenergic-neuron-blocking agents, notelsewhere classified', 'V29', 0),
(11043, 'Y51.9', 'Other and unspecified drugs primarily affecting the autonomicnervous system', 'V29', 0),
(11044, 'Y52', 'Agents primarily affecting the cardiovascular system', 'V29', 0),
(11045, 'Y52.0', 'Cardiac-stimulant glycosides and drugs of similar action', 'V29', 0),
(11046, 'Y52.1', 'Calcium-channel blockers', 'V29', 0),
(11047, 'Y52.2', 'Other antidysrhythmic drugs, not elsewhere classified', 'V29', 0),
(11048, 'Y52.3', 'Coronary vasodilators, not elsewhere classified', 'V29', 0),
(11049, 'Y52.4', 'Angiotensin-converting-enzyme inhibitors', 'V29', 0),
(11050, 'Y52.5', 'Other antihypertensive drugs, not elsewhere classified', 'V29', 0),
(11051, 'Y52.6', 'Antihyperlipidaemic and antiarteriosclerotic drugs', 'V29', 0),
(11052, 'Y52.7', 'Peripheral vasodilators', 'V29', 0),
(11053, 'Y52.8', 'Antivaricose drugs, including sclerosing agents', 'V29', 0),
(11054, 'Y52.9', 'Other and unspecified agents primarily affecting the cardiovascularsystem', 'V29', 0),
(11055, 'Y53', 'Agents primarily affecting the gastrointestinal system', 'V29', 0),
(11056, 'Y53.0', 'Histamine H2-receptor antagonists', 'V29', 0),
(11057, 'Y53.1', 'Other antacids and anti-gastric-secretion drugs', 'V29', 0),
(11058, 'Y53.2', 'Stimulant laxatives', 'V29', 0),
(11059, 'Y53.3', 'Saline and osmotic laxatives', 'V29', 0),
(11060, 'Y53.4', 'Other laxatives', 'V29', 0),
(11061, 'Y53.5', 'Digestants', 'V29', 0),
(11062, 'Y53.6', 'Antidiarrhoeal drugs', 'V29', 0),
(11063, 'Y53.7', 'Emetics', 'V29', 0),
(11064, 'Y53.8', 'Other agents primarily affecting the gastrointestinal system', 'V29', 0),
(11065, 'Y53.9', 'Agent primarily affecting the gastrointestinal system, unspecified', 'V29', 0),
(11066, 'Y54', 'Agents primarily affecting water-balance and mineral and uric acidmetabolism', 'V29', 0),
(11067, 'Y54.0', 'Mineralocorticoids', 'V29', 0),
(11068, 'Y54.1', 'Mineralocorticoid antagonists [aldosterone antagonists]', 'V29', 0),
(11069, 'Y54.2', 'Carbonic-anhydrase inhibitors', 'V29', 0),
(11070, 'Y54.3', 'Benzothiadiazine derivatives', 'V29', 0),
(11071, 'Y54.4', 'Loop [high-ceiling] diuretics', 'V29', 0),
(11072, 'Y54.5', 'Other diuretics', 'V29', 0),
(11073, 'Y54.6', 'Electrolytic, caloric and water-balance agents', 'V29', 0),
(11074, 'Y54.7', 'Agents affecting calcification', 'V29', 0),
(11075, 'Y54.8', 'Agents affecting uric acid metabolism', 'V29', 0),
(11076, 'Y54.9', 'Mineral salts, not elsewhere classified', 'V29', 0),
(11077, 'Y55', 'Agents primarily acting on smooth and skeletal muscles and therespiratory system', 'V29', 0),
(11078, 'Y55.0', 'Oxytocic drugs', 'V29', 0),
(11079, 'Y55.1', 'Skeletal muscle relaxants [neuromuscular blocking agents]', 'V29', 0),
(11080, 'Y55.2', 'Other and unspecified agents primarily acting on muscles', 'V29', 0),
(11081, 'Y55.3', 'Antitussives', 'V29', 0),
(11082, 'Y55.4', 'Expectorants', 'V29', 0),
(11083, 'Y55.5', 'Anti-common-cold drugs', 'V29', 0),
(11084, 'Y55.6', 'Antiasthmatics, not elsewhere classified', 'V29', 0),
(11085, 'Y55.7', 'Other and unspecified agents primarily acting on the respiratorysystem', 'V29', 0),
(11086, 'Y56', 'Topical agents primarily affecting skin and mucous membrane andophthalmological, otorhinolaryngologi', 'V29', 0),
(11087, 'Y56.0', 'Local antifungal, anti-infective and anti-inflammatory drugs, notelsewhere classified', 'V29', 0),
(11088, 'Y56.1', 'Antipruritics', 'V29', 0),
(11089, 'Y56.2', 'Local astringents and local detergents', 'V29', 0),
(11090, 'Y56.3', 'Emollients, demulcents and protectants', 'V29', 0),
(11091, 'Y56.4', 'Keratolytics, keratoplastics and other hair treatment drugs andpreparations', 'V29', 0),
(11092, 'Y56.5', 'Ophthalmological drugs and preparations', 'V29', 0),
(11093, 'Y56.6', 'Otorhinolaryngological drugs and preparations', 'V29', 0),
(11094, 'Y56.7', 'Dental drugs, topically applied', 'V29', 0),
(11095, 'Y56.8', 'Other topical agents', 'V29', 0),
(11096, 'Y56.9', 'Topical agent, unspecified', 'V29', 0),
(11097, 'Y57', 'Other and unspecified drugs and medicaments', 'V29', 0),
(11098, 'Y57.0', 'Appetite depressants [anorectics]', 'V29', 0),
(11099, 'Y57.1', 'Lipotropic drugs', 'V29', 0),
(11100, 'Y57.2', 'Antidotes and chelating agents, not elsewhere classified', 'V29', 0),
(11101, 'Y57.3', 'Alcohol deterrents', 'V29', 0),
(11102, 'Y57.4', 'Pharmaceutical excipients', 'V29', 0),
(11103, 'Y57.5', 'X-ray contrast media', 'V29', 0),
(11104, 'Y57.6', 'Other diagnostic agents', 'V29', 0),
(11105, 'Y57.7', 'Vitamins, not elsewhere classified', 'V29', 0),
(11106, 'Y57.8', 'Other drugs and medicaments', 'V29', 0),
(11107, 'Y57.9', 'Drug or medicament, unspecified', 'V29', 0),
(11108, 'Y58', 'Bacterial vaccines', 'V29', 0),
(11109, 'Y58.0', 'BCG vaccine', 'V29', 0),
(11110, 'Y58.1', 'Typhoid and paratyphoid vaccine', 'V29', 0),
(11111, 'Y58.2', 'Cholera vaccine', 'V29', 0),
(11112, 'Y58.3', 'Plague vaccine', 'V29', 0),
(11113, 'Y58.4', 'Tetanus vaccine', 'V29', 0),
(11114, 'Y58.5', 'Diphtheria vaccine', 'V29', 0),
(11115, 'Y58.6', 'Pertussis vaccine, including combinations with a pertussis component', 'V29', 0),
(11116, 'Y58.8', 'Mixed bacterial vaccines, except combinations with a pertussiscomponent', 'V29', 0),
(11117, 'Y58.9', 'Other and unspecified bacterial vaccines', 'V29', 0),
(11118, 'Y59', 'Other and unspecified vaccines and biological substances', 'V29', 0),
(11119, 'Y59.0', 'Viral vaccines', 'V29', 0),
(11120, 'Y59.1', 'Rickettsial vaccines', 'V29', 0),
(11121, 'Y59.2', 'Protozoal vaccines', 'V29', 0),
(11122, 'Y59.3', 'Immunoglobulin', 'V29', 0),
(11123, 'Y59.8', 'Other specified vaccines and biological substances', 'V29', 0),
(11124, 'Y59.9', 'Vaccine or biological substance, unspecified', 'V29', 0),
(11125, 'Y60', 'Unintentional cut, puncture, perforation or haemorrhage duringsurgical and medical care', 'V30', 0),
(11126, 'Y60.0', 'During surgical operation', 'V30', 0),
(11127, 'Y60.1', 'During infusion or transfusion', 'V30', 0),
(11128, 'Y60.2', 'During kidney dialysis or other perfusion', 'V30', 0),
(11129, 'Y60.3', 'During injection or immunization', 'V30', 0),
(11130, 'Y60.4', 'During endoscopic examination', 'V30', 0),
(11131, 'Y60.5', 'During heart catheterization', 'V30', 0),
(11132, 'Y60.6', 'During aspiration, puncture and other catheterization', 'V30', 0),
(11133, 'Y60.7', 'During administration of enema', 'V30', 0),
(11134, 'Y60.8', 'During other surgical and medical care', 'V30', 0),
(11135, 'Y60.9', 'During unspecified surgical and medical care', 'V30', 0),
(11136, 'Y61', 'Foreign object accidentally left in body during surgical and medicalcare', 'V30', 0),
(11137, 'Y61.0', 'During surgical operation', 'V30', 0),
(11138, 'Y61.1', 'During infusion or transfusion', 'V30', 0),
(11139, 'Y61.2', 'During kidney dialysis or other perfusion', 'V30', 0),
(11140, 'Y61.3', 'During injection or immunization', 'V30', 0),
(11141, 'Y61.4', 'During endoscopic examination', 'V30', 0),
(11142, 'Y61.5', 'During heart catheterization', 'V30', 0),
(11143, 'Y61.6', 'During aspiration, puncture and other catheterization', 'V30', 0),
(11144, 'Y61.7', 'During removal of catheter or packing', 'V30', 0),
(11145, 'Y61.8', 'During other surgical and medical care', 'V30', 0),
(11146, 'Y61.9', 'During unspecified surgical and medical care', 'V30', 0),
(11147, 'Y62', 'Failure of sterile precautions during surgical and medical care', 'V30', 0),
(11148, 'Y62.0', 'During surgical operation', 'V30', 0),
(11149, 'Y62.1', 'During infusion or transfusion', 'V30', 0),
(11150, 'Y62.2', 'During kidney dialysis or other perfusion', 'V30', 0),
(11151, 'Y62.3', 'During injection or immunization', 'V30', 0),
(11152, 'Y62.4', 'During endoscopic examination', 'V30', 0),
(11153, 'Y62.5', 'During heart catheterization', 'V30', 0),
(11154, 'Y62.6', 'During aspiration, puncture and other catheterization', 'V30', 0),
(11155, 'Y62.8', 'During other surgical and medical care', 'V30', 0),
(11156, 'Y62.9', 'During unspecified surgical and medical care', 'V30', 0),
(11157, 'Y63', 'Failure in dosage during surgical and medical care', 'V30', 0),
(11158, 'Y63.0', 'Excessive amount of blood or other fluid given during transfusion orinfusion', 'V30', 0),
(11159, 'Y63.1', 'Incorrect dilution of fluid used during infusion', 'V30', 0),
(11160, 'Y63.2', 'Overdose of radiation given during therapy', 'V30', 0),
(11161, 'Y63.3', 'Inadvertent exposure of patient to radiation during medical care', 'V30', 0),
(11162, 'Y63.4', 'Failure in dosage in electroshock or insulin-shock therapy', 'V30', 0),
(11163, 'Y63.5', 'Inappropriate temperature in local application and packing', 'V30', 0),
(11164, 'Y63.6', 'Nonadministration of necessary drug, medicament or biologicalsubstance', 'V30', 0),
(11165, 'Y63.8', 'Failure in dosage during other surgical and medical care', 'V30', 0),
(11166, 'Y63.9', 'Failure in dosage during unspecified surgical and medical care', 'V30', 0),
(11167, 'Y64', 'Contaminated medical or biological substances', 'V30', 0),
(11168, 'Y64.0', 'Contaminated medical or biological substance, transfused or infused', 'V30', 0),
(11169, 'Y64.1', 'Contaminated medical or biological substance, injected or used forimmunization', 'V30', 0),
(11170, 'Y64.8', 'Contaminated medical or biological substance administered by othermeans', 'V30', 0),
(11171, 'Y64.9', 'Contaminated medical or biological substance administered byunspecified means', 'V30', 0),
(11172, 'Y65', 'Other misadventures during surgical and medical care', 'V30', 0),
(11173, 'Y65.0', 'Mismatched blood used in transfusion', 'V30', 0),
(11174, 'Y65.1', 'Wrong fluid used in infusion', 'V30', 0),
(11175, 'Y65.2', 'Failure in suture or ligature during surgical operation', 'V30', 0),
(11176, 'Y65.3', 'Endotracheal tube wrongly placed during anaesthetic procedure', 'V30', 0),
(11177, 'Y65.4', 'Failure to introduce or to remove other tube or instrument', 'V30', 0),
(11178, 'Y65.5', 'Performance of inappropriate operation', 'V30', 0),
(11179, 'Y65.8', 'Other specified misadventures during surgical and medical care', 'V30', 0),
(11180, 'Y66', 'Nonadministration of surgical and medical care', 'V30', 0),
(11181, 'Y69', 'Unspecified misadventure during surgical and medical care', 'V30', 0),
(11182, 'Y70', 'Anaesthesiology devices associated with adverse incidents', 'V31', 0),
(11183, 'Y70.0', 'Anaesthesiology devices associated with adverse incidents,diagnostic and monitoring devices', 'V31', 0),
(11184, 'Y70.1', 'Anaesthesiology devices associated with adverse incidents,therapeutic (nonsurgical) and rehabilitati', 'V31', 0),
(11185, 'Y70.2', 'Anaesthesiology devices associated with adverse incidents,prosthetic and other implants, materials a', 'V31', 0),
(11186, 'Y70.3', 'Anaesthesiology devices associated with adverse incidents, surgicalinstruments, materials and device', 'V31', 0),
(11187, 'Y70.8', 'Anaesthesiology devices associated with adverse incidents,miscellaneous devices, not elsewhere class', 'V31', 0),
(11188, 'Y71', 'Cardiovascular devices associated with adverse incidents', 'V31', 0),
(11189, 'Y71.0', 'Cardiovascular devices associated with adverse incidents, diagnosticand monitoring devices', 'V31', 0),
(11190, 'Y71.1', 'Cardiovascular devices associated with adverse incidents,therapeutic (nonsurgical) and rehabilitativ', 'V31', 0),
(11191, 'Y71.2', 'Cardiovascular devices associated with adverse incidents, prostheticand other implants, materials an', 'V31', 0),
(11192, 'Y71.3', 'Cardiovascular devices associated with adverse incidents, surgicalinstruments, materials and devices', 'V31', 0),
(11193, 'Y71.8', 'Cardiovascular devices associated with adverse incidents,miscellaneous devices, not elsewhere classi', 'V31', 0),
(11194, 'Y72', 'Otorhinolaryngological devices associated with adverse incidents', 'V31', 0),
(11195, 'Y72.0', 'Otorhinolaryngological devices associated with adverse incidents,diagnostic and monitoring devices', 'V31', 0),
(11196, 'Y72.1', 'Otorhinolaryngological devices associated with adverse incidents,therapeutic (nonsurgical) and rehab', 'V31', 0),
(11197, 'Y72.2', 'Otorhinolaryngological devices associated with adverse incidents,prosthetic and other implants, mate', 'V31', 0),
(11198, 'Y72.3', 'Otorhinolaryngological devices associated with adverse incidents,surgical instruments, materials and', 'V31', 0),
(11199, 'Y72.8', 'Otorhinolaryngological devices associated with adverse incidents,miscellaneous devices, not elsewher', 'V31', 0),
(11200, 'Y73', 'Gastroenterology and urology devices associated with adverseincidents', 'V31', 0),
(11201, 'Y73.0', 'Gastroenterology and urology devices associated with adverseincidents, diagnostic and monitoring dev', 'V31', 0),
(11202, 'Y73.1', 'Gastroenterology and urology devices associated with adverseincidents, therapeutic (nonsurgical) and', 'V31', 0),
(11203, 'Y73.2', 'Gastroenterology and urology devices associated with adverseincidents, prosthetic and other implants', 'V31', 0),
(11204, 'Y73.3', 'Gastroenterology and urology devices associated with adverseincidents, surgical instruments, materia', 'V31', 0),
(11205, 'Y73.8', 'Gastroenterology and urology devices associated with adverseincidents, miscellaneous devices, not el', 'V31', 0),
(11206, 'Y74', 'General hospital and personal-use devices associated with adverseincidents', 'V31', 0),
(11207, 'Y74.0', 'General hospital and personal-use devices associated with adverseincidents, diagnostic and monitorin', 'V31', 0);
INSERT INTO `icd_penyakit` (`id`, `kode_penyakit`, `nama_penyakit`, `subkelompok`, `dtd_id`) VALUES
(11208, 'Y74.1', 'General hospital and personal-use devices associated with adverseincidents, therapeutic (nonsurgical', 'V31', 0),
(11209, 'Y74.2', 'General hospital and personal-use devices associated with adverseincidents, prosthetic and other imp', 'V31', 0),
(11210, 'Y74.3', 'General hospital and personal-use devices associated with adverseincidents, surgical instruments, ma', 'V31', 0),
(11211, 'Y74.8', 'General hospital and personal-use devices associated with adverseincidents, miscellaneous devices, n', 'V31', 0),
(11212, 'Y75', 'Neurological devices associated with adverse incidents', 'V31', 0),
(11213, 'Y75.0', 'Neurological devices associated with adverse incidents, diagnosticand monitoring devices', 'V31', 0),
(11214, 'Y75.1', 'Neurological devices associated with adverse incidents, therapeutic(nonsurgical) and rehabilitative', 'V31', 0),
(11215, 'Y75.2', 'Neurological devices associated with adverse incidents, prostheticand other implants, materials and', 'V31', 0),
(11216, 'Y75.3', 'Neurological devices associated with adverse incidents, surgicalinstruments, materials and devices (', 'V31', 0),
(11217, 'Y75.8', 'Neurological devices associated with adverse incidents,miscellaneous devices, not elsewhere classifi', 'V31', 0),
(11218, 'Y76', 'Obstetric and gynaecological devices associated with adverseincidents', 'V31', 0),
(11219, 'Y76.0', 'Obstetric and gynaecological devices associated with adverseincidents, diagnostic and monitoring dev', 'V31', 0),
(11220, 'Y76.1', 'Obstetric and gynaecological devices associated with adverseincidents, therapeutic (nonsurgical) and', 'V31', 0),
(11221, 'Y76.2', 'Obstetric and gynaecological devices associated with adverseincidents, prosthetic and other implants', 'V31', 0),
(11222, 'Y76.3', 'Obstetric and gynaecological devices associated with adverseincidents, surgical instruments, materia', 'V31', 0),
(11223, 'Y76.8', 'Obstetric and gynaecological devices associated with adverseincidents, miscellaneous devices, not el', 'V31', 0),
(11224, 'Y77', 'Ophthalmic devices associated with adverse incidents', 'V31', 0),
(11225, 'Y77.0', 'Ophthalmic devices associated with adverse incidents, diagnostic andmonitoring devices', 'V31', 0),
(11226, 'Y77.1', 'Ophthalmic devices associated with adverse incidents, therapeutic(nonsurgical) and rehabilitative de', 'V31', 0),
(11227, 'Y77.2', 'Ophthalmic devices associated with adverse incidents, prosthetic andother implants, materials and ac', 'V31', 0),
(11228, 'Y77.3', 'Ophthalmic devices associated with adverse incidents, surgicalinstruments, materials and devices (in', 'V31', 0),
(11229, 'Y77.8', 'Ophthalmic devices associated with adverse incidents, miscellaneousdevices, not elsewhere classified', 'V31', 0),
(11230, 'Y78', 'Radiological devices associated with adverse incidents', 'V31', 0),
(11231, 'Y78.0', 'Radiological devices associated with adverse incidents, diagnosticand monitoring devices', 'V31', 0),
(11232, 'Y78.1', 'Radiological devices associated with adverse incidents, therapeutic(nonsurgical) and rehabilitative', 'V31', 0),
(11233, 'Y78.2', 'Radiological devices associated with adverse incidents, prostheticand other implants, materials and', 'V31', 0),
(11234, 'Y78.3', 'Radiological devices associated with adverse incidents, surgicalinstruments, materials and devices (', 'V31', 0),
(11235, 'Y78.8', 'Radiological devices associated with adverse incidents,miscellaneous devices, not elsewhere classifi', 'V31', 0),
(11236, 'Y79', 'Orthopaedic devices associated with adverse incidents', 'V31', 0),
(11237, 'Y79.0', 'Orthopaedic devices associated with adverse incidents, diagnosticand monitoring devices', 'V31', 0),
(11238, 'Y79.1', 'Orthopaedic devices associated with adverse incidents, therapeutic(nonsurgical) and rehabilitative d', 'V31', 0),
(11239, 'Y79.2', 'Orthopaedic devices associated with adverse incidents, prostheticand other implants, materials and a', 'V31', 0),
(11240, 'Y79.3', 'Orthopaedic devices associated with adverse incidents, surgicalinstruments, materials and devices (i', 'V31', 0),
(11241, 'Y79.8', 'Orthopaedic devices associated with adverse incidents, miscellaneousdevices, not elsewhere classifie', 'V31', 0),
(11242, 'Y80', 'Physical medicine devices associated with adverse incidents', 'V31', 0),
(11243, 'Y80.0', 'Physical medicine devices associated with adverse incidents,diagnostic and monitoring devices', 'V31', 0),
(11244, 'Y80.1', 'Physical medicine devices associated with adverse incidents,therapeutic (nonsurgical) and rehabilita', 'V31', 0),
(11245, 'Y80.2', 'Physical medicine devices associated with adverse incidents,prosthetic and other implants, materials', 'V31', 0),
(11246, 'Y80.3', 'Physical medicine devices associated with adverse incidents,surgical instruments, materials and devi', 'V31', 0),
(11247, 'Y80.8', 'Physical medicine devices associated with adverse incidents,miscellaneous devices, not elsewhere cla', 'V31', 0),
(11248, 'Y81', 'General- and plastic-surgery devices associated with adverseincidents', 'V31', 0),
(11249, 'Y81.0', 'General- and plastic-surgery devices associated with adverseincidents, diagnostic and monitoring dev', 'V31', 0),
(11250, 'Y81.1', 'General- and plastic-surgery devices associated with adverseincidents, therapeutic (nonsurgical) and', 'V31', 0),
(11251, 'Y81.2', 'General- and plastic-surgery devices associated with adverseincidents, prosthetic and other implants', 'V31', 0),
(11252, 'Y81.3', 'General- and plastic-surgery devices associated with adverseincidents, surgical instruments, materia', 'V31', 0),
(11253, 'Y81.8', 'General- and plastic-surgery devices associated with adverseincidents, miscellaneous devices, not el', 'V31', 0),
(11254, 'Y82', 'Other and unspecified medical devices associated with adverseincidents', 'V31', 0),
(11255, 'Y82.0', 'Other and unspecified medical devices associated with adverseincidents, diagnostic and monitoring de', 'V31', 0),
(11256, 'Y82.1', 'Other and unspecified medical devices associated with adverseincidents, therapeutic (nonsurgical) an', 'V31', 0),
(11257, 'Y82.2', 'Other and unspecified medical devices associated with adverseincidents, prosthetic and other implant', 'V31', 0),
(11258, 'Y82.3', 'Other and unspecified medical devices associated with adverseincidents, surgical instruments, materi', 'V31', 0),
(11259, 'Y82.8', 'Other and unspecified medical devices associated with adverseincidents, miscellaneous devices, not e', 'V31', 0),
(11260, 'Y83', 'Surgical operation and other surgical procedures as the cause ofabnormal reaction of the patient, or', 'V32', 0),
(11261, 'Y83.0', 'Surgical operation with transplant of whole organ', 'V32', 0),
(11262, 'Y83.1', 'Surgical operation with implant of artificial internal device', 'V32', 0),
(11263, 'Y83.2', 'Surgical operation with anastomosis, bypass or graft', 'V32', 0),
(11264, 'Y83.3', 'Surgical operation with formation of external stoma', 'V32', 0),
(11265, 'Y83.4', 'Other reconstructive surgery', 'V32', 0),
(11266, 'Y83.5', 'Amputation of limb(s)', 'V32', 0),
(11267, 'Y83.6', 'Removal of other organ (partial) (total)', 'V32', 0),
(11268, 'Y83.8', 'Other surgical procedures', 'V32', 0),
(11269, 'Y83.9', 'Surgical procedure, unspecified', 'V32', 0),
(11270, 'Y84', 'Other medical procedures as the cause of abnormal reaction of thepatient, or of later complication,', 'V32', 0),
(11271, 'Y84.0', 'Cardiac catheterization', 'V32', 0),
(11272, 'Y84.1', 'Kidney dialysis', 'V32', 0),
(11273, 'Y84.2', 'Radiological procedure and radiotherapy', 'V32', 0),
(11274, 'Y84.3', 'Shock therapy', 'V32', 0),
(11275, 'Y84.4', 'Aspiration of fluid', 'V32', 0),
(11276, 'Y84.5', 'Insertion of gastric or duodenal sound', 'V32', 0),
(11277, 'Y84.6', 'Urinary catheterization', 'V32', 0),
(11278, 'Y84.7', 'Blood-sampling', 'V32', 0),
(11279, 'Y84.8', 'Other medical procedures', 'V32', 0),
(11280, 'Y84.9', 'Medical procedure, unspecified', 'V32', 0),
(11281, 'Y85', 'Sequelae of transport accidents', 'V33', 0),
(11282, 'Y85.0', 'Sequelae of motor-vehicle accident', 'V33', 0),
(11283, 'Y85.9', 'Sequelae of other and unspecified transport accidents', 'V33', 0),
(11284, 'Y86', 'Sequelae of other accidents', 'V33', 0),
(11285, 'Y87', 'Sequelae of intentional self-harm, assault and events ofundetermined intent', 'V33', 0),
(11286, 'Y87.0', 'Sequelae of intentional self-harm', 'V33', 0),
(11287, 'Y87.1', 'Sequelae of assault', 'V33', 0),
(11288, 'Y87.2', 'Sequelae of events of undetermined intent', 'V33', 0),
(11289, 'Y88', 'Sequelae with surgical and medical care as external cause', 'V33', 0),
(11290, 'Y88.0', 'Sequelae of adverse effects caused by drugs, medicaments andbiological substances in therapeutic use', 'V33', 0),
(11291, 'Y88.1', 'Sequelae of misadventures to patients during surgical and medicalprocedures', 'V33', 0),
(11292, 'Y88.2', 'Sequelae of adverse incidents associated with medical devices indiagnostic and therapeutic use', 'V33', 0),
(11293, 'Y88.3', 'Sequelae of surgical and medical procedures as the cause of abnormalreaction of the patient, or of l', 'V33', 0),
(11294, 'Y89', 'Sequelae of other external causes', 'V33', 0),
(11295, 'Y89.0', 'Sequelae of legal intervention', 'V33', 0),
(11296, 'Y89.1', 'Sequelae of war operations', 'V33', 0),
(11297, 'Y89.9', 'Sequelae of unspecified external cause', 'V33', 0),
(11298, 'Y90', 'Evidence of alcohol involvement determined by blood alcohol level', 'V34', 0),
(11299, 'Y90.0', 'Blood alcohol level of less than 20 mg/100 ml', 'V34', 0),
(11300, 'Y90.1', 'Blood alcohol level of 20-39 mg/100 ml', 'V34', 0),
(11301, 'Y90.2', 'Blood alcohol level of 40-59 mg/100 ml', 'V34', 0),
(11302, 'Y90.3', 'Blood alcohol level of 60-79 mg/100 ml', 'V34', 0),
(11303, 'Y90.4', 'Blood alcohol level of 80-99 mg/100 ml', 'V34', 0),
(11304, 'Y90.5', 'Blood alcohol level of 100-119 mg/100 ml', 'V34', 0),
(11305, 'Y90.6', 'Blood alcohol level of 120-199 mg/100 ml', 'V34', 0),
(11306, 'Y90.7', 'Blood alcohol level of 200-239 mg/100 ml', 'V34', 0),
(11307, 'Y90.8', 'Blood alcohol level of 240 mg/100 ml or more', 'V34', 0),
(11308, 'Y90.9', 'Presence of alcohol in blood, level not specified', 'V34', 0),
(11309, 'Y91', 'Evidence of alcohol involvement determined by level of intoxication', 'V34', 0),
(11310, 'Y91.0', 'Mild alcohol intoxication', 'V34', 0),
(11311, 'Y91.1', 'Moderate alcohol intoxication', 'V34', 0),
(11312, 'Y91.2', 'Severe alcohol intoxication', 'V34', 0),
(11313, 'Y91.3', 'Very severe alcohol intoxication', 'V34', 0),
(11314, 'Y91.9', 'Alcohol involvement, not otherwise specified', 'V34', 0),
(11315, 'Y95', 'Nosocomial condition', 'V34', 0),
(11316, 'Y96', 'Work-related condition', 'V34', 0),
(11317, 'Y97', 'Environmental-pollution-related condition', 'V34', 0),
(11318, 'Y98', 'Lifestyle-related condition', 'V34', 0),
(11319, 'Z00', 'General examination and investigation of persons without complaintor reported diagnosis', 'Z00', 0),
(11320, 'Z00.0', 'General medical examination', 'Z00', 0),
(11321, 'Z00.1', 'Routine child health examination', 'Z00', 0),
(11322, 'Z00.2', 'Examination for period of rapid growth in childhood', 'Z00', 0),
(11323, 'Z00.3', 'Examination for adolescent development state', 'Z00', 0),
(11324, 'Z00.4', 'General psychiatric examination, not elsewhere classified', 'Z00', 0),
(11325, 'Z00.5', 'Examination of potential donor of organ and tissue', 'Z00', 0),
(11326, 'Z00.6', 'Examination for normal comparison and control in clinical researchprogramme', 'Z00', 0),
(11327, 'Z00.8', 'Other general examinations', 'Z00', 0),
(11328, 'Z01', 'Other special examinations and investigations of persons withoutcomplaint or reported diagnosis', 'Z00', 0),
(11329, 'Z01.0', 'Examination of eyes and vision', 'Z00', 0),
(11330, 'Z01.1', 'Examination of ears and hearing', 'Z00', 0),
(11331, 'Z01.2', 'Dental examination', 'Z00', 0),
(11332, 'Z01.3', 'Examination of blood pressure', 'Z00', 0),
(11333, 'Z01.4', 'Gynaecological examination (general)(routine)', 'Z00', 0),
(11334, 'Z01.5', 'Diagnostic skin and sensitization tests', 'Z00', 0),
(11335, 'Z01.6', 'Radiological examination, not elsewhere classified', 'Z00', 0),
(11336, 'Z01.7', 'Laboratory examination', 'Z00', 0),
(11337, 'Z01.8', 'Other specified special examinations', 'Z00', 0),
(11338, 'Z01.9', 'Special examination, unspecified', 'Z00', 0),
(11339, 'Z02', 'Examination and encounter for administrative purposes', 'Z00', 0),
(11340, 'Z02.0', 'Examination for admission to educational institution', 'Z00', 0),
(11341, 'Z02.1', 'Pre-employment examination', 'Z00', 0),
(11342, 'Z02.2', 'Examination for admission to residential institutions', 'Z00', 0),
(11343, 'Z02.3', 'Examination for recruitment to armed forces', 'Z00', 0),
(11344, 'Z02.4', 'Examination for driving licence', 'Z00', 0),
(11345, 'Z02.5', 'Examination for participation in sport', 'Z00', 0),
(11346, 'Z02.6', 'Examination for insurance purposes', 'Z00', 0),
(11347, 'Z02.7', 'Issue of medical certificate', 'Z00', 0),
(11348, 'Z02.8', 'Other examinations for administrative purposes', 'Z00', 0),
(11349, 'Z02.9', 'Examination for administrative purposes, unspecified', 'Z00', 0),
(11350, 'Z03', 'Medical observation and evaluation for suspected diseases andconditions', 'Z00', 0),
(11351, 'Z03.0', 'Observation for suspected tuberculosis', 'Z00', 0),
(11352, 'Z03.1', 'Observation for suspected malignant neoplasm', 'Z00', 0),
(11353, 'Z03.2', 'Observation for suspected mental and behavioural disorders', 'Z00', 0),
(11354, 'Z03.3', 'Observation for suspected nervous system disorder', 'Z00', 0),
(11355, 'Z03.4', 'Observation for suspected myocardial infarction', 'Z00', 0),
(11356, 'Z03.5', 'Observation for other suspected cardiovascular diseases', 'Z00', 0),
(11357, 'Z03.6', 'Observation for suspected toxic effect from ingested substance', 'Z00', 0),
(11358, 'Z03.8', 'Observation for other suspected diseases and conditions', 'Z00', 0),
(11359, 'Z03.9', 'Observation for suspected disease or condition, unspecified', 'Z00', 0),
(11360, 'Z04', 'Examination and observation for other reasons', 'Z00', 0),
(11361, 'Z04.0', 'Blood-alcohol and blood-drug test', 'Z00', 0),
(11362, 'Z04.1', 'Examination and observation following transport accident', 'Z00', 0),
(11363, 'Z04.2', 'Examination and observation following work accident', 'Z00', 0),
(11364, 'Z04.3', 'Examination and observation following other accident', 'Z00', 0),
(11365, 'Z04.4', 'Examination and observation following alleged rape and seduction', 'Z00', 0),
(11366, 'Z04.5', 'Examination and observation following other inflicted injury', 'Z00', 0),
(11367, 'Z04.6', 'General psychiatric examination, requested by authority', 'Z00', 0),
(11368, 'Z04.8', 'Examination and observation for other specified reasons', 'Z00', 0),
(11369, 'Z04.9', 'Examination and observation for unspecified reason', 'Z00', 0),
(11370, 'Z08', 'Follow-up examination after treatment for malignant neoplasms', 'Z00', 0),
(11371, 'Z08.0', 'Follow-up examination after surgery for malignant neoplasm', 'Z00', 0),
(11372, 'Z08.1', 'Follow-up examination after radiotherapy for malignant neoplasm', 'Z00', 0),
(11373, 'Z08.2', 'Follow-up examination after chemotherapy for malignant neoplasm', 'Z00', 0),
(11374, 'Z08.7', 'Follow-up examination after combined treatment for malignantneoplasm', 'Z00', 0),
(11375, 'Z08.8', 'Follow-up examination after other treatment for malignant neoplasm', 'Z00', 0),
(11376, 'Z08.9', 'Follow-up examination after unspecified treatment for malignantneoplasm', 'Z00', 0),
(11377, 'Z09', 'Follow-up examination after treatment for conditions other thanmalignant neoplasms', 'Z00', 0),
(11378, 'Z09.0', 'Follow-up examination after surgery for other conditions', 'Z00', 0),
(11379, 'Z09.1', 'Follow-up examination after radiotherapy for other conditions', 'Z00', 0),
(11380, 'Z09.2', 'Follow-up examination after chemotherapy for other conditions', 'Z00', 0),
(11381, 'Z09.3', 'Follow-up examination after psychotherapy', 'Z00', 0),
(11382, 'Z09.4', 'Follow-up examination after treatment of fracture', 'Z00', 0),
(11383, 'Z09.7', 'Follow-up examination after combined treatment for other conditions', 'Z00', 0),
(11384, 'Z09.8', 'Follow-up examination after other treatment for other conditions', 'Z00', 0),
(11385, 'Z09.9', 'Follow-up examination after unspecified treatment for otherconditions', 'Z00', 0),
(11386, 'Z10', 'Routine general health check-up of defined subpopulation', 'Z00', 0),
(11387, 'Z10.0', 'Occupational health examination', 'Z00', 0),
(11388, 'Z10.1', 'Routine general health check-up of inhabitants of institutions', 'Z00', 0),
(11389, 'Z10.2', 'Routine general health check-up of armed forces', 'Z00', 0),
(11390, 'Z10.3', 'Routine general health check-up of sports teams', 'Z00', 0),
(11391, 'Z10.8', 'Routine general health check-up of other defined subpopulations', 'Z00', 0),
(11392, 'Z11', 'Special screening examination for infectious and parasitic diseases', 'Z00', 0),
(11393, 'Z11.0', 'Special screening examination for intestinal infectious diseases', 'Z00', 0),
(11394, 'Z11.1', 'Special screening examination for respiratory tuberculosis', 'Z00', 0),
(11395, 'Z11.2', 'Special screening examination for other bacterial diseases', 'Z00', 0),
(11396, 'Z11.3', 'Special screening examination for infections with a predominantlysexual mode of transmission', 'Z00', 0),
(11397, 'Z11.4', 'Special screening examination for human immunodeficiency virus [HIV]', 'Z00', 0),
(11398, 'Z11.5', 'Special screening examination for other viral diseases', 'Z00', 0),
(11399, 'Z11.6', 'Special screening examination for other protozoal diseases andhelminthiases', 'Z00', 0),
(11400, 'Z11.8', 'Special screening examination for other infectious and parasiticdiseases', 'Z00', 0),
(11401, 'Z11.9', 'Special screening examination for infectious and parasitic diseases,unspecified', 'Z00', 0),
(11402, 'Z12', 'Special screening examination for neoplasms', 'Z00', 0),
(11403, 'Z12.0', 'Special screening examination for neoplasm of stomach', 'Z00', 0),
(11404, 'Z12.1', 'Special screening examination for neoplasm of intestinal tract', 'Z00', 0),
(11405, 'Z12.2', 'Special screening examination for neoplasm of respiratory organs', 'Z00', 0),
(11406, 'Z12.3', 'Special screening examination for neoplasm of breast', 'Z00', 0),
(11407, 'Z12.4', 'Special screening examination for neoplasm of cervix', 'Z00', 0),
(11408, 'Z12.5', 'Special screening examination for neoplasm of prostate', 'Z00', 0),
(11409, 'Z12.6', 'Special screening examination for neoplasm of bladder', 'Z00', 0),
(11410, 'Z12.8', 'Special screening examination for neoplasms of other sites', 'Z00', 0),
(11411, 'Z12.9', 'Special screening examination for neoplasm, unspecified', 'Z00', 0),
(11412, 'Z13', 'Special screening examination for other diseases and disorders', 'Z00', 0),
(11413, 'Z13.0', 'Special screening examination for diseases of the blood andblood-forming organs and certain disorder', 'Z00', 0),
(11414, 'Z13.1', 'Special screening examination for diabetes mellitus', 'Z00', 0),
(11415, 'Z13.2', 'Special screening examination for nutritional disorders', 'Z00', 0),
(11416, 'Z13.3', 'Special screening examination for mental and behavioural disorders', 'Z00', 0),
(11417, 'Z13.4', 'Special screening examination for certain developmental disorders inchildhood', 'Z00', 0),
(11418, 'Z13.5', 'Special screening examination for eye and ear disorders', 'Z00', 0),
(11419, 'Z13.6', 'Special screening examination for cardiovascular disorders', 'Z00', 0),
(11420, 'Z13.7', 'Special screening examination for congenital malformations,deformations and chromosomal abnormalitie', 'Z00', 0),
(11421, 'Z13.8', 'Special screening examination for other specified diseases anddisorders', 'Z00', 0),
(11422, 'Z13.9', 'Special screening examination, unspecified', 'Z00', 0),
(11423, 'Z20', 'Contact with and exposure to communicable diseases', 'Z01', 0),
(11424, 'Z20.0', 'Contact with and exposure to intestinal infectious diseases', 'Z01', 0),
(11425, 'Z20.1', 'Contact with and exposure to tuberculosis', 'Z01', 0),
(11426, 'Z20.2', 'Contact with and exposure to infections with a predominantly sexualmode of transmission', 'Z01', 0),
(11427, 'Z20.3', 'Contact with and exposure to rabies', 'Z01', 0),
(11428, 'Z20.4', 'Contact with and exposure to rubella', 'Z01', 0),
(11429, 'Z20.5', 'Contact with and exposure to viral hepatitis', 'Z01', 0),
(11430, 'Z20.6', 'Contact with and exposure to human immunodeficiency virus [HIV]', 'Z01', 0),
(11431, 'Z20.7', 'Contact with and exposure to pediculosis, acariasis and otherinfestations', 'Z01', 0),
(11432, 'Z20.8', 'Contact with and exposure to other communicable diseases', 'Z01', 0),
(11433, 'Z20.9', 'Contact with and exposure to unspecified communicable disease', 'Z01', 0),
(11434, 'Z21', 'Asymptomatic human immunodeficiency virus [HIV] infection status', 'Z01', 0),
(11435, 'Z22', 'Carrier of infectious disease', 'Z01', 0),
(11436, 'Z22.0', 'Carrier of typhoid', 'Z01', 0),
(11437, 'Z22.1', 'Carrier of other intestinal infectious diseases', 'Z01', 0),
(11438, 'Z22.2', 'Carrier of diphtheria', 'Z01', 0),
(11439, 'Z22.3', 'Carrier of other specified bacterial diseases', 'Z01', 0),
(11440, 'Z22.4', 'Carrier of infections with a predominantly sexual mode oftransmission', 'Z01', 0),
(11441, 'Z22.5', 'Carrier of viral hepatitis', 'Z01', 0),
(11442, 'Z22.6', 'Carrier of human T-lymphotropic virus type- 1 [HTLV-1] infection', 'Z01', 0),
(11443, 'Z22.8', 'Carrier of other infectious diseases', 'Z01', 0),
(11444, 'Z22.9', 'Carrier of infectious disease, unspecified', 'Z01', 0),
(11445, 'Z23', 'Need for immunization against single bacterial diseases', 'Z01', 0),
(11446, 'Z23.0', 'Need for immunization against cholera alone', 'Z01', 0),
(11447, 'Z23.1', 'Need for immunization against typhoid-paratyphoid alone [TAB]', 'Z01', 0),
(11448, 'Z23.2', 'Need for immunization against tuberculosis [BCG]', 'Z01', 0),
(11449, 'Z23.3', 'Need for immunization against plague', 'Z01', 0),
(11450, 'Z23.4', 'Need for immunization against tularaemia', 'Z01', 0),
(11451, 'Z23.5', 'Need for immunization against tetanus alone', 'Z01', 0),
(11452, 'Z23.6', 'Need for immunization against diphtheria alone', 'Z01', 0),
(11453, 'Z23.7', 'Need for immunization against pertussis alone', 'Z01', 0),
(11454, 'Z23.8', 'Need for immunization against other single bacterial diseases', 'Z01', 0),
(11455, 'Z24', 'Need for immunization against certain single viral diseases', 'Z01', 0),
(11456, 'Z24.0', 'Need for immunization against poliomyelitis', 'Z01', 0),
(11457, 'Z24.1', 'Need for immunization against arthropod-borne viral encephalitis', 'Z01', 0),
(11458, 'Z24.2', 'Need for immunization against rabies', 'Z01', 0),
(11459, 'Z24.3', 'Need for immunization against yellow fever', 'Z01', 0),
(11460, 'Z24.4', 'Need for immunization against measles alone', 'Z01', 0),
(11461, 'Z24.5', 'Need for immunization against rubella alone', 'Z01', 0),
(11462, 'Z24.6', 'Need for immunization against viral hepatitis', 'Z01', 0),
(11463, 'Z25', 'Need for immunization against other single viral diseases', 'Z01', 0),
(11464, 'Z25.0', 'Need for immunization against mumps alone', 'Z01', 0),
(11465, 'Z25.1', 'Need for immunization against influenza', 'Z01', 0),
(11466, 'Z25.8', 'Need for immunization against other specified single viral diseases', 'Z01', 0),
(11467, 'Z26', 'Need for immunization against other single infectious diseases', 'Z01', 0),
(11468, 'Z26.0', 'Need for immunization against leishmaniasis', 'Z01', 0),
(11469, 'Z26.8', 'Need for immunization against other specified single infectiousdiseases', 'Z01', 0),
(11470, 'Z26.9', 'Need for immunization against unspecified infectious disease', 'Z01', 0),
(11471, 'Z27', 'Need for immunization against combinations of infectious diseases', 'Z01', 0),
(11472, 'Z27.0', 'Need for immunization against cholera with typhoid-paratyphoid[cholera + TAB]', 'Z01', 0),
(11473, 'Z27.1', 'Need for immunization against diphtheria-tetanus-pertussis, combined[DTP]', 'Z01', 0),
(11474, 'Z27.2', 'Need for immunization against diphtheria-tetanus-pertussis withtyphoid-paratyphoid [DTP + TAB]', 'Z01', 0),
(11475, 'Z27.3', 'Need for immunization against diphtheria-tetanus-pertussis withpoliomyelitis [DTP + polio]', 'Z01', 0),
(11476, 'Z27.4', 'Need for immunization against measles-mumps-rubella [MMR]', 'Z01', 0),
(11477, 'Z27.8', 'Need for immunization against other combinations of infectiousdiseases', 'Z01', 0),
(11478, 'Z27.9', 'Need for immunization against unspecified combinations of infectiousdiseases', 'Z01', 0),
(11479, 'Z28', 'Immunization not carried out', 'Z01', 0),
(11480, 'Z28.0', 'Immunization not carried out because of contraindication', 'Z01', 0),
(11481, 'Z28.1', 'Immunization not carried out because of patient''s decision forreasons of belief and group pressure', 'Z01', 0),
(11482, 'Z28.2', 'Immunization not carried out because of patient''s decision for otherand unspecified reasons', 'Z01', 0),
(11483, 'Z28.8', 'Immunization not carried out for other reasons', 'Z01', 0),
(11484, 'Z28.9', 'Immunization not carried out for unspecified reason', 'Z01', 0),
(11485, 'Z29', 'Need for other prophylactic measures', 'Z01', 0),
(11486, 'Z29.0', 'Isolation', 'Z01', 0),
(11487, 'Z29.1', 'Prophylactic immunotherapy', 'Z01', 0),
(11488, 'Z29.2', 'Other prophylactic chemotherapy', 'Z01', 0),
(11489, 'Z29.8', 'Other specified prophylactic measures', 'Z01', 0),
(11490, 'Z29.9', 'Prophylactic measure, unspecified', 'Z01', 0),
(11491, 'Z30', 'Contraceptive management', 'Z02', 0),
(11492, 'Z30.0', 'General counselling and advice on contraception', 'Z02', 0),
(11493, 'Z30.1', 'Insertion of (intrauterine) contraceptive device', 'Z02', 0),
(11494, 'Z30.2', 'Sterilization', 'Z02', 0),
(11495, 'Z30.3', 'Menstrual extraction', 'Z02', 0),
(11496, 'Z30.4', 'Surveillance of contraceptive drugs', 'Z02', 0),
(11497, 'Z30.5', 'Surveillance of (intrauterine) contraceptive device', 'Z02', 0),
(11498, 'Z30.8', 'Other contraceptive management', 'Z02', 0),
(11499, 'Z30.9', 'Contraceptive management, unspecified', 'Z02', 0),
(11500, 'Z31', 'Procreative management', 'Z02', 0),
(11501, 'Z31.0', 'Tuboplasty or vasoplasty after previous sterilization', 'Z02', 0),
(11502, 'Z31.1', 'Artificial insemination', 'Z02', 0),
(11503, 'Z31.2', 'In vitro fertilization', 'Z02', 0),
(11504, 'Z31.3', 'Other assisted fertilization methods', 'Z02', 0),
(11505, 'Z31.4', 'Procreative investigation and testing', 'Z02', 0),
(11506, 'Z31.5', 'Genetic counselling', 'Z02', 0),
(11507, 'Z31.6', 'General counselling and advice on procreation', 'Z02', 0),
(11508, 'Z31.8', 'Other procreative management', 'Z02', 0),
(11509, 'Z31.9', 'Procreative management, unspecified', 'Z02', 0),
(11510, 'Z32', 'Pregnancy examination and test', 'Z02', 0),
(11511, 'Z32.0', 'Pregnancy, not (yet) confirmed', 'Z02', 0),
(11512, 'Z32.1', 'Pregnancy confirmed', 'Z02', 0),
(11513, 'Z33', 'Pregnant state, incidental', 'Z02', 0),
(11514, 'Z34', 'Supervision of normal pregnancy', 'Z02', 0),
(11515, 'Z34.0', 'Supervision of normal first pregnancy', 'Z02', 0),
(11516, 'Z34.8', 'Supervision of other normal pregnancy', 'Z02', 0),
(11517, 'Z34.9', 'Supervision of normal pregnancy, unspecified', 'Z02', 0),
(11518, 'Z35', 'Supervision of high-risk pregnancy', 'Z02', 0),
(11519, 'Z35.0', 'Supervision of pregnancy with history of infertility', 'Z02', 0),
(11520, 'Z35.1', 'Supervision of pregnancy with history of abortive outcome', 'Z02', 0),
(11521, 'Z35.2', 'Supervision of pregnancy with other poor reproductive or obstetrichistory', 'Z02', 0),
(11522, 'Z35.3', 'Supervision of pregnancy with history of insufficient antenatal care', 'Z02', 0),
(11523, 'Z35.4', 'Supervision of pregnancy with grand multiparity', 'Z02', 0),
(11524, 'Z35.5', 'Supervision of elderly primigravida', 'Z02', 0),
(11525, 'Z35.6', 'Supervision of very young primigravida', 'Z02', 0),
(11526, 'Z35.7', 'Supervision of high-risk pregnancy due to social problems', 'Z02', 0),
(11527, 'Z35.8', 'Supervision of other high-risk pregnancies', 'Z02', 0),
(11528, 'Z35.9', 'Supervision of high-risk pregnancy, unspecified', 'Z02', 0),
(11529, 'Z36', 'Antenatal screening', 'Z02', 0),
(11530, 'Z36.0', 'Antenatal screening for chromosomal anomalies', 'Z02', 0),
(11531, 'Z36.1', 'Antenatal screening for raised alphafetoprotein level', 'Z02', 0),
(11532, 'Z36.2', 'Other antenatal screening based on amniocentesis', 'Z02', 0),
(11533, 'Z36.3', 'Antenatal screening for malformations using ultrasound and otherphysical methods', 'Z02', 0),
(11534, 'Z36.4', 'Antenatal screening for fetal growth retardation using ultrasoundand other physical methods', 'Z02', 0),
(11535, 'Z36.5', 'Antenatal screening for isoimmunization', 'Z02', 0),
(11536, 'Z36.8', 'Other antenatal screening', 'Z02', 0),
(11537, 'Z36.9', 'Antenatal screening, unspecified', 'Z02', 0),
(11538, 'Z37', 'Outcome of delivery', 'Z02', 0),
(11539, 'Z37.0', 'Single live birth', 'Z02', 0),
(11540, 'Z37.1', 'Single stillbirth', 'Z02', 0),
(11541, 'Z37.2', 'Twins, both liveborn', 'Z02', 0),
(11542, 'Z37.3', 'Twins, one liveborn and one stillborn', 'Z02', 0),
(11543, 'Z37.4', 'Twins, both stillborn', 'Z02', 0),
(11544, 'Z37.5', 'Other multiple births, all liveborn', 'Z02', 0),
(11545, 'Z37.6', 'Other multiple births, some liveborn', 'Z02', 0),
(11546, 'Z37.7', 'Other multiple births, all stillborn', 'Z02', 0),
(11547, 'Z37.9', 'Outcome of delivery, unspecified', 'Z02', 0),
(11548, 'Z38', 'Liveborn infants according to place of birth', 'Z02', 0),
(11549, 'Z38.0', 'Singleton, born in hospital', 'Z02', 0),
(11550, 'Z38.1', 'Singleton, born outside hospital', 'Z02', 0),
(11551, 'Z38.2', 'Singleton, unspecified as to place of birth', 'Z02', 0),
(11552, 'Z38.3', 'Twin, born in hospital', 'Z02', 0),
(11553, 'Z38.4', 'Twin, born outside hospital', 'Z02', 0),
(11554, 'Z38.5', 'Twin, unspecified as to place of birth', 'Z02', 0),
(11555, 'Z38.6', 'Other multiple, born in hospital', 'Z02', 0),
(11556, 'Z38.7', 'Other multiple, born outside hospital', 'Z02', 0),
(11557, 'Z38.8', 'Other multiple, unspecified as to place of birth', 'Z02', 0),
(11558, 'Z39', 'Postpartum care and examination', 'Z02', 0),
(11559, 'Z39.0', 'Care and examination immediately after delivery', 'Z02', 0),
(11560, 'Z39.1', 'Care and examination of lactating mother', 'Z02', 0),
(11561, 'Z39.2', 'Routine postpartum follow-up', 'Z02', 0),
(11562, 'Z40', 'Prophylactic surgery', 'Z03', 0),
(11563, 'Z40.0', 'Prophylactic surgery for risk-factors related to malignant neoplasms', 'Z03', 0),
(11564, 'Z40.8', 'Other prophylactic surgery', 'Z03', 0),
(11565, 'Z40.9', 'Prophylactic surgery, unspecified', 'Z03', 0),
(11566, 'Z41', 'Procedures for purposes other than remedying health state', 'Z03', 0),
(11567, 'Z41.0', 'Hair transplant', 'Z03', 0),
(11568, 'Z41.1', 'Other plastic surgery for unacceptable cosmetic appearance', 'Z03', 0),
(11569, 'Z41.2', 'Routine and ritual circumcision', 'Z03', 0),
(11570, 'Z41.3', 'Ear piercing', 'Z03', 0),
(11571, 'Z41.8', 'Other procedures for purposes other than remedying health state', 'Z03', 0),
(11572, 'Z41.9', 'Procedure for purposes other than remedying health state,unspecified', 'Z03', 0),
(11573, 'Z42', 'Follow-up care involving plastic surgery', 'Z03', 0),
(11574, 'Z42.0', 'Follow-up care involving plastic surgery of head and neck', 'Z03', 0),
(11575, 'Z42.1', 'Follow-up care involving plastic surgery of breast', 'Z03', 0),
(11576, 'Z42.2', 'Follow-up care involving plastic surgery of other parts of trunk', 'Z03', 0),
(11577, 'Z42.3', 'Follow-up care involving plastic surgery of upper extremity', 'Z03', 0),
(11578, 'Z42.4', 'Follow-up care involving plastic surgery of lower extremity', 'Z03', 0),
(11579, 'Z42.8', 'Follow-up care involving plastic surgery of other body part', 'Z03', 0),
(11580, 'Z42.9', 'Follow-up care involving plastic surgery, unspecified', 'Z03', 0),
(11581, 'Z43', 'Attention to artificial openings', 'Z03', 0),
(11582, 'Z43.0', 'Attention to tracheostomy', 'Z03', 0),
(11583, 'Z43.1', 'Attention to gastrostomy', 'Z03', 0),
(11584, 'Z43.2', 'Attention to ileostomy', 'Z03', 0),
(11585, 'Z43.3', 'Attention to colostomy', 'Z03', 0),
(11586, 'Z43.4', 'Attention to other artificial openings of digestive tract', 'Z03', 0),
(11587, 'Z43.5', 'Attention to cystostomy', 'Z03', 0),
(11588, 'Z43.6', 'Attention to other artificial openings of urinary tract', 'Z03', 0),
(11589, 'Z43.7', 'Attention to artificial vagina', 'Z03', 0),
(11590, 'Z43.8', 'Attention to other artificial openings', 'Z03', 0),
(11591, 'Z43.9', 'Attention to unspecified artificial opening', 'Z03', 0),
(11592, 'Z44', 'Fitting and adjustment of external prosthetic device', 'Z03', 0),
(11593, 'Z44.0', 'Fitting and adjustment of artificial arm (complete)(partial)', 'Z03', 0),
(11594, 'Z44.1', 'Fitting and adjustment of artificial leg (complete)(partial)', 'Z03', 0),
(11595, 'Z44.2', 'Fitting and adjustment of artificial eye', 'Z03', 0),
(11596, 'Z44.3', 'Fitting and adjustment of external breast prosthesis', 'Z03', 0),
(11597, 'Z44.8', 'Fitting and adjustment of other external prosthetic devices', 'Z03', 0),
(11598, 'Z44.9', 'Fitting and adjustment of unspecified external prosthetic device', 'Z03', 0),
(11599, 'Z45', 'Adjustment and management of implanted device', 'Z03', 0),
(11600, 'Z45.0', 'Adjustment and management of cardiac pacemaker', 'Z03', 0),
(11601, 'Z45.1', 'Adjustment and management of infusion pump', 'Z03', 0),
(11602, 'Z45.2', 'Adjustment and management of vascular access device', 'Z03', 0),
(11603, 'Z45.3', 'Adjustment and management of implanted hearing device', 'Z03', 0),
(11604, 'Z45.8', 'Adjustment and management of other implanted devices', 'Z03', 0),
(11605, 'Z45.9', 'Adjustment and management of unspecified implanted device', 'Z03', 0),
(11606, 'Z46', 'Fitting and adjustment of other devices', 'Z03', 0),
(11607, 'Z46.0', 'Fitting and adjustment of spectacles and contact lenses', 'Z03', 0),
(11608, 'Z46.1', 'Fitting and adjustment of hearing aid', 'Z03', 0),
(11609, 'Z46.2', 'Fitting and adjustment of other devices related to nervous systemand special senses', 'Z03', 0),
(11610, 'Z46.3', 'Fitting and adjustment of dental prosthetic device', 'Z03', 0),
(11611, 'Z46.4', 'Fitting and adjustment of orthodontic device', 'Z03', 0),
(11612, 'Z46.5', 'Fitting and adjustment of ileostomy and other intestinal appliances', 'Z03', 0),
(11613, 'Z46.6', 'Fitting and adjustment of urinary device', 'Z03', 0),
(11614, 'Z46.7', 'Fitting and adjustment of orthopaedic device', 'Z03', 0),
(11615, 'Z46.8', 'Fitting and adjustment of other specified devices', 'Z03', 0),
(11616, 'Z46.9', 'Fitting and adjustment of unspecified device', 'Z03', 0),
(11617, 'Z47', 'Other orthopaedic follow-up care', 'Z03', 0),
(11618, 'Z47.0', 'Follow-up care involving removal of fracture plate and otherinternal fixation device', 'Z03', 0),
(11619, 'Z47.8', 'Other specified orthopaedic follow-up care', 'Z03', 0),
(11620, 'Z47.9', 'Orthopaedic follow-up care, unspecified', 'Z03', 0),
(11621, 'Z48', 'Other surgical follow-up care', 'Z03', 0),
(11622, 'Z48.0', 'Attention to surgical dressings and sutures', 'Z03', 0),
(11623, 'Z48.8', 'Other specified surgical follow-up care', 'Z03', 0),
(11624, 'Z48.9', 'Surgical follow-up care, unspecified', 'Z03', 0),
(11625, 'Z49', 'Care involving dialysis', 'Z03', 0),
(11626, 'Z49.0', 'Preparatory care for dialysis', 'Z03', 0),
(11627, 'Z49.1', 'Extracorporeal dialysis', 'Z03', 0),
(11628, 'Z49.2', 'Other dialysis', 'Z03', 0),
(11629, 'Z50', 'Care involving use of rehabilitation procedures', 'Z03', 0),
(11630, 'Z50.0', 'Cardiac rehabilitation', 'Z03', 0),
(11631, 'Z50.1', 'Other physical therapy', 'Z03', 0),
(11632, 'Z50.2', 'Alcohol rehabilitation', 'Z03', 0),
(11633, 'Z50.3', 'Drug rehabilitation', 'Z03', 0),
(11634, 'Z50.4', 'Psychotherapy, not elsewhere classified', 'Z03', 0),
(11635, 'Z50.5', 'Speech therapy', 'Z03', 0),
(11636, 'Z50.6', 'Orthoptic training', 'Z03', 0),
(11637, 'Z50.7', 'Occupational therapy and vocational rehabilitation, not elsewhereclassified', 'Z03', 0),
(11638, 'Z50.8', 'Care involving use of other rehabilitation procedures', 'Z03', 0),
(11639, 'Z50.9', 'Care involving use of rehabilitation procedure, unspecified', 'Z03', 0),
(11640, 'Z51', 'Other medical care', 'Z03', 0),
(11641, 'Z51.0', 'Radiotherapy session', 'Z03', 0),
(11642, 'Z51.1', 'Chemotherapy session for neoplasm', 'Z03', 0),
(11643, 'Z51.2', 'Other chemotherapy', 'Z03', 0),
(11644, 'Z51.3', 'Blood transfusion without reported diagnosis', 'Z03', 0),
(11645, 'Z51.4', 'Preparatory care for subsequent treatment, not elsewhere classified', 'Z03', 0),
(11646, 'Z51.5', 'Palliative care', 'Z03', 0),
(11647, 'Z51.6', 'Desensitization to allergens', 'Z03', 0),
(11648, 'Z51.8', 'Other specified medical care', 'Z03', 0),
(11649, 'Z51.9', 'Medical care, unspecified', 'Z03', 0),
(11650, 'Z52', 'Donors of organs and tissues', 'Z03', 0),
(11651, 'Z52.0', 'Blood donor', 'Z03', 0),
(11652, 'Z52.1', 'Skin donor', 'Z03', 0),
(11653, 'Z52.2', 'Bone donor', 'Z03', 0),
(11654, 'Z52.3', 'Bone marrow donor', 'Z03', 0),
(11655, 'Z52.4', 'Kidney donor', 'Z03', 0),
(11656, 'Z52.5', 'Cornea donor', 'Z03', 0),
(11657, 'Z52.8', 'Donor of other organs and tissues', 'Z03', 0),
(11658, 'Z52.9', 'Donor of unspecified organ or tissue', 'Z03', 0),
(11659, 'Z53', 'Persons encountering health services for specific procedures, notcarried out', 'Z03', 0),
(11660, 'Z53.0', 'Procedure not carried out because of contraindication', 'Z03', 0),
(11661, 'Z53.1', 'Procedure not carried out because of patient''s decision for reasonsof belief and group pressure', 'Z03', 0),
(11662, 'Z53.2', 'Procedure not carried out because of patient''s decision for otherand unspecified reasons', 'Z03', 0),
(11663, 'Z53.8', 'Procedure not carried out for other reasons', 'Z03', 0),
(11664, 'Z53.9', 'Procedure not carried out, unspecified reason', 'Z03', 0),
(11665, 'Z54', 'Convalescence', 'Z03', 0),
(11666, 'Z54.0', 'Convalescence following surgery', 'Z03', 0),
(11667, 'Z54.1', 'Convalescence following radiotherapy', 'Z03', 0),
(11668, 'Z54.2', 'Convalescence following chemotherapy', 'Z03', 0),
(11669, 'Z54.3', 'Convalescence following psychotherapy', 'Z03', 0),
(11670, 'Z54.4', 'Convalescence following treatment of fracture', 'Z03', 0),
(11671, 'Z54.7', 'Convalescence following combined treatment', 'Z03', 0),
(11672, 'Z54.8', 'Convalescence following other treatment', 'Z03', 0),
(11673, 'Z54.9', 'Convalescence following unspecified treatment', 'Z03', 0),
(11674, 'Z55', 'Problems related to education and literacy', 'Z04', 0),
(11675, 'Z55.0', 'Illiteracy and low-level literacy', 'Z04', 0),
(11676, 'Z55.1', 'Schooling unavailable and unattainable', 'Z04', 0),
(11677, 'Z55.2', 'Failed examinations', 'Z04', 0),
(11678, 'Z55.3', 'Underachievement in school', 'Z04', 0),
(11679, 'Z55.4', 'Educational maladjustment and discord with teachers and classmates', 'Z04', 0),
(11680, 'Z55.8', 'Other problems related to education and literacy', 'Z04', 0),
(11681, 'Z55.9', 'Problem related to education and literacy, unspecified', 'Z04', 0),
(11682, 'Z56', 'Problems related to employment and unemployment', 'Z04', 0),
(11683, 'Z56.0', 'Unemployment, unspecified', 'Z04', 0),
(11684, 'Z56.1', 'Change of job', 'Z04', 0),
(11685, 'Z56.2', 'Threat of job loss', 'Z04', 0),
(11686, 'Z56.3', 'Stressful work schedule', 'Z04', 0),
(11687, 'Z56.4', 'Discord with boss and workmates', 'Z04', 0),
(11688, 'Z56.5', 'Uncongenial work', 'Z04', 0),
(11689, 'Z56.6', 'Other physical and mental strain related to work', 'Z04', 0),
(11690, 'Z56.7', 'Other and unspecified problems related to employment', 'Z04', 0),
(11691, 'Z57', 'Occupational exposure to risk-factors', 'Z04', 0),
(11692, 'Z57.0', 'Occupational exposure to noise', 'Z04', 0),
(11693, 'Z57.1', 'Occupational exposure to radiation', 'Z04', 0),
(11694, 'Z57.2', 'Occupational exposure to dust', 'Z04', 0),
(11695, 'Z57.3', 'Occupational exposure to other air contaminants', 'Z04', 0),
(11696, 'Z57.4', 'Occupational exposure to toxic agents in agriculture', 'Z04', 0),
(11697, 'Z57.5', 'Occupational exposure to toxic agents in other industries', 'Z04', 0),
(11698, 'Z57.6', 'Occupational exposure to extreme temperature', 'Z04', 0),
(11699, 'Z57.7', 'Occupational exposure to vibration', 'Z04', 0),
(11700, 'Z57.8', 'Occupational exposure to other risk-factors', 'Z04', 0),
(11701, 'Z57.9', 'Occupational exposure to unspecified risk-factor', 'Z04', 0),
(11702, 'Z58', 'Problems related to physical environment', 'Z04', 0),
(11703, 'Z58.0', 'Exposure to noise', 'Z04', 0),
(11704, 'Z58.1', 'Exposure to air pollution', 'Z04', 0),
(11705, 'Z58.2', 'Exposure to water pollution', 'Z04', 0),
(11706, 'Z58.3', 'Exposure to soil pollution', 'Z04', 0),
(11707, 'Z58.4', 'Exposure to radiation', 'Z04', 0),
(11708, 'Z58.5', 'Exposure to other pollution', 'Z04', 0),
(11709, 'Z58.6', 'Inadequate drinking-water supply', 'Z04', 0),
(11710, 'Z58.8', 'Other problems related to physical environment', 'Z04', 0),
(11711, 'Z58.9', 'Problem related to physical environment, unspecified', 'Z04', 0),
(11712, 'Z59', 'Problems related to housing and economic circumstances', 'Z04', 0),
(11713, 'Z59.0', 'Homelessness', 'Z04', 0),
(11714, 'Z59.1', 'Inadequate housing', 'Z04', 0),
(11715, 'Z59.2', 'Discord with neighbours, lodgers and landlord', 'Z04', 0),
(11716, 'Z59.3', 'Problems related to living in residential institution', 'Z04', 0),
(11717, 'Z59.4', 'Lack of adequate food', 'Z04', 0),
(11718, 'Z59.5', 'Extreme poverty', 'Z04', 0),
(11719, 'Z59.6', 'Low income', 'Z04', 0),
(11720, 'Z59.7', 'Insufficient social insurance and welfare support', 'Z04', 0),
(11721, 'Z59.8', 'Other problems related to housing and economic circumstances', 'Z04', 0),
(11722, 'Z59.9', 'Problem related to housing and economic circumstances, unspecified', 'Z04', 0),
(11723, 'Z60', 'Problems related to social environment', 'Z04', 0),
(11724, 'Z60.0', 'Problems of adjustment to life-cycle transitions', 'Z04', 0),
(11725, 'Z60.1', 'Atypical parenting situation', 'Z04', 0),
(11726, 'Z60.2', 'Living alone', 'Z04', 0),
(11727, 'Z60.3', 'Acculturation difficulty', 'Z04', 0),
(11728, 'Z60.4', 'Social exclusion and rejection', 'Z04', 0),
(11729, 'Z60.5', 'Target of perceived adverse discrimination and persecution', 'Z04', 0),
(11730, 'Z60.8', 'Other problems related to social environment', 'Z04', 0),
(11731, 'Z60.9', 'Problem related to social environment, unspecified', 'Z04', 0),
(11732, 'Z61', 'Problems related to negative life events in childhood', 'Z04', 0),
(11733, 'Z61.0', 'Loss of love relationship in childhood', 'Z04', 0),
(11734, 'Z61.1', 'Removal from home in childhood', 'Z04', 0),
(11735, 'Z61.2', 'Altered pattern of family relationships in childhood', 'Z04', 0),
(11736, 'Z61.3', 'Events resulting in loss of self-esteem in childhood', 'Z04', 0),
(11737, 'Z61.4', 'Problems related to alleged sexual abuse of child by person withinprimary support group', 'Z04', 0),
(11738, 'Z61.5', 'Problems related to alleged sexual abuse of child by person outsideprimary support group', 'Z04', 0),
(11739, 'Z61.6', 'Problems related to alleged physical abuse of child', 'Z04', 0),
(11740, 'Z61.7', 'Personal frightening experience in childhood', 'Z04', 0),
(11741, 'Z61.8', 'Other negative life events in childhood', 'Z04', 0),
(11742, 'Z61.9', 'Negative life event in childhood, unspecified', 'Z04', 0),
(11743, 'Z62', 'Other problems related to upbringing', 'Z04', 0),
(11744, 'Z62.0', 'Inadequate parental supervision and control', 'Z04', 0),
(11745, 'Z62.1', 'Parental overprotection', 'Z04', 0),
(11746, 'Z62.2', 'Institutional upbringing', 'Z04', 0),
(11747, 'Z62.3', 'Hostility towards and scapegoating of child', 'Z04', 0),
(11748, 'Z62.4', 'Emotional neglect of child', 'Z04', 0),
(11749, 'Z62.5', 'Other problems related to neglect in upbringing', 'Z04', 0),
(11750, 'Z62.6', 'Inappropriate parental pressure and other abnormal qualities ofupbringing', 'Z04', 0),
(11751, 'Z62.8', 'Other specified problems related to upbringing', 'Z04', 0),
(11752, 'Z62.9', 'Problem related to upbringing, unspecified', 'Z04', 0),
(11753, 'Z63', 'Other problems related to primary support group, including familycircumstances', 'Z04', 0),
(11754, 'Z63.0', 'Problems in relationship with spouse or partner', 'Z04', 0),
(11755, 'Z63.1', 'Problems in relationship with parents and in-laws', 'Z04', 0),
(11756, 'Z63.2', 'Inadequate family support', 'Z04', 0),
(11757, 'Z63.3', 'Absence of family member', 'Z04', 0),
(11758, 'Z63.4', 'Disappearance and death of family member', 'Z04', 0),
(11759, 'Z63.5', 'Disruption of family by separation and divorce', 'Z04', 0),
(11760, 'Z63.6', 'Dependent relative needing care at home', 'Z04', 0),
(11761, 'Z63.7', 'Other stressful life events affecting family and household', 'Z04', 0),
(11762, 'Z63.8', 'Other specified problems related to primary support group', 'Z04', 0),
(11763, 'Z63.9', 'Problem related to primary support group, unspecified', 'Z04', 0),
(11764, 'Z64', 'Problems related to certain psychosocial circumstances', 'Z04', 0),
(11765, 'Z64.0', 'Problems related to unwanted pregnancy', 'Z04', 0),
(11766, 'Z64.1', 'Problems related to multiparity', 'Z04', 0),
(11767, 'Z64.2', 'Seeking and accepting physical, nutritional and chemicalinterventions known to be hazardous and harm', 'Z04', 0),
(11768, 'Z64.3', 'Seeking and accepting behavioural and psychological interventionsknown to be hazardous and harmful', 'Z04', 0),
(11769, 'Z64.4', 'Discord with counsellors', 'Z04', 0),
(11770, 'Z65', 'Problems related to other psychosocial circumstances', 'Z04', 0),
(11771, 'Z65.0', 'Conviction in civil and criminal proceedings without imprisonment', 'Z04', 0),
(11772, 'Z65.1', 'Imprisonment and other incarceration', 'Z04', 0),
(11773, 'Z65.2', 'Problems related to release from prison', 'Z04', 0),
(11774, 'Z65.3', 'Problems related to other legal circumstances', 'Z04', 0),
(11775, 'Z65.4', 'Victim of crime and terrorism', 'Z04', 0),
(11776, 'Z65.5', 'Exposure to disaster, war and other hostilities', 'Z04', 0),
(11777, 'Z65.8', 'Other specified problems related to psychosocial circumstances', 'Z04', 0),
(11778, 'Z65.9', 'Problem related to unspecified psychosocial circumstances', 'Z04', 0),
(11779, 'Z70', 'Counselling related to sexual attitude, behaviour and orientation', 'Z05', 0),
(11780, 'Z70.0', 'Counselling related to sexual attitude', 'Z05', 0),
(11781, 'Z70.1', 'Counselling related to patient''s sexual behaviour and orientation', 'Z05', 0),
(11782, 'Z70.2', 'Counselling related to sexual behaviour and orientation of thirdparty', 'Z05', 0),
(11783, 'Z70.3', 'Counselling related to combined concerns regarding sexual attitude,behaviour and orientation', 'Z05', 0),
(11784, 'Z70.8', 'Other sex counselling', 'Z05', 0),
(11785, 'Z70.9', 'Sex counselling, unspecified', 'Z05', 0),
(11786, 'Z71', 'Persons encountering health services for other counselling andmedical advice, not elsewhere classifi', 'Z05', 0),
(11787, 'Z71.0', 'Person consulting on behalf of another person', 'Z05', 0),
(11788, 'Z71.1', 'Person with feared complaint in whom no diagnosis is made', 'Z05', 0),
(11789, 'Z71.2', 'Person consulting for explanation of investigation findings', 'Z05', 0),
(11790, 'Z71.3', 'Dietary counselling and surveillance', 'Z05', 0),
(11791, 'Z71.4', 'Alcohol abuse counselling and surveillance', 'Z05', 0),
(11792, 'Z71.5', 'Drug abuse counselling and surveillance', 'Z05', 0),
(11793, 'Z71.6', 'Tobacco abuse counselling', 'Z05', 0),
(11794, 'Z71.7', 'Human immunodeficiency virus [HIV] counselling', 'Z05', 0),
(11795, 'Z71.8', 'Other specified counselling', 'Z05', 0),
(11796, 'Z71.9', 'Counselling, unspecified', 'Z05', 0),
(11797, 'Z72', 'Problems related to lifestyle', 'Z05', 0),
(11798, 'Z72.0', 'Tobacco use', 'Z05', 0),
(11799, 'Z72.1', 'Alcohol use', 'Z05', 0),
(11800, 'Z72.2', 'Drug use', 'Z05', 0),
(11801, 'Z72.3', 'Lack of physical exercise', 'Z05', 0),
(11802, 'Z72.4', 'Inappropriate diet and eating habits', 'Z05', 0),
(11803, 'Z72.5', 'High-risk sexual behaviour', 'Z05', 0),
(11804, 'Z72.6', 'Gambling and betting', 'Z05', 0),
(11805, 'Z72.8', 'Other problems related to lifestyle', 'Z05', 0),
(11806, 'Z72.9', 'Problem related to lifestyle, unspecified', 'Z05', 0),
(11807, 'Z73', 'Problems related to life-management difficulty', 'Z05', 0),
(11808, 'Z73.0', 'Burn-out', 'Z05', 0),
(11809, 'Z73.1', 'Accentuation of personality traits', 'Z05', 0),
(11810, 'Z73.2', 'Lack of relaxation and leisure', 'Z05', 0),
(11811, 'Z73.3', 'Stress, not elsewhere classified', 'Z05', 0),
(11812, 'Z73.4', 'Inadequate social skills, not elsewhere classified', 'Z05', 0),
(11813, 'Z73.5', 'Social role conflict, not elsewhere classified', 'Z05', 0),
(11814, 'Z73.6', 'Limitation of activities due to disability', 'Z05', 0),
(11815, 'Z73.8', 'Other problems related to life-management difficulty', 'Z05', 0),
(11816, 'Z73.9', 'Problem related to life-management difficulty, unspecified', 'Z05', 0),
(11817, 'Z74', 'Problems related to care-provider dependency', 'Z05', 0),
(11818, 'Z74.0', 'Reduced mobility', 'Z05', 0),
(11819, 'Z74.1', 'Need for assistance with personal care', 'Z05', 0),
(11820, 'Z74.2', 'Need for assistance at home and no other household member able torender care', 'Z05', 0),
(11821, 'Z74.3', 'Need for continuous supervision', 'Z05', 0),
(11822, 'Z74.8', 'Other problems related to care-provider dependency', 'Z05', 0),
(11823, 'Z74.9', 'Problem related to care-provider dependency, unspecified', 'Z05', 0),
(11824, 'Z75', 'Problems related to medical facilities and other health care', 'Z05', 0),
(11825, 'Z75.0', 'Medical services not available in home', 'Z05', 0),
(11826, 'Z75.1', 'Person awaiting admission to adequate facility elsewhere', 'Z05', 0),
(11827, 'Z75.2', 'Other waiting period for investigation and treatment', 'Z05', 0),
(11828, 'Z75.3', 'Unavailability and inaccessibility of health-care facilities', 'Z05', 0),
(11829, 'Z75.4', 'Unavailability and inaccessibility of other helping agencies', 'Z05', 0),
(11830, 'Z75.5', 'Holiday relief care', 'Z05', 0),
(11831, 'Z75.8', 'Other problems related to medical facilities and other health care', 'Z05', 0),
(11832, 'Z75.9', 'Unspecified problem related to medical facilities and other healthcare', 'Z05', 0),
(11833, 'Z76', 'Persons encountering health services in other circumstances', 'Z05', 0),
(11834, 'Z76.0', 'Issue of repeat prescription', 'Z05', 0),
(11835, 'Z76.1', 'Health supervision and care of foundling', 'Z05', 0),
(11836, 'Z76.2', 'Health supervision and care of other healthy infant and child', 'Z05', 0),
(11837, 'Z76.3', 'Healthy person accompanying sick person', 'Z05', 0),
(11838, 'Z76.4', 'Other boarder in health-care facility', 'Z05', 0),
(11839, 'Z76.5', 'Malingerer [conscious simulation]', 'Z05', 0),
(11840, 'Z76.8', 'Persons encountering health services in other specifiedcircumstances', 'Z05', 0),
(11841, 'Z76.9', 'Person encountering health services in unspecified circumstances', 'Z05', 0),
(11842, 'Z80', 'Family history of malignant neoplasm', 'Z06', 0),
(11843, 'Z80.0', 'Family history of malignant neoplasm of digestive organs', 'Z06', 0),
(11844, 'Z80.1', 'Family history of malignant neoplasm of trachea, bronchus and lung', 'Z06', 0);
INSERT INTO `icd_penyakit` (`id`, `kode_penyakit`, `nama_penyakit`, `subkelompok`, `dtd_id`) VALUES
(11845, 'Z80.2', 'Family history of malignant neoplasm of other respiratory andintrathoracic organs', 'Z06', 0),
(11846, 'Z80.3', 'Family history of malignant neoplasm of breast', 'Z06', 0),
(11847, 'Z80.4', 'Family history of malignant neoplasm of genital organs', 'Z06', 0),
(11848, 'Z80.5', 'Family history of malignant neoplasm of urinary tract', 'Z06', 0),
(11849, 'Z80.6', 'Family history of leukaemia', 'Z06', 0),
(11850, 'Z80.7', 'Family history of other malignant neoplasms of lymphoid,haematopoietic and related tissues', 'Z06', 0),
(11851, 'Z80.8', 'Family history of malignant neoplasm of other organs or systems', 'Z06', 0),
(11852, 'Z80.9', 'Family history of malignant neoplasm, unspecified', 'Z06', 0),
(11853, 'Z81', 'Family history of mental and behavioural disorders', 'Z06', 0),
(11854, 'Z81.0', 'Family history of mental retardation', 'Z06', 0),
(11855, 'Z81.1', 'Family history of alcohol abuse', 'Z06', 0),
(11856, 'Z81.2', 'Family history of tobacco abuse', 'Z06', 0),
(11857, 'Z81.3', 'Family history of other psychoactive substance abuse', 'Z06', 0),
(11858, 'Z81.4', 'Family history of other substance abuse', 'Z06', 0),
(11859, 'Z81.8', 'Family history of other mental and behavioural disorders', 'Z06', 0),
(11860, 'Z82', 'Family history of certain disabilities and chronic diseases leadingto disablement', 'Z06', 0),
(11861, 'Z82.0', 'Family history of epilepsy and other diseases of the nervous system', 'Z06', 0),
(11862, 'Z82.1', 'Family history of blindness and visual loss', 'Z06', 0),
(11863, 'Z82.2', 'Family history of deafness and hearing loss', 'Z06', 0),
(11864, 'Z82.3', 'Family history of stroke', 'Z06', 0),
(11865, 'Z82.4', 'Family history of ischaemic heart disease and other diseases of thecirculatory system', 'Z06', 0),
(11866, 'Z82.5', 'Family history of asthma and other chronic lower respiratorydiseases', 'Z06', 0),
(11867, 'Z82.6', 'Family history of arthritis and other diseases of themusculoskeletal system and connective tissue', 'Z06', 0),
(11868, 'Z82.7', 'Family history of congenital malformations, deformations andchromosomal abnormalities', 'Z06', 0),
(11869, 'Z82.8', 'Family history of other disabilities and chronic diseases leading todisablement, not elsewhere class', 'Z06', 0),
(11870, 'Z83', 'Family history of other specific disorders', 'Z06', 0),
(11871, 'Z83.0', 'Family history of human immunodeficiency virus [HIV] disease', 'Z06', 0),
(11872, 'Z83.1', 'Family history of other infectious and parasitic diseases', 'Z06', 0),
(11873, 'Z83.2', 'Family history of diseases of the blood and blood-forming organs andcertain disorders involving the', 'Z06', 0),
(11874, 'Z83.3', 'Family history of diabetes mellitus', 'Z06', 0),
(11875, 'Z83.4', 'Family history of other endocrine, nutritional and metabolicdiseases', 'Z06', 0),
(11876, 'Z83.5', 'Family history of eye and ear disorders', 'Z06', 0),
(11877, 'Z83.6', 'Family history of diseases of the respiratory system', 'Z06', 0),
(11878, 'Z83.7', 'Family history of diseases of the digestive system', 'Z06', 0),
(11879, 'Z84', 'Family history of other conditions', 'Z06', 0),
(11880, 'Z84.0', 'Family history of diseases of the skin and subcutaneous tissue', 'Z06', 0),
(11881, 'Z84.1', 'Family history of disorders of kidney and ureter', 'Z06', 0),
(11882, 'Z84.2', 'Family history of other diseases of the genitourinary system', 'Z06', 0),
(11883, 'Z84.3', 'Family history of consanguinity', 'Z06', 0),
(11884, 'Z84.8', 'Family history of other specified conditions', 'Z06', 0),
(11885, 'Z85', 'Personal history of malignant neoplasm', 'Z06', 0),
(11886, 'Z85.0', 'Personal history of malignant neoplasm of digestive organs', 'Z06', 0),
(11887, 'Z85.1', 'Personal history of malignant neoplasm of trachea, bronchus and lung', 'Z06', 0),
(11888, 'Z85.2', 'Personal history of malignant neoplasm of other respiratory andintrathoracic organs', 'Z06', 0),
(11889, 'Z85.3', 'Personal history of malignant neoplasm of breast', 'Z06', 0),
(11890, 'Z85.4', 'Personal history of malignant neoplasm of genital organs', 'Z06', 0),
(11891, 'Z85.5', 'Personal history of malignant neoplasm of urinary tract', 'Z06', 0),
(11892, 'Z85.6', 'Personal history of leukaemia', 'Z06', 0),
(11893, 'Z85.7', 'Personal history of other malignant neoplasms of lymphoid,haematopoietic and related tissues', 'Z06', 0),
(11894, 'Z85.8', 'Personal history of malignant neoplasms of other organs and systems', 'Z06', 0),
(11895, 'Z85.9', 'Personal history of malignant neoplasm, unspecified', 'Z06', 0),
(11896, 'Z86', 'Personal history of certain other diseases', 'Z06', 0),
(11897, 'Z86.0', 'Personal history of other neoplasms', 'Z06', 0),
(11898, 'Z86.1', 'Personal history of infectious and parasitic diseases', 'Z06', 0),
(11899, 'Z86.2', 'Personal history of diseases of the blood and blood-forming organsand certain disorders involving th', 'Z06', 0),
(11900, 'Z86.3', 'Personal history of endocrine, nutritional and metabolic diseases', 'Z06', 0),
(11901, 'Z86.4', 'Personal history of psychoactive substance abuse', 'Z06', 0),
(11902, 'Z86.5', 'Personal history of other mental and behavioural disorders', 'Z06', 0),
(11903, 'Z86.6', 'Personal history of diseases of the nervous system and sense organs', 'Z06', 0),
(11904, 'Z86.7', 'Personal history of diseases of the circulatory system', 'Z06', 0),
(11905, 'Z87', 'Personal history of other diseases and conditions', 'Z06', 0),
(11906, 'Z87.0', 'Personal history of diseases of the respiratory system', 'Z06', 0),
(11907, 'Z87.1', 'Personal history of diseases of the digestive system', 'Z06', 0),
(11908, 'Z87.2', 'Personal history of diseases of the skin and subcutaneous tissue', 'Z06', 0),
(11909, 'Z87.3', 'Personal history of diseases of the musculoskeletal system andconnective tissue', 'Z06', 0),
(11910, 'Z87.4', 'Personal history of diseases of the genitourinary system', 'Z06', 0),
(11911, 'Z87.5', 'Personal history of complications of pregnancy, childbirth and thepuerperium', 'Z06', 0),
(11912, 'Z87.6', 'Personal history of certain conditions arising in the perinatalperiod', 'Z06', 0),
(11913, 'Z87.7', 'Personal history of congenital malformations, deformations andchromosomal abnormalities', 'Z06', 0),
(11914, 'Z87.8', 'Personal history of other specified conditions', 'Z06', 0),
(11915, 'Z88', 'Personal history of allergy to drugs, medicaments and biologicalsubstances', 'Z06', 0),
(11916, 'Z88.0', 'Personal history of allergy to penicillin', 'Z06', 0),
(11917, 'Z88.1', 'Personal history of allergy to other antibiotic agents', 'Z06', 0),
(11918, 'Z88.2', 'Personal history of allergy to sulfonamides', 'Z06', 0),
(11919, 'Z88.3', 'Personal history of allergy to other anti-infective agents', 'Z06', 0),
(11920, 'Z88.4', 'Personal history of allergy to anaesthetic agent', 'Z06', 0),
(11921, 'Z88.5', 'Personal history of allergy to narcotic agent', 'Z06', 0),
(11922, 'Z88.6', 'Personal history of allergy to analgesic agent', 'Z06', 0),
(11923, 'Z88.7', 'Personal history of allergy to serum and vaccine', 'Z06', 0),
(11924, 'Z88.8', 'Personal history of allergy to other drugs, medicaments andbiological substances', 'Z06', 0),
(11925, 'Z88.9', 'Personal history of allergy to unspecified drugs, medicaments andbiological substances', 'Z06', 0),
(11926, 'Z89', 'Acquired absence of limb', 'Z06', 0),
(11927, 'Z89.0', 'Acquired absence of finger(s) [including thumb], unilateral', 'Z06', 0),
(11928, 'Z89.1', 'Acquired absence of hand and wrist', 'Z06', 0),
(11929, 'Z89.2', 'Acquired absence of upper limb above wrist', 'Z06', 0),
(11930, 'Z89.3', 'Acquired absence of both upper limbs [any level]', 'Z06', 0),
(11931, 'Z89.4', 'Acquired absence of foot and ankle', 'Z06', 0),
(11932, 'Z89.5', 'Acquired absence of leg at or below knee', 'Z06', 0),
(11933, 'Z89.6', 'Acquired absence of leg above knee', 'Z06', 0),
(11934, 'Z89.7', 'Acquired absence of both lower limbs [any level, except toes alone]', 'Z06', 0),
(11935, 'Z89.8', 'Acquired absence of upper and lower limbs [any level]', 'Z06', 0),
(11936, 'Z89.9', 'Acquired absence of limb, unspecified', 'Z06', 0),
(11937, 'Z90', 'Acquired absence of organs, not elsewhere classified', 'Z06', 0),
(11938, 'Z90.0', 'Acquired absence of part of head and neck', 'Z06', 0),
(11939, 'Z90.1', 'Acquired absence of breast(s)', 'Z06', 0),
(11940, 'Z90.2', 'Acquired absence of lung [part of]', 'Z06', 0),
(11941, 'Z90.3', 'Acquired absence of part of stomach', 'Z06', 0),
(11942, 'Z90.4', 'Acquired absence of other parts of digestive tract', 'Z06', 0),
(11943, 'Z90.5', 'Acquired absence of kidney', 'Z06', 0),
(11944, 'Z90.6', 'Acquired absence of other organs of urinary tract', 'Z06', 0),
(11945, 'Z90.7', 'Acquired absence of genital organ(s)', 'Z06', 0),
(11946, 'Z90.8', 'Acquired absence of other organs', 'Z06', 0),
(11947, 'Z91', 'Personal history of risk-factors, not elsewhere classified', 'Z06', 0),
(11948, 'Z91.0', 'Personal history of allergy, other than to drugs and biologicalsubstances', 'Z06', 0),
(11949, 'Z91.1', 'Personal history of noncompliance with medical treatment and regimen', 'Z06', 0),
(11950, 'Z91.2', 'Personal history of poor personal hygiene', 'Z06', 0),
(11951, 'Z91.3', 'Personal history of unhealthy sleep-wake schedule', 'Z06', 0),
(11952, 'Z91.4', 'Personal history of psychological trauma, not elsewhere classified', 'Z06', 0),
(11953, 'Z91.5', 'Personal history of self-harm', 'Z06', 0),
(11954, 'Z91.6', 'Personal history of other physical trauma', 'Z06', 0),
(11955, 'Z91.8', 'Personal history of other specified risk-factors, not elsewhereclassified', 'Z06', 0),
(11956, 'Z92', 'Personal history of medical treatment', 'Z06', 0),
(11957, 'Z92.0', 'Personal history of contraception', 'Z06', 0),
(11958, 'Z92.1', 'Personal history of long-term (current) use of anticoagulants', 'Z06', 0),
(11959, 'Z92.2', 'Personal history of long-term (current) use of other medicaments', 'Z06', 0),
(11960, 'Z92.3', 'Personal history of irradiation', 'Z06', 0),
(11961, 'Z92.4', 'Personal history of major surgery, not elsewhere classified', 'Z06', 0),
(11962, 'Z92.5', 'Personal history of rehabilitation measures', 'Z06', 0),
(11963, 'Z92.8', 'Personal history of other medical treatment', 'Z06', 0),
(11964, 'Z92.9', 'Personal history of medical treatment, unspecified', 'Z06', 0),
(11965, 'Z93', 'Artificial opening status', 'Z06', 0),
(11966, 'Z93.0', 'Tracheostomy status', 'Z06', 0),
(11967, 'Z93.1', 'Gastrostomy status', 'Z06', 0),
(11968, 'Z93.2', 'Ileostomy status', 'Z06', 0),
(11969, 'Z93.3', 'Colostomy status', 'Z06', 0),
(11970, 'Z93.4', 'Other artificial openings of gastrointestinal tract status', 'Z06', 0),
(11971, 'Z93.5', 'Cystostomy status', 'Z06', 0),
(11972, 'Z93.6', 'Other artificial openings of urinary tract status', 'Z06', 0),
(11973, 'Z93.8', 'Other artificial opening status', 'Z06', 0),
(11974, 'Z93.9', 'Artificial opening status, unspecified', 'Z06', 0),
(11975, 'Z94', 'Transplanted organ and tissue status', 'Z06', 0),
(11976, 'Z94.0', 'Kidney transplant status', 'Z06', 0),
(11977, 'Z94.1', 'Heart transplant status', 'Z06', 0),
(11978, 'Z94.2', 'Lung transplant status', 'Z06', 0),
(11979, 'Z94.3', 'Heart and lungs transplant status', 'Z06', 0),
(11980, 'Z94.4', 'Liver transplant status', 'Z06', 0),
(11981, 'Z94.5', 'Skin transplant status', 'Z06', 0),
(11982, 'Z94.6', 'Bone transplant status', 'Z06', 0),
(11983, 'Z94.7', 'Corneal transplant status', 'Z06', 0),
(11984, 'Z94.8', 'Other transplanted organ and tissue status', 'Z06', 0),
(11985, 'Z94.9', 'Transplanted organ and tissue status, unspecified', 'Z06', 0),
(11986, 'Z95', 'Presence of cardiac and vascular implants and grafts', 'Z06', 0),
(11987, 'Z95.0', 'Presence of cardiac pacemaker', 'Z06', 0),
(11988, 'Z95.1', 'Presence of aortocoronary bypass graft', 'Z06', 0),
(11989, 'Z95.2', 'Presence of prosthetic heart valve', 'Z06', 0),
(11990, 'Z95.3', 'Presence of xenogenic heart valve', 'Z06', 0),
(11991, 'Z95.4', 'Presence of other heart-valve replacement', 'Z06', 0),
(11992, 'Z95.5', 'Presence of coronary angioplasty implant and graft', 'Z06', 0),
(11993, 'Z95.8', 'Presence of other cardiac and vascular implants and grafts', 'Z06', 0),
(11994, 'Z95.9', 'Presence of cardiac and vascular implant and graft, unspecified', 'Z06', 0),
(11995, 'Z96', 'Presence of other functional implants', 'Z06', 0),
(11996, 'Z96.0', 'Presence of urogenital implants', 'Z06', 0),
(11997, 'Z96.1', 'Presence of intraocular lens', 'Z06', 0),
(11998, 'Z96.2', 'Presence of otological and audiological implants', 'Z06', 0),
(11999, 'Z96.3', 'Presence of artificial larynx', 'Z06', 0),
(12000, 'Z96.4', 'Presence of endocrine implants', 'Z06', 0),
(12001, 'Z96.5', 'Presence of tooth-root and mandibular implants', 'Z06', 0),
(12002, 'Z96.6', 'Presence of orthopaedic joint implants', 'Z06', 0),
(12003, 'Z96.7', 'Presence of other bone and tendon implants', 'Z06', 0),
(12004, 'Z96.8', 'Presence of other specified functional implants', 'Z06', 0),
(12005, 'Z96.9', 'Presence of functional implant, unspecified', 'Z06', 0),
(12006, 'Z97', 'Presence of other devices', 'Z06', 0),
(12007, 'Z97.0', 'Presence of artificial eye', 'Z06', 0),
(12008, 'Z97.1', 'Presence of artificial limb (complete)(partial)', 'Z06', 0),
(12009, 'Z97.2', 'Presence of dental prosthetic device (complete)(partial)', 'Z06', 0),
(12010, 'Z97.3', 'Presence of spectacles and contact lenses', 'Z06', 0),
(12011, 'Z97.4', 'Presence of external hearing-aid', 'Z06', 0),
(12012, 'Z97.5', 'Presence of (intrauterine) contraceptive device', 'Z06', 0),
(12013, 'Z97.8', 'Presence of other specified devices', 'Z06', 0),
(12014, 'Z98', 'Other postsurgical states', 'Z06', 0),
(12015, 'Z98.0', 'Intestinal bypass and anastomosis status', 'Z06', 0),
(12016, 'Z98.1', 'Arthrodesis status', 'Z06', 0),
(12017, 'Z98.2', 'Presence of cerebrospinal fluid drainage device', 'Z06', 0),
(12018, 'Z98.8', 'Other specified postsurgical states', 'Z06', 0),
(12019, 'Z99', 'Dependence on enabling machines and devices, not elsewhereclassified', 'Z06', 0),
(12020, 'Z99.0', 'Dependence on aspirator', 'Z06', 0),
(12021, 'Z99.1', 'Dependence on respirator', 'Z06', 0),
(12022, 'Z99.2', 'Dependence on renal dialysis', 'Z06', 0),
(12023, 'Z99.3', 'Dependence on wheelchair', 'Z06', 0),
(12024, 'Z99.8', 'Dependence on other enabling machines and devices', 'Z06', 0),
(12025, 'Z99.9', 'Dependence on unspecified enabling machine and device', 'Z06', 0);

-- --------------------------------------------------------

--
-- Table structure for table `icd_subkelompok`
--

CREATE TABLE IF NOT EXISTS `icd_subkelompok` (
  `kode_subkelompok` varchar(10) NOT NULL,
  `nama_subkelompok` varchar(175) NOT NULL,
  `kelompok` varchar(6) NOT NULL,
  PRIMARY KEY (`kode_subkelompok`)
) ENGINE=InnoDB DEFAULT CHARSET=latin1;

--
-- Dumping data for table `icd_subkelompok`
--

INSERT INTO `icd_subkelompok` (`kode_subkelompok`, `nama_subkelompok`, `kelompok`) VALUES
('A00', 'PENYAKIT INFEKSI USUS', 'A00'),
('A01', 'TUBERKULOSIS', 'A00'),
('A02', 'PENYAKIT BAKTERI LAINNYA', 'A00'),
('A03', 'PENYAKIT LAIN YANG DISEBABKAN KLAMIDIA', 'A00'),
('A04', 'RIKETSIOSIS', 'A00'),
('A05', 'INFEKSI VIRUS PADA SISTEM SARAF PUSAT', 'A00'),
('A06', 'DEMAM YANG DISEBABKAN GIGITAN ATHROPODA DAN VIRUS DENGAN PERDARAHAN', 'A00'),
('A07', 'INFEKSI VIRAL YANG DITANDAI OLEH LESI MEMBRANA MUKOSA DAN KULIT', 'A00'),
('A08', 'HEPATITIS VIRUS', 'A00'),
('A09', 'PENYAKIT VIRUS PENYEBAB IMUM PADA MANUSIA (HIV)', 'A00'),
('A10', 'PENYAKIT VIRAL LAINNYA', 'A00'),
('A11', 'MIKOSIS', 'A00'),
('A12', 'PENYAKIT PROTOZOA', 'A00'),
('A13', 'HELMINTIASIS', 'A00'),
('A14', 'GEJALA SISA PENYAKIT INFEKSI DAN PARASIT', 'A00'),
('A15', 'KUMAN, VIRUS DAN PENYEBAB INFEKSI LAINNYA', 'A00'),
('A16', 'PENYAKIT INFEKSI LAINNYA', 'A00'),
('A17', 'NEOPLASMA GANAS BIBIR, RONGGA MULUT DAN FARINGS', 'B00'),
('A18', 'NEOPLASMA GANAS ALAT CERNA', 'B00'),
('A19', 'NEOPLASMA GANAS ALAT NAFAS DAN RONGGA DADA', 'B00'),
('A20', 'NEOPLASMA GANAS TULANG DAN TULANGA RAWAN SENDI', 'B00'),
('A21', 'MELANOMA DAN NEOPLASMA GANAS KULIT LAINNYA', 'B00'),
('A22', 'NEOPLASMA GANAS MESOTELIAL DAN JARINGAN LUNAK', 'B00'),
('A23', 'NEOPLASMA GANAS PAYUDARA', 'B00'),
('A24', 'NEOPLASMA GANAS ALAT KELAMIN WANITA', 'B00'),
('A25', 'NEOPLASMA GANAS ALAT KELAMIN PRIA', 'B00'),
('A26', 'NEOPLASMA GANAS SALURAN KEMIH', 'B00'),
('A27', 'NEOPLASMA GANAS MATA, OTAK DAN SSP LAINNYA', 'B00'),
('A28', 'NEOPLASMA GANAS TIROID DAN KELENJAR ENDOKRIN LAIN', 'B00'),
('A29', 'NEOPLASMA GANAS SEKONDER, TEMPAT TIDAK JELAS, TEMPAT TIDAK DITENTUKAN', 'B00'),
('A30', 'NEOPLASMA GANAS LIMFOID ,  HEMOPOETIK DAN JARINGAN TERKAIT', 'B00'),
('A31', 'NEOPLASMA GANAS MULTIPLE PRIMER', 'B00'),
('A32', 'KARSINOMA IN SITU', 'B00'),
('A33', 'NEOPLASMA JINAK', 'B00'),
('A34', 'NEOPLASMA YANG TAK MENENTU PERANGAINYA', 'B00'),
('C00', 'ANEMIA GIZI', 'C00'),
('C01', 'ANEMIA HEMOLITIK', 'C00'),
('C02', 'ANEMIA APLASTIK DAN ANEMIA LAINNYA', 'C00'),
('C03', 'DEFEK KOAGULASI PURPURA DAN KELAINAN PERDARAHAN  LAINNYA', 'C00'),
('C04', 'PENYAKIT DARAH DAN PENYAKIT ORGAN PEMBUAT  DARAH  LAINNYA', 'C00'),
('C05', 'BEBERAPA PENYAKIT YANG MENYANGKUT MEKANISME IMUN', 'C00'),
('D00', 'GANGGUAN KELENJAR TIROID', 'D00'),
('D01', 'DIABETES MELITUS', 'D00'),
('D02', 'GANGGUAN REGULASI GULA DAN SEKRESI INTERNAL PANKTREAS LAINNYA', 'D00'),
('D03', 'GANGGUAN KELENJAR ENDOKRIN LAINNYA', 'D00'),
('D04', 'MALNUTRISI', 'D00'),
('D05', 'DEFISIENSI NUTRISI LAINNYA', 'D00'),
('D06', 'OBESITAS DAN HIPERALIMENTASI LAINNYA', 'D00'),
('D07', 'GANGGUAN METABOLISME', 'D00'),
('E00', 'GANGGUAN MENTAL ORGANIK TERMASUK SIMTOMATIK', 'E00'),
('E01', 'GANGGUAN MENTAL DAN PRILAKU AKIBAT ZAT PSIKOAKTIF', 'E00'),
('E02', 'SKIZOFRENIA, GANGGUAN SKIZOTIPAL DAN GANGGUAN WAHAM', 'E00'),
('E03', 'GANGGUAN SUASANA PERASAAN', 'E00'),
('E04', 'GANGGUAN NEUROTIK, GANGGUAN SOMATOFORM DAN GANGGUANYANG BERKAITAN DENGAN STRESS', 'E00'),
('E05', 'SINDROMA PRILAKU YANG BERHUBUNGAN DENGAN GANGGUAN PSIKOLOGIS DAN FAKTOR FISIK', 'E00'),
('E06', 'RETARDASI MENTAL', 'E00'),
('E07', 'GANGGUAN PERKEMBANGAN PSIKOLOGIS', 'E00'),
('E08', 'GANGGUAN PRILAKU DAN EMOSI AKIBAT KEJADIAN MASA KANAK KANAK DAN REMAJA', 'E00'),
('E09', 'GANGGUAN MENTAL YANG TIDAK DIKLASIFIKASIKAN', 'E00'),
('F00', 'PENYAKIT RADANG SUSUNAN SARAF PUSAT', 'F00'),
('F01', 'ASTROFI SISTEMIK PRIMER MENGENAI SUSUNAN SARAF PUSAT', 'F00'),
('F02', 'GANGGUAN EKSTRAPIRAMIDAL DAN GANGGUAN GERAK', 'F00'),
('F03', 'PENYAKIT DEGENERATIF SUSUNAN SARAF LAINNYA', 'F00'),
('F04', 'PENYAKIT DEMIELINISASI SUSUNAN SARAF PUSAT', 'F00'),
('F05', 'GANGGUAN EPISODIK DAN PAROKSISMAL', 'F00'),
('F06', 'GANGGUAN SARAF, AKAR SARAF, DAN PLEKSUS', 'F00'),
('F07', 'POLENEROPATI DAN GANGGUAN SUSUNAN SARAF PERIFER', 'F00'),
('F08', 'PENYAKIT SAMBUNGAN MIONEURALDAN OTOT', 'F00'),
('F09', 'CEREBRAL PALSI DAN SINDROMA PARALITIK LAINNYA', 'F00'),
('F10', 'GANGGUAN SUSUNAN SARAF LAINNYA', 'F00'),
('G00', 'GANGGUAN KELOPAK MATA , SISTEM LAKRIMAL, ORBITA', 'G00'),
('G01', 'GANGGUAN KONJUNGTIVA', 'G00'),
('G02', 'GANGGUAN SKLERA, KORNEA, IRIS, DAN BADAN SILIAR', 'G00'),
('G03', 'GANGGUAN LENSA', 'G00'),
('G04', 'GANGGUAN KOROID DAN RETINA', 'G00'),
('G05', 'GLAUKOMA', 'G00'),
('G06', 'GANGGUAN BADAN KACA DAN BOLA MATA', 'G00'),
('G07', 'GANGGUAN SARAF OPTIK DAN JALUR PENGLIHATAN', 'G00'),
('G08', 'GANGGUAN OTOT UKULAR, GERAKAN MATABINOKULER, AKOMODASI DAN REFRAKSI', 'G00'),
('G09', 'GANGGUAN VISUAL DAN BUTA', 'G00'),
('G10', 'GANGGUAN LAIN MATA DAN ADNEKSA', 'G00'),
('G11', 'GANGGUAN LAIN MATA DAN ADNEKSA', 'G00'),
('H00', 'PENYAKIT TELINGA LUAR', 'H00'),
('H01', 'PENYAKIT TELINGA TENGAH DAN MASTOID', 'H00'),
('H02', 'PENYAKIT TELINGA DALAM', 'H00'),
('H03', 'GANGGUAN LAIN  TELINGA', 'H00'),
('I00', 'DEMAM REMATIK AKUT', 'I00'),
('I01', 'PENYAKIT JANTUNG, REMATIK KRONIK', 'I00'),
('I02', 'PENYAKIT HIPERTENSI', 'I00'),
('I03', 'PENYAKIT JANTUNG ISKEMIK', 'I00'),
('I04', 'PENYAKIT JANTUNG PARU DAN PENYAKIT SIRKULASI', 'I00'),
('I05', 'PENYAKIT JANTUNG BENTUK LAINNYA', 'I00'),
('I06', 'PENYAKIT SEREBRO VASKULER', 'I00'),
('I07', 'PENYAKIT ARTERI, ARTERIOL DAN KAPILER', 'I00'),
('I08', 'PENYAKIT VENA, PEMBULUH DAN NODUS GETAH LIMFATIK YANG TIDAK DAPAT DIKLASIFIKASI DI TEMPAT LAIN', 'I00'),
('I09', 'GANGGUAN LAINNYA DAN YANG TIDAK DAPAT DIKLASIFIKASIKAN SISTEM SIRKULASI', 'I00'),
('J00', 'INFEKSI SALURAN NAFAS ATAS AKUT', 'J00'),
('J01', 'INFLUENSA DAN PNEUMONIA', 'J00'),
('J02', 'INFEKSI SALURAN NAFAS BAWAH AKUT LAINNYA', 'J00'),
('J03', 'PENYAKIT SALURAN NAFAS LAINNYA', 'J00'),
('J04', 'PENYAKIT SALURAN NAFAS BAWAH KRONIK', 'J00'),
('J05', 'PENYAKIT PARU OLEH PENYEBAB LUAR', 'J00'),
('J06', 'PENYAKIT PERNAFASAN LAINNYA YANG MENGENAI JARINGAN INTERSTISIAL LAINNYA', 'J00'),
('J07', 'KONDISI SUPURATIF DAN NEKROTIK PADA SALURAN NAFAS BAWAH', 'J00'),
('J08', 'PENYAKIT PLEURA LAINNYA', 'J00'),
('J09', 'PENYAKIT SISTEM SALURAN NAFAS LAINNYA', 'J00'),
('K00', 'PENYAKIT RONGGA MULUT, KELENJAR LIUR DAN RAHANG', 'K00'),
('K01', 'PENYAKIT ESOFAGUS, LAMBUNG DAN DUODENUM', 'K00'),
('K02', 'PENYAKIT APENDIKS', 'K00'),
('K03', 'HERNIA', 'K00'),
('K04', 'ENTRITIS DAN KOLITIS', 'K00'),
('K05', 'PENYAKIT USUS LAINNYA', 'K00'),
('K06', 'PENYAKIT PERITONIUM', 'K00'),
('K07', 'PENYAKIT HATI', 'K00'),
('K08', 'GANGGUAN KANDUNG EMPEDU, SALURAN EMPEDU DAN PANKREAS', 'K00'),
('K09', 'PENYAKIT SISTEM PENCERNAAN LAINNYA', 'K00'),
('L00', 'INFEKSI KULIT DAN JARINGAN SUBKUTAN', 'L00'),
('L01', 'GANGGUAN BULOSA', 'L00'),
('L02', 'DERMATITIS DAN EKSEMA', 'L00'),
('L03', 'GANGGUAN PAPULOSKUAMOSA', 'L00'),
('L04', 'URTIKARIA DAN ERITEMA', 'L00'),
('L05', 'GANGGUAN RADIASI BERHUBUNGAN DENGAN KULIT DAN JARINGAN SUBKUTAN', 'L00'),
('L06', 'GANGGUAN PERANGKAT KULIT', 'L00'),
('L07', 'GANGGUAN LAIN KULIT DAN JARINGAN SUBKUTAN', 'L00'),
('M00', 'INFEKSI ARTHROPATHI', 'M00'),
('M01', 'PERADANGAN POLYARTHROPATHI', 'M00'),
('M02', 'ARTHROSIS', 'M00'),
('M03', 'GANGGUAN SENDI LAINNYA', 'M00'),
('M04', 'GANGGUAN SISTEMIK JARINGAN IKAT', 'M00'),
('M05', 'DEFORMING DORSOPATHIS', 'M00'),
('M06', 'SPONDYLOPATHI', 'M00'),
('M07', 'DORSOPATHI LAINNYA', 'M00'),
('M08', 'GANGGUAN- GANGGUAN OTOT', 'M00'),
('M09', 'GANGGUAN SINOVIUM DAN TENDON', 'M00'),
('M10', 'GANGGUAN- GANGGUAN JARINGAN LUNAK LAINNYA', 'M00'),
('M11', 'GANGGUAN DENSITAS DAN STRUKTUR TULANG', 'M00'),
('M12', 'OSTEOPATHI LAINNYA', 'M00'),
('M13', 'CHONDROPATHI', 'M00'),
('M14', 'GANGGUAN LAIN DARI SISTEM MUSKULOSKELETAL DAN JARINGAN IKAT', 'M00'),
('N00', 'PENYAKIT GLOMERULER', 'N00'),
('N01', 'PENYAKIT TUBULO-INTERSTISIAL GINJAL', 'N00'),
('N02', 'GAGAL GINJAL', 'N00'),
('N03', 'UROLITIASIS', 'N00'),
('N04', 'KELAINAN GINJAL DAN URETER LAINNYA', 'N00'),
('N05', 'PENYAKIT SISTEM KEMIH LAINNYA', 'N00'),
('N06', 'PENYAKIT ALAT KELAMIN LAKI', 'N00'),
('N07', 'GANGGUAN PADA PAYUDARA', 'N00'),
('N08', 'RADANG ALAT DALAM PANGGUL PEREMPUAN', 'N00'),
('N09', 'GANGGUAN BUKAN RADANG SALURAN KELAMIN PEREMPUAN', 'N00'),
('N10', 'GANGGUAN ALAT KELAMIN PEREMPUAN LAINNYA', 'N00'),
('O00', 'KEHAMILAN YANG BERAKHIR DENGAN ABORTUS', 'O00'),
('O01', 'EDEMA, PROTEINURIA DAN GANNGGUAN HIPERTENSI DALAMN KEHAMILAN, PERSALINAN DAN NIFAS', 'O00'),
('O02', 'GANGGUAN MATERNAL LAINNYA YANG TERUTAMA BERKAITAN DENGAN KEHAMILAN', 'O00'),
('O03', 'PERAWATAN IBU YANG BERKAITAN DENGAN JANIN DAN KETUBAN DAN KEMUNGKINAN PERSALINAN', 'O00'),
('O04', 'PENYULIT KEHAMILAN', 'O00'),
('O05', 'PERSALINAN', 'O00'),
('O06', 'PENYULIT YANG TERUTAMA BERKAITAN DENGAN NIFAS', 'O00'),
('O07', 'GANGGUAN OBSTETRIK LAINNYA YANG TAK DIKLASIFIKASIKAN DITEMPAT LAIN', 'O00'),
('P00', 'JANIN DAN BAYI BARU LAHIR YANG DIPENGARUHI OLEH FAKTOR IBU DAN OLEH KOMPLIKASI KEHAMILAN, PERSALINAN DAN KELAHIRAN', 'P00'),
('P01', 'KELAINAN YANG BERHUBUNGAN DENGAN MASA KEHAMILAN DAN PERTUMBUHAN JANIN', 'P00'),
('P02', 'TRAUMA LAHIR (CEDERA KELAHIRAN)', 'P00'),
('P03', 'KELAINAN SALURAN NAFAS DAN KARDIOVASKULER KHUSUSNYA PADA MASA PERINATAL', 'P00'),
('P04', 'INFEKSI SPESIFIK UNTUK MASA PERINATAL', 'P00'),
('P05', 'PENYAKIT HEMORAGIK DAN HEMATOLOGIS PADA JANIN DAN BAYI BARU LAHIR', 'P00'),
('P06', 'KELAINAN ENDOKRIN DAN METABOLIK SPINTAS SPESIFIK PADA JANIN DAN BAYI BARU LAHIR', 'P00'),
('P07', 'KELAINAN SISTEM CERNA PADA JANIN DAN BAYI BARU LAHIR', 'P00'),
('P08', 'KEADAAN YANG BERHUBUNGAN DENGAN KULIT DAN PENGATURAN SUHU JANIN DAN BAYI BARU LAHIR', 'P00'),
('P09', 'KELAINAN LAIN YANG BERMULA PADA MASA PERINATAL', 'P00'),
('Q00', 'MALFORMASI KONGENITAL SUSUNAN SARAF PUSAT', 'Q00'),
('Q01', 'MALFORMASI KONGENITAL MATA, TELINGA, MUKA DAN LEHER', 'Q00'),
('Q02', 'MALFORMASI KONGENITAL SISTEM SIRKULASI', 'Q00'),
('Q03', 'MALFORMASI KONGENITAL SISTEM PERNAFASAN', 'Q00'),
('Q04', 'BIBIR SUMBING DAN LANGIT-LANGIT SUMBING', 'Q00'),
('Q05', 'MALFORMASI KONGENITAL SALURAN CERNA', 'Q00'),
('Q06', 'MALFORMASI KONGENITAL ALAT KELAMIN', 'Q00'),
('Q07', 'MALFORMASI KONGENITAL SISTEM KEMIH', 'Q00'),
('Q08', 'MALFORMASI KONGENITAL DAN DEFORMASI SISTEM MUSKULOSKELETAL', 'Q00'),
('Q09', 'KELAINAN KONGENITAL LAINNYA', 'Q00'),
('Q10', 'ABNORMALITAS KHROMOSOM, YANG TIDAK DIKLASIFIKASI DI TEMPAT LAIN', 'Q00'),
('R00', 'GEJALA, TANDA YANG MELIBATKAN SISTEM NAFAS DAN PEREDARAN DARAH', 'R00'),
('R01', 'GEJALA, TANDA YANG MELIBATKAN SISTEM CERNA DAN ABDOMEN', 'R00'),
('R02', 'GEJALA, TANDA YANG MELIBATKAN KULIT DAN JARINGAN SUBKUTAN', 'R00'),
('R03', 'GEJALA, TANDA YANG MELIBATKAN SUSUNAN SARAF DAN SISTEM MUSKULOSKELETAL', 'R00'),
('R04', 'GEJALA, TANDA YANG MELIBATKAN SISTEM KEMIH', 'R00'),
('R05', 'GEJALA, TANDA YANG MELIBATKAN KESADARAN, PERSEPSI, EMOSI DAN TINGKAH LAKU', 'R00'),
('R06', 'GEJALA, TANDA YANG MELIBATKAN BICARA DAN SUARA', 'R00'),
('R07', 'GEJALA DAN TANDA UMUM', 'R00'),
('R08', 'HASIL PEMERIKSAAN DARAH TIDAK NORMAL TANPA DIAGNOSIS', 'R00'),
('R09', 'HASIL PEMERIKSAAN URINE TIDAK NORMAL TANPA DIAGNOSIS', 'R00'),
('R10', 'HASIL PEMERIKSAAN CAIRAN TUBUH, BAHAN-BAHAN DAN JARINGAN LAIN TIDAK NORMAL TANPA DIAGNOSIS', 'R00'),
('R11', 'HASIL PEMERIKSAAN TERSANGKA DIAGNOSIS DAN UJI FAALI TANPA DIAGNOSIS', 'R00'),
('R12', 'SEBAB KEMATIAN YANG TIDAK DIKETAHUI DAN TAK JELAS BATASANNYA', 'R00'),
('S00', 'CEDERA PADA KEPALA', 'S00'),
('S01', 'CEDERA PADA LEHER', 'S00'),
('S02', 'CEDERA PADA THORAX', 'S00'),
('S03', 'CEDERA PADA ABDOMEN, PUNGUNG BAWAH, SPINAL LUMBAR DAN PELVIS', 'S00'),
('S04', 'CEDERA PADA BAHU DAN LENGAN ATAS', 'S00'),
('S05', 'CEDERA PADA SIKU DAN LENGAN BAWAH', 'S00'),
('S06', 'CEDERA PADA PERGELANGAN TANGAN DAN TANGAN', 'S00'),
('S07', 'CEDERA PADA PANGUL DAN PAHA', 'S00'),
('S08', 'CEDERA PADA LUTUT DAN TUNGKAI BAWAH', 'S00'),
('S09', 'CEDERA PADA ANKLE DAN KAKI', 'S00'),
('S10', 'CEDERA MENGENAI BANYAK BAGIAN TUBUH (MULTIPLE)', 'S00'),
('S11', 'CEDERA PADA SPINAL, BATANG TUBUH, ANGGOTA GERAK ATAU BAGIAN TUBUH YANG TIDAK SPESIFIK', 'S00'),
('S12', 'AKIBAT  MASUKNYA  BENDA  ASING  MELALUI  LUBANG  TUBUH  NATURAL', 'S00'),
('S13', 'LUKA BAKAR PADA PERMUKAAN TUBUH BAGIAN LUAR', 'S00'),
('S14', 'LUKA BAKAR DAN KOROSI TERBATAS PADA MATA DAN ORGAN-ORGAN DALAM TUBUH', 'S00'),
('S15', 'LUKA BAKAR DAN KOROSI MULTIPLE PADA BAGIAN BAGIAN YANG TIDAK SPESIFIK', 'S00'),
('S16', 'FROSTBITE (RADANG DINGIN )', 'S00'),
('S17', 'KERACUNAN OBAT, MEDIKAMENTOSA DAN PREPARAT BIOLOGIK', 'S00'),
('S18', 'EFEK TOKSIK TERUTAMA YANG BERASAL DARI BAHAN NON MEDISINAL', 'S00'),
('S19', 'AKIBAT PENYEBAB LUAR LAINNYA YANG TIDAK SPESIFIK', 'S00'),
('S20', 'KOMPLIKASI KOMPLIKASI AWAL TERTENTU DARI TRAUMA', 'S00'),
('S21', 'KOMPLIKASI PEMBEDAHAN DAN PERAWATAN YANG TAK DIKLASIFIKASIKAN DI TEMPAT LAIN', 'S00'),
('S22', 'SEQUELA (AKIBAT LANJUT) DARI CEDERA, KERACUNAN DAN AKIBAT LAIN DARI PENYEBAB LUAR', 'S00'),
('V00', 'PEJALAN KAKI CEDERA DALAM KECELAKAAN TRANSPORTASI LALULINTAS', 'V00'),
('V01', 'PENGENDARA SEPEDA YANG CEDERA DALAM KECELAKAAN TRANSPORTASI LALULINTAS', 'V00'),
('V02', 'PENGENDARA SEPEDA MOTOR CEDERA DALAM KECELAKAAN TRANSPORTASI LALULINTAS', 'V00'),
('V03', 'PENUMPANG KENDARAAN BERMOTOR RODA 2/3 CEDERA DALAM KECELAKAAN LALULINTAS /TRANSPORTASI', 'V00'),
('V04', 'PENUMPANG MOBIL CEDERA DLM KECELAKAAN LALULINTAS', 'V00'),
('V05', 'PENUMPANG TRUCK PICK-UPATAU VAN CEDERA AKIBAT KECELAKAAN LALULINTAS', 'V00'),
('V06', 'PENUMPANG KENDARAAN BERAT CEDERA AKIBAT KECELAKAAN LALULINTAS', 'V00'),
('V07', 'PENUMPANG BUS CEDERA AKIBAT KECELAKAAN LALULINTAS', 'V00'),
('V08', 'KECELAKAAN KENDARAAN JALANAN LAINNYA', 'V00'),
('V09', 'KECELAKAAN TRANSPORTASI AIR', 'V00'),
('V10', 'KECELAKAAN TRANSPORTASI UDARA DAN RUANG ANGKASA', 'V00'),
('V11', 'KECELAKAAN TRANSPORTASI YANG TDK DITENTUKAN LAINNYA', 'V00'),
('V12', 'FALLS : JATUH', 'V00'),
('V13', 'EXPOSURE TO INANIMATE MECHANICAL FORCES', 'V00'),
('V14', 'EXPOSURE TO ANIMATE MECHANICAL FORCES', 'V00'),
('V15', 'ACCIDENTAL DROWNING AND SUBMERSION', 'V00'),
('V16', 'OTHER ACCIDENTALTHREATS TO BREATHING', 'V00'),
('V17', 'EXPOSURE TO ELECTRIC CURRENT, RADIATION AND EXTREME AMBIENT AIR TEMPERATURE AND PRESSURE', 'V00'),
('V18', 'EXPOSURE TO SMOKE, FIRE AND FLAMES', 'V00'),
('V19', 'CONTACT WITH HEAT AND HOT SUBSTANCES', 'V00'),
('V20', 'CONTACT WITH VENOMOUS ANIMALS AND PLANTS', 'V00'),
('V21', 'EXPOSURE TO FORCES OF NATURE', 'V00'),
('V22', 'ACCIDENTAL, POISONING BY AND  EXPOSURE TO NOXIOUS SUBSTANCE', 'V00'),
('V23', 'OVEREXERTION, TRAVEL AND PRIVATION', 'V00'),
('V24', 'ACCIDENTAL, EXPOSURE TO OTHER AND UNSPECSIFIED FACTORS', 'V00'),
('V25', 'INTENTIONAL SELF-HARM', 'V00'),
('V26', 'ASSAULT', 'V00'),
('V27', 'EVENT OF UNDETERMINED INTENT', 'V00'),
('V28', 'LEGAL INTERVENTION AND OPERATION OF WAR', 'V00'),
('V29', 'DRUGS, MEDICAMENTS AND BIOLOGICAL SUBSTANCES CAUSING ADVERSE EFFECTS IN THERAPEUTIC USE', 'V00'),
('V30', 'MISADVENTURES TO PATIENS DURING SURGICAL AND MEDICAL CARE', 'V00'),
('V31', 'MEDICAL DEVICES ASSOCIATED WITH ADVERSE INCIDENTS IN DIAGNOSTIC AND THERAPEUTIC USE', 'V00'),
('V32', 'SURGICAL AND OTHER MEDICAL PROCEDURES AS CAUSE OF ABNORMAL REACTION OF THE PATIENT, OR OF LATER COMPLICATION, WITHOUT MENTION OF MISADVENTURE AT THE TIME OF THE PROCEDURE', 'V00'),
('V33', 'SEQUELAE OF EXTERNAL CAUSES OF MORBIDITY AND MORTALITY', 'V00'),
('V34', 'SUPPLEMENTARY FACTORS RELATED TO CAUSES OF MORBIDITY AND MORTALITY CLASSIFIED ELSEWHERE', 'V00'),
('Z00', 'ORANG YANG MENGUNJUNGI PELAYANAN KESEHATAN UNTUK PENELITIAN DAN PEMERIKSAAN KESEHATAN', 'Z00'),
('Z01', 'ORANG DENGAN RESIKO GANGUAN KESEHATAN YANG BERKAITAN DENGAN PENYAKIT MENULAR', 'Z00'),
('Z02', 'ORANG YANG MENGUNJUNGI PELAYANAN KESEHATAN BERHUBUNGAN REPRODUKSI', 'Z00'),
('Z03', 'ORANG YANG MENGUNJUNGI PELAYANAN KESEHATAN UNTUK PROSEDUR KHUSUS DAN PERAWATAN KESEHATAN', 'Z00'),
('Z04', 'ORANG DENGAN RESIKO GANGUAN KESEHATAN YANG BERKAITAN DENGAN SOSIAL EKONOMI DAN PSIKOSOSIAL', 'Z00'),
('Z05', 'ORANG YANG MENGUNJUNGI PELAYANAN KESEHATAN DALAM KEADAAN LAIN', 'Z00'),
('Z06', 'ORANG DENGAN RESIKO GANGUAN KESEHATAN YANG BERKAITAN DENGAN RIWAYAT FAMILI DAN PRIBADI DAN KONDISI TERTENTU YANG MEMPENGARUHI KESEHATAN', 'Z00');

-- --------------------------------------------------------

--
-- Table structure for table `increment`
--

CREATE TABLE IF NOT EXISTS `increment` (
  `name` varchar(50) NOT NULL,
  `val` int(11) NOT NULL,
  `sub` varchar(255) NOT NULL,
  `unker` varchar(11) NOT NULL,
  `tgl` date NOT NULL
) ENGINE=MyISAM DEFAULT CHARSET=latin1;

--
-- Dumping data for table `increment`
--

INSERT INTO `increment` (`name`, `val`, `sub`, `unker`, `tgl`) VALUES
('rm', 30, '', '', '0000-00-00'),
('antrian', 2, 'Gizi', '', '2012-12-24'),
('tb_reg_kab', 87, '', '', '2012-02-12'),
('tb_permohonan_lab', 99, '', '', '2012-02-12'),
('antrian', 2, 'Imunisasi', '', '2012-12-24'),
('antrian', 2, 'Anak', '', '2013-01-25'),
('antrian', 2, 'Dewasa', '', '2013-01-28'),
('antrian', 2, 'Gigi', '', '2013-01-28'),
('antrian', 2, 'Kebidanan', '', '2012-12-07'),
('antrian', 2, 'KB', '', '2012-12-07'),
('antrian', 4, 'Lab', '', '2012-12-08'),
('antrian', 4, 'IGD', '', '2012-12-07'),
('antrian', 2, 'Sanitasi', '', '2012-04-28');

-- --------------------------------------------------------

--
-- Table structure for table `increment_item_keluar`
--

CREATE TABLE IF NOT EXISTS `increment_item_keluar` (
  `nama` varchar(50) NOT NULL,
  `val` int(11) NOT NULL,
  `tpl` varchar(20) NOT NULL,
  PRIMARY KEY (`nama`)
) ENGINE=MyISAM DEFAULT CHARSET=latin1;

--
-- Dumping data for table `increment_item_keluar`
--

INSERT INTO `increment_item_keluar` (`nama`, `val`, `tpl`) VALUES
('no_nota', 168, 'KEL');

-- --------------------------------------------------------

--
-- Table structure for table `increment_item_masuk`
--

CREATE TABLE IF NOT EXISTS `increment_item_masuk` (
  `nama` varchar(50) NOT NULL,
  `val` int(11) NOT NULL,
  `tpl` varchar(20) NOT NULL,
  PRIMARY KEY (`nama`)
) ENGINE=MyISAM DEFAULT CHARSET=latin1;

--
-- Dumping data for table `increment_item_masuk`
--

INSERT INTO `increment_item_masuk` (`nama`, `val`, `tpl`) VALUES
('no_nota', 113, 'MSK');

-- --------------------------------------------------------

--
-- Table structure for table `increment_register`
--

CREATE TABLE IF NOT EXISTS `increment_register` (
  `nama` varchar(50) NOT NULL,
  `val` int(11) NOT NULL,
  `tpl` varchar(20) NOT NULL,
  PRIMARY KEY (`nama`)
) ENGINE=MyISAM DEFAULT CHARSET=latin1;

--
-- Dumping data for table `increment_register`
--

INSERT INTO `increment_register` (`nama`, `val`, `tpl`) VALUES
('no_nota', 267, 'PNJ');

-- --------------------------------------------------------

--
-- Table structure for table `increment_register_labkesda`
--

CREATE TABLE IF NOT EXISTS `increment_register_labkesda` (
  `nama` varchar(50) NOT NULL,
  `val` int(11) NOT NULL,
  `tpl` varchar(20) NOT NULL,
  PRIMARY KEY (`nama`)
) ENGINE=MyISAM DEFAULT CHARSET=latin1;

--
-- Dumping data for table `increment_register_labkesda`
--

INSERT INTO `increment_register_labkesda` (`nama`, `val`, `tpl`) VALUES
('no_nota', 136, 'PNJ');

-- --------------------------------------------------------

--
-- Table structure for table `increment_resep`
--

CREATE TABLE IF NOT EXISTS `increment_resep` (
  `id` int(11) NOT NULL AUTO_INCREMENT,
  `val` int(11) NOT NULL DEFAULT '1',
  `poli` varchar(3) NOT NULL,
  `unker` varchar(11) NOT NULL,
  PRIMARY KEY (`id`)
) ENGINE=MyISAM  DEFAULT CHARSET=latin1 AUTO_INCREMENT=11 ;

--
-- Dumping data for table `increment_resep`
--

INSERT INTO `increment_resep` (`id`, `val`, `poli`, `unker`) VALUES
(1, 10, 'DEW', '00'),
(2, 1, 'DEW', '3.'),
(3, 6, 'DEW', '03'),
(4, 5, 'ANA', '00'),
(5, 7, 'DEW', '07'),
(6, 1, 'GIZ', '07'),
(7, 13, 'ANA', '07'),
(8, 1, 'IGD', '07'),
(9, 6, 'ANA', '03'),
(10, 1, 'GIG', '00');

-- --------------------------------------------------------

--
-- Table structure for table `jabatan`
--

CREATE TABLE IF NOT EXISTS `jabatan` (
  `id_jabatan` int(11) NOT NULL AUTO_INCREMENT,
  `nama_jabatan` varchar(100) NOT NULL,
  `fk_unit_kerja` varchar(11) NOT NULL,
  PRIMARY KEY (`id_jabatan`)
) ENGINE=MyISAM  DEFAULT CHARSET=latin1 AUTO_INCREMENT=38 ;

--
-- Dumping data for table `jabatan`
--

INSERT INTO `jabatan` (`id_jabatan`, `nama_jabatan`, `fk_unit_kerja`) VALUES
(26, 'Dokter', ''),
(27, 'Staf DKK', ''),
(28, 'Staf Puskesmas', ''),
(29, 'Perawat', ''),
(30, 'Bidan', ''),
(31, 'Apoteker', ''),
(32, 'Laboran', ''),
(33, 'Kepala Dinas', ''),
(37, 'HRD', '');

-- --------------------------------------------------------

--
-- Table structure for table `kelas_mahasiswa`
--

CREATE TABLE IF NOT EXISTS `kelas_mahasiswa` (
  `id` int(11) NOT NULL AUTO_INCREMENT,
  `tanggal_keluar` date NOT NULL,
  `unit_kerja_id` int(11) NOT NULL,
  `nim` varchar(10) NOT NULL,
  `jumlah` int(6) NOT NULL,
  `keterangan` varchar(100) NOT NULL,
  PRIMARY KEY (`id`)
) ENGINE=MyISAM DEFAULT CHARSET=latin1 AUTO_INCREMENT=1 ;

--
-- Dumping data for table `kelas_mahasiswa`
--


-- --------------------------------------------------------

--
-- Table structure for table `labkesda_t_hasil`
--

CREATE TABLE IF NOT EXISTS `labkesda_t_hasil` (
  `id_hasil` int(11) NOT NULL AUTO_INCREMENT,
  `register` varchar(20) NOT NULL,
  `fk_user` varchar(11) NOT NULL,
  `urine_bj` varchar(50) NOT NULL,
  `urine_ph` varchar(50) NOT NULL,
  `urine_reduksi` varchar(50) NOT NULL,
  `urine_protein` varchar(50) NOT NULL,
  `sedimen_eri` varchar(50) NOT NULL,
  `sedimen_leuko` varchar(50) NOT NULL,
  `sedimen_epitel` varchar(50) NOT NULL,
  `sedimen_kristal` varchar(50) NOT NULL,
  `sedimen_silinder` varchar(50) NOT NULL,
  `sedimen_bakteri` varchar(50) NOT NULL,
  `hematologi_hb` bigint(10) NOT NULL,
  `hematologi_led` varchar(50) NOT NULL,
  `hematologi_lekosit` varchar(50) NOT NULL,
  `hematologi_eritrosit` varchar(50) NOT NULL,
  `hematologi_trombosit` varchar(50) NOT NULL,
  `hematologi_hematrokit` varchar(50) NOT NULL,
  `faeces_makroskopis` varchar(50) NOT NULL,
  `faeces_mikroskopis` varchar(50) NOT NULL,
  `faeces_eri` varchar(50) NOT NULL,
  `faeces_leuko` varchar(50) NOT NULL,
  `faeces_amuba` varchar(50) NOT NULL,
  `faeces_cyste` varchar(50) NOT NULL,
  `faeces_ova` varchar(50) NOT NULL,
  `mikro_malaria` varchar(50) NOT NULL,
  `mikro_pep_gram` varchar(50) NOT NULL,
  `mikro_bta` varchar(50) NOT NULL,
  `mikro_koh` varchar(50) NOT NULL,
  `mikro_a` varchar(50) NOT NULL,
  `mikro_b` varchar(50) NOT NULL,
  `mikro_c` varchar(50) NOT NULL,
  `glukosa_puasa` varchar(50) NOT NULL,
  `glukosa_2jam` varchar(50) NOT NULL,
  `tes_hamil` varchar(50) NOT NULL,
  `lain_pemeriksaan` varchar(50) NOT NULL,
  `lain_hasil` varchar(50) NOT NULL,
  PRIMARY KEY (`id_hasil`)
) ENGINE=MyISAM DEFAULT CHARSET=latin1 AUTO_INCREMENT=1 ;

--
-- Dumping data for table `labkesda_t_hasil`
--


-- --------------------------------------------------------

--
-- Table structure for table `labkesda_t_kunjungan`
--

CREATE TABLE IF NOT EXISTS `labkesda_t_kunjungan` (
  `id_lab` int(11) NOT NULL AUTO_INCREMENT,
  `no_rm` varchar(20) NOT NULL,
  `register_labkesda` varchar(50) NOT NULL,
  `register` varchar(20) NOT NULL,
  `pemeriksaan` varchar(50) NOT NULL,
  `lain` varchar(50) NOT NULL,
  `hasil` text NOT NULL,
  `biaya` int(11) NOT NULL,
  `dari_poli` varchar(50) NOT NULL,
  `sedimen` varchar(5) NOT NULL,
  `urine` varchar(5) NOT NULL,
  `hematologi` varchar(5) NOT NULL,
  `bakteriologi` varchar(5) NOT NULL,
  `tes_hamil` varchar(5) NOT NULL,
  `time_lab` timestamp NOT NULL DEFAULT CURRENT_TIMESTAMP,
  `unker` varchar(11) NOT NULL,
  `status_kunjungan` varchar(50) NOT NULL,
  `f_lab` varchar(1) NOT NULL,
  `f_sampling` varchar(1) NOT NULL,
  `sampling_jenis` varchar(50) NOT NULL,
  `sampling_waktu` datetime NOT NULL,
  PRIMARY KEY (`id_lab`)
) ENGINE=MyISAM  DEFAULT CHARSET=latin1 AUTO_INCREMENT=14 ;

--
-- Dumping data for table `labkesda_t_kunjungan`
--

INSERT INTO `labkesda_t_kunjungan` (`id_lab`, `no_rm`, `register_labkesda`, `register`, `pemeriksaan`, `lain`, `hasil`, `biaya`, `dari_poli`, `sedimen`, `urine`, `hematologi`, `bakteriologi`, `tes_hamil`, `time_lab`, `unker`, `status_kunjungan`, `f_lab`, `f_sampling`, `sampling_jenis`, `sampling_waktu`) VALUES
(1, '3253636634643', 'LAB-00000123', '9', '', '', '', 0, '8', 'on', 'on', '', '', '0', '2013-04-23 21:50:19', '0', '', '', '', '', '0000-00-00 00:00:00'),
(2, '3253636634643', 'LAB-00000124', '8', '', '', '', 0, '7', 'on', 'on', '', 'on', '0', '2013-04-23 21:51:23', '0', '', '', '', '', '0000-00-00 00:00:00'),
(3, '3321234567', 'LAB-00000125', '', '', '', '', 0, '', '', '', '', '', '', '2013-06-13 09:59:36', '', '', '', '', '', '0000-00-00 00:00:00'),
(4, '3321234567', 'LAB-00000126', '', '', '', '', 0, '', '', '', '', '', '', '2013-06-14 09:59:36', '', '', '', '', '', '0000-00-00 00:00:00'),
(5, '3321234567', 'LAB-00000127', '', '', '', '', 0, '', '', '', '', '', '', '2013-06-14 09:59:36', '', '', '', '', '', '0000-00-00 00:00:00'),
(6, '3321234567', 'LAB-00000128', '5', '', '', '', 0, '', '', '', '', '', '', '2013-06-14 09:59:36', '', '', '', '', '', '0000-00-00 00:00:00'),
(7, '331008009111', 'LAB-00000129', '', '', '', '', 0, '', '', '', '', '', '', '2013-06-14 09:59:36', '', '', '', '', '', '0000-00-00 00:00:00'),
(8, '331008009111', 'LAB-00000130', '', '', '', '', 0, '', '', '', '', '', '', '2013-06-14 09:59:36', '', '', '', '', '', '0000-00-00 00:00:00'),
(9, '331008009111', 'LAB-00000131', '', '', '', '', 0, '', '', '', '', '', '', '2013-06-16 09:59:36', '', '', '', '', '', '0000-00-00 00:00:00'),
(10, '3310082406890001', 'LAB-00000132', '', '', '', '', 0, '', '', '', '', '', '', '2013-06-16 09:59:36', '', '', '', '', '', '0000-00-00 00:00:00'),
(11, '331008009111', 'LAB-00000133', '', '', '', '', 0, '', '', '', '', '', '', '2013-06-17 09:59:36', '', '', '', '', '', '0000-00-00 00:00:00'),
(12, '3310089076542', 'LAB-00000134', '', '', '', '', 0, '', '', '', '', '', '', '2013-06-18 09:59:36', '', '', '', '', '', '0000-00-00 00:00:00'),
(13, '3310082406890001', 'LAB-00000135', '', '', '', '', 0, '', '', '', '', '', '', '2013-06-18 09:59:36', '', '', '', '', '', '0000-00-00 00:00:00');

-- --------------------------------------------------------

--
-- Table structure for table `log_proses`
--

CREATE TABLE IF NOT EXISTS `log_proses` (
  `id_log` int(11) NOT NULL AUTO_INCREMENT,
  `time_log` timestamp NOT NULL DEFAULT CURRENT_TIMESTAMP ON UPDATE CURRENT_TIMESTAMP,
  `action` varchar(50) NOT NULL,
  `desc` varchar(255) NOT NULL,
  `menu` varchar(50) NOT NULL,
  `user` varchar(11) NOT NULL,
  PRIMARY KEY (`id_log`)
) ENGINE=MyISAM  DEFAULT CHARSET=latin1 AUTO_INCREMENT=92 ;

--
-- Dumping data for table `log_proses`
--

INSERT INTO `log_proses` (`id_log`, `time_log`, `action`, `desc`, `menu`, `user`) VALUES
(1, '2012-01-23 09:07:11', 'insert', '', 'peta_pkpt', '7'),
(2, '2012-01-23 09:17:15', 'update', '', 'peta_pkpt', '7'),
(3, '2012-01-23 09:22:03', 'delete', '', 'peta_pkpt', '7'),
(4, '2012-01-23 09:23:58', 'update', '', 'pkpt', '7'),
(5, '2012-01-23 09:29:52', 'update', '', 'surat_tugas', '7'),
(6, '2012-01-23 09:40:43', 'update', '', 'sppd', '7'),
(7, '2012-01-23 09:42:18', 'update', '', 'rencana_biaya', '7'),
(8, '2012-01-23 09:43:55', 'create', '', 'rincian_biaya', '7'),
(9, '2012-01-23 12:29:05', 'create', '', 'rincian_biaya', '7'),
(10, '2012-01-23 12:31:03', 'create', '', 'rincian_biaya', '7'),
(11, '2012-01-23 12:32:05', 'insert', '', 'peta_pkpt', '7'),
(12, '2012-01-23 12:32:30', 'insert', '', 'pkpt', '7'),
(13, '2012-01-23 12:33:26', 'insert', '', 'surat_tugas', '7'),
(14, '2012-01-23 12:34:02', 'create', '', 'sppd', '7'),
(15, '2012-01-23 12:34:16', 'insert', '', 'rencana_biaya', '7'),
(16, '2012-01-23 12:34:42', 'create', '', 'rincian_biaya', '7'),
(17, '2012-01-23 12:38:17', 'create', '', 'rincian_biaya', '7'),
(18, '2012-01-23 12:48:10', 'create', '', 'rincian_biaya', '7'),
(19, '2012-01-23 12:52:18', 'create', '', 'rincian_biaya', '7'),
(20, '2012-01-23 12:55:11', 'create', '', 'kuitansi', '7'),
(21, '2012-01-23 12:59:54', 'insert', '', 'lpd', '7'),
(22, '2012-01-23 13:03:06', 'create', '', 'pkp', '7'),
(23, '2012-01-23 13:05:23', 'insert', '', 'kkp', '7'),
(24, '2012-01-23 13:07:13', 'insert', '', 'lhp', '7'),
(25, '2012-01-23 13:13:30', 'insert', '', 'register_lhp', '7'),
(26, '2012-01-23 13:14:14', 'insert', '', 'rekapitulasi_evaluasi', '7'),
(27, '2012-01-23 13:54:19', 'insert', '', 'lhp', '115'),
(28, '2012-01-23 13:56:07', 'insert', '', 'lhp', '115'),
(29, '2012-01-23 13:57:46', 'insert', '', 'lhp', '7'),
(30, '2012-01-23 14:09:18', 'insert', '', 'lhp', '121'),
(31, '2012-01-25 09:01:44', 'insert', '', 'surat_tugas', '7'),
(32, '2012-01-25 09:04:27', 'insert', '', 'surat_tugas', '7'),
(33, '2012-01-25 09:06:37', 'insert', '', 'surat_tugas', '7'),
(34, '2012-01-25 09:11:24', 'insert', '', 'kkp', '7'),
(35, '2012-01-25 09:18:49', 'insert', '', 'rekapitulasi_evaluasi', '7'),
(36, '2012-01-27 07:58:45', 'insert', '', 'peta_pkpt', '7'),
(37, '2012-01-27 12:14:25', 'update', '', 'pkpt', '115'),
(38, '2012-01-27 12:22:40', 'insert', '', 'surat_tugas', '7'),
(39, '2012-01-27 12:24:34', 'insert', '', 'surat_tugas', '7'),
(40, '2012-01-27 12:25:53', 'insert', '', 'surat_tugas', '7'),
(41, '2012-01-27 13:40:53', 'create', '', 'rincian_biaya', '7'),
(42, '2012-01-27 14:00:12', 'insert', '', 'peta_pkpt', '7'),
(43, '2012-01-27 14:01:04', 'insert', '', 'pkpt', '7'),
(44, '2012-01-27 14:04:46', 'insert', '', 'surat_tugas', '7'),
(45, '2012-01-27 14:06:38', 'insert', '', 'surat_tugas', '7'),
(46, '2012-01-27 14:07:16', 'create', '', 'sppd', '7'),
(47, '2012-01-27 14:08:08', 'insert', '', 'rencana_biaya', '7'),
(48, '2012-01-27 14:08:45', 'create', '', 'rincian_biaya', '7'),
(49, '2012-01-27 14:12:40', 'create', '', 'kuitansi', '7'),
(50, '2012-01-27 14:14:21', 'insert', '', 'lpd', '7'),
(51, '2012-01-27 14:16:02', 'create', '', 'pkp', '7'),
(52, '2012-01-27 14:18:25', 'insert', '', 'kkp', '7'),
(53, '2012-01-27 14:19:45', 'insert', '', 'lhp', '7'),
(54, '2012-01-27 14:32:43', 'insert', '', 'register_lhp', '7'),
(55, '2012-01-27 14:33:49', 'insert', '', 'rekapitulasi_evaluasi', '7'),
(56, '2012-01-27 14:37:56', 'update', '', 'surat_tugas', '7'),
(57, '2012-01-27 14:49:10', 'insert', '', 'surat_tugas', '7'),
(58, '2012-01-27 14:50:11', 'update', '', 'surat_tugas', '7'),
(59, '2012-01-27 14:51:09', 'update', '', 'surat_tugas', '7'),
(60, '2012-01-27 16:30:04', 'create', '', 'rincian_biaya', '7'),
(61, '2012-01-27 20:39:29', 'update', '', 'surat_tugas', '7'),
(62, '2012-01-27 20:41:11', 'update', '', 'surat_tugas', '7'),
(63, '2012-01-28 06:43:19', 'create', '', 'rincian_biaya', '7'),
(64, '2012-01-28 07:25:15', 'create', '', 'rincian_biaya', '7'),
(65, '2012-01-28 21:57:15', 'insert', '', 'lhp', '7'),
(66, '2012-01-28 21:59:05', 'update', '', 'lhp', '7'),
(67, '2012-01-28 22:00:13', 'update', '', 'lhp', '7'),
(68, '2012-01-28 22:00:20', 'update', '', 'lhp', '7'),
(69, '2012-01-28 22:10:55', 'update', '', 'lhp', '7'),
(70, '2012-01-28 22:11:14', 'update', '', 'lhp', '7'),
(71, '2012-01-28 22:12:55', 'update', '', 'lhp', '7'),
(72, '2012-01-28 22:15:22', 'insert', '', 'lhp', '7'),
(73, '2012-01-28 22:21:16', 'update', '', 'lhp', '7'),
(74, '2012-01-29 09:58:37', 'update', '', 'lhp', '7'),
(75, '2012-01-29 12:50:27', 'update', '', 'surat_tugas', '7'),
(76, '2012-01-29 14:01:59', 'insert', '', 'peta_pkpt', '7'),
(77, '2012-01-29 14:02:59', 'insert', '', 'pkpt', '7'),
(78, '2012-01-29 14:07:28', 'insert', '', 'surat_tugas', '7'),
(79, '2012-01-29 14:09:59', 'create', '', 'sppd', '7'),
(80, '2012-01-29 14:11:07', 'insert', '', 'rencana_biaya', '7'),
(81, '2012-01-29 14:11:44', 'create', '', 'rincian_biaya', '7'),
(82, '2012-01-29 14:14:04', 'create', '', 'rincian_biaya', '7'),
(83, '2012-01-29 14:14:53', 'create', '', 'kuitansi', '7'),
(84, '2012-01-29 14:16:17', 'insert', '', 'lpd', '7'),
(85, '2012-01-29 14:17:13', 'create', '', 'pkp', '7'),
(86, '2012-01-29 14:20:06', 'insert', '', 'kkp', '7'),
(87, '2012-01-29 14:21:25', 'insert', '', 'lhp', '7'),
(88, '2012-01-29 14:23:50', 'insert', '', 'register_lhp', '7'),
(89, '2012-01-29 14:25:22', 'insert', '', 'rekapitulasi_evaluasi', '7'),
(90, '2012-02-06 10:57:30', 'update', '', 'peta_pkpt', '7'),
(91, '2012-02-06 18:10:28', 'update', '', 'register_lhp', '7');

-- --------------------------------------------------------

--
-- Table structure for table `mutasi_pengeluaran_header`
--

CREATE TABLE IF NOT EXISTS `mutasi_pengeluaran_header` (
  `id` varchar(15) NOT NULL,
  `no_nota` int(11) NOT NULL,
  `unit_kerja_id` int(11) NOT NULL,
  `tanggal_keluar` date NOT NULL,
  `jenis_mutasi` varchar(11) NOT NULL,
  `user_id` varchar(11) NOT NULL,
  PRIMARY KEY (`id`)
) ENGINE=MyISAM DEFAULT CHARSET=latin1;

--
-- Dumping data for table `mutasi_pengeluaran_header`
--


-- --------------------------------------------------------

--
-- Table structure for table `mutasi_pengeluaran_item`
--

CREATE TABLE IF NOT EXISTS `mutasi_pengeluaran_item` (
  `id` int(11) NOT NULL AUTO_INCREMENT,
  `obat_id` int(5) NOT NULL,
  `jumlah` int(6) NOT NULL,
  `keluar_id` varchar(15) NOT NULL,
  `keterangan` varchar(500) NOT NULL,
  PRIMARY KEY (`id`)
) ENGINE=MyISAM DEFAULT CHARSET=latin1 AUTO_INCREMENT=1 ;

--
-- Dumping data for table `mutasi_pengeluaran_item`
--


-- --------------------------------------------------------

--
-- Table structure for table `m_bayar`
--

CREATE TABLE IF NOT EXISTS `m_bayar` (
  `id_bayar` int(11) NOT NULL AUTO_INCREMENT,
  `nama_bayar` varchar(50) NOT NULL,
  PRIMARY KEY (`id_bayar`)
) ENGINE=MyISAM  DEFAULT CHARSET=latin1 AUTO_INCREMENT=13 ;

--
-- Dumping data for table `m_bayar`
--

INSERT INTO `m_bayar` (`id_bayar`, `nama_bayar`) VALUES
(1, 'ASKES'),
(2, 'JAMKESMAS'),
(3, 'JAMKESDA'),
(5, 'JAMPERSAL'),
(9, 'JAMSOSTEK'),
(10, 'PRIBADI'),
(11, 'ANAK SEKOLAH'),
(12, 'PROGRAM');

-- --------------------------------------------------------

--
-- Table structure for table `m_kategori`
--

CREATE TABLE IF NOT EXISTS `m_kategori` (
  `id_kategori` varchar(20) NOT NULL,
  `nama_kategori` varchar(50) NOT NULL,
  `layanan` enum('Rawat Jalan','Rawat Inap','Laboratorium','Radiologi','Fisioterapi','Operasi','Peristi') NOT NULL,
  PRIMARY KEY (`id_kategori`)
) ENGINE=MyISAM DEFAULT CHARSET=latin1;

--
-- Dumping data for table `m_kategori`
--

INSERT INTO `m_kategori` (`id_kategori`, `nama_kategori`, `layanan`) VALUES
('ELM', 'Elektromedik', 'Rawat Jalan'),
('TMO', 'Tindakan Medik Operatif', 'Rawat Jalan'),
('TMNO', 'Tindakan Medik Non Operatif', 'Rawat Jalan'),
('LAB', 'Laboratorium', 'Rawat Jalan'),
('RAD', 'Radiologi', 'Rawat Jalan'),
('FIS', 'Fisioterapi', 'Rawat Jalan'),
('IGD', 'Instalasi Gawat Darurat', 'Rawat Jalan'),
('JM', 'Dokter', 'Rawat Jalan'),
('BHP', 'BHP', 'Rawat Jalan'),
('KEP', 'Keperawatan', 'Rawat Jalan'),
('VK', 'Persalinan', 'Rawat Jalan'),
('AA', 'aa', 'Rawat Jalan');

-- --------------------------------------------------------

--
-- Table structure for table `m_keadaan_pasien`
--

CREATE TABLE IF NOT EXISTS `m_keadaan_pasien` (
  `id_keadaan` int(11) NOT NULL AUTO_INCREMENT,
  `nama_keadaan` varchar(255) NOT NULL,
  PRIMARY KEY (`id_keadaan`)
) ENGINE=MyISAM DEFAULT CHARSET=latin1 AUTO_INCREMENT=1 ;

--
-- Dumping data for table `m_keadaan_pasien`
--


-- --------------------------------------------------------

--
-- Table structure for table `m_kecamatan`
--

CREATE TABLE IF NOT EXISTS `m_kecamatan` (
  `id` int(11) NOT NULL AUTO_INCREMENT,
  `nama_kecamatan` varchar(255) NOT NULL,
  `kodepos` int(6) NOT NULL,
  PRIMARY KEY (`id`)
) ENGINE=MyISAM  DEFAULT CHARSET=latin1 AUTO_INCREMENT=5 ;

--
-- Dumping data for table `m_kecamatan`
--

INSERT INTO `m_kecamatan` (`id`, `nama_kecamatan`, `kodepos`) VALUES
(1, 'Tarakan Barat', 0),
(2, 'Tarakan Tengah', 0),
(3, 'Tarakan Timur', 0),
(4, 'Tarakan Utara', 0);

-- --------------------------------------------------------

--
-- Table structure for table `m_kegiatan`
--

CREATE TABLE IF NOT EXISTS `m_kegiatan` (
  `id_kegiatan` int(11) NOT NULL AUTO_INCREMENT,
  `nama_kegiatan` varchar(255) NOT NULL,
  `kategori` varchar(11) NOT NULL,
  PRIMARY KEY (`id_kegiatan`)
) ENGINE=MyISAM  DEFAULT CHARSET=latin1 AUTO_INCREMENT=8 ;

--
-- Dumping data for table `m_kegiatan`
--

INSERT INTO `m_kegiatan` (`id_kegiatan`, `nama_kegiatan`, `kategori`) VALUES
(5, 'Jml Kunjungan Puskesmas', '6'),
(6, 'Jml Kunjungan Rawat Jalan Gigi', '6'),
(7, 'Jml Penderita Dirawat', '7');

-- --------------------------------------------------------

--
-- Table structure for table `m_kegiatan_kategori`
--

CREATE TABLE IF NOT EXISTS `m_kegiatan_kategori` (
  `id_kategori` int(11) NOT NULL AUTO_INCREMENT,
  `nama_kategori` varchar(255) NOT NULL,
  PRIMARY KEY (`id_kategori`)
) ENGINE=MyISAM  DEFAULT CHARSET=latin1 AUTO_INCREMENT=8 ;

--
-- Dumping data for table `m_kegiatan_kategori`
--

INSERT INTO `m_kegiatan_kategori` (`id_kategori`, `nama_kategori`) VALUES
(6, 'Kunjungan Puskesmas'),
(7, 'Rawat Tinggal');

-- --------------------------------------------------------

--
-- Table structure for table `m_kelurahan`
--

CREATE TABLE IF NOT EXISTS `m_kelurahan` (
  `id` int(11) NOT NULL AUTO_INCREMENT,
  `nama_kelurahan` varchar(50) NOT NULL,
  `kecamatan_id` varchar(11) NOT NULL,
  PRIMARY KEY (`id`)
) ENGINE=MyISAM  DEFAULT CHARSET=latin1 AUTO_INCREMENT=27 ;

--
-- Dumping data for table `m_kelurahan`
--

INSERT INTO `m_kelurahan` (`id`, `nama_kelurahan`, `kecamatan_id`) VALUES
(1, 'Karang Anyar', '1'),
(2, 'Karang Balik', '1'),
(8, 'Selumit', '2'),
(4, 'Karang Anyar Pantai', '1'),
(5, 'Karang Rejo', '1'),
(6, 'Karang Harapan', '1'),
(9, 'Sebengkok', '2'),
(10, 'Pamusian', '2'),
(11, 'Kampung 1/SKIP', '2'),
(12, 'Mamburungan', '3'),
(13, 'Mamburungan Timur', '3'),
(14, 'Pantai Amal', '3'),
(16, 'Kampung IV/Empat', '3'),
(17, 'Kampung VI/Enam', '3'),
(18, 'Gunung Lingkas', '3'),
(19, 'Lingkas Ujung', '3'),
(21, 'Juata Permai', '4'),
(22, 'Juata Kerikil', '4'),
(23, 'Juata Laut', '4'),
(26, 'Selumit Pantai', '2');

-- --------------------------------------------------------

--
-- Table structure for table `m_kop_surat`
--

CREATE TABLE IF NOT EXISTS `m_kop_surat` (
  `id_kop` int(11) NOT NULL AUTO_INCREMENT,
  `text` text NOT NULL,
  `pejabat` varchar(50) NOT NULL,
  PRIMARY KEY (`id_kop`)
) ENGINE=MyISAM  DEFAULT CHARSET=latin1 AUTO_INCREMENT=8 ;

--
-- Dumping data for table `m_kop_surat`
--

INSERT INTO `m_kop_surat` (`id_kop`, `text`, `pejabat`) VALUES
(1, '<div align="center"><u><b><font size="5">&nbsp;Kop Surat</font></b></u><br></div>', '76'),
(2, '<div align="center"><b><font size="4">&nbsp;KOP SURAT</font></b><br></div>', '19660804 199303 1 00'),
(3, '<div align="center"><b><font size="4">&nbsp;KOP SURAT</font></b><br></div>', '19600223 198808 1 001'),
(4, '<table style="border-collapse: collapse"><tbody><tr><td style="border: none;" width="30%"><img src="http://116.90.167.101/simwas//imagens/codeigniter_200x200.jpg" style="width: 202px; height: 177px;"></td><td style="border: medium none; text-align: center;" width="70%"><font size="4"><b>SATUAN PERANGKAT KERJA DAERAH<br>PROVINSI KALIMANTAN TIMUR<br></b></font><div style="text-align: center;"><font size="4"><b>Jl. Provinsi No. 200, Kalimantan Timur, Indonesia, 55000</b><br></font></div></td></tr></tbody></table>', '19590312 198201 1 016'),
(5, 'sdfse<br>', 'Drs. H. Ilmiansyah'),
(6, '&nbsp;fsf<img src="http://localhost/simwas//imagens/codeigniter_200x200.jpg" style="width: 250px; height: 190px;" />', '19660804 199303 1 005'),
(7, '&nbsp;sadsad<img src="http://localhost/simwas//imagens/kariadi%20edit1.jpg" style="width: 250px; height: 190px;">', '19660804 199303 1 005');

-- --------------------------------------------------------

--
-- Table structure for table `m_menu`
--

CREATE TABLE IF NOT EXISTS `m_menu` (
  `id_menu` int(11) NOT NULL AUTO_INCREMENT,
  `title` varchar(100) NOT NULL,
  `menu` varchar(50) NOT NULL,
  `parent` varchar(50) DEFAULT NULL,
  `status` varchar(1) NOT NULL,
  PRIMARY KEY (`id_menu`)
) ENGINE=MyISAM  DEFAULT CHARSET=latin1 AUTO_INCREMENT=7 ;

--
-- Dumping data for table `m_menu`
--

INSERT INTO `m_menu` (`id_menu`, `title`, `menu`, `parent`, `status`) VALUES
(1, 'Loket', 'Loket', NULL, '1'),
(2, 'Input Kepala Keluarga', 'master/kepala_keluarga', '1', '1'),
(3, 'Form Detail Kepala Keluarga', 'master/detail_kk', '1', '1'),
(4, 'Form Input Pasien', 'loket/input_pasien', '1', ''),
(5, 'Kasir', 'loket/kasir', '1', '1'),
(6, 'Poliklinik', 'Poliklinik', NULL, '');

-- --------------------------------------------------------

--
-- Table structure for table `m_pangkat`
--

CREATE TABLE IF NOT EXISTS `m_pangkat` (
  `id_pangkat` int(11) NOT NULL AUTO_INCREMENT,
  `golru` varchar(20) NOT NULL,
  `pangkat` varchar(50) NOT NULL,
  `jenjang` varchar(50) NOT NULL,
  PRIMARY KEY (`id_pangkat`)
) ENGINE=MyISAM  DEFAULT CHARSET=latin1 AUTO_INCREMENT=31 ;

--
-- Dumping data for table `m_pangkat`
--

INSERT INTO `m_pangkat` (`id_pangkat`, `golru`, `pangkat`, `jenjang`) VALUES
(9, 'III', 'Eselon II', 'S1'),
(8, 'IV', 'Ketua DPRD', 'D2'),
(7, 'IV', 'Bupati', 'S1'),
(11, 'I', 'PNS Non Struktural', 'S1'),
(12, 'IV', 'Wakil DPRD', 'S2'),
(16, 'IV/b', 'Pembina Tingkat I', 'S2'),
(15, 'IV/c', 'Pembina Utama Muda', 'S2'),
(17, 'IV/a', 'Pembina', 'S2'),
(18, 'III/d', 'Penata Tingkat I', 'S1'),
(19, 'III/c', 'Penata', 'S1'),
(20, 'III/b', 'Penata Muda Tingkat I', 'S1'),
(21, 'III/a', 'Penata Muda', 'S1'),
(22, 'II/d', 'Pengatur Tingkat I', 'SLTA'),
(23, 'II/c', 'Pengatur', 'SLTA'),
(24, 'II/b', 'Pengatur Muda Tingkat I', 'SLTA'),
(25, 'II/a', 'Pengatur Muda', 'SLTA'),
(26, 'I/d', 'Juru Tingkat I', 'SLTP'),
(27, 'I/c', 'Juru', 'SLTP'),
(28, 'I/b', 'Juru Muda Tingkat I', 'SD'),
(29, 'I/a', 'Juru Muda', 'SD'),
(30, 'jio', 'wer', 'S3');

-- --------------------------------------------------------

--
-- Table structure for table `m_pekerjaan`
--

CREATE TABLE IF NOT EXISTS `m_pekerjaan` (
  `id_pekerjaan` int(11) NOT NULL AUTO_INCREMENT,
  `nama_pekerjaan` varchar(50) NOT NULL,
  PRIMARY KEY (`id_pekerjaan`)
) ENGINE=MyISAM  DEFAULT CHARSET=latin1 AUTO_INCREMENT=17 ;

--
-- Dumping data for table `m_pekerjaan`
--

INSERT INTO `m_pekerjaan` (`id_pekerjaan`, `nama_pekerjaan`) VALUES
(1, 'BLM/TDK BEKERJA'),
(2, 'PEG. NEGERI'),
(3, 'PEG. BUMN'),
(5, 'TNI/POLRI'),
(4, 'PEG. SWASTA'),
(6, 'PENSIUNAN PEG.'),
(7, 'PURNAWIRAWAN'),
(8, 'HONORER'),
(9, 'WIRASWASTA'),
(10, 'PEDAGANG'),
(11, 'NELAYAN'),
(12, 'PETANI'),
(13, 'BURUH'),
(14, 'PELAJAR/MAHASISWA'),
(15, 'IRT'),
(16, 'LAIN-LAIN');

-- --------------------------------------------------------

--
-- Table structure for table `m_pendidikan`
--

CREATE TABLE IF NOT EXISTS `m_pendidikan` (
  `id_pendidikan` int(11) NOT NULL AUTO_INCREMENT,
  `nama_pendidikan` varchar(50) NOT NULL,
  PRIMARY KEY (`id_pendidikan`)
) ENGINE=MyISAM  DEFAULT CHARSET=latin1 AUTO_INCREMENT=14 ;

--
-- Dumping data for table `m_pendidikan`
--

INSERT INTO `m_pendidikan` (`id_pendidikan`, `nama_pendidikan`) VALUES
(2, 'SD'),
(3, 'SLTP'),
(4, 'SLTA'),
(5, 'D1'),
(6, 'D2'),
(7, 'D3'),
(8, 'S1'),
(9, 'S2'),
(10, 'S3'),
(13, 'TDK/BLM SEKOLAH'),
(1, 'TK/PG');

-- --------------------------------------------------------

--
-- Table structure for table `m_poliklinik`
--

CREATE TABLE IF NOT EXISTS `m_poliklinik` (
  `id_poliklinik` int(11) NOT NULL AUTO_INCREMENT,
  `nama_poliklinik` varchar(50) NOT NULL,
  `kode_poliklinik` varchar(20) NOT NULL,
  `type` enum('Poliklinik','Labkesda') NOT NULL,
  PRIMARY KEY (`id_poliklinik`)
) ENGINE=MyISAM  DEFAULT CHARSET=latin1 AUTO_INCREMENT=18 ;

--
-- Dumping data for table `m_poliklinik`
--

INSERT INTO `m_poliklinik` (`id_poliklinik`, `nama_poliklinik`, `kode_poliklinik`, `type`) VALUES
(5, 'Gizi', 'Gizi', 'Poliklinik'),
(6, 'Imunisasi', 'Imunisasi', 'Poliklinik'),
(7, 'Anak', 'Anak', 'Poliklinik'),
(8, 'Dewasa', 'Dewasa', 'Poliklinik'),
(9, 'Gigi', 'Gigi', 'Poliklinik'),
(10, 'Kebidanan', 'Kebidanan', 'Poliklinik'),
(11, 'KB', 'KB', 'Poliklinik'),
(1, 'IGD', 'IGD', 'Poliklinik'),
(17, 'Sanitasi', 'Sanitasi', 'Poliklinik');

-- --------------------------------------------------------

--
-- Table structure for table `m_produk`
--

CREATE TABLE IF NOT EXISTS `m_produk` (
  `id_produk` varchar(50) NOT NULL,
  `nama_produk` varchar(255) NOT NULL,
  `type` enum('Tindakan','BHP','Jasa Medis') NOT NULL,
  `fk_subkategori_produk` varchar(11) NOT NULL,
  `js` int(11) NOT NULL,
  `jp` int(11) NOT NULL,
  `jm` int(11) NOT NULL,
  `ja` int(11) NOT NULL,
  `bhp` int(11) NOT NULL,
  `adm` int(11) NOT NULL,
  PRIMARY KEY (`id_produk`)
) ENGINE=MyISAM DEFAULT CHARSET=latin1;

--
-- Dumping data for table `m_produk`
--

INSERT INTO `m_produk` (`id_produk`, `nama_produk`, `type`, `fk_subkategori_produk`, `js`, `jp`, `jm`, `ja`, `bhp`, `adm`) VALUES
('TMOKIII105', 'Tymphanoplasty', 'Tindakan', 'TMOKELIII', 411000, 206000, 1026000, 513000, 0, 0),
('TMOKIII106', 'Uretero Sigmoidostomi ', 'Tindakan', 'TMOKELIII', 411000, 206000, 1026000, 513000, 0, 0),
('TMOKIII104', 'Tumor Ganas / Adneksa luas dengan rekonstruksi ', 'Tindakan', 'TMOKELIII', 411000, 206000, 1026000, 513000, 0, 0),
('TMOKIII99', 'Tirodektomi ', 'Tindakan', 'TMOKELIII', 411000, 206000, 1026000, 513000, 0, 0),
('TMOKIII100', 'Trabekulektomi ', 'Tindakan', 'TMOKELIII', 411000, 206000, 1026000, 513000, 0, 0),
('TMOKIII101', 'Trabekulektomi', 'Tindakan', 'TMOKELIII', 411000, 206000, 1026000, 513000, 0, 0),
('TMNOGDR01', 'Membebaskan perlengketan prepetium', 'Tindakan', 'TMOGD', 5000, 5000, 8500, 0, 0, 0),
('TMNOGDR02', 'Membuka gibs sirkuler', 'Tindakan', 'TMOGD', 5000, 5000, 8500, 0, 0, 0),
('TMNOGDR03', 'Eksterpasi corpal allienum tanpa penyulit', 'Tindakan', 'TMOGD', 5000, 5000, 8500, 0, 0, 0),
('TMNOGDR04', 'Pemasangan oropharingeal tube', 'Tindakan', 'TMOGD', 5000, 5000, 8500, 0, 0, 0),
('TMNOGDR05', 'Penanganan Epistaxis', 'Tindakan', 'TMOGD', 5000, 5000, 8500, 0, 0, 0),
('TMNOGDR06', 'Irigasi Telinga', 'Tindakan', 'TMOGD', 5000, 5000, 8500, 0, 0, 0),
('TMNOGDR07', 'Epilasi bulu Mata', 'Tindakan', 'TMOGD', 5000, 5000, 8500, 0, 0, 0),
('TMNOGDR08', 'Irigasi Mata', 'Tindakan', 'TMOGD', 5000, 5000, 8500, 0, 0, 0),
('TMNOGDS01', 'Gibs Spalk', 'Tindakan', 'TMOGD', 13500, 7500, 27000, 0, 0, 0),
('TMNOGDS02', 'Nekrotomi', 'Tindakan', 'TMOGD', 13500, 7500, 27000, 0, 0, 0),
('TMNOGDS03', 'Reposisi dislokasi sendi kaki', 'Tindakan', 'TMOGD', 13500, 7500, 27000, 0, 0, 0),
('TMNOGDS04', 'Pemasangan ransel bag', 'Tindakan', 'TMOGD', 13500, 7500, 27000, 0, 0, 0),
('TMNOGDS05', 'Eksterpasi corpal allienum dengan penyakit', 'Tindakan', 'TMOGD', 13500, 7500, 27000, 0, 0, 0),
('TMNOGDB01', 'Reposisi dislokasi mandi mata', 'Tindakan', 'TMOGD', 27500, 10000, 54000, 0, 0, 0),
('TMNOGDB02', 'pemasangan gips sirkuler', 'Tindakan', 'TMOGD', 27500, 10000, 54000, 0, 0, 0),
('TMNOGDB03', 'Reposisi dislokasi sendi panggul', 'Tindakan', 'TMOGD', 27500, 10000, 54000, 0, 0, 0),
('TMNOGDB04', 'pemasangan ET', 'Tindakan', 'TMOGD', 27500, 10000, 54000, 0, 0, 0),
('FISSR01', 'Terapi latihan', 'Tindakan', 'FISSR', 5000, 7500, 1500, 0, 0, 0),
('FISSR02', 'Mssage', 'Tindakan', 'FISSR', 5000, 7500, 1500, 0, 0, 0),
('FISSR03', 'Sinar infra merah', 'Tindakan', 'FISSR', 5000, 7500, 1500, 0, 0, 0),
('FISSR04', 'Sinar ultra violet', 'Tindakan', 'FISSR', 5000, 7500, 1500, 0, 0, 0),
('FISSR05', 'Kompres dingin (coll punk, cryoterapi)', 'Tindakan', 'FISSR', 5000, 7500, 1500, 0, 0, 0),
('FISSR06', 'Kompres panas (parafin bath, hot punk)', 'Tindakan', 'FISSR', 5000, 7500, 1500, 0, 0, 0),
('FISSR07', 'Latihan di kolam (whiil pool, hubart tank)', 'Tindakan', 'FISSR', 5000, 7500, 1500, 0, 0, 0),
('FISORSR01', 'Sepatu khusus (koneksi varus, valgus)', 'Tindakan', 'FISSR', 5000, 7500, 1500, 0, 0, 0),
('FISORSR02', 'Gips', 'Tindakan', 'FISSR', 5000, 7500, 1500, 0, 0, 0),
('FISORSR03', 'Black splint', 'Tindakan', 'FISSR', 5000, 7500, 1500, 0, 0, 0),
('FISORSR04', 'Coak up splint', 'Tindakan', 'FISSR', 5000, 7500, 1500, 0, 0, 0),
('FISORSR05', 'Aeroplan splint', 'Tindakan', 'FISSR', 5000, 7500, 1500, 0, 0, 0),
('FISPROSR01', 'Tongkat', 'Tindakan', 'FISSR', 5000, 7500, 1500, 0, 0, 0),
('FISPROSR02', 'Kruk', 'Tindakan', 'FISSR', 5000, 7500, 1500, 0, 0, 0),
('FISPROSR03', 'Walker (thomas, iron walker)', 'Tindakan', 'FISSR', 5000, 7500, 1500, 0, 0, 0),
('FISPROSR04', 'Tripos', 'Tindakan', 'FISSR', 5000, 7500, 1500, 0, 0, 0),
('FISSD01', 'Paradik', 'Tindakan', 'FISSD', 7500, 11000, 2500, 0, 0, 0),
('FISSD02', 'Galpanik', 'Tindakan', 'FISSD', 7500, 11000, 2500, 0, 0, 0),
('FISSD03', 'Ionisasi ', 'Tindakan', 'FISSD', 7500, 11000, 2500, 0, 0, 0),
('FISSD04', 'Tens', 'Tindakan', 'FISSD', 7500, 11000, 2500, 0, 0, 0),
('FISSD05', 'SWD', 'Tindakan', 'FISSD', 7500, 11000, 2500, 0, 0, 0),
('FISSD06', 'Ultra soud terapi', 'Tindakan', 'FISSD', 7500, 11000, 2500, 0, 0, 0),
('FISSD07', 'Traksi elektrik (traksi lumbal, traksi cervical)', 'Tindakan', 'FISSD', 7500, 11000, 2500, 0, 0, 0),
('FISORSD01', 'Sepatu lutut', 'Tindakan', 'FISSD', 7500, 11000, 2500, 0, 0, 0),
('FISORSD02', 'Rocker leg satu buah', 'Tindakan', 'FISSD', 7500, 11000, 2500, 0, 0, 0),
('FISORSD03', 'Crace knee joint', 'Tindakan', 'FISSD', 7500, 11000, 2500, 0, 0, 0),
('FISORSD04', 'Long leg brance', 'Tindakan', 'FISSD', 7500, 11000, 2500, 0, 0, 0),
('FISORSD05', 'Brance knee joint', 'Tindakan', 'FISSD', 7500, 11000, 2500, 0, 0, 0),
('FISORSD06', 'Short leg brance', 'Tindakan', 'FISSD', 7500, 11000, 2500, 0, 0, 0),
('FISPROSD01', 'Paralel bar', 'Tindakan', 'FISSD', 7500, 11000, 2500, 0, 0, 0),
('FISPROSD02', 'Tangga bertingkat', 'Tindakan', 'FISSD', 7500, 11000, 2500, 0, 0, 0),
('FISPROSD03', 'Kursi roda', 'Tindakan', 'FISSD', 7500, 11000, 2500, 0, 0, 0),
('FISPROSD04', 'Protesta jari-jari satu ruas', 'Tindakan', 'FISSD', 7500, 11000, 2500, 0, 0, 0),
('FISPROSD05', 'Protesta bawah siku work hand', 'Tindakan', 'FISSD', 7500, 11000, 2500, 0, 0, 0),
('FISPROSD06', 'Protesta bawah lutut PIP', 'Tindakan', 'FISSD', 7500, 11000, 2500, 0, 0, 0),
('FISPROSD07', 'Protesta syme', 'Tindakan', 'FISSD', 7500, 11000, 2500, 0, 0, 0),
('FISPROSD08', 'Protesta choport/boyd/iclrane/ritri quil', 'Tindakan', 'FISSD', 7500, 11000, 2500, 0, 0, 0),
('FISORCG01', 'Corset lengan atas', 'Tindakan', 'FISCG', 10000, 15000, 3000, 0, 0, 0),
('FISORCG02', 'Corset lengan bawah', 'Tindakan', 'FISCG', 10000, 15000, 3000, 0, 0, 0),
('FISORCG03', 'Corset betis', 'Tindakan', 'FISCG', 10000, 15000, 3000, 0, 0, 0),
('FISORCG04', 'Corset paha/femur', 'Tindakan', 'FISCG', 10000, 15000, 3000, 0, 0, 0),
('FISORCG05', 'Long leg brance femur corset', 'Tindakan', 'FISCG', 10000, 15000, 3000, 0, 0, 0),
('FISPROCG01', 'Prosthetik elektrik extrimitas atas', 'Tindakan', 'FISCG', 10000, 15000, 3000, 0, 0, 0),
('FISPROCG02', 'Prosthetik elektrik extrimitas bawah', 'Tindakan', 'FISCG', 10000, 15000, 3000, 0, 0, 0),
('FISPROCG03', 'Prostesa kosmetik hand', 'Tindakan', 'FISCG', 10000, 15000, 3000, 0, 0, 0),
('FISPROCG04', 'Prostesa bawah kosmetik hand', 'Tindakan', 'FISCG', 10000, 15000, 3000, 0, 0, 0),
('EM001', 'Amnioscopy', 'Tindakan', 'ELM', 30000, 6000, 14000, 0, 0, 0),
('EM002', 'Audiometri', 'Tindakan', 'ELM', 30000, 4000, 16000, 0, 0, 0),
('EM003', 'Auto Refraktometer (Refraksi), ', 'Tindakan', 'ELM', 8500, 3500, 18000, 0, 0, 0),
('EM004', 'Basal Metabolik Rate / oxygen Comsumption', 'Tindakan', 'ELM', 9000, 1800, 4200, 0, 0, 0),
('EM005', 'Bera (Evoked Potensial)', 'Tindakan', 'ELM', 45000, 9000, 21000, 0, 0, 0),
('EM006', 'Biometri', 'Tindakan', 'ELM', 17000, 7000, 36000, 0, 0, 0),
('EM007', 'Brain Mapping ', 'Tindakan', 'ELM', 216000, 43200, 100800, 0, 0, 0),
('EM008', 'Bronchial Provocation Test', 'Tindakan', 'ELM', 100800, 20160, 47040, 0, 0, 0),
('EM009', 'Bronchoscopy', 'Tindakan', 'ELM', 180000, 36000, 84000, 0, 0, 0),
('EM010', 'Bronchoscopy + Biopsi ', 'Tindakan', 'ELM', 210000, 42000, 98000, 0, 0, 0),
('EM011', 'Bronchospirometri', 'Tindakan', 'ELM', 156000, 31200, 72800, 0, 0, 0),
('EM012', 'Cardiotopografi', 'Tindakan', 'ELM', 8500, 3500, 18000, 0, 0, 0),
('EM013', 'Carotid Doppler', 'Tindakan', 'ELM', 126000, 25200, 58800, 0, 0, 0),
('EM014', 'Colonoskopi', 'Tindakan', 'ELM', 210000, 42000, 98000, 0, 0, 0),
('EM015', 'Colonoskopi + Biopsi', 'Tindakan', 'ELM', 240000, 48000, 112000, 0, 0, 0),
('EM016', 'Colonoskopi + Sclerosing', 'Tindakan', 'ELM', 270000, 54000, 126000, 0, 0, 0),
('EM017', 'CTG', 'Tindakan', 'ELM', 6000, 9000, 15000, 0, 0, 0),
('EM018', 'Defibrilator', 'Tindakan', 'ELM', 24000, 7000, 29000, 0, 0, 0),
('EM019', 'Dopler Kebidanan', 'Tindakan', 'ELM', 3500, 3000, 3000, 0, 0, 0),
('EM020', 'Doppler Aorta Thoracalis Abdominalis dan Cabang  cabangnya', 'Tindakan', 'ELM', 96000, 19200, 44800, 0, 0, 0),
('EM021', 'E C G', 'Tindakan', 'ELM', 12000, 11000, 7000, 0, 0, 0),
('EM022', 'Echo Kardiografi', 'Tindakan', 'ELM', 147000, 29400, 68600, 0, 0, 0),
('EM023', 'Electro Ensefalo Grafi (EEG)', 'Tindakan', 'ELM', 90000, 18000, 42000, 0, 0, 0),
('EM024', 'Electro Myografi (EMG) ', 'Tindakan', 'ELM', 90000, 18000, 42000, 0, 0, 0),
('EM025', 'Electro Nystagmography (ENG)', 'Tindakan', 'ELM', 36000, 7200, 16800, 0, 0, 0),
('EM026', 'Endoscopy & sclerosing', 'Tindakan', 'ELM', 76000, 23000, 91000, 0, 0, 0),
('EM027', 'Endoscopy dengan biopsy', 'Tindakan', 'ELM', 56000, 17000, 67000, 0, 0, 0),
('EM028', 'ERCP (Endoscopy Retograd Cholangio Pancreaography', 'Tindakan', 'ELM', 840000, 168000, 392000, 0, 0, 0),
('EM029', 'Esofagogastroduodenoskopi', 'Tindakan', 'ELM', 300000, 60000, 140000, 0, 0, 0),
('EM030', 'Esofagogastroduodenoskopi + Biopsi ', 'Tindakan', 'ELM', 330000, 66000, 154000, 0, 0, 0),
('EM031', 'Esofagogastroduodenoskopi + Sclerosing ', 'Tindakan', 'ELM', 360000, 72000, 168000, 0, 0, 0),
('EM032', 'Evoked Potensial: BEAP, VER, EMGNCV, EMG Elementer, EMG Sensorik, EMG F Wave', 'Tindakan', 'ELM', 96000, 19200, 44800, 0, 0, 0),
('EM033', 'Evoked Potensial: SSEP, EMGNCV, EMG elementer, EEG Sleep Record', 'Tindakan', 'ELM', 96000, 19200, 44800, 0, 0, 0),
('EM034', 'Foto terapi', 'Tindakan', 'ELM', 8000, 8000, 2000, 0, 0, 0),
('EM035', 'Funduscopy', 'Tindakan', 'ELM', 12000, 11000, 7000, 0, 0, 0),
('EM036', 'Holter Monitoring', 'Tindakan', 'ELM', 114000, 22800, 53200, 0, 0, 0),
('EM037', 'Kolposcopy', 'Tindakan', 'ELM', 30600, 6120, 14280, 0, 0, 0),
('EM038', 'Laparascopy / Peritoneoscopy', 'Tindakan', 'ELM', 72000, 14400, 33600, 0, 0, 0),
('EM039', 'Laryngoscopy', 'Tindakan', 'ELM', 63000, 12600, 29400, 0, 0, 0),
('EM040', 'Nebuliser', 'Tindakan', 'ELM', 17000, 8500, 2500, 0, 0, 0),
('EM041', 'Optalmoscopy', 'Tindakan', 'ELM', 8500, 3500, 18000, 0, 0, 0),
('EM042', 'Oxymetri', 'Tindakan', 'ELM', 12500, 15000, 4000, 0, 0, 0),
('EM043', 'Rectosigmoidoscopy ', 'Tindakan', 'ELM', 300000, 60000, 140000, 0, 0, 0),
('EM044', 'Rectosigmoidoscopy + Biopsi ', 'Tindakan', 'ELM', 330000, 66000, 154000, 0, 0, 0),
('EM045', 'Rectosigmoidoscopy + Sclerosing ', 'Tindakan', 'ELM', 360000, 72000, 168000, 0, 0, 0),
('EM046', 'Retinoscopy', 'Tindakan', 'ELM', 17000, 7000, 36000, 0, 0, 0),
('EM047', 'Sinuscopy', 'Tindakan', 'ELM', 37800, 7560, 17640, 0, 0, 0),
('EM048', 'Speech Audiometri', 'Tindakan', 'ELM', 8500, 3500, 18000, 0, 0, 0),
('EM049', 'Spirometri, Telemetri', 'Tindakan', 'ELM', 8500, 3500, 18000, 0, 0, 0),
('EM050', 'TEE (Traso Eshopageal Echo)', 'Tindakan', 'ELM', 240000, 48000, 112000, 0, 0, 0),
('EM051', 'Telemetri', 'Tindakan', 'ELM', 60000, 12000, 28000, 0, 0, 0),
('EM052', 'Timpanometri', 'Tindakan', 'ELM', 45000, 6000, 24000, 0, 0, 0),
('EM053', 'Tonografi, Tonometri', 'Tindakan', 'ELM', 8500, 3500, 18000, 0, 0, 0),
('EM054', 'Treadmill', 'Tindakan', 'ELM', 87000, 17400, 40600, 0, 0, 0),
('EM055', 'Tuntunan USG pada Biopsi, Aspirasi, Punksi Pleura', 'Tindakan', 'ELM', 45000, 9000, 21000, 0, 0, 0),
('EM056', 'Ultra Sono Grafi', 'Tindakan', 'ELM', 17000, 7000, 36000, 0, 0, 0),
('EM057', 'Ultra Sono Grafi Color', 'Tindakan', 'ELM', 34000, 14000, 72000, 0, 0, 0),
('EM058', 'Urethroscopy / Cystoscopy', 'Tindakan', 'ELM', 51000, 10200, 23800, 0, 0, 0),
('EM059', 'USG Organ (termasuk mata)', 'Tindakan', 'ELM', 36000, 7200, 16800, 0, 0, 0),
('EM060', 'Vaskular Doppler', 'Tindakan', 'ELM', 96000, 19200, 44800, 0, 0, 0),
('EM061', 'Vaskular Doppler terbatas', 'Tindakan', 'ELM', 51000, 10200, 23800, 0, 0, 0),
('EM062', 'Vaskuler Dopler, Dopler Aorta Thorakal, Abdominal dan cabang-cabangnya, ', 'Tindakan', 'ELM', 56000, 17000, 67000, 0, 0, 0),
('EM063', 'Vektor Cardiographi', 'Tindakan', 'ELM', 72000, 14400, 33600, 0, 0, 0),
('EM064', 'Ventilator', 'Tindakan', 'ELM', 48000, 29000, 43000, 0, 0, 0),
('EM065', 'VO2 Max', 'Tindakan', 'ELM', 48000, 9600, 22400, 0, 0, 0),
('TP01', 'Pasang Oksigen', 'Tindakan', 'KEP', 1000, 1000, 0, 0, 0, 0),
('TP02', 'Pasang Rectal Tube', 'Tindakan', 'KEP', 1000, 1000, 0, 0, 0, 0),
('TP03', 'Pemberian Obat Melalui Anus/Vagina', 'Tindakan', 'KEP', 1000, 1000, 0, 0, 0, 0),
('TP04', 'Perawatan luka/ganti balutan luka kecil (< 5 menit)', 'Tindakan', 'KEP', 1000, 1500, 0, 0, 0, 0),
('TP05', 'Angkat Jahitan < 5 jahitan', 'Tindakan', 'KEP', 1000, 1500, 0, 0, 0, 0),
('TP06', 'Injeksi IM/IV/SCV/IC', 'Tindakan', 'KEP', 1000, 2500, 0, 0, 0, 0),
('TP07', 'Pasang Spalk', 'Tindakan', 'KEP', 1000, 2000, 0, 0, 0, 0),
('TP08', 'Inhalasi Terapi', 'Tindakan', 'KEP', 3000, 4500, 0, 0, 0, 0),
('TP09', 'Pengambilan darah arteri', 'Tindakan', 'KEP', 2000, 3000, 0, 0, 0, 0),
('TP10', 'Pengambilan darah Vena/perifer', 'Tindakan', 'KEP', 500, 1500, 0, 0, 0, 0),
('TP11', 'Pemasangan infuse', 'Tindakan', 'KEP', 3000, 4500, 0, 0, 0, 0),
('TP12', 'Pemasangan NGT', 'Tindakan', 'KEP', 4000, 6000, 0, 0, 0, 0),
('TP13', 'Cuci Lambung', 'Tindakan', 'KEP', 2000, 3000, 0, 0, 0, 0),
('TP14', 'Pengeluaran tinja manual', 'Tindakan', 'KEP', 1500, 2500, 0, 0, 0, 0),
('TP15', 'Pemasangan Cateter', 'Tindakan', 'KEP', 4000, 6000, 0, 0, 0, 0),
('TP16', 'Vulva Higiene', 'Tindakan', 'KEP', 3000, 4500, 0, 0, 0, 0),
('TP17', 'Merawat Luka ganti balutan luka sedang (s/d 15 menit)', 'Tindakan', 'KEP', 3000, 4500, 0, 0, 0, 0),
('TP18', 'Angkat jahitan 6 -10 jahitan', 'Tindakan', 'KEP', 2000, 3000, 0, 0, 0, 0),
('TP19', 'Perawatan jenazah', 'Tindakan', 'KEP', 2000, 3000, 0, 0, 0, 0),
('TP20', 'Nekrotomi', 'Tindakan', 'KEP', 4000, 6000, 0, 0, 0, 0),
('TP21', 'Memberikan diet Via sonde', 'Tindakan', 'KEP', 2000, 3000, 0, 0, 0, 0),
('TP22', 'Irigasi mata/hidung/telinga', 'Tindakan', 'KEP', 4000, 6000, 0, 0, 0, 0),
('TP23', 'Perawatan Epilepsi', 'Tindakan', 'KEP', 4000, 6000, 0, 0, 0, 0),
('TP24', 'Scorsteen', 'Tindakan', 'KEP', 2000, 3000, 0, 0, 0, 0),
('TP25', 'Breast care', 'Tindakan', 'KEP', 4000, 6000, 0, 0, 0, 0),
('TP26', 'Vaginal Toucher/RT', 'Tindakan', 'KEP', 2000, 3000, 0, 0, 0, 0),
('TP27', 'Memandikan pasien', 'Tindakan', 'KEP', 3000, 4500, 0, 0, 0, 0),
('TP28', 'Mencuci Rambut', 'Tindakan', 'KEP', 3000, 4500, 0, 0, 0, 0),
('TP29', 'Oral Higiene', 'Tindakan', 'KEP', 2000, 3000, 0, 0, 0, 0),
('TP30', 'Suction', 'Tindakan', 'KEP', 5000, 7500, 0, 0, 0, 0),
('TP31', 'Perawatan WSD', 'Tindakan', 'KEP', 5000, 7500, 0, 0, 0, 0),
('TP32', 'Perawatan Colostomi', 'Tindakan', 'KEP', 5000, 7500, 0, 0, 0, 0),
('TP33', 'Perawatan drainage (selang/kateter)', 'Tindakan', 'KEP', 5000, 7500, 0, 0, 0, 0),
('TP34', 'Perawatan Luka/ganti balut > 15 menit', 'Tindakan', 'KEP', 6000, 9000, 0, 0, 0, 0),
('TP35', 'Angkat jahitan > 10 jahitan', 'Tindakan', 'KEP', 5000, 7500, 0, 0, 0, 0),
('TP36', 'Pemasangan infuse tali pusat', 'Tindakan', 'KEP', 10000, 15000, 0, 0, 0, 0),
('TP37', 'Lavement', 'Tindakan', 'KEP', 5000, 7500, 0, 0, 0, 0),
('TP38', 'Resusitasi Jantung Paru / Bayi', 'Tindakan', 'KEP', 10000, 15000, 0, 0, 0, 0),
('TP39', 'Memasang ET', 'Tindakan', 'KEP', 10000, 15000, 0, 0, 0, 0),
('TP40', 'Menjahit perenium', 'Tindakan', 'KEP', 10000, 15000, 0, 0, 0, 0),
('TP41', 'Debridement', 'Tindakan', 'KEP', 6000, 9000, 0, 0, 0, 0),
('TP42', 'Episiotomi', 'Tindakan', 'KEP', 8000, 12000, 0, 0, 0, 0),
('TP43', 'Transfusi tukar', 'Tindakan', 'KEP', 25000, 37500, 0, 0, 0, 0),
('TP44', 'Pasang / Lepas  IUD', 'Tindakan', 'KEP', 7000, 10500, 0, 0, 0, 0),
('TP45', 'Manual Plasenta oleh bidan', 'Tindakan', 'KEP', 25000, 37500, 0, 0, 0, 0),
('TP46', 'Tampon Vagina', 'Tindakan', 'KEP', 7000, 10500, 0, 0, 0, 0),
('TP47', 'Digital (Evakuasi Kandungan)', 'Tindakan', 'KEP', 10000, 15000, 0, 0, 0, 0),
('TP48', 'Cross insisi ', 'Tindakan', 'KEP', 10000, 15000, 0, 0, 0, 0),
('TP49', 'Broncho toilet', 'Tindakan', 'KEP', 6000, 9000, 0, 0, 0, 0),
('TP50', 'Kompresi bi Manual', 'Tindakan', 'KEP', 7000, 10500, 0, 0, 0, 0),
('LAB01', 'Haemoglobin', 'Tindakan', 'LABTER', 1000, 1500, 1000, 0, 0, 0),
('LAB02', 'Hematocrite ', 'Tindakan', 'LABTER', 1500, 2000, 1000, 0, 0, 0),
('LAB03', 'Leucocyt', 'Tindakan', 'LABTER', 1500, 2000, 1000, 0, 0, 0),
('LAB04', 'Hitung Jenis Leukosit', 'Tindakan', 'LABTER', 1000, 4000, 1500, 0, 0, 0),
('LAB05', 'Eritrocyt', 'Tindakan', 'LABTER', 1500, 2000, 1000, 0, 0, 0),
('LAB06', 'Trombocyt', 'Tindakan', 'LABTER', 1500, 2000, 1000, 0, 0, 0),
('LAB07', 'Laju Enap Darah', 'Tindakan', 'LABTER', 1400, 1700, 1000, 0, 0, 0),
('LAB08', 'Retikulocyt', 'Tindakan', 'LABTER', 1500, 3500, 1200, 0, 0, 0),
('LAB09', 'VER/HER/KHER', 'Tindakan', 'LABTER', 1500, 3500, 1200, 0, 0, 0),
('LAB10', 'Eosinofil', 'Tindakan', 'LABTER', 1500, 3500, 1200, 0, 0, 0),
('LAB11', 'Waktu Pembekuan', 'Tindakan', 'LABTER', 1000, 1000, 600, 0, 0, 0),
('LAB12', 'Waktu Perdarahan', 'Tindakan', 'LABTER', 1000, 1000, 600, 0, 0, 0),
('LAB13', 'Percobaan Pembendungan', 'Tindakan', 'LABTER', 1500, 3500, 1200, 0, 0, 0),
('LAB14', 'Retraksi Bekuan', 'Tindakan', 'LABTER', 1500, 3500, 1200, 0, 0, 0),
('LAB15', 'Malaria', 'Tindakan', 'LABTER', 2000, 2000, 1200, 0, 0, 0),
('LAB16', 'Golongan Darah ', 'Tindakan', 'LABTER', 500, 1600, 1000, 0, 0, 0),
('LAB17', 'Urinalisa ', 'Tindakan', 'LABTER', 1000, 3500, 1200, 0, 0, 0),
('LAB18', 'Reduksi Urine', 'Tindakan', 'LABTER', 1000, 3500, 1200, 0, 0, 0),
('LAB19', 'Sedimen Urine', 'Tindakan', 'LABTER', 1000, 3500, 1200, 0, 0, 0),
('LAB20', 'Faeces Lengkap', 'Tindakan', 'LABTER', 1000, 3500, 1200, 0, 0, 0),
('LAB21', 'Benzidin Slide', 'Tindakan', 'LABTER', 8000, 7200, 4800, 0, 0, 0),
('LAB22', 'Amilase Darah ', 'Tindakan', 'LABTER', 6500, 2600, 1750, 0, 0, 0),
('LAB23', 'Amilase Urine', 'Tindakan', 'LABTER', 6500, 2600, 1750, 0, 0, 0),
('LAB24', 'Analisa Batu ', 'Tindakan', 'LABTER', 13650, 5500, 3600, 0, 0, 0),
('LAB25', 'Analisa Gas Darah', 'Tindakan', 'LABTER', 16800, 6700, 4500, 0, 0, 0),
('LAB26', 'Asam empedu', 'Tindakan', 'LABTER', 10100, 4000, 2700, 0, 0, 0),
('LAB27', 'Asam Urat', 'Tindakan', 'LABTER', 4200, 1700, 1100, 0, 0, 0),
('LAB28', 'Calcium Ion', 'Tindakan', 'LABTER', 7100, 2900, 1900, 0, 0, 0),
('LAB29', 'Chlorida Darah', 'Tindakan', 'LABTER', 4200, 1700, 1100, 0, 0, 0),
('LAB30', 'Chlorida Urine', 'Tindakan', 'LABTER', 4200, 1700, 1100, 0, 0, 0),
('LAB31', 'Cholinesterase', 'Tindakan', 'LABTER', 7600, 3000, 2000, 0, 0, 0),
('LAB32', 'CK (Creatine Kinase)', 'Tindakan', 'LABTER', 12200, 4900, 3200, 0, 0, 0),
('LAB33', 'CK-MB', 'Tindakan', 'LABTER', 12200, 4900, 3200, 0, 0, 0),
('LAB34', 'Elektroforese Protein', 'Tindakan', 'LABTER', 13650, 5500, 3600, 0, 0, 0),
('LAB35', 'Fosfatase asam', 'Tindakan', 'LABTER', 4200, 1700, 1100, 0, 0, 0),
('LAB36', 'Fruktosamin', 'Tindakan', 'LABTER', 12600, 5000, 3400, 0, 0, 0),
('LAB37', 'GLDH', 'Tindakan', 'LABTER', 10100, 4000, 2700, 0, 0, 0),
('LAB38', 'HBDH', 'Tindakan', 'LABTER', 11550, 4600, 3100, 0, 0, 0),
('LAB39', 'Kalium  Darah', 'Tindakan', 'LABTER', 3800, 1500, 1000, 0, 0, 0),
('LAB40', 'Kalium Urine', 'Tindakan', 'LABTER', 3800, 1500, 1000, 0, 0, 0),
('LAB41', 'Kalsium Darah ', 'Tindakan', 'LABTER', 3800, 1500, 1000, 0, 0, 0),
('LAB42', 'Kalsium Urine', 'Tindakan', 'LABTER', 3800, 1500, 1000, 0, 0, 0),
('LAB43', 'Lipase Darah', 'Tindakan', 'LABTER', 11550, 4600, 3100, 0, 0, 0),
('LAB44', 'Lipase Urine', 'Tindakan', 'LABTER', 11550, 4600, 3100, 0, 0, 0),
('LAB45', 'Magnesium', 'Tindakan', 'LABTER', 6500, 2600, 1750, 0, 0, 0),
('LAB46', 'Natrium Darah', 'Tindakan', 'LABTER', 3800, 1500, 1000, 0, 0, 0),
('LAB47', 'Natrium Urine ', 'Tindakan', 'LABTER', 3800, 1500, 1000, 0, 0, 0),
('LAB48', 'Phosphat Darah ', 'Tindakan', 'LABTER', 3800, 1500, 1000, 0, 0, 0),
('LAB49', 'Phosphat Urine', 'Tindakan', 'LABTER', 3800, 1500, 1000, 0, 0, 0),
('LAB50', 'Troponin T ', 'Tindakan', 'LABTER', 42000, 17000, 11000, 0, 0, 0),
('LAB51', ' Glikolysis HB / HbA1c ', 'Tindakan', 'LABTER', 27300, 10900, 7300, 0, 0, 0),
('LAB52', ' Glukosa Darah PP', 'Tindakan', 'LABTER', 4200, 1700, 1100, 0, 0, 0),
('LAB53', ' Glukosa Darah Puasa ', 'Tindakan', 'LABTER', 4200, 1700, 1100, 0, 0, 0),
('LAB54', ' Glukosa Darah Sewaktu', 'Tindakan', 'LABTER', 4200, 1700, 1100, 0, 0, 0),
('LAB55', ' Glukosa Toleransi Test ', 'Tindakan', 'LABTER', 4200, 1700, 1100, 0, 0, 0),
('LAB56', ' Urine 4 porsi/ kurve harian', 'Tindakan', 'LABTER', 6300, 2500, 1700, 0, 0, 0),
('LAB57', ' Albumin', 'Tindakan', 'LABTER', 5000, 2000, 1400, 0, 0, 0),
('LAB58', ' Alkali Fosfatase', 'Tindakan', 'LABTER', 6900, 2800, 1850, 0, 0, 0),
('LAB59', ' Bilirubin Direk/Indirek', 'Tindakan', 'LABTER', 5050, 2000, 1350, 0, 0, 0),
('LAB60', ' Bilirubin Total', 'Tindakan', 'LABTER', 5050, 2000, 1350, 0, 0, 0),
('LAB61', ' Gamma GT', 'Tindakan', 'LABTER', 6950, 2800, 1800, 0, 0, 0),
('LAB62', ' Globulin', 'Tindakan', 'LABTER', 5050, 2000, 1350, 0, 0, 0),
('LAB63', ' Protein Total', 'Tindakan', 'LABTER', 5050, 2000, 1350, 0, 0, 0),
('LAB64', ' SGOT', 'Tindakan', 'LABTER', 5050, 2000, 1350, 0, 0, 0),
('LAB65', ' SGPT', 'Tindakan', 'LABTER', 5050, 2000, 1350, 0, 0, 0),
('LAB66', 'Creatinin', 'Tindakan', 'LABTER', 5050, 2000, 1350, 0, 0, 0),
('LAB67', 'Creatinin Clearance', 'Tindakan', 'LABTER', 10100, 4000, 2700, 0, 0, 0),
('LAB68', 'Urea Clearance', 'Tindakan', 'LABTER', 10100, 4000, 2700, 0, 0, 0),
('LAB69', 'Ureum', 'Tindakan', 'LABTER', 5050, 2000, 1350, 0, 0, 0),
('LAB70', ' Cholesterol  HDL', 'Tindakan', 'LABTER', 4850, 1900, 1300, 0, 0, 0),
('LAB71', ' Cholesterol  LDL', 'Tindakan', 'LABTER', 4850, 1900, 1300, 0, 0, 0),
('LAB72', ' Cholesterol Total', 'Tindakan', 'LABTER', 4850, 1900, 1300, 0, 0, 0),
('LAB73', ' Trigliserida', 'Tindakan', 'LABTER', 6700, 2700, 1800, 0, 0, 0),
('LAB74', ' Asam Folat', 'Tindakan', 'LABTER', 17650, 7050, 4700, 0, 0, 0),
('LAB75', ' Elektroforesis Hb', 'Tindakan', 'LABTER', 12600, 5000, 3400, 0, 0, 0),
('LAB76', ' Ferritin', 'Tindakan', 'LABTER', 22700, 9100, 6000, 0, 0, 0),
('LAB77', ' G6PD', 'Tindakan', 'LABTER', 22700, 9100, 6000, 0, 0, 0),
('LAB78', ' Ham''s test', 'Tindakan', 'LABTER', 9200, 3700, 2500, 0, 0, 0),
('LAB79', ' Hb F', 'Tindakan', 'LABTER', 12600, 5000, 3400, 0, 0, 0),
('LAB80', ' NAP', 'Tindakan', 'LABTER', 22700, 9100, 6000, 0, 0, 0),
('LAB81', ' NSE', 'Tindakan', 'LABTER', 22700, 9100, 6000, 0, 0, 0),
('LAB82', ' Pewarnaan Acid Phosphatase', 'Tindakan', 'LABTER', 17650, 7050, 4700, 0, 0, 0),
('LAB83', ' Pewarnaan Besi', 'Tindakan', 'LABTER', 12600, 5000, 3400, 0, 0, 0),
('LAB84', ' Pewarnaan Sumsum Tulang', 'Tindakan', 'LABTER', 12600, 5000, 3400, 0, 0, 0),
('LAB85', ' SIBC (Serum Iron Binding Capacity) ', 'Tindakan', 'LABTER', 6700, 2700, 1800, 0, 0, 0),
('LAB86', ' Sugar Water test', 'Tindakan', 'LABTER', 6700, 2700, 1800, 0, 0, 0),
('LAB87', ' TIBC (Total Iron Binding Capacity)', 'Tindakan', 'LABTER', 7600, 3000, 2000, 0, 0, 0),
('LAB88', ' Transferrin', 'Tindakan', 'LABTER', 37800, 15100, 10100, 0, 0, 0),
('LAB89', ' Anti CMV IgG', 'Tindakan', 'LABTER', 22700, 9100, 6000, 0, 0, 0),
('LAB90', ' Anti CMV IgM', 'Tindakan', 'LABTER', 22700, 9100, 6000, 0, 0, 0),
('LAB91', ' Anti HAV IgM', 'Tindakan', 'LABTER', 22700, 9100, 6000, 0, 0, 0),
('LAB92', ' Anti HAV Total', 'Tindakan', 'LABTER', 22700, 9100, 6000, 0, 0, 0),
('LAB93', ' Anti HBc IgM', 'Tindakan', 'LABTER', 13900, 5500, 3700, 0, 0, 0),
('LAB94', ' Anti HBc Total', 'Tindakan', 'LABTER', 22700, 9100, 6000, 0, 0, 0),
('LAB95', ' Anti Hbe', 'Tindakan', 'LABTER', 32800, 13100, 8700, 0, 0, 0),
('LAB96', ' Anti HBs', 'Tindakan', 'LABTER', 9650, 3850, 2600, 0, 0, 0),
('LAB97', ' Anti HCV', 'Tindakan', 'LABTER', 20200, 8050, 5350, 0, 0, 0),
('LAB98', ' Anti Helicobacter Pylori IgG', 'Tindakan', 'LABTER', 17650, 7050, 4700, 0, 0, 0),
('LAB99', ' Anti Helicobacter Pylori IgM ', 'Tindakan', 'LABTER', 17650, 7050, 4700, 0, 0, 0),
('LAB100', ' Anti HSV I IgG', 'Tindakan', 'LABTER', 17650, 7050, 4700, 0, 0, 0),
('LAB101', ' Anti HSV I IgM', 'Tindakan', 'LABTER', 17650, 7050, 4700, 0, 0, 0),
('LAB102', ' Anti HSV II IgG', 'Tindakan', 'LABTER', 17650, 7050, 4700, 0, 0, 0),
('LAB103', ' Anti HVS II IgM', 'Tindakan', 'LABTER', 17650, 7050, 4700, 0, 0, 0),
('LAB104', ' Anti Rubella IgG', 'Tindakan', 'LABTER', 15100, 6050, 4050, 0, 0, 0),
('LAB105', ' Anti Rubella IgM ', 'Tindakan', 'LABTER', 15100, 6050, 4050, 0, 0, 0),
('LAB106', ' Anti TB ', 'Tindakan', 'LABTER', 15100, 6050, 4050, 0, 0, 0),
('LAB107', ' Anti Toxoplasma IgG', 'Tindakan', 'LABTER', 22700, 9100, 6000, 0, 0, 0),
('LAB108', ' Anti Toxoplasma IgM ', 'Tindakan', 'LABTER', 22700, 9100, 6000, 0, 0, 0),
('LAB109', ' ASTO', 'Tindakan', 'LABTER', 12200, 4900, 3200, 0, 0, 0),
('LAB110', ' CMV IgG Avidity', 'Tindakan', 'LABTER', 22700, 9100, 6000, 0, 0, 0),
('LAB111', ' CRP ', 'Tindakan', 'LABTER', 12200, 4900, 3200, 0, 0, 0),
('LAB112', ' Dengue Blot IgG', 'Tindakan', 'LABTER', 22700, 9100, 6000, 0, 0, 0),
('LAB113', ' Dengue Blot IgM ', 'Tindakan', 'LABTER', 22700, 9100, 6000, 0, 0, 0),
('LAB114', ' Faktor Rhematoid', 'Tindakan', 'LABTER', 6300, 2500, 1700, 0, 0, 0),
('LAB115', ' FTA-ABS', 'Tindakan', 'LABTER', 12600, 5050, 3350, 0, 0, 0),
('LAB116', ' HBe Ag', 'Tindakan', 'LABTER', 32750, 13100, 8750, 0, 0, 0),
('LAB117', ' HBs Ag', 'Tindakan', 'LABTER', 12600, 5050, 3350, 0, 0, 0),
('LAB118', ' HSV I IgG', 'Tindakan', 'LABTER', 17650, 7050, 4700, 0, 0, 0),
('LAB119', ' HSV II IgM', 'Tindakan', 'LABTER', 17650, 7050, 4700, 0, 0, 0),
('LAB120', ' TPHA (Treponema Palidum H Antigen )', 'Tindakan', 'LABTER', 8400, 3350, 2250, 0, 0, 0),
('LAB121', ' VDRL', 'Tindakan', 'LABTER', 4200, 1700, 1100, 0, 0, 0),
('LAB122', ' Widal', 'Tindakan', 'LABTER', 9650, 3850, 2600, 0, 0, 0),
('LAB123', 'Biakan Jamur', 'Tindakan', 'LABTER', 15100, 6050, 4050, 0, 0, 0),
('LAB124', 'Biakan Mikro Organisme dengan Resistensi', 'Tindakan', 'LABTER', 33600, 13450, 8950, 0, 0, 0),
('LAB125', 'Biakan Salmonela Shigela (Biakan SS)', 'Tindakan', 'LABTER', 15100, 6050, 4050, 0, 0, 0),
('LAB126', 'Sediaan Langsung Pewarnaan BTA', 'Tindakan', 'LABTER', 9250, 3700, 2450, 0, 0, 0),
('LAB127', 'Sediaan Langsung Pewarnaan Gram', 'Tindakan', 'LABTER', 4000, 1600, 1050, 0, 0, 0),
('LAB128', ' Beta HCG ', 'Tindakan', 'LABTER', 7150, 2850, 1900, 0, 0, 0),
('LAB129', ' Esbach', 'Tindakan', 'LABTER', 3150, 1250, 850, 0, 0, 0),
('LAB130', ' Hemosiderin', 'Tindakan', 'LABTER', 2500, 1000, 700, 0, 0, 0),
('LAB131', ' Oval Fat Body', 'Tindakan', 'LABTER', 2500, 1000, 700, 0, 0, 0),
('LAB132', ' Protein Kuantitatif', 'Tindakan', 'LABTER', 2500, 1000, 700, 0, 0, 0),
('LAB133', 'Estradiol', 'Tindakan', 'LABTER', 30250, 12100, 8050, 0, 0, 0),
('LAB134', 'Estrogen', 'Tindakan', 'LABTER', 30250, 12100, 8050, 0, 0, 0),
('LAB135', 'Free T3', 'Tindakan', 'LABTER', 17650, 7050, 4700, 0, 0, 0),
('LAB136', 'Free T4', 'Tindakan', 'LABTER', 17650, 7050, 4700, 0, 0, 0),
('LAB137', 'FSH', 'Tindakan', 'LABTER', 17650, 7050, 4700, 0, 0, 0),
('LAB138', 'LH', 'Tindakan', 'LABTER', 30250, 12100, 8050, 0, 0, 0),
('LAB139', 'Progesteron', 'Tindakan', 'LABTER', 30250, 12100, 8050, 0, 0, 0),
('LAB140', 'Prolactine', 'Tindakan', 'LABTER', 30250, 12100, 8050, 0, 0, 0),
('LAB141', 'T3', 'Tindakan', 'LABTER', 17650, 7050, 4700, 0, 0, 0),
('LAB142', 'T3 Up Take', 'Tindakan', 'LABTER', 17650, 7050, 4700, 0, 0, 0),
('LAB143', 'T4', 'Tindakan', 'LABTER', 17650, 7050, 4700, 0, 0, 0),
('LAB144', 'Tiroid Stimulating Hormon (TSH)', 'Tindakan', 'LABTER', 17650, 7050, 4700, 0, 0, 0),
('LAB145', 'Cairan Otak', 'Tindakan', 'LABTER', 32750, 13100, 8750, 0, 0, 0),
('LAB146', 'Cairan pleura/acitest', 'Tindakan', 'LABTER', 32750, 13100, 8750, 0, 0, 0),
('LAB147', 'Cairan Sendi ', 'Tindakan', 'LABTER', 32750, 13100, 8750, 0, 0, 0),
('LAB148', 'Aminophylin', 'Tindakan', 'LABTER', 12600, 5050, 3350, 0, 0, 0),
('LAB149', ' Agregasi Trombosit ', 'Tindakan', 'LABTER', 27300, 10900, 7300, 0, 0, 0),
('LAB150', ' Anti faktor Xa', 'Tindakan', 'LABTER', 69300, 27700, 18500, 0, 0, 0),
('LAB151', ' Anti Trombin III', 'Tindakan', 'LABTER', 35300, 14100, 9400, 0, 0, 0),
('LAB152', ' APTT (Masa Thromboplastin Parsial)', 'Tindakan', 'LABTER', 9250, 3700, 2450, 0, 0, 0),
('LAB153', ' Assay faktor IX', 'Tindakan', 'LABTER', 94500, 37800, 25200, 0, 0, 0),
('LAB154', ' Assay faktor VIII', 'Tindakan', 'LABTER', 94500, 37800, 25200, 0, 0, 0),
('LAB155', ' F.Von Willebrands', 'Tindakan', 'LABTER', 69300, 27700, 18500, 0, 0, 0),
('LAB156', ' Fibrinogen', 'Tindakan', 'LABTER', 7560, 3050, 2000, 0, 0, 0),
('LAB157', ' Fibrinogen Degredation Product (FDP) / D Dimer', 'Tindakan', 'LABTER', 12600, 5050, 3350, 0, 0, 0),
('LAB158', ' Inhibitor VIII', 'Tindakan', 'LABTER', 87800, 35100, 23400, 0, 0, 0),
('LAB159', ' Lupus anticoagulan', 'Tindakan', 'LABTER', 65100, 26050, 17350, 0, 0, 0),
('LAB160', ' Masa lisis Euglobolin', 'Tindakan', 'LABTER', 9250, 3700, 2450, 0, 0, 0),
('LAB161', ' PT (Prothombin Time)', 'Tindakan', 'LABTER', 13850, 5550, 3700, 0, 0, 0),
('LAB162', ' Thromboplastin Generation Time(TGT)', 'Tindakan', 'LABTER', 35300, 14100, 9400, 0, 0, 0),
('LAB163', ' Thrombotest', 'Tindakan', 'LABTER', 12600, 5050, 3350, 0, 0, 0),
('LAB164', 'Alfa 1 Antitrifsin Kwantitatif', 'Tindakan', 'LABTER', 27300, 10900, 7300, 0, 0, 0),
('LAB165', 'Alfa 2 Makro Globulin Kwantitatif', 'Tindakan', 'LABTER', 12600, 5050, 3350, 0, 0, 0),
('LAB166', 'ANA Titrasi', 'Tindakan', 'LABTER', 22700, 9100, 6000, 0, 0, 0),
('LAB167', 'Anti Kappa ', 'Tindakan', 'LABTER', 22700, 9100, 6000, 0, 0, 0),
('LAB168', 'Anti Lamda', 'Tindakan', 'LABTER', 22700, 9100, 6000, 0, 0, 0),
('LAB169', 'Complement 3 (C3)', 'Tindakan', 'LABTER', 22700, 9100, 6000, 0, 0, 0),
('LAB170', 'Complement 4 (C4)', 'Tindakan', 'LABTER', 22700, 9100, 6000, 0, 0, 0),
('LAB171', 'Cryoglobulin', 'Tindakan', 'LABTER', 6500, 2600, 1750, 0, 0, 0),
('LAB172', 'IgA / IgG / IgM ', 'Tindakan', 'LABTER', 29400, 11750, 7850, 0, 0, 0),
('LAB173', 'IgE', 'Tindakan', 'LABTER', 22700, 9100, 6000, 0, 0, 0),
('LAB174', 'Imuno Elektroforesis Anti IgG / IgA / IgM ', 'Tindakan', 'LABTER', 29400, 11750, 7850, 0, 0, 0),
('LAB175', 'Imuno Elektroforesis Whole Anti  Serum', 'Tindakan', 'LABTER', 29400, 11750, 7850, 0, 0, 0),
('LAB176', 'Sel LE', 'Tindakan', 'LABTER', 2900, 1200, 800, 0, 0, 0),
('LAB177', 'SMA (smooth muscle anti body)', 'Tindakan', 'LABTER', 15100, 6050, 4050, 0, 0, 0),
('LAB178', 'T Cel dan B Cel', 'Tindakan', 'LABTER', 12600, 5050, 3350, 0, 0, 0),
('LAB179', 'Test Kehamilan', 'Tindakan', 'LABTER', 4000, 1600, 1050, 0, 0, 0),
('LAB180', 'AFP', 'Tindakan', 'LABTER', 25200, 10100, 6700, 0, 0, 0),
('LAB181', 'CA 12-5', 'Tindakan', 'LABTER', 23950, 9550, 6400, 0, 0, 0),
('LAB182', 'CA 15-3', 'Tindakan', 'LABTER', 42000, 16800, 11200, 0, 0, 0),
('LAB183', 'CA 19-9', 'Tindakan', 'LABTER', 42000, 16800, 11200, 0, 0, 0),
('LAB184', 'CEA', 'Tindakan', 'LABTER', 42000, 16800, 11200, 0, 0, 0),
('LAB185', 'MCA', 'Tindakan', 'LABTER', 27300, 10900, 7300, 0, 0, 0),
('LAB186', 'Prostat Specific Antigen (PSA)', 'Tindakan', 'LABTER', 42000, 16800, 11200, 0, 0, 0),
('LAB187', 'Biopsi jaringan kecil', 'Tindakan', 'LABTER', 2700, 9100, 6000, 0, 0, 0),
('LAB188', 'Biopsi jaringan sedang', 'Tindakan', 'LABTER', 27300, 10900, 7300, 0, 0, 0),
('LAB189', 'Biopsi jaringan besar', 'Tindakan', 'LABTER', 32800, 13100, 8700, 0, 0, 0),
('LAB190', 'Biopsi Khusus (hati, ginjal, sumsum tulang)', 'Tindakan', 'LABTER', 65100, 26000, 17400, 0, 0, 0),
('LAB191', 'PA Potong Beku (VC)', 'Tindakan', 'LABTER', 65100, 26000, 17400, 0, 0, 0),
('LAB192', ' Hormonal serial 4x', 'Tindakan', 'LABTER', 45400, 18100, 12100, 0, 0, 0),
('LAB193', ' Pap Smear', 'Tindakan', 'LABTER', 21000, 8400, 5600, 0, 0, 0),
('LAB194', ' Pemeriksaan Cairan Aspirasi (FNAB) ', 'Tindakan', 'LABTER', 70600, 28200, 18800, 0, 0, 0),
('LAB195', ' Sitologi 3x Serial ', 'Tindakan', 'LABTER', 30200, 12100, 8100, 0, 0, 0),
('LAB196', ' Sputum 1x', 'Tindakan', 'LABTER', 12600, 5050, 3350, 0, 0, 0),
('LAB197', ' Sputum 3x Serial,Cairan, Sikatan, Aspirasi', 'Tindakan', 'LABTER', 27300, 10900, 7300, 0, 0, 0),
('LAB198', ' Urine Serial 3x', 'Tindakan', 'LABTER', 32800, 13100, 8700, 0, 0, 0),
('LABCI01', 'Haemoglobin', 'Tindakan', 'LABCIT', 1000, 2250, 1500, 0, 0, 0),
('LABCI02', 'Hematocrite ', 'Tindakan', 'LABCIT', 1500, 3000, 1500, 0, 0, 0),
('LABCI03', 'Leucocyt', 'Tindakan', 'LABCIT', 1500, 3000, 1500, 0, 0, 0),
('LABCI04', 'Hitung Jenis Leukosit', 'Tindakan', 'LABCIT', 1000, 6000, 2250, 0, 0, 0),
('LABCI05', 'Eritrocyt', 'Tindakan', 'LABCIT', 1500, 3000, 1500, 0, 0, 0),
('LABCI06', 'Trombocyt', 'Tindakan', 'LABCIT', 1500, 3000, 1500, 0, 0, 0),
('LABCI07', 'Laju Enap Darah', 'Tindakan', 'LABCIT', 1400, 2550, 1500, 0, 0, 0),
('LABCI08', 'Retikulocyt', 'Tindakan', 'LABCIT', 1500, 5250, 1800, 0, 0, 0),
('LABCI09', 'VER/HER/KHER', 'Tindakan', 'LABCIT', 1500, 5250, 1800, 0, 0, 0),
('LABCI10', 'Eosinofil', 'Tindakan', 'LABCIT', 1500, 5250, 1800, 0, 0, 0),
('LABCI11', 'Waktu Pembekuan', 'Tindakan', 'LABCIT', 1000, 1500, 900, 0, 0, 0),
('LABCI12', 'Waktu Perdarahan', 'Tindakan', 'LABCIT', 1000, 1500, 900, 0, 0, 0),
('LABCI13', 'Percobaan Pembendungan', 'Tindakan', 'LABCIT', 1500, 5250, 1800, 0, 0, 0),
('LABCI14', 'Retraksi Bekuan', 'Tindakan', 'LABCIT', 1500, 5250, 1800, 0, 0, 0),
('LABCI15', 'Malaria', 'Tindakan', 'LABCIT', 2000, 3000, 1800, 0, 0, 0),
('LABCI16', 'Golongan Darah ', 'Tindakan', 'LABCIT', 500, 2400, 1500, 0, 0, 0),
('LABCI17', 'Urinalisa ', 'Tindakan', 'LABCIT', 1000, 5250, 1800, 0, 0, 0),
('LABCI18', 'Reduksi Urine', 'Tindakan', 'LABCIT', 1000, 5250, 1800, 0, 0, 0),
('LABCI19', 'Sedimen Urine', 'Tindakan', 'LABCIT', 1000, 5250, 1800, 0, 0, 0),
('LABCI20', 'Faeces Lengkap', 'Tindakan', 'LABCIT', 1000, 5250, 1800, 0, 0, 0),
('LABCI21', 'Benzidin Slide', 'Tindakan', 'LABCIT', 8000, 10800, 7200, 0, 0, 0),
('LABCI22', 'Amilase Darah ', 'Tindakan', 'LABCIT', 6500, 3900, 2625, 0, 0, 0),
('LABCI23', 'Amilase Urine', 'Tindakan', 'LABCIT', 6500, 3900, 2625, 0, 0, 0),
('LABCI24', 'Analisa Batu ', 'Tindakan', 'LABCIT', 13650, 8250, 5400, 0, 0, 0),
('LABCI25', 'Analisa Gas Darah', 'Tindakan', 'LABCIT', 16800, 10050, 6750, 0, 0, 0),
('LABCI26', 'Asam empedu', 'Tindakan', 'LABCIT', 10100, 6000, 4050, 0, 0, 0),
('LABCI27', 'Asam Urat', 'Tindakan', 'LABCIT', 4200, 2550, 1650, 0, 0, 0),
('LABCI28', 'Calcium Ion', 'Tindakan', 'LABCIT', 7100, 4350, 2850, 0, 0, 0),
('LABCI29', 'Chlorida Darah', 'Tindakan', 'LABCIT', 4200, 2550, 1650, 0, 0, 0),
('LABCI30', 'Chlorida Urine', 'Tindakan', 'LABCIT', 4200, 2550, 1650, 0, 0, 0),
('LABCI31', 'Cholinesterase', 'Tindakan', 'LABCIT', 7600, 4500, 3000, 0, 0, 0),
('LABCI32', 'CK (Creatine Kinase)', 'Tindakan', 'LABCIT', 12200, 7350, 4800, 0, 0, 0),
('LABCI33', 'CK-MB', 'Tindakan', 'LABCIT', 12200, 7350, 4800, 0, 0, 0),
('LABCI34', 'Elektroforese Protein', 'Tindakan', 'LABCIT', 13650, 8250, 5400, 0, 0, 0),
('LABCI35', 'Fosfatase asam', 'Tindakan', 'LABCIT', 4200, 2550, 1650, 0, 0, 0),
('LABCI36', 'Fruktosamin', 'Tindakan', 'LABCIT', 12600, 7500, 5100, 0, 0, 0),
('LABCI37', 'GLDH', 'Tindakan', 'LABCIT', 10100, 6000, 4050, 0, 0, 0),
('LABCI38', 'HBDH', 'Tindakan', 'LABCIT', 11550, 6900, 4650, 0, 0, 0),
('LABCI39', 'Kalium  Darah', 'Tindakan', 'LABCIT', 3800, 2250, 1500, 0, 0, 0),
('LABCI40', 'Kalium Urine', 'Tindakan', 'LABCIT', 3800, 2250, 1500, 0, 0, 0),
('LABCI41', 'Kalsium Darah ', 'Tindakan', 'LABCIT', 3800, 2250, 1500, 0, 0, 0),
('LABCI42', 'Kalsium Urine', 'Tindakan', 'LABCIT', 3800, 2250, 1500, 0, 0, 0),
('LABCI43', 'Lipase Darah', 'Tindakan', 'LABCIT', 11550, 6900, 4650, 0, 0, 0),
('LABCI44', 'Lipase Urine', 'Tindakan', 'LABCIT', 11550, 6900, 4650, 0, 0, 0),
('LABCI45', 'Magnesium', 'Tindakan', 'LABCIT', 6500, 3900, 2625, 0, 0, 0),
('LABCI46', 'Natrium Darah', 'Tindakan', 'LABCIT', 3800, 2250, 1500, 0, 0, 0),
('LABCI47', 'Natrium Urine ', 'Tindakan', 'LABCIT', 3800, 2250, 1500, 0, 0, 0),
('LABCI48', 'Phosphat Darah ', 'Tindakan', 'LABCIT', 3800, 2250, 1500, 0, 0, 0),
('LABCI49', 'Phosphat Urine', 'Tindakan', 'LABCIT', 3800, 2250, 1500, 0, 0, 0),
('LABCI50', 'Troponin T ', 'Tindakan', 'LABCIT', 42000, 25500, 16500, 0, 0, 0),
('LABCI51', ' Glikolysis HB / HbA1c ', 'Tindakan', 'LABCIT', 27300, 16350, 10950, 0, 0, 0),
('LABCI52', ' Glukosa Darah PP', 'Tindakan', 'LABCIT', 4200, 2550, 1650, 0, 0, 0),
('LABCI53', ' Glukosa Darah Puasa ', 'Tindakan', 'LABCIT', 4200, 2550, 1650, 0, 0, 0),
('LABCI54', ' Glukosa Darah Sewaktu', 'Tindakan', 'LABCIT', 4200, 2550, 1650, 0, 0, 0),
('LABCI55', ' Glukosa Toleransi Test ', 'Tindakan', 'LABCIT', 4200, 2550, 1650, 0, 0, 0),
('LABCI56', ' Urine 4 porsi/ kurve harian', 'Tindakan', 'LABCIT', 6300, 3750, 2550, 0, 0, 0),
('LABCI57', ' Albumin', 'Tindakan', 'LABCIT', 5000, 3000, 2100, 0, 0, 0),
('LABCI58', ' Alkali Fosfatase', 'Tindakan', 'LABCIT', 6900, 4200, 2775, 0, 0, 0),
('LABCI59', ' Bilirubin Direk/Indirek', 'Tindakan', 'LABCIT', 5050, 3000, 2025, 0, 0, 0),
('LABCI60', ' Bilirubin Total', 'Tindakan', 'LABCIT', 5050, 3000, 2025, 0, 0, 0),
('LABCI61', ' Gamma GT', 'Tindakan', 'LABCIT', 6950, 4200, 2700, 0, 0, 0),
('LABCI62', ' Globulin', 'Tindakan', 'LABCIT', 5050, 3000, 2025, 0, 0, 0),
('LABCI63', ' Protein Total', 'Tindakan', 'LABCIT', 5050, 3000, 2025, 0, 0, 0),
('LABCI64', ' SGOT', 'Tindakan', 'LABCIT', 5050, 3000, 2025, 0, 0, 0),
('LABCI65', ' SGPT', 'Tindakan', 'LABCIT', 5050, 3000, 2025, 0, 0, 0),
('LABCI66', 'Creatinin', 'Tindakan', 'LABCIT', 5050, 3000, 2025, 0, 0, 0),
('LABCI67', 'Creatinin Clearance', 'Tindakan', 'LABCIT', 10100, 6000, 4050, 0, 0, 0),
('LABCI68', 'Urea Clearance', 'Tindakan', 'LABCIT', 10100, 6000, 4050, 0, 0, 0),
('LABCI69', 'Ureum', 'Tindakan', 'LABCIT', 5050, 3000, 2025, 0, 0, 0),
('LABCI70', ' Cholesterol  HDL', 'Tindakan', 'LABCIT', 4850, 2850, 1950, 0, 0, 0),
('LABCI71', ' Cholesterol  LDL', 'Tindakan', 'LABCIT', 4850, 2850, 1950, 0, 0, 0),
('LABCI72', ' Cholesterol Total', 'Tindakan', 'LABCIT', 4850, 2850, 1950, 0, 0, 0),
('LABCI73', ' Trigliserida', 'Tindakan', 'LABCIT', 6700, 4050, 2700, 0, 0, 0),
('LABCI74', ' Asam Folat', 'Tindakan', 'LABCIT', 17650, 10575, 7050, 0, 0, 0),
('LABCI75', ' Elektroforesis Hb', 'Tindakan', 'LABCIT', 12600, 7500, 5100, 0, 0, 0),
('LABCI76', ' Ferritin', 'Tindakan', 'LABCIT', 22700, 13650, 9000, 0, 0, 0),
('LABCI77', ' G6PD', 'Tindakan', 'LABCIT', 22700, 13650, 9000, 0, 0, 0),
('LABCI78', ' Ham''s test', 'Tindakan', 'LABCIT', 9200, 5550, 3750, 0, 0, 0),
('LABCI79', ' Hb F', 'Tindakan', 'LABCIT', 12600, 7500, 5100, 0, 0, 0),
('LABCI80', ' NAP', 'Tindakan', 'LABCIT', 22700, 13650, 9000, 0, 0, 0),
('LABCI81', ' NSE', 'Tindakan', 'LABCIT', 22700, 13650, 9000, 0, 0, 0),
('LABCI82', ' Pewarnaan Acid Phosphatase', 'Tindakan', 'LABCIT', 17650, 10575, 7050, 0, 0, 0),
('LABCI83', ' Pewarnaan Besi', 'Tindakan', 'LABCIT', 12600, 7500, 5100, 0, 0, 0),
('LABCI84', ' Pewarnaan Sumsum Tulang', 'Tindakan', 'LABCIT', 12600, 7500, 5100, 0, 0, 0),
('LABCI85', ' SIBC (Serum Iron Binding Capacity) ', 'Tindakan', 'LABCIT', 6700, 4050, 2700, 0, 0, 0),
('LABCI86', ' Sugar Water test', 'Tindakan', 'LABCIT', 6700, 4050, 2700, 0, 0, 0),
('LABCI87', ' TIBC (Total Iron Binding Capacity)', 'Tindakan', 'LABCIT', 7600, 4500, 3000, 0, 0, 0),
('LABCI88', ' Transferrin', 'Tindakan', 'LABCIT', 37800, 22650, 15150, 0, 0, 0),
('LABCI89', ' Anti CMV IgG', 'Tindakan', 'LABCIT', 22700, 13650, 9000, 0, 0, 0),
('LABCI90', ' Anti CMV IgM', 'Tindakan', 'LABCIT', 22700, 13650, 9000, 0, 0, 0),
('LABCI91', ' Anti HAV IgM', 'Tindakan', 'LABCIT', 22700, 13650, 9000, 0, 0, 0),
('LABCI92', ' Anti HAV Total', 'Tindakan', 'LABCIT', 22700, 13650, 9000, 0, 0, 0),
('LABCI93', ' Anti HBc IgM', 'Tindakan', 'LABCIT', 13900, 8250, 5550, 0, 0, 0),
('LABCI94', ' Anti HBc Total', 'Tindakan', 'LABCIT', 22700, 13650, 9000, 0, 0, 0),
('LABCI95', ' Anti Hbe', 'Tindakan', 'LABCIT', 32800, 19650, 13050, 0, 0, 0),
('LABCI96', ' Anti HBs', 'Tindakan', 'LABCIT', 9650, 5775, 3900, 0, 0, 0),
('LABCI97', ' Anti HCV', 'Tindakan', 'LABCIT', 20200, 12075, 8025, 0, 0, 0),
('LABCI98', ' Anti Helicobacter Pylori IgG', 'Tindakan', 'LABCIT', 17650, 10575, 7050, 0, 0, 0),
('LABCI99', ' Anti Helicobacter Pylori IgM ', 'Tindakan', 'LABCIT', 17650, 10575, 7050, 0, 0, 0),
('LABCI100', ' Anti HSV I IgG', 'Tindakan', 'LABCIT', 17650, 10575, 7050, 0, 0, 0),
('LABCI101', ' Anti HSV I IgM', 'Tindakan', 'LABCIT', 17650, 10575, 7050, 0, 0, 0),
('LABCI102', ' Anti HSV II IgG', 'Tindakan', 'LABCIT', 17650, 10575, 7050, 0, 0, 0),
('LABCI103', ' Anti HVS II IgM', 'Tindakan', 'LABCIT', 17650, 10575, 7050, 0, 0, 0),
('LABCI104', ' Anti Rubella IgG', 'Tindakan', 'LABCIT', 15100, 9075, 6075, 0, 0, 0),
('LABCI105', ' Anti Rubella IgM ', 'Tindakan', 'LABCIT', 15100, 9075, 6075, 0, 0, 0),
('LABCI106', ' Anti TB ', 'Tindakan', 'LABCIT', 15100, 9075, 6075, 0, 0, 0),
('LABCI107', ' Anti Toxoplasma IgG', 'Tindakan', 'LABCIT', 22700, 13650, 9000, 0, 0, 0),
('LABCI108', ' Anti Toxoplasma IgM ', 'Tindakan', 'LABCIT', 22700, 13650, 9000, 0, 0, 0),
('LABCI109', ' ASTO', 'Tindakan', 'LABCIT', 12200, 7350, 4800, 0, 0, 0),
('LABCI110', ' CMV IgG Avidity', 'Tindakan', 'LABCIT', 22700, 13650, 9000, 0, 0, 0),
('LABCI111', ' CRP ', 'Tindakan', 'LABCIT', 12200, 7350, 4800, 0, 0, 0),
('LABCI112', ' Dengue Blot IgG', 'Tindakan', 'LABCIT', 22700, 13650, 9000, 0, 0, 0),
('LABCI113', ' Dengue Blot IgM ', 'Tindakan', 'LABCIT', 22700, 13650, 9000, 0, 0, 0),
('LABCI114', ' Faktor Rhematoid', 'Tindakan', 'LABCIT', 6300, 3750, 2550, 0, 0, 0),
('LABCI115', ' FTA-ABS', 'Tindakan', 'LABCIT', 12600, 7575, 5025, 0, 0, 0),
('LABCI116', ' HBe Ag', 'Tindakan', 'LABCIT', 32750, 19650, 13125, 0, 0, 0),
('LABCI117', ' HBs Ag', 'Tindakan', 'LABCIT', 12600, 7575, 5025, 0, 0, 0),
('LABCI118', ' HSV I IgG', 'Tindakan', 'LABCIT', 17650, 10575, 7050, 0, 0, 0),
('LABCI119', ' HSV II IgM', 'Tindakan', 'LABCIT', 17650, 10575, 7050, 0, 0, 0),
('LABCI120', ' TPHA (Treponema Palidum H Antigen )', 'Tindakan', 'LABCIT', 8400, 5025, 3375, 0, 0, 0),
('LABCI121', ' VDRL', 'Tindakan', 'LABCIT', 4200, 2550, 1650, 0, 0, 0),
('LABCI122', ' Widal', 'Tindakan', 'LABCIT', 9650, 5775, 3900, 0, 0, 0),
('LABCI123', 'Biakan Jamur', 'Tindakan', 'LABCIT', 15100, 9075, 6075, 0, 0, 0),
('LABCI124', 'Biakan Mikro Organisme dengan Resistensi', 'Tindakan', 'LABCIT', 33600, 20175, 13425, 0, 0, 0),
('LABCI125', 'Biakan Salmonela Shigela (Biakan SS)', 'Tindakan', 'LABCIT', 15100, 9075, 6075, 0, 0, 0),
('LABCI126', 'Sediaan Langsung Pewarnaan BTA', 'Tindakan', 'LABCIT', 9250, 5550, 3675, 0, 0, 0),
('LABCI127', 'Sediaan Langsung Pewarnaan Gram', 'Tindakan', 'LABCIT', 4000, 2400, 1575, 0, 0, 0),
('LABCI128', ' Beta HCG ', 'Tindakan', 'LABCIT', 7150, 4275, 2850, 0, 0, 0),
('LABCI129', ' Esbach', 'Tindakan', 'LABCIT', 3150, 1875, 1275, 0, 0, 0),
('LABCI130', ' Hemosiderin', 'Tindakan', 'LABCIT', 2500, 1500, 1050, 0, 0, 0),
('LABCI131', ' Oval Fat Body', 'Tindakan', 'LABCIT', 2500, 1500, 1050, 0, 0, 0),
('LABCI132', ' Protein Kuantitatif', 'Tindakan', 'LABCIT', 2500, 1500, 1050, 0, 0, 0),
('LABCI133', 'Estradiol', 'Tindakan', 'LABCIT', 30250, 18150, 12075, 0, 0, 0),
('LABCI134', 'Estrogen', 'Tindakan', 'LABCIT', 30250, 18150, 12075, 0, 0, 0),
('LABCI135', 'Free T3', 'Tindakan', 'LABCIT', 17650, 10575, 7050, 0, 0, 0),
('LABCI136', 'Free T4', 'Tindakan', 'LABCIT', 17650, 10575, 7050, 0, 0, 0),
('LABCI137', 'FSH', 'Tindakan', 'LABCIT', 17650, 10575, 7050, 0, 0, 0),
('LABCI138', 'LH', 'Tindakan', 'LABCIT', 30250, 18150, 12075, 0, 0, 0),
('LABCI139', 'Progesteron', 'Tindakan', 'LABCIT', 30250, 18150, 12075, 0, 0, 0),
('LABCI140', 'Prolactine', 'Tindakan', 'LABCIT', 30250, 18150, 12075, 0, 0, 0),
('LABCI141', 'T3', 'Tindakan', 'LABCIT', 17650, 10575, 7050, 0, 0, 0),
('LABCI142', 'T3 Up Take', 'Tindakan', 'LABCIT', 17650, 10575, 7050, 0, 0, 0),
('LABCI143', 'T4', 'Tindakan', 'LABCIT', 17650, 10575, 7050, 0, 0, 0),
('LABCI144', 'Tiroid Stimulating Hormon (TSH)', 'Tindakan', 'LABCIT', 17650, 10575, 7050, 0, 0, 0),
('LABCI145', 'Cairan Otak', 'Tindakan', 'LABCIT', 32750, 19650, 13125, 0, 0, 0),
('LABCI146', 'Cairan pleura/acitest', 'Tindakan', 'LABCIT', 32750, 19650, 13125, 0, 0, 0),
('LABCI147', 'Cairan Sendi ', 'Tindakan', 'LABCIT', 32750, 19650, 13125, 0, 0, 0),
('LABCI148', 'Aminophylin', 'Tindakan', 'LABCIT', 12600, 7575, 5025, 0, 0, 0),
('LABCI149', ' Agregasi Trombosit ', 'Tindakan', 'LABCIT', 27300, 16350, 10950, 0, 0, 0),
('LABCI150', ' Anti faktor Xa', 'Tindakan', 'LABCIT', 69300, 41550, 27750, 0, 0, 0),
('LABCI151', ' Anti Trombin III', 'Tindakan', 'LABCIT', 35300, 21150, 14100, 0, 0, 0),
('LABCI152', ' APTT (Masa Thromboplastin Parsial)', 'Tindakan', 'LABCIT', 9250, 5550, 3675, 0, 0, 0),
('LABCI153', ' Assay faktor IX', 'Tindakan', 'LABCIT', 94500, 56700, 37800, 0, 0, 0),
('LABCI154', ' Assay faktor VIII', 'Tindakan', 'LABCIT', 94500, 56700, 37800, 0, 0, 0),
('LABCI155', ' F.Von Willebrands', 'Tindakan', 'LABCIT', 69300, 41550, 27750, 0, 0, 0),
('LABCI156', ' Fibrinogen', 'Tindakan', 'LABCIT', 7560, 4575, 3000, 0, 0, 0),
('LABCI157', ' Fibrinogen Degredation Product (FDP) / D Dimer', 'Tindakan', 'LABCIT', 12600, 7575, 5025, 0, 0, 0),
('LABCI158', ' Inhibitor VIII', 'Tindakan', 'LABCIT', 87800, 52650, 35100, 0, 0, 0),
('LABCI159', ' Lupus anticoagulan', 'Tindakan', 'LABCIT', 65100, 39075, 26025, 0, 0, 0),
('LABCI160', ' Masa lisis Euglobolin', 'Tindakan', 'LABCIT', 9250, 5550, 3675, 0, 0, 0),
('LABCI161', ' PT (Prothombin Time)', 'Tindakan', 'LABCIT', 13850, 8325, 5550, 0, 0, 0),
('LABCI162', ' Thromboplastin Generation Time(TGT)', 'Tindakan', 'LABCIT', 35300, 21150, 14100, 0, 0, 0),
('LABCI163', ' Thrombotest', 'Tindakan', 'LABCIT', 12600, 7575, 5025, 0, 0, 0),
('LABCI164', 'Alfa 1 Antitrifsin Kwantitatif', 'Tindakan', 'LABCIT', 27300, 16350, 10950, 0, 0, 0),
('LABCI165', 'Alfa 2 Makro Globulin Kwantitatif', 'Tindakan', 'LABCIT', 12600, 7575, 5025, 0, 0, 0),
('LABCI166', 'ANA Titrasi', 'Tindakan', 'LABCIT', 22700, 13650, 9000, 0, 0, 0),
('LABCI167', 'Anti Kappa ', 'Tindakan', 'LABCIT', 22700, 13650, 9000, 0, 0, 0),
('LABCI168', 'Anti Lamda', 'Tindakan', 'LABCIT', 22700, 13650, 9000, 0, 0, 0),
('LABCI169', 'Complement 3 (C3)', 'Tindakan', 'LABCIT', 22700, 13650, 9000, 0, 0, 0),
('LABCI170', 'Complement 4 (C4)', 'Tindakan', 'LABCIT', 22700, 13650, 9000, 0, 0, 0),
('LABCI171', 'Cryoglobulin', 'Tindakan', 'LABCIT', 6500, 3900, 2625, 0, 0, 0),
('LABCI172', 'IgA / IgG / IgM ', 'Tindakan', 'LABCIT', 29400, 17625, 11775, 0, 0, 0),
('LABCI173', 'IgE', 'Tindakan', 'LABCIT', 22700, 13650, 9000, 0, 0, 0),
('LABCI174', 'Imuno Elektroforesis Anti IgG / IgA / IgM ', 'Tindakan', 'LABCIT', 29400, 17625, 11775, 0, 0, 0),
('LABCI175', 'Imuno Elektroforesis Whole Anti  Serum', 'Tindakan', 'LABCIT', 29400, 17625, 11775, 0, 0, 0),
('LABCI176', 'Sel LE', 'Tindakan', 'LABCIT', 2900, 1800, 1200, 0, 0, 0),
('LABCI177', 'SMA (smooth muscle anti body)', 'Tindakan', 'LABCIT', 15100, 9075, 6075, 0, 0, 0),
('LABCI178', 'T Cel dan B Cel', 'Tindakan', 'LABCIT', 12600, 7575, 5025, 0, 0, 0),
('LABCI179', 'Test Kehamilan', 'Tindakan', 'LABCIT', 4000, 2400, 1575, 0, 0, 0),
('LABCI180', 'AFP', 'Tindakan', 'LABCIT', 25200, 15150, 10050, 0, 0, 0),
('LABCI181', 'CA 12-5', 'Tindakan', 'LABCIT', 23950, 14325, 9600, 0, 0, 0),
('LABCI182', 'CA 15-3', 'Tindakan', 'LABCIT', 42000, 25200, 16800, 0, 0, 0),
('LABCI183', 'CA 19-9', 'Tindakan', 'LABCIT', 42000, 25200, 16800, 0, 0, 0),
('LABCI184', 'CEA', 'Tindakan', 'LABCIT', 42000, 25200, 16800, 0, 0, 0),
('LABCI185', 'MCA', 'Tindakan', 'LABCIT', 27300, 16350, 10950, 0, 0, 0),
('LABCI186', 'Prostat Specific Antigen (PSA)', 'Tindakan', 'LABCIT', 42000, 25200, 16800, 0, 0, 0),
('LABCI187', 'Biopsi jaringan kecil', 'Tindakan', 'LABCIT', 2700, 13650, 9000, 0, 0, 0),
('LABCI188', 'Biopsi jaringan sedang', 'Tindakan', 'LABCIT', 27300, 16350, 10950, 0, 0, 0),
('LABCI189', 'Biopsi jaringan besar', 'Tindakan', 'LABCIT', 32800, 19650, 13050, 0, 0, 0),
('LABCI190', 'Biopsi Khusus (hati, ginjal, sumsum tulang)', 'Tindakan', 'LABCIT', 65100, 39000, 26100, 0, 0, 0),
('LABCI191', 'PA Potong Beku (VC)', 'Tindakan', 'LABCIT', 65100, 39000, 26100, 0, 0, 0),
('LABCI192', ' Hormonal serial 4x', 'Tindakan', 'LABCIT', 45400, 27150, 18150, 0, 0, 0),
('LABCI193', ' Pap Smear', 'Tindakan', 'LABCIT', 21000, 12600, 8400, 0, 0, 0),
('LABCI194', ' Pemeriksaan Cairan Aspirasi (FNAB) ', 'Tindakan', 'LABCIT', 70600, 42300, 28200, 0, 0, 0),
('LABCI195', ' Sitologi 3x Serial ', 'Tindakan', 'LABCIT', 30200, 18150, 12150, 0, 0, 0),
('LABCI196', ' Sputum 1x', 'Tindakan', 'LABCIT', 12600, 7575, 5025, 0, 0, 0),
('LABCI197', ' Sputum 3x Serial,Cairan, Sikatan, Aspirasi', 'Tindakan', 'LABCIT', 27300, 16350, 10950, 0, 0, 0),
('LABCI198', ' Urine Serial 3x', 'Tindakan', 'LABCIT', 32800, 19650, 13050, 0, 0, 0),
('PARN01', 'Persalinan Normal  BIDAN', 'Tindakan', 'VK', 108000, 120000, 0, 0, 0, 0),
('PARN02', 'Persalinan Normal DOKTER UMUM', 'Tindakan', 'VK', 108000, 30000, 150000, 0, 0, 0),
('PARN03', 'Persalinan Normal DOKTER SPESIALIS', 'Tindakan', 'VK', 108000, 42000, 210000, 0, 0, 0),
('PARN04', 'Persalinan Normal DOKTER SPESIALIS CITO', 'Tindakan', 'VK', 108000, 63000, 315000, 0, 0, 0),
('PARAB01', 'Persalinan Abnormal BIDAN', 'Tindakan', 'VK', 180000, 200000, 0, 0, 0, 0),
('PARAB02', 'Persalinan Abnormal DOKTER UMUM', 'Tindakan', 'VK', 180000, 60000, 300000, 0, 0, 0),
('PARAB03', 'Persalinan Abnormal DOKTER SPESIALIS', 'Tindakan', 'VK', 180000, 84000, 420000, 0, 0, 0),
('PARAB04', 'Persalinan Abnormal DOKTER SPESIALIS CITO', 'Tindakan', 'VK', 180000, 84000, 630000, 0, 0, 0),
('RO01', 'Photo Abdomen 1 Posisi', 'Tindakan', 'RADTER', 13000, 11500, 3000, 0, 0, 0),
('RO02', 'Photo Ekstremitas Bawah 2 Posisi', 'Tindakan', 'RADTER', 13000, 11500, 3000, 0, 0, 0),
('RO03', 'Photo Ekstremitas Atas 2 Posisi', 'Tindakan', 'RADTER', 13000, 11500, 3000, 0, 0, 0),
('RO04', 'Photo Gigi Biasa', 'Tindakan', 'RADTER', 13000, 11500, 3000, 0, 0, 0),
('RO05', 'Photo Jaringan Lunak', 'Tindakan', 'RADTER', 13000, 11500, 3000, 0, 0, 0),
('RO06', 'Photo Kepala (Sinus, Mastoid)', 'Tindakan', 'RADTER', 13000, 11500, 3000, 0, 0, 0),
('RO07', 'Photo Kolumna Vertebralis', 'Tindakan', 'RADTER', 13000, 11500, 3000, 0, 0, 0),
('RO08', 'Photo Pelvis 1 Posisi', 'Tindakan', 'RADTER', 13000, 11500, 3000, 0, 0, 0),
('RO09', 'Photo Thoraks ', 'Tindakan', 'RADTER', 13000, 11500, 3000, 0, 0, 0),
('RO10', 'Abdomen 3 Posisi', 'Tindakan', 'RADTER', 22000, 19800, 13200, 0, 0, 0),
('RO11', 'Appendikografi', 'Tindakan', 'RADTER', 20000, 18000, 12000, 0, 0, 0),
('RO12', 'Arteriografi', 'Tindakan', 'RADTER', 100000, 90000, 60000, 0, 0, 0),
('RO13', 'BNO + IVP', 'Tindakan', 'RADTER', 72000, 64800, 43200, 0, 0, 0),
('RO14', 'Cholecystografi ', 'Tindakan', 'RADTER', 79200, 71000, 47800, 0, 0, 0),
('RO15', 'Colon in Loop ', 'Tindakan', 'RADTER', 25000, 22500, 15000, 0, 0, 0),
('RO16', 'Fistulografi', 'Tindakan', 'RADTER', 32000, 28800, 19200, 0, 0, 0),
('RO17', 'Foto OMD ', 'Tindakan', 'RADTER', 40000, 36000, 24000, 0, 0, 0),
('RO18', 'Gastrografi', 'Tindakan', 'RADTER', 40000, 36000, 24000, 0, 0, 0),
('RO19', 'Hysterosalpingografi (HSG)', 'Tindakan', 'RADTER', 28000, 25200, 16800, 0, 0, 0),
('RO20', 'Mammografi', 'Tindakan', 'RADTER', 60000, 54000, 36000, 0, 0, 0),
('RO21', 'MCU', 'Tindakan', 'RADTER', 80000, 72000, 48000, 0, 0, 0),
('RO22', 'Myelografi ', 'Tindakan', 'RADTER', 52000, 46800, 31200, 0, 0, 0),
('RO23', 'Oesophagusgrafi', 'Tindakan', 'RADTER', 25200, 22800, 15000, 0, 0, 0),
('RO24', 'Phlebografi ', 'Tindakan', 'RADTER', 40000, 36000, 24000, 0, 0, 0),
('RO25', 'RPG (Retrograde Pyelography)', 'Tindakan', 'RADTER', 33600, 30400, 20000, 0, 0, 0),
('RO26', 'Sistografi', 'Tindakan', 'RADTER', 32000, 28800, 19200, 0, 0, 0),
('RO27', 'Survey Tulang', 'Tindakan', 'RADTER', 40000, 36000, 24000, 0, 0, 0);
INSERT INTO `m_produk` (`id_produk`, `nama_produk`, `type`, `fk_subkategori_produk`, `js`, `jp`, `jm`, `ja`, `bhp`, `adm`) VALUES
('RO28', 'Tulang Belakang 2 Posisi (Lumbal/Sakral/Servikal/Thorakal)', 'Tindakan', 'RADTER', 20000, 18000, 12000, 0, 0, 0),
('RO29', 'Uretrografi', 'Tindakan', 'RADTER', 32000, 28800, 19200, 0, 0, 0),
('RO30', 'X-Ray C Arm', 'Tindakan', 'RADTER', 31200, 28000, 18800, 0, 0, 0),
('RO31', 'Panoramic', 'Tindakan', 'RADTER', 18000, 16200, 10800, 0, 0, 0),
('RO32', 'Ekstermitas Atas / Bawah (DENGAN KONTRAS)', 'Tindakan', 'RADTER', 330000, 88000, 132000, 0, 0, 0),
('RO33', 'Kepala (DENGAN KONTRAS)', 'Tindakan', 'RADTER', 330000, 88000, 132000, 0, 0, 0),
('RO34', 'Nasofaring (DENGAN KONTRAS)', 'Tindakan', 'RADTER', 330000, 88000, 132000, 0, 0, 0),
('RO35', 'Sinus Paranasal (DENGAN KONTRAS)', 'Tindakan', 'RADTER', 330000, 88000, 132000, 0, 0, 0),
('RO36', 'Thorax (DENGAN KONTRAS)', 'Tindakan', 'RADTER', 330000, 88000, 132000, 0, 0, 0),
('RO37', 'Thyroid (DENGAN KONTRAS)', 'Tindakan', 'RADTER', 330000, 88000, 132000, 0, 0, 0),
('RO38', 'Abdomen Atas / Bawah (DENGAN KONTRAS)', 'Tindakan', 'RADTER', 420000, 112000, 168000, 0, 0, 0),
('RO39', 'Lumbal (DENGAN KONTRAS)', 'Tindakan', 'RADTER', 420000, 112000, 168000, 0, 0, 0),
('RO40', 'Pelvis (DENGAN KONTRAS)', 'Tindakan', 'RADTER', 420000, 112000, 168000, 0, 0, 0),
('RO41', 'Whole Abdomen (DENGAN KONTRAS)', 'Tindakan', 'RADTER', 600000, 160000, 240000, 0, 0, 0),
('RO42', 'Wholebody (DENGAN KONTRAS)', 'Tindakan', 'RADTER', 600000, 160000, 240000, 0, 0, 0),
('RO43', 'Ekstermitas Atas / Bawah (TANPA KONTRAS)', 'Tindakan', 'RADTER', 300000, 80000, 120000, 0, 0, 0),
('RO44', 'Kepala (TANPA KONTRAS)', 'Tindakan', 'RADTER', 300000, 80000, 120000, 0, 0, 0),
('RO45', 'Nasofaring (TANPA KONTRAS)', 'Tindakan', 'RADTER', 300000, 80000, 120000, 0, 0, 0),
('RO46', 'Sinus Paranasal (TANPA KONTRAS)', 'Tindakan', 'RADTER', 300000, 80000, 120000, 0, 0, 0),
('RO47', 'Thorax (TANPA KONTRAS)', 'Tindakan', 'RADTER', 300000, 80000, 120000, 0, 0, 0),
('RO48', 'Thyroid (TANPA KONTRAS)', 'Tindakan', 'RADTER', 300000, 80000, 120000, 0, 0, 0),
('RO49', 'Abdomen Atas / Bawah (TANPA KONTRAS)', 'Tindakan', 'RADTER', 360000, 96000, 144000, 0, 0, 0),
('RO50', 'Lumbal (TANPA KONTRAS)', 'Tindakan', 'RADTER', 360000, 96000, 144000, 0, 0, 0),
('RO51', 'Pelvis (TANPA KONTRAS)', 'Tindakan', 'RADTER', 360000, 96000, 144000, 0, 0, 0),
('RO52', 'Whole Abdomen (TANPA KONTRAS)', 'Tindakan', 'RADTER', 540000, 144000, 216000, 0, 0, 0),
('RO53', 'Wholebody (TANPA KONTRAS)', 'Tindakan', 'RADTER', 540000, 144000, 216000, 0, 0, 0),
('RCI01', 'Photo Abdomen 1 Posisi ', 'Tindakan', 'RADCIT', 13000, 17250, 4500, 0, 0, 0),
('RCI02', 'Photo Ekstremitas Bawah 2 Posisi ', 'Tindakan', 'RADCIT', 13000, 17250, 4500, 0, 0, 0),
('RCI03', 'Photo Ekstremitas Atas 2 Posisi ', 'Tindakan', 'RADCIT', 13000, 17250, 4500, 0, 0, 0),
('RCI04', 'Photo Gigi Biasa ', 'Tindakan', 'RADCIT', 13000, 17250, 4500, 0, 0, 0),
('RCI05', 'Photo Jaringan Lunak ', 'Tindakan', 'RADCIT', 13000, 17250, 4500, 0, 0, 0),
('RCI06', 'Photo Kepala (Sinus, Mastoid) ', 'Tindakan', 'RADCIT', 13000, 17250, 4500, 0, 0, 0),
('RCI07', 'Photo Kolumna Vertebralis ', 'Tindakan', 'RADCIT', 13000, 17250, 4500, 0, 0, 0),
('RCI08', 'Photo Pelvis 1 Posisi ', 'Tindakan', 'RADCIT', 13000, 17250, 4500, 0, 0, 0),
('RCI09', 'Photo Thoraks ', 'Tindakan', 'RADCIT', 13000, 17250, 4500, 0, 0, 0),
('RCI10', 'Abdomen 3 Posisi ', 'Tindakan', 'RADCIT', 22000, 29700, 19800, 0, 0, 0),
('RCI11', 'Appendikografi ', 'Tindakan', 'RADCIT', 20000, 27000, 18000, 0, 0, 0),
('RCI12', 'Arteriografi ', 'Tindakan', 'RADCIT', 100000, 135000, 90000, 0, 0, 0),
('RCI13', 'BNO + IVP ', 'Tindakan', 'RADCIT', 72000, 97200, 64800, 0, 0, 0),
('RCI14', 'Cholecystografi ', 'Tindakan', 'RADCIT', 79200, 106500, 71700, 0, 0, 0),
('RCI15', 'Colon in Loop ', 'Tindakan', 'RADCIT', 25000, 33750, 22500, 0, 0, 0),
('RCI16', 'Fistulografi ', 'Tindakan', 'RADCIT', 32000, 43200, 28800, 0, 0, 0),
('RCI17', 'Foto OMD ', 'Tindakan', 'RADCIT', 40000, 54000, 36000, 0, 0, 0),
('RCI18', 'Gastrografi ', 'Tindakan', 'RADCIT', 40000, 54000, 36000, 0, 0, 0),
('RCI19', 'Hysterosalpingografi (HSG) ', 'Tindakan', 'RADCIT', 28000, 37800, 25200, 0, 0, 0),
('RCI20', 'Mammografi ', 'Tindakan', 'RADCIT', 60000, 81000, 54000, 0, 0, 0),
('RCI21', 'MCU ', 'Tindakan', 'RADCIT', 80000, 108000, 72000, 0, 0, 0),
('RCI22', 'Myelografi ', 'Tindakan', 'RADCIT', 52000, 70200, 46800, 0, 0, 0),
('RCI23', 'Oesophagusgrafi ', 'Tindakan', 'RADCIT', 25200, 34200, 22500, 0, 0, 0),
('RCI24', 'Phlebografi ', 'Tindakan', 'RADCIT', 40000, 54000, 36000, 0, 0, 0),
('RCI25', 'RPG (Retrograde Pyelography) ', 'Tindakan', 'RADCIT', 33600, 45600, 30000, 0, 0, 0),
('RCI26', 'Sistografi ', 'Tindakan', 'RADCIT', 32000, 43200, 28800, 0, 0, 0),
('RCI27', 'Survey Tulang ', 'Tindakan', 'RADCIT', 40000, 54000, 36000, 0, 0, 0),
('RCI28', 'Tulang Belakang 2 Posisi (Lumbal/Sakral/Servikal/Thorakal) ', 'Tindakan', 'RADCIT', 20000, 27000, 18000, 0, 0, 0),
('RCI29', 'Uretrografi ', 'Tindakan', 'RADCIT', 32000, 43200, 28800, 0, 0, 0),
('RCI30', 'X-Ray C Arm ', 'Tindakan', 'RADCIT', 31200, 42000, 28200, 0, 0, 0),
('RCI31', 'Panoramic ', 'Tindakan', 'RADCIT', 18000, 24300, 16200, 0, 0, 0),
('RCI32', 'Ekstermitas Atas / Bawah (DENGAN KONTRAS) ', 'Tindakan', 'RADCIT', 330000, 132000, 198000, 0, 0, 0),
('RCI33', 'Kepala (DENGAN KONTRAS) ', 'Tindakan', 'RADCIT', 330000, 132000, 198000, 0, 0, 0),
('RCI34', 'Nasofaring (DENGAN KONTRAS) ', 'Tindakan', 'RADCIT', 330000, 132000, 198000, 0, 0, 0),
('RCI35', 'Sinus Paranasal (DENGAN KONTRAS) ', 'Tindakan', 'RADCIT', 330000, 132000, 198000, 0, 0, 0),
('RCI36', 'Thorax (DENGAN KONTRAS) ', 'Tindakan', 'RADCIT', 330000, 132000, 198000, 0, 0, 0),
('RCI37', 'Thyroid (DENGAN KONTRAS) ', 'Tindakan', 'RADCIT', 330000, 132000, 198000, 0, 0, 0),
('RCI38', 'Abdomen Atas / Bawah (DENGAN KONTRAS) ', 'Tindakan', 'RADCIT', 420000, 168000, 252000, 0, 0, 0),
('RCI39', 'Lumbal (DENGAN KONTRAS) ', 'Tindakan', 'RADCIT', 420000, 168000, 252000, 0, 0, 0),
('RCI40', 'Pelvis (DENGAN KONTRAS) ', 'Tindakan', 'RADCIT', 420000, 168000, 252000, 0, 0, 0),
('RCI41', 'Whole Abdomen (DENGAN KONTRAS) ', 'Tindakan', 'RADCIT', 600000, 240000, 360000, 0, 0, 0),
('RCI42', 'Wholebody (DENGAN KONTRAS) ', 'Tindakan', 'RADCIT', 600000, 240000, 360000, 0, 0, 0),
('RCI43', 'Ekstermitas Atas / Bawah (TANPA KONTRAS) ', 'Tindakan', 'RADCIT', 300000, 120000, 180000, 0, 0, 0),
('RCI44', 'Kepala (TANPA KONTRAS) ', 'Tindakan', 'RADCIT', 300000, 120000, 180000, 0, 0, 0),
('RCI45', 'Nasofaring (TANPA KONTRAS) ', 'Tindakan', 'RADCIT', 300000, 120000, 180000, 0, 0, 0),
('RCI46', 'Sinus Paranasal (TANPA KONTRAS) ', 'Tindakan', 'RADCIT', 300000, 120000, 180000, 0, 0, 0),
('RCI47', 'Thorax (TANPA KONTRAS) ', 'Tindakan', 'RADCIT', 300000, 120000, 180000, 0, 0, 0),
('RCI48', 'Thyroid (TANPA KONTRAS) ', 'Tindakan', 'RADCIT', 300000, 120000, 180000, 0, 0, 0),
('RCI49', 'Abdomen Atas / Bawah (TANPA KONTRAS) ', 'Tindakan', 'RADCIT', 360000, 144000, 216000, 0, 0, 0),
('RCI50', 'Lumbal (TANPA KONTRAS) ', 'Tindakan', 'RADCIT', 360000, 144000, 216000, 0, 0, 0),
('RCI51', 'Pelvis (TANPA KONTRAS) ', 'Tindakan', 'RADCIT', 360000, 144000, 216000, 0, 0, 0),
('RCI52', 'Whole Abdomen (TANPA KONTRAS) ', 'Tindakan', 'RADCIT', 540000, 216000, 324000, 0, 0, 0),
('RCI53', 'Wholebody (TANPA KONTRAS) ', 'Tindakan', 'RADCIT', 540000, 216000, 324000, 0, 0, 0),
('TMNOK01', 'Allergi Test / Patch Test ', 'Tindakan', 'TMNO', 8000, 4000, 19500, 0, 0, 0),
('TMNOK02', 'Pembuatan lubang anting di telinga', 'Tindakan', 'TMNO', 8000, 4000, 19500, 0, 0, 0),
('TMNOK03', 'Angkat K-Wire ', 'Tindakan', 'TMNO', 8000, 4000, 19500, 0, 0, 0),
('TMNOK04', 'ARK/ keratometer', 'Tindakan', 'TMNO', 8000, 4000, 19500, 0, 0, 0),
('TMNOK05', 'Buka gips sirkuler', 'Tindakan', 'TMNO', 8000, 4000, 19500, 0, 0, 0),
('TMNOK06', 'Dilatasi Phimosis ', 'Tindakan', 'TMNO', 8000, 4000, 19500, 0, 0, 0),
('TMNOK07', 'Eksisi Clavus ', 'Tindakan', 'TMNO', 8000, 4000, 19500, 0, 0, 0),
('TMNOK08', 'Eksisi Condiloma Accuminata ', 'Tindakan', 'TMNO', 8000, 4000, 19500, 0, 0, 0),
('TMNOK09', 'Eksisi Granuloma Pyogenikum ', 'Tindakan', 'TMNO', 8000, 4000, 19500, 0, 0, 0),
('TMNOK10', 'Eksisi Keloid < 5 cm ', 'Tindakan', 'TMNO', 8000, 4000, 19500, 0, 0, 0),
('TMNOK11', 'Eksisi Syringoma ', 'Tindakan', 'TMNO', 8000, 4000, 19500, 0, 0, 0),
('TMNOK12', 'Eksisi Veruka Vulgaris ', 'Tindakan', 'TMNO', 8000, 4000, 19500, 0, 0, 0),
('TMNOK13', 'Ekstirpasi serumen', 'Tindakan', 'TMNO', 8000, 4000, 19500, 0, 0, 0),
('TMNOK14', 'Ekstraksi Kalium Oxalat ', 'Tindakan', 'TMNO', 8000, 4000, 19500, 0, 0, 0),
('TMNOK15', 'Ektraksi Kuku ', 'Tindakan', 'TMNO', 8000, 4000, 19500, 0, 0, 0),
('TMNOK16', 'Elecktrocauter < 5 lesi', 'Tindakan', 'TMNO', 8000, 4000, 19500, 0, 0, 0),
('TMNOK17', 'Epilasi Bulu Mata ', 'Tindakan', 'TMNO', 8000, 4000, 19500, 0, 0, 0),
('TMNOK18', 'Facial', 'Tindakan', 'TMNO', 8000, 4000, 19500, 0, 0, 0),
('TMNOK19', 'FNA (Fine Needle Aspiration) ', 'Tindakan', 'TMNO', 8000, 4000, 19500, 0, 0, 0),
('TMNOK20', 'Ganti Balut (khusus gangrene diabetika dan luka bakar luas >25%)', 'Tindakan', 'TMNO', 8000, 4000, 19500, 0, 0, 0),
('TMNOK21', 'Injeksi intra lesi(acne)', 'Tindakan', 'TMNO', 8000, 4000, 19500, 0, 0, 0),
('TMNOK22', 'Injeksi steroid intra lesi ? vial', 'Tindakan', 'TMNO', 8000, 4000, 19500, 0, 0, 0),
('TMNOK23', 'Insisi Furunkel / Abses ', 'Tindakan', 'TMNO', 8000, 4000, 19500, 0, 0, 0),
('TMNOK24', 'IPPB (Intermiten Positive Pressure Breathing)', 'Tindakan', 'TMNO', 8000, 4000, 19500, 0, 0, 0),
('TMNOK25', 'Irigasi Telinga oleh dokter', 'Tindakan', 'TMNO', 8000, 4000, 19500, 0, 0, 0),
('TMNOK26', 'Kaustik ', 'Tindakan', 'TMNO', 8000, 4000, 19500, 0, 0, 0),
('TMNOK27', 'Koreksi refraksi', 'Tindakan', 'TMNO', 8000, 4000, 19500, 0, 0, 0),
('TMNOK28', 'Kuretasi< 3 lesi', 'Tindakan', 'TMNO', 8000, 4000, 19500, 0, 0, 0),
('TMNOK29', 'Lobulaplasti 1 Telinga ', 'Tindakan', 'TMNO', 8000, 4000, 19500, 0, 0, 0),
('TMNOK30', 'Mantoux Test ', 'Tindakan', 'TMNO', 8000, 4000, 19500, 0, 0, 0),
('TMNOK31', 'Pasang dan Angkat Jahit ', 'Tindakan', 'TMNO', 8000, 4000, 19500, 0, 0, 0),
('TMNOK32', 'Pasang Pesarium ', 'Tindakan', 'TMNO', 8000, 4000, 19500, 0, 0, 0),
('TMNOK33', 'Pemasangan Belog Tampon ', 'Tindakan', 'TMNO', 8000, 4000, 19500, 0, 0, 0),
('TMNOK34', 'Pemasangan Kateter (kasus non operasi)', 'Tindakan', 'TMNO', 8000, 4000, 19500, 0, 0, 0),
('TMNOK35', 'Pemeriksaan genekologis', 'Tindakan', 'TMNO', 8000, 4000, 19500, 0, 0, 0),
('TMNOK36', 'Pemeriksaan visus', 'Tindakan', 'TMNO', 8000, 4000, 19500, 0, 0, 0),
('TMNOK37', 'Pengeluaran Corpus Alienum ', 'Tindakan', 'TMNO', 8000, 4000, 19500, 0, 0, 0),
('TMNOK38', 'Pengobatan Epistaksis ', 'Tindakan', 'TMNO', 8000, 4000, 19500, 0, 0, 0),
('TMNOK39', 'Pulpatomi ', 'Tindakan', 'TMNO', 8000, 4000, 19500, 0, 0, 0),
('TMNOK40', 'Punksi Batu', 'Tindakan', 'TMNO', 8000, 4000, 19500, 0, 0, 0),
('TMNOK41', 'Spooling Bola Mata', 'Tindakan', 'TMNO', 8000, 4000, 19500, 0, 0, 0),
('TMNOK42', 'Spooling Cerumen Telinga ', 'Tindakan', 'TMNO', 8000, 4000, 19500, 0, 0, 0),
('TMNOK43', 'Stayging kanker', 'Tindakan', 'TMNO', 8000, 4000, 19500, 0, 0, 0),
('TMNOK44', 'Tampon anterior', 'Tindakan', 'TMNO', 8000, 4000, 19500, 0, 0, 0),
('TMNOK45', 'Tampon belloq', 'Tindakan', 'TMNO', 8000, 4000, 19500, 0, 0, 0),
('TMNOK46', 'Tes buta warna', 'Tindakan', 'TMNO', 8000, 4000, 19500, 0, 0, 0),
('TMNOK47', 'Test fluorescein', 'Tindakan', 'TMNO', 8000, 4000, 19500, 0, 0, 0),
('TMNOK48', 'Tindakan Anoscopy ', 'Tindakan', 'TMNO', 8000, 4000, 19500, 0, 0, 0),
('TMNOK49', 'Tindakan Cuci Sinus (Perawatan) ', 'Tindakan', 'TMNO', 8000, 4000, 19500, 0, 0, 0),
('TMNOK50', 'Tindakan pada Keratosis Seboroika ', 'Tindakan', 'TMNO', 8000, 4000, 19500, 0, 0, 0),
('TMNOK51', 'Tindakan Roser Plasty ', 'Tindakan', 'TMNO', 8000, 4000, 19500, 0, 0, 0),
('TMNOK52', 'Water Drinking Test', 'Tindakan', 'TMNO', 8000, 4000, 19500, 0, 0, 0),
('TMNOS01', 'Aspirasi Haemarthrosis', 'Tindakan', 'TMNO', 18000, 9000, 45500, 0, 0, 0),
('TMNOS02', 'Douglas punctie', 'Tindakan', 'TMNO', 18000, 9000, 45500, 0, 0, 0),
('TMNOS03', 'Ektirpasi Kista Ateroma / Lipoma / Ganglion< 2CM', 'Tindakan', 'TMNO', 18000, 9000, 45500, 0, 0, 0),
('TMNOS04', 'Elektrocauter  5- 10 lesi', 'Tindakan', 'TMNO', 18000, 9000, 45500, 0, 0, 0),
('TMNOS05', 'Injeksi steroid intralesi 1 vial', 'Tindakan', 'TMNO', 18000, 9000, 45500, 0, 0, 0),
('TMNOS06', 'Kuretasi 5-10 cm', 'Tindakan', 'TMNO', 18000, 9000, 45500, 0, 0, 0),
('TMNOS07', 'Laser soft peel (perkali)', 'Tindakan', 'TMNO', 18000, 9000, 45500, 0, 0, 0),
('TMNOS08', 'Laser Tatto', 'Tindakan', 'TMNO', 18000, 9000, 45500, 0, 0, 0),
('TMNOS09', 'Lepas laminaria', 'Tindakan', 'TMNO', 18000, 9000, 45500, 0, 0, 0),
('TMNOS10', 'Lepas pesarium', 'Tindakan', 'TMNO', 18000, 9000, 45500, 0, 0, 0),
('TMNOS11', 'Lepas spiral benang positif', 'Tindakan', 'TMNO', 18000, 9000, 45500, 0, 0, 0),
('TMNOS12', 'Microdermbrasi', 'Tindakan', 'TMNO', 18000, 9000, 45500, 0, 0, 0),
('TMNOS13', 'Nekretomi ', 'Tindakan', 'TMNO', 18000, 9000, 45500, 0, 0, 0),
('TMNOS14', 'Papsmear (Pengambilan Sekret) ', 'Tindakan', 'TMNO', 18000, 9000, 45500, 0, 0, 0),
('TMNOS15', 'Parasentense telinga ', 'Tindakan', 'TMNO', 18000, 9000, 45500, 0, 0, 0),
('TMNOS16', 'Pasang laminaria', 'Tindakan', 'TMNO', 18000, 9000, 45500, 0, 0, 0),
('TMNOS17', 'Pasang spiral', 'Tindakan', 'TMNO', 18000, 9000, 45500, 0, 0, 0),
('TMNOS18', 'Pasang tampon vaginal', 'Tindakan', 'TMNO', 18000, 9000, 45500, 0, 0, 0),
('TMNOS19', 'Pasang/Angkat Implant', 'Tindakan', 'TMNO', 18000, 9000, 45500, 0, 0, 0),
('TMNOS20', 'Peeling', 'Tindakan', 'TMNO', 18000, 9000, 45500, 0, 0, 0),
('TMNOS21', 'Pemasangan Gips Spalk', 'Tindakan', 'TMNO', 18000, 9000, 45500, 0, 0, 0),
('TMNOS22', 'Punksi Hematoma Telinga ', 'Tindakan', 'TMNO', 18000, 9000, 45500, 0, 0, 0),
('TMNOS23', 'Reposisi Trauma Hidung Sederhana', 'Tindakan', 'TMNO', 18000, 9000, 45500, 0, 0, 0),
('TMNOS24', 'Sondage Canalculi Lacrimalis', 'Tindakan', 'TMNO', 18000, 9000, 45500, 0, 0, 0),
('TMNOS25', 'Subcision', 'Tindakan', 'TMNO', 18000, 9000, 45500, 0, 0, 0),
('TMNOS26', 'Tindakan pembuatan visum et repertum korban hidup', 'Tindakan', 'TMNO', 18000, 9000, 45500, 0, 0, 0),
('TMNOS27', 'Tindakan Psikoterapi / Psikometri', 'Tindakan', 'TMNO', 18000, 9000, 45500, 0, 0, 0),
('TMNOB01', 'Angkat spiral benang negative', 'Tindakan', 'TMNO', 25000, 12500, 63000, 0, 0, 0),
('TMNOB02', 'Dermabrasi skar >10 cm2', 'Tindakan', 'TMNO', 25000, 12500, 63000, 0, 0, 0),
('TMNOB03', 'Elektro couter >10 lesi', 'Tindakan', 'TMNO', 25000, 12500, 63000, 0, 0, 0),
('TMNOB04', 'Funduscopi dengan midriatil', 'Tindakan', 'TMNO', 25000, 12500, 63000, 0, 0, 0),
('TMNOB05', 'Hair removal', 'Tindakan', 'TMNO', 25000, 12500, 63000, 0, 0, 0),
('TMNOB06', 'Hylafom', 'Tindakan', 'TMNO', 25000, 12500, 63000, 0, 0, 0),
('TMNOB07', 'Injeksi botox', 'Tindakan', 'TMNO', 25000, 12500, 63000, 0, 0, 0),
('TMNOB08', 'Kuretasi > 10 lesi', 'Tindakan', 'TMNO', 25000, 12500, 63000, 0, 0, 0),
('TMNOB09', 'Laser  tatto > 10 cm2', 'Tindakan', 'TMNO', 25000, 12500, 63000, 0, 0, 0),
('TMNOB10', 'Mesoterapi', 'Tindakan', 'TMNO', 25000, 12500, 63000, 0, 0, 0),
('TMNOB11', 'Pasang pesarium', 'Tindakan', 'TMNO', 25000, 12500, 63000, 0, 0, 0),
('TMNOB12', 'Pasang tampon utero vaginal', 'Tindakan', 'TMNO', 25000, 12500, 63000, 0, 0, 0),
('TMNOB13', 'Pemasangan Gips Cirkular', 'Tindakan', 'TMNO', 25000, 12500, 63000, 0, 0, 0),
('TMNOB14', 'Pigmensation', 'Tindakan', 'TMNO', 25000, 12500, 63000, 0, 0, 0),
('TMNOB15', 'Reposisi dislokasi  sendi panggul', 'Tindakan', 'TMNO', 25000, 12500, 63000, 0, 0, 0),
('TMNOB16', 'Reposisi dislokasi  temporo mandibula', 'Tindakan', 'TMNO', 25000, 12500, 63000, 0, 0, 0),
('TMNOB17', 'Reposisi prolaputeri', 'Tindakan', 'TMNO', 25000, 12500, 63000, 0, 0, 0),
('TMNOB18', 'Streak retinoscopi', 'Tindakan', 'TMNO', 25000, 12500, 63000, 0, 0, 0),
('TMNOB19', 'Streatch mark', 'Tindakan', 'TMNO', 25000, 12500, 63000, 0, 0, 0),
('TMNOB20', 'Vascular (teleangiectasia)', 'Tindakan', 'TMNO', 25000, 12500, 63000, 0, 0, 0),
('TMOKI43', 'Insisi abses othematoma', 'Tindakan', 'TMOKELI', 205000, 102500, 513000, 256500, 0, 0),
('TMOKI44', 'Iridectomi basal perifer', 'Tindakan', 'TMOKELI', 205000, 102500, 513000, 256500, 0, 0),
('TMOKI45', 'Jahit konjungtiva', 'Tindakan', 'TMOKELI', 205000, 102500, 513000, 256500, 0, 0),
('TMOKI46', 'Jahit kulit palpebra', 'Tindakan', 'TMOKELI', 205000, 102500, 513000, 256500, 0, 0),
('TMOKI47', 'Kolostomi ', 'Tindakan', 'TMOKELI', 205000, 102500, 513000, 256500, 0, 0),
('TMOKI48', 'Kolpoperineiplastik', 'Tindakan', 'TMOKELI', 205000, 102500, 513000, 256500, 0, 0),
('TMOKI49', 'Kolporapia', 'Tindakan', 'TMOKELI', 205000, 102500, 513000, 256500, 0, 0),
('TMOKI50', 'Kolpotomi', 'Tindakan', 'TMOKELI', 205000, 102500, 513000, 256500, 0, 0),
('TMOKI51', 'Komkotomi', 'Tindakan', 'TMOKELI', 205000, 102500, 513000, 256500, 0, 0),
('TMOKI52', 'Kuretase/diratase kuretase dengan narkose', 'Tindakan', 'TMOKELI', 205000, 102500, 513000, 256500, 0, 0),
('TMOKI53', 'Labioplasti Unilateral ', 'Tindakan', 'TMOKELI', 205000, 102500, 513000, 256500, 0, 0),
('TMOKI54', 'Laparatomy Percobaan ', 'Tindakan', 'TMOKELI', 205000, 102500, 513000, 256500, 0, 0),
('TMOKI55', 'Laparoscopi diagnostik', 'Tindakan', 'TMOKELI', 205000, 102500, 513000, 256500, 0, 0),
('TMOKI56', 'Lapartomi mini ', 'Tindakan', 'TMOKELI', 205000, 102500, 513000, 256500, 0, 0),
('TMOKI57', 'Lepas spiral benang negatif', 'Tindakan', 'TMOKELI', 205000, 102500, 513000, 256500, 0, 0),
('TMOKI58', 'Marsupialisasi Ranula ', 'Tindakan', 'TMOKELI', 205000, 102500, 513000, 256500, 0, 0),
('TMOKI59', 'Meatotomi ', 'Tindakan', 'TMOKELI', 205000, 102500, 513000, 256500, 0, 0),
('TMOKI60', 'Nectino Skiera/Cornea/Explorasi', 'Tindakan', 'TMOKELI', 205000, 102500, 513000, 256500, 0, 0),
('TMOKI61', 'Neurofibroma', 'Tindakan', 'TMOKELI', 205000, 102500, 513000, 256500, 0, 0),
('TMOKI62', 'Odontectomy >2 elemen dengan narkose ', 'Tindakan', 'TMOKELI', 205000, 102500, 513000, 256500, 0, 0),
('TMOKI63', 'Operasi Hernia tanpa komplikasi ', 'Tindakan', 'TMOKELI', 205000, 102500, 513000, 256500, 0, 0),
('TMOKI64', 'Operasi Hydrokel ', 'Tindakan', 'TMOKELI', 205000, 102500, 513000, 256500, 0, 0),
('TMOKI65', 'Operasi katarak ICCE / ECCE ', 'Tindakan', 'TMOKELI', 205000, 102500, 513000, 256500, 0, 0),
('TMOKI66', 'Operasi shoudkan', 'Tindakan', 'TMOKELI', 205000, 102500, 513000, 256500, 0, 0),
('TMOKI67', 'Pengangkatan Fibro Adenom Mamae', 'Tindakan', 'TMOKELI', 205000, 102500, 513000, 256500, 0, 0),
('TMOKI68', 'Pengangkatan Ganglion Poplitea dengan narkose ', 'Tindakan', 'TMOKELI', 205000, 102500, 513000, 256500, 0, 0),
('TMOKI69', 'Peritomi', 'Tindakan', 'TMOKELI', 205000, 102500, 513000, 256500, 0, 0),
('TMOKI70', 'Polipektomi', 'Tindakan', 'TMOKELI', 205000, 102500, 513000, 256500, 0, 0),
('TMOKI71', 'Punksi cairan otak dengan narkose', 'Tindakan', 'TMOKELI', 205000, 102500, 513000, 256500, 0, 0),
('TMOKI72', 'Punksi sinus maksilaris dan irigasi', 'Tindakan', 'TMOKELI', 205000, 102500, 513000, 256500, 0, 0),
('TMOKI73', 'Rekonstruksi kelainan jari /ekstremitas (polidaktili, sindaktili, construction hanf) sederhana ', 'Tindakan', 'TMOKELI', 205000, 102500, 513000, 256500, 0, 0),
('TMOKI74', 'Repair fistel urethra pascauretroplasti ', 'Tindakan', 'TMOKELI', 205000, 102500, 513000, 256500, 0, 0),
('TMOKI75', 'Repair Komplikasi AV Shunt ', 'Tindakan', 'TMOKELI', 205000, 102500, 513000, 256500, 0, 0),
('TMOKI76', 'Repair kontraktur/ organ lain', 'Tindakan', 'TMOKELI', 205000, 102500, 513000, 256500, 0, 0),
('TMOKI77', 'Reposisi fraktur sederhana os nassal ', 'Tindakan', 'TMOKELI', 205000, 102500, 513000, 256500, 0, 0),
('TMOKI78', 'Reshaping untuk Torus / Tumor Tulang ', 'Tindakan', 'TMOKELI', 205000, 102500, 513000, 256500, 0, 0),
('TMOKI79', 'Resposisi fraktur os nasale', 'Tindakan', 'TMOKELI', 205000, 102500, 513000, 256500, 0, 0),
('TMOKI80', 'Resposisi tertutup patah tulang', 'Tindakan', 'TMOKELI', 205000, 102500, 513000, 256500, 0, 0),
('TMOKI81', 'Sequesterectomy dengan narkose', 'Tindakan', 'TMOKELI', 205000, 102500, 513000, 256500, 0, 0),
('TMOKI82', 'Sirklase ', 'Tindakan', 'TMOKELI', 205000, 102500, 513000, 256500, 0, 0),
('TMOKI83', 'Sirkumsisi pada  Phymosis dengan narkose ', 'Tindakan', 'TMOKELI', 205000, 102500, 513000, 256500, 0, 0),
('TMOKI84', 'Sistostomi ', 'Tindakan', 'TMOKELI', 205000, 102500, 513000, 256500, 0, 0),
('TMOKI85', 'Tatoage kornea', 'Tindakan', 'TMOKELI', 205000, 102500, 513000, 256500, 0, 0),
('TMOKI86', 'Terapi Sklerosing ', 'Tindakan', 'TMOKELI', 205000, 102500, 513000, 256500, 0, 0),
('TMOKI87', 'Tindakan operasi kecil dengan penyulit', 'Tindakan', 'TMOKELI', 205000, 102500, 513000, 256500, 0, 0),
('TMOKI88', 'Tonsilektomi ', 'Tindakan', 'TMOKELI', 205000, 102500, 513000, 256500, 0, 0),
('TMOKI89', 'Tracheostomi', 'Tindakan', 'TMOKELI', 205000, 102500, 513000, 256500, 0, 0),
('TMOKI90', 'Tubektomi dengan narkose', 'Tindakan', 'TMOKELI', 205000, 102500, 513000, 256500, 0, 0),
('TMOKI91', 'Turbinektomi ', 'Tindakan', 'TMOKELI', 205000, 102500, 513000, 256500, 0, 0),
('TMOKI92', 'Uretrolitotomi pars anterior', 'Tindakan', 'TMOKELI', 205000, 102500, 513000, 256500, 0, 0),
('TMOKI93', 'Varikokel', 'Tindakan', 'TMOKELI', 205000, 102500, 513000, 256500, 0, 0),
('TMOKI94', 'Vesicolitotomi', 'Tindakan', 'TMOKELI', 205000, 102500, 513000, 256500, 0, 0),
('TMOKII01', 'Adenolisis', 'Tindakan', 'TMOKELII', 280000, 140000, 700000, 350000, 0, 0),
('TMOKII02', 'Adenotonsilektomy ', 'Tindakan', 'TMOKELII', 280000, 140000, 700000, 350000, 0, 0),
('TMOKII03', 'Amputasi Transmedular ', 'Tindakan', 'TMOKELII', 280000, 140000, 700000, 350000, 0, 0),
('TMOKII04', 'Anoplasti', 'Tindakan', 'TMOKELII', 280000, 140000, 700000, 350000, 0, 0),
('TMOKII05', 'Anoplasti sederhana (Cut Back) ', 'Tindakan', 'TMOKELII', 280000, 140000, 700000, 350000, 0, 0),
('TMOKII06', 'Apendektomi Perforata', 'Tindakan', 'TMOKELII', 280000, 140000, 700000, 350000, 0, 0),
('TMOKII07', 'Atrostomi & Adenoidektomi ', 'Tindakan', 'TMOKELII', 280000, 140000, 700000, 350000, 0, 0),
('TMOKII08', 'Blepharoplastik', 'Tindakan', 'TMOKELII', 280000, 140000, 700000, 350000, 0, 0),
('TMOKII09', 'Caldwell Luc Anthrostomi ', 'Tindakan', 'TMOKELII', 280000, 140000, 700000, 350000, 0, 0),
('TMOKII10', 'Colostomi', 'Tindakan', 'TMOKELII', 280000, 140000, 700000, 350000, 0, 0),
('TMOKII11', 'CWL', 'Tindakan', 'TMOKELII', 280000, 140000, 700000, 350000, 0, 0),
('TMOKII12', 'Debridement pada luka bakar ', 'Tindakan', 'TMOKELII', 280000, 140000, 700000, 350000, 0, 0),
('TMOKII13', 'Drainage Kista Pankreas ', 'Tindakan', 'TMOKELII', 280000, 140000, 700000, 350000, 0, 0),
('TMOKII14', 'Drainage Periureter ', 'Tindakan', 'TMOKELII', 280000, 140000, 700000, 350000, 0, 0),
('TMOKII15', 'Eksisi Chodee ', 'Tindakan', 'TMOKELII', 280000, 140000, 700000, 350000, 0, 0),
('TMOKII16', 'Eksisi Higroma ', 'Tindakan', 'TMOKELII', 280000, 140000, 700000, 350000, 0, 0),
('TMOKII17', 'Eksisi Kelenjar Liur Submandibula ', 'Tindakan', 'TMOKELII', 280000, 140000, 700000, 350000, 0, 0),
('TMOKII18', 'Eksisi Kista Tiroglosus ', 'Tindakan', 'TMOKELII', 280000, 140000, 700000, 350000, 0, 0),
('TMOKII19', 'Eksisi Kista Urachus ', 'Tindakan', 'TMOKELII', 280000, 140000, 700000, 350000, 0, 0),
('TMOKII20', 'Eksplorasi Abses Parafaringeal ', 'Tindakan', 'TMOKELII', 280000, 140000, 700000, 350000, 0, 0),
('TMOKII21', 'Eksplorasi abses septum', 'Tindakan', 'TMOKELII', 280000, 140000, 700000, 350000, 0, 0),
('TMOKII22', 'Eksplorasi Kista Branchial ', 'Tindakan', 'TMOKELII', 280000, 140000, 700000, 350000, 0, 0),
('TMOKII23', 'Eksplorasi Kista Ductus Tiroglosus ', 'Tindakan', 'TMOKELII', 280000, 140000, 700000, 350000, 0, 0),
('TMOKII24', 'Eksplorasi Kista Tiroid ', 'Tindakan', 'TMOKELII', 280000, 140000, 700000, 350000, 0, 0),
('TMOKII25', 'Eksterpasi pterigium dan amnion graft', 'Tindakan', 'TMOKELII', 280000, 140000, 700000, 350000, 0, 0),
('TMOKII26', 'Eksterpasi/ eksisional biopsional', 'Tindakan', 'TMOKELII', 280000, 140000, 700000, 350000, 0, 0),
('TMOKII27', 'Ekstraksi corpus sceretomi eyelodialise, poster or scleretomi', 'Tindakan', 'TMOKELII', 280000, 140000, 700000, 350000, 0, 0),
('TMOKII28', 'Ekstraksi katarak : ekek / sics', 'Tindakan', 'TMOKELII', 280000, 140000, 700000, 350000, 0, 0),
('TMOKII29', 'Embriotomi', 'Tindakan', 'TMOKELII', 280000, 140000, 700000, 350000, 0, 0),
('TMOKII30', 'Enukleusio bulbi', 'Tindakan', 'TMOKELII', 280000, 140000, 700000, 350000, 0, 0),
('TMOKII31', 'Ethmoidektomi (Intranasal) ', 'Tindakan', 'TMOKELII', 280000, 140000, 700000, 350000, 0, 0),
('TMOKII32', 'Etmoi dectomi', 'Tindakan', 'TMOKELII', 280000, 140000, 700000, 350000, 0, 0),
('TMOKII33', 'Eviscerasi', 'Tindakan', 'TMOKELII', 280000, 140000, 700000, 350000, 0, 0),
('TMOKII34', 'Explorasi Abses Septumnase (THT) ', 'Tindakan', 'TMOKELII', 280000, 140000, 700000, 350000, 0, 0),
('TMOKII35', 'Extirpatie Plunging Ranula', 'Tindakan', 'TMOKELII', 280000, 140000, 700000, 350000, 0, 0),
('TMOKII36', 'Fiksasi Interna Yang Kompleks ', 'Tindakan', 'TMOKELII', 280000, 140000, 700000, 350000, 0, 0),
('TMOKII37', 'Fissurektomi ', 'Tindakan', 'TMOKELII', 280000, 140000, 700000, 350000, 0, 0),
('TMOKII38', 'Fissurektomi peri anal ', 'Tindakan', 'TMOKELII', 280000, 140000, 700000, 350000, 0, 0),
('TMOKII39', 'Histerektomi supra vaginal', 'Tindakan', 'TMOKELII', 280000, 140000, 700000, 350000, 0, 0),
('TMOKII40', 'Histerektomi total', 'Tindakan', 'TMOKELII', 280000, 140000, 700000, 350000, 0, 0),
('TMOKII41', 'Histerotomi', 'Tindakan', 'TMOKELII', 280000, 140000, 700000, 350000, 0, 0),
('TMOKII42', 'Hystrecktomy Partial', 'Tindakan', 'TMOKELII', 280000, 140000, 700000, 350000, 0, 0),
('TMOKII43', 'Iridectomi', 'Tindakan', 'TMOKELII', 280000, 140000, 700000, 350000, 0, 0),
('TMOKII44', 'Jahit kornea', 'Tindakan', 'TMOKELII', 280000, 140000, 700000, 350000, 0, 0),
('TMOKII45', 'Jahit sclera', 'Tindakan', 'TMOKELII', 280000, 140000, 700000, 350000, 0, 0),
('TMOKII46', 'Kehamilan Ektopik Terganggu (KET)', 'Tindakan', 'TMOKELII', 280000, 140000, 700000, 350000, 0, 0),
('TMOKII47', 'Kelainan bawaan dengan penyulit', 'Tindakan', 'TMOKELII', 280000, 140000, 700000, 350000, 0, 0),
('TMOKII48', 'Kistektomi', 'Tindakan', 'TMOKELII', 280000, 140000, 700000, 350000, 0, 0),
('TMOKII49', 'Kistektomi', 'Tindakan', 'TMOKELII', 280000, 140000, 700000, 350000, 0, 0),
('TMOKII50', 'Koreksi Disartikulasi ', 'Tindakan', 'TMOKELII', 280000, 140000, 700000, 350000, 0, 0),
('TMOKII51', 'Koreksi Extropion / Entropion ', 'Tindakan', 'TMOKELII', 280000, 140000, 700000, 350000, 0, 0),
('TMOKII52', 'Koreksi Priapismus ', 'Tindakan', 'TMOKELII', 280000, 140000, 700000, 350000, 0, 0),
('TMOKII53', 'Koreksi Symblepharon ', 'Tindakan', 'TMOKELII', 280000, 140000, 700000, 350000, 0, 0),
('TMOKII54', 'Koreksi Torsio Testis ', 'Tindakan', 'TMOKELII', 280000, 140000, 700000, 350000, 0, 0),
('TMOKII55', 'Kriptoismus, megacolon, hepospadia, congenital tapipes equinovaru (CTEF)', 'Tindakan', 'TMOKELII', 280000, 140000, 700000, 350000, 0, 0),
('TMOKII56', 'Labhioplasty parotidectomi', 'Tindakan', 'TMOKELII', 280000, 140000, 700000, 350000, 0, 0),
('TMOKII57', 'Labioplasti Bilateral ', 'Tindakan', 'TMOKELII', 280000, 140000, 700000, 350000, 0, 0),
('TMOKII58', 'Lantorapi transoraphi, tarsotomi hotz operasi', 'Tindakan', 'TMOKELII', 280000, 140000, 700000, 350000, 0, 0),
('TMOKII59', 'Laparotomi', 'Tindakan', 'TMOKELII', 280000, 140000, 700000, 350000, 0, 0),
('TMOKII60', 'Lapartomi', 'Tindakan', 'TMOKELII', 280000, 140000, 700000, 350000, 0, 0),
('TMOKII61', 'Laporotomi eksplorasi', 'Tindakan', 'TMOKELII', 280000, 140000, 700000, 350000, 0, 0),
('TMOKII62', 'Ligasi Tinggi Hidrokel ', 'Tindakan', 'TMOKELII', 280000, 140000, 700000, 350000, 0, 0),
('TMOKII63', 'Mastektomi', 'Tindakan', 'TMOKELII', 280000, 140000, 700000, 350000, 0, 0),
('TMOKII64', 'Mastektomi Subkutaneus ', 'Tindakan', 'TMOKELII', 280000, 140000, 700000, 350000, 0, 0),
('TMOKII65', 'Mastoidectomi', 'Tindakan', 'TMOKELII', 280000, 140000, 700000, 350000, 0, 0),
('TMOKII66', 'Mastoidektomi Sederhana (THT) ', 'Tindakan', 'TMOKELII', 280000, 140000, 700000, 350000, 0, 0),
('TMOKII67', 'Miomektomi', 'Tindakan', 'TMOKELII', 280000, 140000, 700000, 350000, 0, 0),
('TMOKII68', 'Multiple neurofibroma, haemangioma lebih 3 cm', 'Tindakan', 'TMOKELII', 280000, 140000, 700000, 350000, 0, 0),
('TMOKII69', 'Myomectomy', 'Tindakan', 'TMOKELII', 280000, 140000, 700000, 350000, 0, 0),
('TMOKII70', 'Oovotektoimi', 'Tindakan', 'TMOKELII', 280000, 140000, 700000, 350000, 0, 0),
('TMOKII71', 'Open Renal Biopsi ', 'Tindakan', 'TMOKELII', 280000, 140000, 700000, 350000, 0, 0),
('TMOKII72', 'Operasi  Hernia Incarcerata', 'Tindakan', 'TMOKELII', 280000, 140000, 700000, 350000, 0, 0),
('TMOKII73', 'Operasi Hernia dengan Komplikasi ', 'Tindakan', 'TMOKELII', 280000, 140000, 700000, 350000, 0, 0),
('TMOKII74', 'Operasi Hypospadia ', 'Tindakan', 'TMOKELII', 280000, 140000, 700000, 350000, 0, 0),
('TMOKII75', 'Operasi Manchester Fortegil', 'Tindakan', 'TMOKELII', 280000, 140000, 700000, 350000, 0, 0),
('TMOKII76', 'Operasi mikrotia ', 'Tindakan', 'TMOKELII', 280000, 140000, 700000, 350000, 0, 0),
('TMOKII77', 'Operasi pada Spermatocele ', 'Tindakan', 'TMOKELII', 280000, 140000, 700000, 350000, 0, 0),
('TMOKII78', 'Operasi pada Varicocele / Palomo ', 'Tindakan', 'TMOKELII', 280000, 140000, 700000, 350000, 0, 0),
('TMOKII79', 'Operasi Palatoplasti ', 'Tindakan', 'TMOKELII', 280000, 140000, 700000, 350000, 0, 0),
('TMOKII80', 'Orchidectomi', 'Tindakan', 'TMOKELII', 280000, 140000, 700000, 350000, 0, 0),
('TMOKII81', 'Orchidektomi Subkapsuler ', 'Tindakan', 'TMOKELII', 280000, 140000, 700000, 350000, 0, 0),
('TMOKII82', 'Parotidectomi', 'Tindakan', 'TMOKELII', 280000, 140000, 700000, 350000, 0, 0),
('TMOKII83', 'Pemasangan Pipa Shepard ', 'Tindakan', 'TMOKELII', 280000, 140000, 700000, 350000, 0, 0),
('TMOKII84', 'Pemasangan T Tube ', 'Tindakan', 'TMOKELII', 280000, 140000, 700000, 350000, 0, 0),
('TMOKII85', 'Penektomi ', 'Tindakan', 'TMOKELII', 280000, 140000, 700000, 350000, 0, 0),
('TMOKII86', 'Plasenta kornea depan discisio lentis', 'Tindakan', 'TMOKELII', 280000, 140000, 700000, 350000, 0, 0),
('TMOKII87', 'Potong Flap ', 'Tindakan', 'TMOKELII', 280000, 140000, 700000, 350000, 0, 0),
('TMOKII88', 'Protis plastik rekonstruksi', 'Tindakan', 'TMOKELII', 280000, 140000, 700000, 350000, 0, 0),
('TMOKII89', 'Regional Flap ', 'Tindakan', 'TMOKELII', 280000, 140000, 700000, 350000, 0, 0),
('TMOKII90', 'Rekanalisasi Ruptura / Transkanal ', 'Tindakan', 'TMOKELII', 280000, 140000, 700000, 350000, 0, 0),
('TMOKII91', 'Rekonstruksi Kontraktur ', 'Tindakan', 'TMOKELII', 280000, 140000, 700000, 350000, 0, 0),
('TMOKII92', 'Rekontruksi hidung', 'Tindakan', 'TMOKELII', 280000, 140000, 700000, 350000, 0, 0),
('TMOKII93', 'Repair Atresia Choanae (THT)', 'Tindakan', 'TMOKELII', 280000, 140000, 700000, 350000, 0, 0),
('TMOKII94', 'Repair Fistel ', 'Tindakan', 'TMOKELII', 280000, 140000, 700000, 350000, 0, 0),
('TMOKII95', 'Repair fraktur penis ', 'Tindakan', 'TMOKELII', 280000, 140000, 700000, 350000, 0, 0),
('TMOKII96', 'Repair luka pada wajah kompleks ', 'Tindakan', 'TMOKELII', 280000, 140000, 700000, 350000, 0, 0),
('TMOKII97', 'Repair tendon jari ', 'Tindakan', 'TMOKELII', 280000, 140000, 700000, 350000, 0, 0),
('TMOKII98', 'Reposisi Fixatie (Compucate)', 'Tindakan', 'TMOKELII', 280000, 140000, 700000, 350000, 0, 0),
('TMOKII99', 'Reposisi Fraktur / Dislokasi Dalam Narkose ', 'Tindakan', 'TMOKELII', 280000, 140000, 700000, 350000, 0, 0),
('TMOKII100', 'Reposisi Fraktur os Nasal Terbuka (THT)', 'Tindakan', 'TMOKELII', 280000, 140000, 700000, 350000, 0, 0),
('TMOKII101', 'Reposisi Fraktur rahang sederhana ', 'Tindakan', 'TMOKELII', 280000, 140000, 700000, 350000, 0, 0),
('TMOKII102', 'Reposisi Fraktur Rahang Simple', 'Tindakan', 'TMOKELII', 280000, 140000, 700000, 350000, 0, 0),
('TMOKII103', 'Reposisi terbuka patah tulang', 'Tindakan', 'TMOKELII', 280000, 140000, 700000, 350000, 0, 0),
('TMOKII104', 'Salpingektomi', 'Tindakan', 'TMOKELII', 280000, 140000, 700000, 350000, 0, 0),
('TMOKII105', 'Salpingo oovarektomi bilateral', 'Tindakan', 'TMOKELII', 280000, 140000, 700000, 350000, 0, 0),
('TMOKII106', 'Salpingo oovarektomi unilateral', 'Tindakan', 'TMOKELII', 280000, 140000, 700000, 350000, 0, 0),
('TMOKII107', 'Salpingolisis', 'Tindakan', 'TMOKELII', 280000, 140000, 700000, 350000, 0, 0),
('TMOKII108', 'Salpingoofarektomi unilateral', 'Tindakan', 'TMOKELII', 280000, 140000, 700000, 350000, 0, 0),
('TMOKII109', 'Segmentektomi ', 'Tindakan', 'TMOKELII', 280000, 140000, 700000, 350000, 0, 0),
('TMOKII110', 'Seksio Sesaria (Sectio Caesaria) ', 'Tindakan', 'TMOKELII', 280000, 140000, 700000, 350000, 0, 0),
('TMOKII111', 'Septum Reseksi ', 'Tindakan', 'TMOKELII', 280000, 140000, 700000, 350000, 0, 0),
('TMOKII112', 'Septup reseksi', 'Tindakan', 'TMOKELII', 280000, 140000, 700000, 350000, 0, 0),
('TMOKII113', 'Skingrafting yang tidak luas. ', 'Tindakan', 'TMOKELII', 280000, 140000, 700000, 350000, 0, 0),
('TMOKII114', 'Stumektomi', 'Tindakan', 'TMOKELII', 280000, 140000, 700000, 350000, 0, 0),
('TMOKII115', 'Thorakotomi', 'Tindakan', 'TMOKELII', 280000, 140000, 700000, 350000, 0, 0),
('TMOKII116', 'Tindakan Argon Laser / Kenon  ', 'Tindakan', 'TMOKELII', 280000, 140000, 700000, 350000, 0, 0),
('TMOKII117', 'Tindakan Blok Resectie', 'Tindakan', 'TMOKELII', 280000, 140000, 700000, 350000, 0, 0),
('TMOKII118', 'Tindakan Congenital Fornix Plastik ', 'Tindakan', 'TMOKELII', 280000, 140000, 700000, 350000, 0, 0),
('TMOKII119', 'Tindakan Cyclodia Termi ', 'Tindakan', 'TMOKELII', 280000, 140000, 700000, 350000, 0, 0),
('TMOKII120', 'Tindakan operasi sedang dengan penyulit', 'Tindakan', 'TMOKELII', 280000, 140000, 700000, 350000, 0, 0),
('TMOKII121', 'Tindakan pada Kolpodeksis', 'Tindakan', 'TMOKELII', 280000, 140000, 700000, 350000, 0, 0),
('TMOKII122', 'Tonsilo Adenoidectomi ', 'Tindakan', 'TMOKELII', 280000, 140000, 700000, 350000, 0, 0),
('TMOKII123', 'Trabeculetomi filtrasi operasi', 'Tindakan', 'TMOKELII', 280000, 140000, 700000, 350000, 0, 0),
('TMOKII124', 'Tracheostomi ', 'Tindakan', 'TMOKELII', 280000, 140000, 700000, 350000, 0, 0),
('TMOKII125', 'Transplantasi amnion', 'Tindakan', 'TMOKELII', 280000, 140000, 700000, 350000, 0, 0),
('TMOKII126', 'Trepanase', 'Tindakan', 'TMOKELII', 280000, 140000, 700000, 350000, 0, 0),
('TMOKII127', 'Ureterolysis ', 'Tindakan', 'TMOKELII', 280000, 140000, 700000, 350000, 0, 0),
('TMOKII128', 'Ureterostomi ', 'Tindakan', 'TMOKELII', 280000, 140000, 700000, 350000, 0, 0),
('TMOKII129', 'Urethrolithotomi', 'Tindakan', 'TMOKELII', 280000, 140000, 700000, 350000, 0, 0),
('TMOKII130', 'Urethrolithotomi pars posterior', 'Tindakan', 'TMOKELII', 280000, 140000, 700000, 350000, 0, 0),
('TMOKII131', 'Vasografi ', 'Tindakan', 'TMOKELII', 280000, 140000, 700000, 350000, 0, 0),
('TMOKIII01', 'Amputasi Eksisi Kista Branchiogenik ', 'Tindakan', 'TMOKELIII', 411000, 206000, 1026000, 513000, 0, 0),
('TMOKIII02', 'Angiofibroma', 'Tindakan', 'TMOKELIII', 411000, 206000, 1026000, 513000, 0, 0),
('TMOKIII03', 'Anterior / Posterior Sklerotomi ', 'Tindakan', 'TMOKELIII', 411000, 206000, 1026000, 513000, 0, 0),
('TMOKIII04', 'Arthrosplasty ', 'Tindakan', 'TMOKELIII', 411000, 206000, 1026000, 513000, 0, 0),
('TMOKIII05', 'Broncoscopi', 'Tindakan', 'TMOKELIII', 411000, 206000, 1026000, 513000, 0, 0),
('TMOKIII06', 'Bronkoskopi Rigid Eksplorasi (THT)', 'Tindakan', 'TMOKELIII', 411000, 206000, 1026000, 513000, 0, 0),
('TMOKIII07', 'Ceserarian histerectomi', 'Tindakan', 'TMOKELIII', 411000, 206000, 1026000, 513000, 0, 0),
('TMOKIII08', 'Dakrio rinostomi', 'Tindakan', 'TMOKELIII', 411000, 206000, 1026000, 513000, 0, 0),
('TMOKIII09', 'De Bulkging', 'Tindakan', 'TMOKELIII', 411000, 206000, 1026000, 513000, 0, 0),
('TMOKIII10', 'Decompresi fasialis', 'Tindakan', 'TMOKELIII', 411000, 206000, 1026000, 513000, 0, 0),
('TMOKIII11', 'Detorsi Testis dengan Orchidopexi ', 'Tindakan', 'TMOKELIII', 411000, 206000, 1026000, 513000, 0, 0),
('TMOKIII12', 'Divertikulektomi ', 'Tindakan', 'TMOKELIII', 411000, 206000, 1026000, 513000, 0, 0),
('TMOKIII13', 'Eksisi Angiofibroma Nasofaring ', 'Tindakan', 'TMOKELIII', 411000, 206000, 1026000, 513000, 0, 0),
('TMOKIII14', 'Eksisi hemangiona kompleks ', 'Tindakan', 'TMOKELIII', 411000, 206000, 1026000, 513000, 0, 0),
('TMOKIII15', 'Eksisi Mamma Aberran ', 'Tindakan', 'TMOKELIII', 411000, 206000, 1026000, 513000, 0, 0),
('TMOKIII16', 'Eksplorasi Duktus Koledokus ', 'Tindakan', 'TMOKELIII', 411000, 206000, 1026000, 513000, 0, 0),
('TMOKIII17', 'Eksterasio bulbi / orbita', 'Tindakan', 'TMOKELIII', 411000, 206000, 1026000, 513000, 0, 0),
('TMOKIII18', 'Ekstraksi katarak dan tanam lensa', 'Tindakan', 'TMOKELIII', 411000, 206000, 1026000, 513000, 0, 0),
('TMOKIII19', 'Enukleasi Kista Ginjal ', 'Tindakan', 'TMOKELIII', 411000, 206000, 1026000, 513000, 0, 0),
('TMOKIII20', 'Esotagoskopi Rigid Eksplorasi (THT)', 'Tindakan', 'TMOKELIII', 411000, 206000, 1026000, 513000, 0, 0),
('TMOKIII21', 'Extraksi Linear ', 'Tindakan', 'TMOKELIII', 411000, 206000, 1026000, 513000, 0, 0),
('TMOKIII22', 'Fare Head Flap ', 'Tindakan', 'TMOKELIII', 411000, 206000, 1026000, 513000, 0, 0),
('TMOKIII23', 'Faringoplasi', 'Tindakan', 'TMOKELIII', 411000, 206000, 1026000, 513000, 0, 0),
('TMOKIII24', 'Faringotomi ', 'Tindakan', 'TMOKELIII', 411000, 206000, 1026000, 513000, 0, 0),
('TMOKIII25', 'Fistula ureterovesika ', 'Tindakan', 'TMOKELIII', 411000, 206000, 1026000, 513000, 0, 0),
('TMOKIII26', 'Frontoethmoidektomi (Ekstranasal) ', 'Tindakan', 'TMOKELIII', 411000, 206000, 1026000, 513000, 0, 0),
('TMOKIII27', 'Goniotomi ', 'Tindakan', 'TMOKELIII', 411000, 206000, 1026000, 513000, 0, 0),
('TMOKIII28', 'Graf Vena membuat A Vistula ', 'Tindakan', 'TMOKELIII', 411000, 206000, 1026000, 513000, 0, 0),
('TMOKIII29', 'Hemiglosektomi ', 'Tindakan', 'TMOKELIII', 411000, 206000, 1026000, 513000, 0, 0),
('TMOKIII30', 'Herniatomi Bilateral ', 'Tindakan', 'TMOKELIII', 411000, 206000, 1026000, 513000, 0, 0),
('TMOKIII31', 'Hysterectomi dengan penyulit', 'Tindakan', 'TMOKELIII', 411000, 206000, 1026000, 513000, 0, 0),
('TMOKIII32', 'Hystrecktomy Total ', 'Tindakan', 'TMOKELIII', 411000, 206000, 1026000, 513000, 0, 0),
('TMOKIII33', 'Internal Urethrotomi ', 'Tindakan', 'TMOKELIII', 411000, 206000, 1026000, 513000, 0, 0),
('TMOKIII34', 'Isthobektomi ', 'Tindakan', 'TMOKELIII', 411000, 206000, 1026000, 513000, 0, 0),
('TMOKIII35', 'Karatoplastik', 'Tindakan', 'TMOKELIII', 411000, 206000, 1026000, 513000, 0, 0),
('TMOKIII36', 'Keratoplastie lamelar ', 'Tindakan', 'TMOKELIII', 411000, 206000, 1026000, 513000, 0, 0),
('TMOKIII37', 'Kolesistektomi ', 'Tindakan', 'TMOKELIII', 411000, 206000, 1026000, 513000, 0, 0),
('TMOKIII38', 'Koreksi Atresia Ani', 'Tindakan', 'TMOKELIII', 411000, 206000, 1026000, 513000, 0, 0),
('TMOKIII39', 'Koreksi CTEV (congenital talipes equino varus)', 'Tindakan', 'TMOKELIII', 411000, 206000, 1026000, 513000, 0, 0),
('TMOKIII40', 'Koreksi Fraktur Rahang Multiple / Kompleks  ', 'Tindakan', 'TMOKELIII', 411000, 206000, 1026000, 513000, 0, 0),
('TMOKIII41', 'Koreksi Strabismus ', 'Tindakan', 'TMOKELIII', 411000, 206000, 1026000, 513000, 0, 0),
('TMOKIII42', 'Labiopalatoplasti Bilateral ', 'Tindakan', 'TMOKELIII', 411000, 206000, 1026000, 513000, 0, 0),
('TMOKIII43', 'Laparatomi Eksplorasi ', 'Tindakan', 'TMOKELIII', 411000, 206000, 1026000, 513000, 0, 0),
('TMOKIII44', 'Laparatomi VC ', 'Tindakan', 'TMOKELIII', 411000, 206000, 1026000, 513000, 0, 0),
('TMOKIII45', 'Lithotripsi', 'Tindakan', 'TMOKELIII', 411000, 206000, 1026000, 513000, 0, 0),
('TMOKIII46', 'Litotripsi ', 'Tindakan', 'TMOKELIII', 411000, 206000, 1026000, 513000, 0, 0),
('TMOKIII47', 'Maksilektomi Partialis ', 'Tindakan', 'TMOKELIII', 411000, 206000, 1026000, 513000, 0, 0),
('TMOKIII48', 'Mandibulektomi Marginalis ', 'Tindakan', 'TMOKELIII', 411000, 206000, 1026000, 513000, 0, 0),
('TMOKIII49', 'Mastektomi Simpleks ', 'Tindakan', 'TMOKELIII', 411000, 206000, 1026000, 513000, 0, 0),
('TMOKIII50', 'Mastoidektomi Modifikasi (THT)', 'Tindakan', 'TMOKELIII', 411000, 206000, 1026000, 513000, 0, 0),
('TMOKIII51', 'Mastoidektomi Radikal ', 'Tindakan', 'TMOKELIII', 411000, 206000, 1026000, 513000, 0, 0),
('TMOKIII52', 'Midfacial degloving (THT)', 'Tindakan', 'TMOKELIII', 411000, 206000, 1026000, 513000, 0, 0),
('TMOKIII53', 'Myringoplasty ', 'Tindakan', 'TMOKELIII', 411000, 206000, 1026000, 513000, 0, 0),
('TMOKIII54', 'Nefropexie', 'Tindakan', 'TMOKELIII', 411000, 206000, 1026000, 513000, 0, 0),
('TMOKIII55', 'Nefrostomi Open ', 'Tindakan', 'TMOKELIII', 411000, 206000, 1026000, 513000, 0, 0),
('TMOKIII56', 'Neurektomi Saraf Vidian ', 'Tindakan', 'TMOKELIII', 411000, 206000, 1026000, 513000, 0, 0),
('TMOKIII57', 'Open Reduksi Fraktur / Dislokasi Lama ', 'Tindakan', 'TMOKELIII', 411000, 206000, 1026000, 513000, 0, 0),
('TMOKIII58', 'Operasi ablasio retinae', 'Tindakan', 'TMOKELIII', 411000, 206000, 1026000, 513000, 0, 0),
('TMOKIII59', 'Operasi Cyclodialysa ', 'Tindakan', 'TMOKELIII', 411000, 206000, 1026000, 513000, 0, 0),
('TMOKIII60', 'Operasi Peyronie', 'Tindakan', 'TMOKELIII', 411000, 206000, 1026000, 513000, 0, 0),
('TMOKIII61', 'Operasi Psoas Hiscth / Boari Flap ', 'Tindakan', 'TMOKELIII', 411000, 206000, 1026000, 513000, 0, 0),
('TMOKIII62', 'Operasi Tumor Jinak Ovarium ', 'Tindakan', 'TMOKELIII', 411000, 206000, 1026000, 513000, 0, 0),
('TMOKIII63', 'Operasi Tumor Pembuluh Darah ', 'Tindakan', 'TMOKELIII', 411000, 206000, 1026000, 513000, 0, 0),
('TMOKIII64', 'Operasi-operasi Ca dengan perlengketan hebat stadium lanjut', 'Tindakan', 'TMOKELIII', 411000, 206000, 1026000, 513000, 0, 0),
('TMOKIII65', 'Orchidektomi Ligasi Tinggi ', 'Tindakan', 'TMOKELIII', 411000, 206000, 1026000, 513000, 0, 0),
('TMOKIII66', 'Orthognatie Surgery ', 'Tindakan', 'TMOKELIII', 411000, 206000, 1026000, 513000, 0, 0),
('TMOKIII67', 'Pan histerektomi', 'Tindakan', 'TMOKELIII', 411000, 206000, 1026000, 513000, 0, 0),
('TMOKIII68', 'Parotidektomi ', 'Tindakan', 'TMOKELIII', 411000, 206000, 1026000, 513000, 0, 0),
('TMOKIII69', 'Pembedahan Kompartemental ', 'Tindakan', 'TMOKELIII', 411000, 206000, 1026000, 513000, 0, 0),
('TMOKIII70', 'Pemecahan batu saluran kencing dengan laser', 'Tindakan', 'TMOKELIII', 411000, 206000, 1026000, 513000, 0, 0),
('TMOKIII71', 'Phacoemulsifikasi', 'Tindakan', 'TMOKELIII', 411000, 206000, 1026000, 513000, 0, 0),
('TMOKIII72', 'Prostatektomi Retropubik ', 'Tindakan', 'TMOKELIII', 411000, 206000, 1026000, 513000, 0, 0),
('TMOKIII73', 'Pyelolithotomi ', 'Tindakan', 'TMOKELIII', 411000, 206000, 1026000, 513000, 0, 0),
('TMOKIII74', 'Pyeloplasty ', 'Tindakan', 'TMOKELIII', 411000, 206000, 1026000, 513000, 0, 0),
('TMOKIII75', 'Rekonstruksi Kontraktur Kompleks ', 'Tindakan', 'TMOKELIII', 411000, 206000, 1026000, 513000, 0, 0),
('TMOKIII76', 'Rekontruksi Blassemeck ', 'Tindakan', 'TMOKELIII', 411000, 206000, 1026000, 513000, 0, 0),
('TMOKIII77', 'Rekontruksi Defek / Kelainan Tubuh yang kompleks', 'Tindakan', 'TMOKELIII', 411000, 206000, 1026000, 513000, 0, 0),
('TMOKIII78', 'Rekontruksi Vesika ', 'Tindakan', 'TMOKELIII', 411000, 206000, 1026000, 513000, 0, 0),
('TMOKIII79', 'Reparasi Fistula Vesiko Vaginal ', 'Tindakan', 'TMOKELIII', 411000, 206000, 1026000, 513000, 0, 0),
('TMOKIII80', 'Reposisi Fraktur maksila / Zygoma ', 'Tindakan', 'TMOKELIII', 411000, 206000, 1026000, 513000, 0, 0),
('TMOKIII81', 'Resectie Rahang ', 'Tindakan', 'TMOKELIII', 411000, 206000, 1026000, 513000, 0, 0),
('TMOKIII82', 'Reseksi Adenomiosis', 'Tindakan', 'TMOKELIII', 411000, 206000, 1026000, 513000, 0, 0),
('TMOKIII83', 'Reseksi Anastomosis ', 'Tindakan', 'TMOKELIII', 411000, 206000, 1026000, 513000, 0, 0),
('TMOKIII84', 'Reseksi Partial Vesika ', 'Tindakan', 'TMOKELIII', 411000, 206000, 1026000, 513000, 0, 0),
('TMOKIII85', 'Reseksi Urachus ', 'Tindakan', 'TMOKELIII', 411000, 206000, 1026000, 513000, 0, 0),
('TMOKIII86', 'Resektio caesaria', 'Tindakan', 'TMOKELIII', 411000, 206000, 1026000, 513000, 0, 0),
('TMOKIII87', 'Resektio caesaria dan tubektomi', 'Tindakan', 'TMOKELIII', 411000, 206000, 1026000, 513000, 0, 0),
('TMOKIII88', 'Rinotomi Lateralis', 'Tindakan', 'TMOKELIII', 411000, 206000, 1026000, 513000, 0, 0),
('TMOKIII89', 'Salpingoofarektomi bilateral', 'Tindakan', 'TMOKELIII', 411000, 206000, 1026000, 513000, 0, 0),
('TMOKIII90', 'Salvaging operasi mikro ', 'Tindakan', 'TMOKELIII', 411000, 206000, 1026000, 513000, 0, 0),
('TMOKIII91', 'Simpatektomi ', 'Tindakan', 'TMOKELIII', 411000, 206000, 1026000, 513000, 0, 0),
('TMOKIII92', 'Sistoplasti Reduksi ', 'Tindakan', 'TMOKELIII', 411000, 206000, 1026000, 513000, 0, 0),
('TMOKIII93', 'Skingrafting yang luas ', 'Tindakan', 'TMOKELIII', 411000, 206000, 1026000, 513000, 0, 0),
('TMOKIII94', 'Solenektomi ', 'Tindakan', 'TMOKELIII', 411000, 206000, 1026000, 513000, 0, 0),
('TMOKIII95', 'Sphenoimidektomi (THT)', 'Tindakan', 'TMOKELIII', 411000, 206000, 1026000, 513000, 0, 0),
('TMOKIII96', 'Tindakan Dekompresi Fasialis ', 'Tindakan', 'TMOKELIII', 411000, 206000, 1026000, 513000, 0, 0),
('KON', 'Konsul Dokter Umum', 'Tindakan', 'JMUMUM', 0, 10000, 0, 0, 0, 0),
('BHP', 'Pembalut', 'Tindakan', 'BHP', 10000, 0, 0, 0, 0, 0),
('ADM', 'ADMINISTRASI RAWATJALAN PARAMEDIS', 'Tindakan', 'ADM1', 7000, 3000, 0, 0, 0, 0),
('TMOKIII108', 'Ureterocutaneostomi ', 'Tindakan', 'TMOKELIII', 411000, 206000, 1026000, 513000, 0, 0),
('TMOKIII107', 'Uretero Ureterostomi ', 'Tindakan', 'TMOKELIII', 411000, 206000, 1026000, 513000, 0, 0),
('TMOKIII103', 'Transeksi Esofagus ', 'Tindakan', 'TMOKELIII', 411000, 206000, 1026000, 513000, 0, 0),
('TMOKIII102', 'Trans uretrae reseksi', 'Tindakan', 'TMOKELIII', 411000, 206000, 1026000, 513000, 0, 0),
('TMOKIII98', 'Tindakan Pharyngeal Flap ', 'Tindakan', 'TMOKELIII', 411000, 206000, 1026000, 513000, 0, 0),
('TMOKIII97', 'Tindakan operasi besar dengan penyulit', 'Tindakan', 'TMOKELIII', 411000, 206000, 1026000, 513000, 0, 0),
('ELM', 'TEST', 'Tindakan', 'ELM', 1, 2, 4, 3, 0, 0),
('TMOKIII109', 'Ureterolithotomi  ', 'Tindakan', 'TMOKELIII', 411000, 206000, 1026000, 513000, 0, 0),
('TMOKI42', 'Injeksi alkohol/cortizon retrobulbair', 'Tindakan', 'TMOKELI', 205000, 102500, 513000, 256500, 0, 0),
('TMOKI41', 'Himenektomi', 'Tindakan', 'TMOKELI', 205000, 102500, 513000, 256500, 0, 0),
('TMOKI40', 'Hidrocelectomi', 'Tindakan', 'TMOKELI', 205000, 102500, 513000, 256500, 0, 0),
('TMOKI39', 'Herniotomi ', 'Tindakan', 'TMOKELI', 205000, 102500, 513000, 256500, 0, 0),
('TMOKI38', 'Hemoroidektomi ', 'Tindakan', 'TMOKELI', 205000, 102500, 513000, 256500, 0, 0),
('TMOKI37', 'Haemangioma diameter 1-2 cm', 'Tindakan', 'TMOKELI', 205000, 102500, 513000, 256500, 0, 0),
('TMOKI36', 'Foto Koagulasi ', 'Tindakan', 'TMOKELI', 205000, 102500, 513000, 256500, 0, 0),
('TMOKI35', 'Flebektomi ', 'Tindakan', 'TMOKELI', 205000, 102500, 513000, 256500, 0, 0),
('TMOKI34', 'Fistulektomi pada Digestif', 'Tindakan', 'TMOKELI', 205000, 102500, 513000, 256500, 0, 0),
('TMOKI33', 'Fistulektomi', 'Tindakan', 'TMOKELI', 205000, 102500, 513000, 256500, 0, 0),
('TMOKI32', 'Fimbriektomi', 'Tindakan', 'TMOKELI', 205000, 102500, 513000, 256500, 0, 0),
('TMOKI31', 'Fiksasi Interna Sederhana ', 'Tindakan', 'TMOKELI', 205000, 102500, 513000, 256500, 0, 0),
('TMOKI30', 'Fiksasi Externa Sederhana ', 'Tindakan', 'TMOKELI', 205000, 102500, 513000, 256500, 0, 0),
('TMOKI29', 'Extirpasi Tumor Jinak diameter 5 - 10 cm ', 'Tindakan', 'TMOKELI', 205000, 102500, 513000, 256500, 0, 0),
('TMOKI28', 'Extirpasi Polip ', 'Tindakan', 'TMOKELI', 205000, 102500, 513000, 256500, 0, 0),
('TMOKI27', 'Excochliasi ', 'Tindakan', 'TMOKELI', 205000, 102500, 513000, 256500, 0, 0),
('TMOKI26', 'Enuclealasi/Evicerasi (MATA)', 'Tindakan', 'TMOKELI', 205000, 102500, 513000, 256500, 0, 0),
('TMOKI25', 'Enucleatie Kista ', 'Tindakan', 'TMOKELI', 205000, 102500, 513000, 256500, 0, 0),
('TMOKI24', 'Eksterpasi pterigium', 'Tindakan', 'TMOKELI', 205000, 102500, 513000, 256500, 0, 0),
('TMOKI23', 'Eksterpasi kista konjungtiva/tumor kecil', 'Tindakan', 'TMOKELI', 205000, 102500, 513000, 256500, 0, 0),
('TMOKI22', 'Eksterpasi kista', 'Tindakan', 'TMOKELI', 205000, 102500, 513000, 256500, 0, 0),
('TMOKI21', 'Eksterpasi jaringan canalisa auditoris eksternal', 'Tindakan', 'TMOKELI', 205000, 102500, 513000, 256500, 0, 0),
('TMOKI20', 'Eksisi/Konisasi ', 'Tindakan', 'TMOKELI', 205000, 102500, 513000, 256500, 0, 0),
('TMOKI19', 'Dilatasi Urethra ', 'Tindakan', 'TMOKELI', 205000, 102500, 513000, 256500, 0, 0),
('TMOKI18', 'Dibredement Fraktur Terbuka ', 'Tindakan', 'TMOKELI', 205000, 102500, 513000, 256500, 0, 0),
('TMOKI17', 'Dermabrasi tatto < 5 cm ', 'Tindakan', 'TMOKELI', 205000, 102500, 513000, 256500, 0, 0),
('TMOKI16', 'Dermabrasi skar < 5 cm', 'Tindakan', 'TMOKELI', 205000, 102500, 513000, 256500, 0, 0),
('TMOKI15', 'Debridement luka bakar lebih 10 %', 'Tindakan', 'TMOKELI', 205000, 102500, 513000, 256500, 0, 0),
('TMOKI14', 'Blok saraf tepi ', 'Tindakan', 'TMOKELI', 205000, 102500, 513000, 256500, 0, 0),
('TMOKI13', 'Biopsi testis ', 'Tindakan', 'TMOKELI', 205000, 102500, 513000, 256500, 0, 0),
('TMOKI12', 'Biopsi saraf kutaneus/otot ', 'Tindakan', 'TMOKELI', 205000, 102500, 513000, 256500, 0, 0),
('TMOKI11', 'Biopsi prostat ', 'Tindakan', 'TMOKELI', 205000, 102500, 513000, 256500, 0, 0),
('TMOKI10', 'Biopsi dalam Narkose Umum ', 'Tindakan', 'TMOKELI', 205000, 102500, 513000, 256500, 0, 0),
('TMOKI09', 'Biopsi aknesa', 'Tindakan', 'TMOKELI', 205000, 102500, 513000, 256500, 0, 0),
('TMOKI08', 'Bedah beku < 5 cm', 'Tindakan', 'TMOKELI', 205000, 102500, 513000, 256500, 0, 0),
('TMOKI07', 'Apendektomi laparoskopi ', 'Tindakan', 'TMOKELI', 205000, 102500, 513000, 256500, 0, 0),
('TMOKI06', 'Apendektomi akut ', 'Tindakan', 'TMOKELI', 205000, 102500, 513000, 256500, 0, 0),
('TMOKI05', 'Antrostomi sinus maksilaris', 'Tindakan', 'TMOKELI', 205000, 102500, 513000, 256500, 0, 0),
('TMOKI04', 'Antrostomi Irigasi (THT)', 'Tindakan', 'TMOKELI', 205000, 102500, 513000, 256500, 0, 0),
('TMOKI03', 'Angkat Pen/Screw ', 'Tindakan', 'TMOKELI', 205000, 102500, 513000, 256500, 0, 0),
('TMOKI02', 'Amputasi jari tangan dan jari kaki dengan narkose', 'Tindakan', 'TMOKELI', 205000, 102500, 513000, 256500, 0, 0),
('TMOKI01', 'Adenoidektomy', 'Tindakan', 'TMOKELI', 205000, 102500, 513000, 256500, 0, 0),
('TMOK53', 'Vena Seksi ', 'Tindakan', 'TMOKEC', 40000, 35000, 175000, 0, 0, 0),
('TMOK52', 'Vasektomi ', 'Tindakan', 'TMOKEC', 40000, 35000, 175000, 0, 0, 0),
('TMOK51', 'Tumor Palpebra', 'Tindakan', 'TMOKEC', 40000, 35000, 175000, 0, 0, 0),
('TMOK50', 'Tubektomi ', 'Tindakan', 'TMOKEC', 40000, 35000, 175000, 0, 0, 0),
('TMOK49', 'Tindakan Deepening Sulcus ', 'Tindakan', 'TMOKEC', 40000, 35000, 175000, 0, 0, 0),
('TMOK48', 'Spoeling kanalis lakrimalis', 'Tindakan', 'TMOKEC', 40000, 35000, 175000, 0, 0, 0),
('TMOK47', 'Sistostomi', 'Tindakan', 'TMOKEC', 40000, 35000, 175000, 0, 0, 0),
('TMOK46', 'Reposisi dengan anestesi Lokal ', 'Tindakan', 'TMOKEC', 40000, 35000, 175000, 0, 0, 0),
('TMOK45', 'Repair luka robek sederhana pada wajah', 'Tindakan', 'TMOKEC', 40000, 35000, 175000, 0, 0, 0);
INSERT INTO `m_produk` (`id_produk`, `nama_produk`, `type`, `fk_subkategori_produk`, `js`, `jp`, `jm`, `ja`, `bhp`, `adm`) VALUES
('TMOK44', 'Punksi/Irigasi Pleura ', 'Tindakan', 'TMOKEC', 40000, 35000, 175000, 0, 0, 0),
('TMOK42', 'Plasenta manual', 'Tindakan', 'TMOKEC', 40000, 35000, 175000, 0, 0, 0),
('TMOK43', 'Punksi Sumsum Tulang', 'Tindakan', 'TMOKEC', 40000, 35000, 175000, 0, 0, 0),
('TMOK41', 'Perineorapi', 'Tindakan', 'TMOKEC', 40000, 35000, 175000, 0, 0, 0),
('TMOK40', 'Perawatan molax', 'Tindakan', 'TMOKEC', 40000, 35000, 175000, 0, 0, 0),
('TMOK39', 'Penutupan Oroantral Fistula ', 'Tindakan', 'TMOKEC', 40000, 35000, 175000, 0, 0, 0),
('TMOK38', 'Pemasangan WSD ', 'Tindakan', 'TMOKEC', 40000, 35000, 175000, 0, 0, 0),
('TMOK37', 'Parasintesa', 'Tindakan', 'TMOKEC', 40000, 35000, 175000, 0, 0, 0),
('TMOK36', 'Operculectomy', 'Tindakan', 'TMOKEC', 40000, 35000, 175000, 0, 0, 0),
('TMOK35', 'Odontectomy dengan lokal anestesi ', 'Tindakan', 'TMOKEC', 40000, 35000, 175000, 0, 0, 0),
('TMOK34', 'Marsupilisisi', 'Tindakan', 'TMOKEC', 40000, 35000, 175000, 0, 0, 0),
('TMOK33', 'Kuretase tanpa narkose', 'Tindakan', 'TMOKEC', 40000, 35000, 175000, 0, 0, 0),
('TMOK32', 'Insisi Mucocele', 'Tindakan', 'TMOKEC', 40000, 35000, 175000, 0, 0, 0),
('TMOK31', 'Insisi Chalasion herdeolum', 'Tindakan', 'TMOKEC', 40000, 35000, 175000, 0, 0, 0),
('TMOK30', 'Insisi abses septum nasi', 'Tindakan', 'TMOKEC', 40000, 35000, 175000, 0, 0, 0),
('TMOK29', 'Insisi abses mastoid', 'Tindakan', 'TMOKEC', 40000, 35000, 175000, 0, 0, 0),
('TMOK28', 'Insisi abses', 'Tindakan', 'TMOKEC', 40000, 35000, 175000, 0, 0, 0),
('TMOK27', 'Injeksi Varises (termasuk obat) ', 'Tindakan', 'TMOKEC', 40000, 35000, 175000, 0, 0, 0),
('TMOK26', 'Injeksi Haemoroid (termasuk obat) ', 'Tindakan', 'TMOKEC', 40000, 35000, 175000, 0, 0, 0),
('TMOK25', 'Injecsi alkohol / cortison retrobulbair', 'Tindakan', 'TMOKEC', 40000, 35000, 175000, 0, 0, 0),
('TMOK24', 'Hecting Conjunctiva (MATA)', 'Tindakan', 'TMOKEC', 40000, 35000, 175000, 0, 0, 0),
('TMOK23', 'Gingivectomy ', 'Tindakan', 'TMOKEC', 40000, 35000, 175000, 0, 0, 0),
('TMOK22', 'Frenectomi ', 'Tindakan', 'TMOKEC', 40000, 35000, 175000, 0, 0, 0),
('TMOK21', 'Fistulektomi (tanpa narkose)', 'Tindakan', 'TMOKEC', 40000, 35000, 175000, 0, 0, 0),
('TMOK20', 'Epilasi', 'Tindakan', 'TMOKEC', 40000, 35000, 175000, 0, 0, 0),
('TMOK19', 'Enucleatie Kista D 42', 'Tindakan', 'TMOKEC', 40000, 35000, 175000, 0, 0, 0),
('TMOK18', 'Ektirpasi Fibroma', 'Tindakan', 'TMOKEC', 40000, 35000, 175000, 0, 0, 0),
('TMOK17', 'Ekstraksi kuku/Paranichia', 'Tindakan', 'TMOKEC', 40000, 35000, 175000, 0, 0, 0),
('TMOK16', 'Ekstraksi korpus aleanum, nekrotomi ulkus kornea', 'Tindakan', 'TMOKEC', 40000, 35000, 175000, 0, 0, 0),
('TMOK15', 'Ekstraksi kalsium oksalat', 'Tindakan', 'TMOKEC', 40000, 35000, 175000, 0, 0, 0),
('TMOK14', 'Ekstraksi granuloma', 'Tindakan', 'TMOKEC', 40000, 35000, 175000, 0, 0, 0),
('TMOK13', 'Eksterpasi Tumor dengan diameter kurang dari 5 cm', 'Tindakan', 'TMOKEC', 40000, 35000, 175000, 0, 0, 0),
('TMOK12', 'Eksterpasi Cyste Conjunctiva (MATA)', 'Tindakan', 'TMOKEC', 40000, 35000, 175000, 0, 0, 0),
('TMOK11', 'Eksisi Pterigium ', 'Tindakan', 'TMOKEC', 40000, 35000, 175000, 0, 0, 0),
('TMOK10', 'Debridemen luka', 'Tindakan', 'TMOKEC', 40000, 35000, 175000, 0, 0, 0),
('TMOK09', 'Corpus alienum tanpa penyulit.', 'Tindakan', 'TMOKEC', 40000, 35000, 175000, 0, 0, 0),
('TMOK08', 'Cirkumsisi', 'Tindakan', 'TMOKEC', 40000, 35000, 175000, 0, 0, 0),
('TMOK07', 'Bouginasi', 'Tindakan', 'TMOKEC', 40000, 35000, 175000, 0, 0, 0),
('TMOK06', 'Biopsi tumor nasofaring', 'Tindakan', 'TMOKEC', 40000, 35000, 175000, 0, 0, 0),
('TMOK05', 'Biopsi', 'Tindakan', 'TMOKEC', 40000, 35000, 175000, 0, 0, 0),
('TMOK04', 'Amputasi Jari (tanpa narkose)', 'Tindakan', 'TMOKEC', 40000, 35000, 175000, 0, 0, 0),
('TMOK03', 'Amotio lithiasis', 'Tindakan', 'TMOKEC', 40000, 35000, 175000, 0, 0, 0),
('TMOK02', 'Amotio corpus alineum konjungtiva kornea', 'Tindakan', 'TMOKEC', 40000, 35000, 175000, 0, 0, 0),
('TMOK01', 'Alveolectomi ', 'Tindakan', 'TMOKEC', 40000, 35000, 175000, 0, 0, 0),
('TMOKIII110', 'Urethrektomi ', 'Tindakan', 'TMOKELIII', 411000, 206000, 1026000, 513000, 0, 0),
('TMOKIII111', 'Uretroplasti ', 'Tindakan', 'TMOKELIII', 411000, 206000, 1026000, 513000, 0, 0),
('TMOSUS01', 'Fungsional Endoscopy Sinus Surgery (FESS)', 'Tindakan', 'TMOSUS', 960000, 320000, 1600000, 800000, 0, 0),
('TMOSUS02', 'Operasi stabismus', 'Tindakan', 'TMOSUS', 960000, 320000, 1600000, 800000, 0, 0),
('TMOSUS03', 'Operatif Laparoscopy', 'Tindakan', 'TMOSUS', 960000, 320000, 1600000, 800000, 0, 0),
('TMOSUS04', 'Pembedahan dengan Laparoscopi terapetik', 'Tindakan', 'TMOSUS', 960000, 320000, 1600000, 800000, 0, 0),
('TMOSUS05', 'Trabekulektomi dengan tripel prosedur', 'Tindakan', 'TMOSUS', 960000, 320000, 1600000, 800000, 0, 0),
('TMOSUS06', 'Transplantasi kornea', 'Tindakan', 'TMOSUS', 960000, 320000, 1600000, 800000, 0, 0),
('TMOSUS07', 'Tymphanoplasty', 'Tindakan', 'TMOSUS', 960000, 320000, 1600000, 800000, 0, 0);

-- --------------------------------------------------------

--
-- Table structure for table `m_status_pasien`
--

CREATE TABLE IF NOT EXISTS `m_status_pasien` (
  `id_status` int(11) NOT NULL AUTO_INCREMENT,
  `nama_status` varchar(255) NOT NULL,
  PRIMARY KEY (`id_status`)
) ENGINE=MyISAM DEFAULT CHARSET=latin1 AUTO_INCREMENT=1 ;

--
-- Dumping data for table `m_status_pasien`
--


-- --------------------------------------------------------

--
-- Table structure for table `m_subkategori`
--

CREATE TABLE IF NOT EXISTS `m_subkategori` (
  `id_subkategori` varchar(20) NOT NULL,
  `fk_kategori_subkategori` varchar(20) NOT NULL,
  `nama_subkategori` varchar(50) NOT NULL,
  `tarif_kelas` int(11) NOT NULL,
  `order` int(11) NOT NULL,
  PRIMARY KEY (`id_subkategori`)
) ENGINE=MyISAM DEFAULT CHARSET=latin1;

--
-- Dumping data for table `m_subkategori`
--

INSERT INTO `m_subkategori` (`id_subkategori`, `fk_kategori_subkategori`, `nama_subkategori`, `tarif_kelas`, `order`) VALUES
('ELM', 'ELM', 'Elektromedik/ Alkes', 0, 0),
('FISSR', 'FIS', 'Fisioterapi Sederhan', 0, 0),
('FISSD', 'FIS', 'Fisioterapi Sedang', 0, 0),
('FISCG', 'FIS', 'Fisioterapi Canggih', 0, 0),
('TMOGD', 'IGD', 'Tindakan Rawat Darurat', 0, 0),
('KEP', 'KEP', 'Tindakan Keperawatan', 0, 0),
('LABCIT', 'LAB', 'Laboratorium CITO', 0, 0),
('LABTER', 'LAB', 'Laboratorium Terencana', 0, 0),
('VK', 'VK', 'Tindakan Persalinan', 0, 0),
('RADTER', 'RAD', 'Radiologi Terencana', 0, 0),
('RADCIT', 'RAD', 'Radiologi Cito', 0, 0),
('TMNO', 'TMNO', 'Tindakan Medik Non Operatif', 0, 0),
('TMOKEC', 'TMO', 'Tindakan Medik Operatif Kecil', 0, 0),
('TMOKELI', 'TMO', 'Tindakan Medik Operatif Kel I', 0, 0),
('TMOKELII', 'TMO', 'Tindakan Medik Operatif Kel II', 0, 0),
('TMOKELIII', 'TMO', 'Tindakan Medik Operatif Kel III', 0, 0),
('TMOSUS', 'TMO', 'Tindakan Medik Operatif Khusus', 0, 0),
('JMUMUM', 'JM', 'Konsul Dokter Umum', 0, 0),
('JMSPES', 'JM', 'Konsul Dokter Spesialis', 0, 0),
('BHP', 'BHP', 'Bahan Habis Pakai', 0, 0),
('ED1', 'ELM', 'aaaa', 0, 0);

-- --------------------------------------------------------

--
-- Table structure for table `m_supplier`
--

CREATE TABLE IF NOT EXISTS `m_supplier` (
  `id_supplier` int(11) NOT NULL AUTO_INCREMENT,
  `nama_supplier` varchar(255) NOT NULL,
  `alamat_supplier` text NOT NULL,
  `id_kabupaten` varchar(11) NOT NULL,
  `kodepos` text NOT NULL,
  `telp` varchar(50) NOT NULL,
  `bank` varchar(255) NOT NULL,
  `bank_no` varchar(255) NOT NULL,
  `bank_an` varchar(255) NOT NULL,
  `cp` varchar(255) NOT NULL,
  `email` varchar(255) NOT NULL,
  `ket` text NOT NULL,
  PRIMARY KEY (`id_supplier`)
) ENGINE=MyISAM DEFAULT CHARSET=latin1 AUTO_INCREMENT=1 ;

--
-- Dumping data for table `m_supplier`
--


-- --------------------------------------------------------

--
-- Table structure for table `pasien_alergi`
--

CREATE TABLE IF NOT EXISTS `pasien_alergi` (
  `id_alergi` int(11) NOT NULL AUTO_INCREMENT,
  `no_rm` varchar(20) NOT NULL,
  `nama` varchar(50) NOT NULL,
  `alergi_obat` varchar(50) NOT NULL,
  `tgl` date NOT NULL,
  `time_alergi` timestamp NOT NULL DEFAULT CURRENT_TIMESTAMP,
  `kronis_sebelumnya` varchar(255) NOT NULL,
  `kronis_keluarga` varchar(255) NOT NULL,
  PRIMARY KEY (`id_alergi`)
) ENGINE=MyISAM  DEFAULT CHARSET=latin1 AUTO_INCREMENT=3 ;

--
-- Dumping data for table `pasien_alergi`
--

INSERT INTO `pasien_alergi` (`id_alergi`, `no_rm`, `nama`, `alergi_obat`, `tgl`, `time_alergi`, `kronis_sebelumnya`, `kronis_keluarga`) VALUES
(1, '3253636634643', 'Muhammad Arif', 'obat panu', '2013-04-27', '2013-04-26 13:21:53', 'hh', 'bbh'),
(2, '34574757547547', 'Klemen Leri Blikon', 'obat panu', '2013-04-27', '2013-04-26 14:53:19', 'panu akut', 'hooh');

-- --------------------------------------------------------

--
-- Table structure for table `pasien_riwayat`
--

CREATE TABLE IF NOT EXISTS `pasien_riwayat` (
  `id_riwayat` int(11) NOT NULL AUTO_INCREMENT,
  `hipertensi` varchar(50) NOT NULL,
  `diabetes` varchar(50) NOT NULL,
  `asma` varchar(50) NOT NULL,
  `lain` varchar(50) NOT NULL,
  PRIMARY KEY (`id_riwayat`)
) ENGINE=MyISAM DEFAULT CHARSET=latin1 AUTO_INCREMENT=1 ;

--
-- Dumping data for table `pasien_riwayat`
--


-- --------------------------------------------------------

--
-- Table structure for table `pegawai`
--

CREATE TABLE IF NOT EXISTS `pegawai` (
  `id_pegawai` int(11) NOT NULL AUTO_INCREMENT,
  `nama_pegawai` varchar(255) NOT NULL,
  `nip_pegawai` varchar(30) NOT NULL,
  `fk_jabatan` int(11) NOT NULL,
  `pangkat` varchar(11) NOT NULL,
  `fk_unit_kerja` int(11) NOT NULL,
  `status` varchar(15) NOT NULL,
  `jenis_kelamin` varchar(2) NOT NULL,
  `tempat_lahir` varchar(50) NOT NULL,
  `tgl_lahir` date NOT NULL,
  `agama_id` int(11) NOT NULL,
  `alamat` varchar(100) NOT NULL,
  `email` varchar(50) NOT NULL,
  `telepon` int(13) NOT NULL,
  `gambar` varchar(100) NOT NULL,
  `riwayat` text NOT NULL,
  PRIMARY KEY (`id_pegawai`)
) ENGINE=MyISAM  DEFAULT CHARSET=latin1 AUTO_INCREMENT=49 ;

--
-- Dumping data for table `pegawai`
--

INSERT INTO `pegawai` (`id_pegawai`, `nama_pegawai`, `nip_pegawai`, `fk_jabatan`, `pangkat`, `fk_unit_kerja`, `status`, `jenis_kelamin`, `tempat_lahir`, `tgl_lahir`, `agama_id`, `alamat`, `email`, `telepon`, `gambar`, `riwayat`) VALUES
(1, 'Admin DKK', '1', 27, '', 8, '', '', '', '0000-00-00', 70, '', '', 0, '', ''),
(2, 'Admin Puskesmas', '2', 28, '', 7, '', '', '', '0000-00-00', 70, '', '', 0, '', ''),
(4, 'Dokter', '3', 26, '', 7, '', '', '', '0000-00-00', 70, '', '', 0, '', ''),
(5, 'Loket', '4', 28, '', 7, '', '', '', '0000-00-00', 70, '', '', 0, '', ''),
(6, 'Perawat', '5', 29, '', 7, '', '', '', '0000-00-00', 70, '', '', 0, '', ''),
(7, 'Bidan', '6', 30, '', 7, '', '', '', '0000-00-00', 70, '', '', 0, '', ''),
(8, 'Apoteker', '7', 31, '', 7, '', '', '', '0000-00-00', 70, '', '', 0, '', ''),
(9, 'Farmaker', '8', 27, '', 8, '', '', '', '0000-00-00', 70, '', '', 0, '', ''),
(10, 'Dokter Gigi', '9', 26, '', 7, '', '', '', '0000-00-00', 70, '', '', 0, '', ''),
(11, 'Laboran Labkesda', '10', 32, '', 8, '', '', '', '0000-00-00', 70, '', '', 0, '', ''),
(12, 'Laboran Puskesmas', '11', 32, '', 7, '', '', '', '0000-00-00', 70, '', '', 0, '', ''),
(13, 'Perawat Anak', '12', 29, '', 7, '', '', '', '0000-00-00', 70, '', '', 0, '', ''),
(14, 'Perawat Dewasa', '13', 29, '', 7, '', '', '', '0000-00-00', 70, '', '', 0, '', ''),
(15, 'Perawat IGD', '14', 29, '', 7, '', '', '', '0000-00-00', 70, '', '', 0, '', ''),
(16, 'Perawat Gigi', '15', 29, '', 7, '', '', '', '0000-00-00', 70, '', '', 0, '', ''),
(17, 'Perawat Gizi', '16', 29, '', 7, '', '', '', '0000-00-00', 70, '', '', 0, '', ''),
(18, 'Perawat Imunisasi', '17', 29, '', 7, '', '', '', '0000-00-00', 70, '', '', 0, '', ''),
(19, 'Pegawai ST2TP', '18', 27, '', 8, '', '', '', '0000-00-00', 70, '', '', 0, '', ''),
(20, 'Operator Dinkes', '19', 27, '', 8, '', '', '', '0000-00-00', 70, '', '', 0, '', ''),
(21, 'Kepala Dinkes', '20', 33, '', 8, '', '', '', '0000-00-00', 70, '', '', 0, '', ''),
(22, 'gudang apotek', '90', 31, '', 7, '', '', '', '0000-00-00', 70, '', '', 0, '', ''),
(23, 'Apoteker Dinkes', '87', 28, '', 8, '', '', '', '0000-00-00', 70, '', '', 0, '', ''),
(24, 'gudang2', '122', 28, '', 8, '', '', '', '0000-00-00', 70, '', '', 0, '', ''),
(25, 'gudang3', '657878', 28, '', 6, '', '', '', '0000-00-00', 70, '', '', 0, '', ''),
(26, 'gudang4', '1234', 28, '', 5, '', '', '', '0000-00-00', 70, '', '', 0, '', ''),
(27, 'farmasi2', '9090', 28, '', 7, '', '', '', '0000-00-00', 70, '', '', 0, '', ''),
(28, 'apotek2', '355', 28, '', 8, '', '', '', '0000-00-00', 70, '', '', 0, '', ''),
(29, 'apotek5', '5676', 28, '', 6, '', '', '', '0000-00-00', 70, '', '', 0, '', ''),
(30, 'rwerw', '24243', 26, '', 7, '', '', '', '0000-00-00', 70, '', '', 0, '', ''),
(31, 'HRD', '30051990', 37, '', 8, '', '', '', '0000-00-00', 70, '', '', 0, '', ''),
(48, 'Muhammad Roziqin', '0099656', 33, '', 0, 'Sudah Menikah', 'P', 'Rembang', '1989-01-29', 69, 'Desa Pulo Dukuh Gayam Rembang', 'sfsfsf@yahoo.com', 2147483647, '07c8c838bc18b40d977e2b1bc627dde7.png', '<p><ol><li><span style="line-height:S KALIWATES sebagai HRD tanggal <b>13 Mei 2010</b></span><br></li><li><span style="line-height: 1.45em;">Naik Pangkat sebagai Kepala Dinas Kesehatan <b>30 April 2013</b></span></li></ol></p>\n');

-- --------------------------------------------------------

--
-- Table structure for table `perujuk`
--

CREATE TABLE IF NOT EXISTS `perujuk` (
  `id_perujuk` int(11) NOT NULL AUTO_INCREMENT,
  `nama_perujuk` varchar(50) NOT NULL,
  `alamat_perujuk` varchar(50) NOT NULL,
  `telp_perujuk` varchar(20) NOT NULL,
  PRIMARY KEY (`id_perujuk`)
) ENGINE=MyISAM  DEFAULT CHARSET=latin1 AUTO_INCREMENT=9 ;

--
-- Dumping data for table `perujuk`
--

INSERT INTO `perujuk` (`id_perujuk`, `nama_perujuk`, `alamat_perujuk`, `telp_perujuk`) VALUES
(5, 'Rumah Sakit1', 'Rumah Sakit1', '1'),
(4, 'Paramedis', 'Paramedis', 'Paramedias'),
(3, 'Dokter', 'Dokter', ''),
(6, 'Klinik Bersalin', 'Klinik Bersalin', ''),
(7, 'Puskesmas', 'Puskesmas', ''),
(8, '1', '2', '3');

-- --------------------------------------------------------

--
-- Table structure for table `sanitasi_header_inspeksi_ttu`
--

CREATE TABLE IF NOT EXISTS `sanitasi_header_inspeksi_ttu` (
  `id` int(11) NOT NULL AUTO_INCREMENT,
  `nama` varchar(50) NOT NULL,
  `kategori` varchar(50) NOT NULL,
  PRIMARY KEY (`id`)
) ENGINE=MyISAM  DEFAULT CHARSET=latin1 AUTO_INCREMENT=5 ;

--
-- Dumping data for table `sanitasi_header_inspeksi_ttu`
--

INSERT INTO `sanitasi_header_inspeksi_ttu` (`id`, `nama`, `kategori`) VALUES
(3, 'Masjids', 'Sarana Ibadah'),
(4, 'Gereja', 'Sarana Ibadah');

-- --------------------------------------------------------

--
-- Table structure for table `sanitasi_header_inspeksi_ttu_op`
--

CREATE TABLE IF NOT EXISTS `sanitasi_header_inspeksi_ttu_op` (
  `id` int(11) NOT NULL AUTO_INCREMENT,
  `header` int(11) NOT NULL,
  `opsi` varchar(50) NOT NULL,
  PRIMARY KEY (`id`)
) ENGINE=MyISAM  DEFAULT CHARSET=latin1 AUTO_INCREMENT=15 ;

--
-- Dumping data for table `sanitasi_header_inspeksi_ttu_op`
--

INSERT INTO `sanitasi_header_inspeksi_ttu_op` (`id`, `header`, `opsi`) VALUES
(9, 3, 'Nama Takmir'),
(10, 3, 'Alamat'),
(11, 3, 'Telepon'),
(12, 4, 'Nama Pendeta'),
(13, 4, 'Alamat'),
(14, 4, 'Telp');

-- --------------------------------------------------------

--
-- Table structure for table `sanitasi_m_jenis_penyakit`
--

CREATE TABLE IF NOT EXISTS `sanitasi_m_jenis_penyakit` (
  `id` int(11) NOT NULL AUTO_INCREMENT,
  `nama` varchar(50) NOT NULL,
  PRIMARY KEY (`id`)
) ENGINE=MyISAM  DEFAULT CHARSET=latin1 AUTO_INCREMENT=5 ;

--
-- Dumping data for table `sanitasi_m_jenis_penyakit`
--

INSERT INTO `sanitasi_m_jenis_penyakit` (`id`, `nama`) VALUES
(1, 'Kecacingan'),
(4, 'Malaria');

-- --------------------------------------------------------

--
-- Table structure for table `sanitasi_m_sab`
--

CREATE TABLE IF NOT EXISTS `sanitasi_m_sab` (
  `id` int(11) NOT NULL AUTO_INCREMENT,
  `nama` varchar(50) NOT NULL,
  PRIMARY KEY (`id`)
) ENGINE=MyISAM  DEFAULT CHARSET=latin1 AUTO_INCREMENT=6 ;

--
-- Dumping data for table `sanitasi_m_sab`
--

INSERT INTO `sanitasi_m_sab` (`id`, `nama`) VALUES
(3, 'Sumur Gali'),
(4, 'SUmur Pompa'),
(5, 'Penampungan Air Hujan');

-- --------------------------------------------------------

--
-- Table structure for table `sanitasi_m_tp2`
--

CREATE TABLE IF NOT EXISTS `sanitasi_m_tp2` (
  `id` int(11) NOT NULL AUTO_INCREMENT,
  `nama` varchar(50) NOT NULL,
  PRIMARY KEY (`id`)
) ENGINE=MyISAM  DEFAULT CHARSET=latin1 AUTO_INCREMENT=3 ;

--
-- Dumping data for table `sanitasi_m_tp2`
--

INSERT INTO `sanitasi_m_tp2` (`id`, `nama`) VALUES
(1, 'Pestisida'),
(2, 'TP2');

-- --------------------------------------------------------

--
-- Table structure for table `sanitasi_m_tpm`
--

CREATE TABLE IF NOT EXISTS `sanitasi_m_tpm` (
  `id` int(11) NOT NULL AUTO_INCREMENT,
  `kategori` varchar(50) NOT NULL,
  `nama` varchar(50) NOT NULL,
  PRIMARY KEY (`id`)
) ENGINE=MyISAM  DEFAULT CHARSET=latin1 AUTO_INCREMENT=3 ;

--
-- Dumping data for table `sanitasi_m_tpm`
--

INSERT INTO `sanitasi_m_tpm` (`id`, `kategori`, `nama`) VALUES
(1, 'Sarana Non IRTP', 'TPMs'),
(2, 'Sarana Non IRTP', 'Cafe');

-- --------------------------------------------------------

--
-- Table structure for table `sanitasi_m_ttu`
--

CREATE TABLE IF NOT EXISTS `sanitasi_m_ttu` (
  `id` int(11) NOT NULL AUTO_INCREMENT,
  `kategori` varchar(50) NOT NULL,
  `nama` varchar(50) NOT NULL,
  PRIMARY KEY (`id`)
) ENGINE=MyISAM  DEFAULT CHARSET=latin1 AUTO_INCREMENT=6 ;

--
-- Dumping data for table `sanitasi_m_ttu`
--

INSERT INTO `sanitasi_m_ttu` (`id`, `kategori`, `nama`) VALUES
(3, 'Sarana Ibadah', 'Gereja'),
(4, 'Sarana Pendidikan', 'TK'),
(5, 'Sarana Pendidikan', 'SD');

-- --------------------------------------------------------

--
-- Table structure for table `sanitasi_polling_penyakit`
--

CREATE TABLE IF NOT EXISTS `sanitasi_polling_penyakit` (
  `id_pertanyaan` int(11) NOT NULL AUTO_INCREMENT,
  `jenis_penyakit` varchar(11) NOT NULL,
  `nama_pertanyaan` varchar(255) NOT NULL,
  `publish` varchar(1) NOT NULL,
  `time_post` timestamp NOT NULL DEFAULT CURRENT_TIMESTAMP,
  PRIMARY KEY (`id_pertanyaan`)
) ENGINE=MyISAM  DEFAULT CHARSET=latin1 AUTO_INCREMENT=6 ;

--
-- Dumping data for table `sanitasi_polling_penyakit`
--

INSERT INTO `sanitasi_polling_penyakit` (`id_pertanyaan`, `jenis_penyakit`, `nama_pertanyaan`, `publish`, `time_post`) VALUES
(2, '1', 'Volume Nafas', '', '2012-04-14 18:41:14'),
(3, '1', 'Nadi', '', '2012-04-14 18:42:04'),
(4, '1', 'Cuci tangan sebelum makan?', '', '2012-05-21 20:58:30'),
(5, '1', 'Apakah ?', '', '2012-12-12 15:31:15');

-- --------------------------------------------------------

--
-- Table structure for table `sanitasi_polling_penyakit_ops`
--

CREATE TABLE IF NOT EXISTS `sanitasi_polling_penyakit_ops` (
  `id_ops` int(11) NOT NULL AUTO_INCREMENT,
  `jawaban` varchar(255) NOT NULL,
  `uraian` varchar(255) NOT NULL,
  `catatan` varchar(255) NOT NULL,
  `pertanyaan` varchar(11) NOT NULL,
  PRIMARY KEY (`id_ops`)
) ENGINE=MyISAM  DEFAULT CHARSET=latin1 AUTO_INCREMENT=25 ;

--
-- Dumping data for table `sanitasi_polling_penyakit_ops`
--

INSERT INTO `sanitasi_polling_penyakit_ops` (`id_ops`, `jawaban`, `uraian`, `catatan`, `pertanyaan`) VALUES
(18, 'Normal', '', 'diastole', '3'),
(17, 'Cukup', '', '', '2'),
(16, 'Tidak Sehat', '', '', '2'),
(15, 'Sehat', '', '', '2'),
(19, 'Tidak Normal', '', 'Sistole', '3'),
(20, 'Ya', '', '', '4'),
(21, 'Tidak', '', '', '4'),
(22, 'a', '', '', '5'),
(23, 'b', '', '', '5'),
(24, 'c', '', '', '5');

-- --------------------------------------------------------

--
-- Table structure for table `sanitasi_skoring_pestisida`
--

CREATE TABLE IF NOT EXISTS `sanitasi_skoring_pestisida` (
  `id_skoring_pestisida` int(11) NOT NULL AUTO_INCREMENT,
  `pestisida` varchar(11) NOT NULL,
  `skor_memenuhi_syarat` double NOT NULL,
  `skor_tidak_memenuhi_syarat` double NOT NULL,
  PRIMARY KEY (`id_skoring_pestisida`)
) ENGINE=MyISAM  DEFAULT CHARSET=latin1 AUTO_INCREMENT=4 ;

--
-- Dumping data for table `sanitasi_skoring_pestisida`
--

INSERT INTO `sanitasi_skoring_pestisida` (`id_skoring_pestisida`, `pestisida`, `skor_memenuhi_syarat`, `skor_tidak_memenuhi_syarat`) VALUES
(2, '1', 123, 12),
(3, '1', 4, 1);

-- --------------------------------------------------------

--
-- Table structure for table `sanitasi_skoring_pestisida_penjualan`
--

CREATE TABLE IF NOT EXISTS `sanitasi_skoring_pestisida_penjualan` (
  `id` int(11) NOT NULL AUTO_INCREMENT,
  `komponen` varchar(11) NOT NULL,
  `skor` int(11) NOT NULL,
  `skoring_pestisida` varchar(11) NOT NULL,
  PRIMARY KEY (`id`)
) ENGINE=MyISAM  DEFAULT CHARSET=latin1 AUTO_INCREMENT=6 ;

--
-- Dumping data for table `sanitasi_skoring_pestisida_penjualan`
--

INSERT INTO `sanitasi_skoring_pestisida_penjualan` (`id`, `komponen`, `skor`, `skoring_pestisida`) VALUES
(4, '123', 123, '2'),
(5, 'c', 3, '3');

-- --------------------------------------------------------

--
-- Table structure for table `sanitasi_skoring_pestisida_ruang`
--

CREATE TABLE IF NOT EXISTS `sanitasi_skoring_pestisida_ruang` (
  `id` int(11) NOT NULL AUTO_INCREMENT,
  `komponen` varchar(11) NOT NULL,
  `skor` int(11) NOT NULL,
  `skoring_pestisida` varchar(11) NOT NULL,
  PRIMARY KEY (`id`)
) ENGINE=MyISAM  DEFAULT CHARSET=latin1 AUTO_INCREMENT=6 ;

--
-- Dumping data for table `sanitasi_skoring_pestisida_ruang`
--

INSERT INTO `sanitasi_skoring_pestisida_ruang` (`id`, `komponen`, `skor`, `skoring_pestisida`) VALUES
(4, 'werewr', 123, '2'),
(5, 'a', 1, '3');

-- --------------------------------------------------------

--
-- Table structure for table `sanitasi_skoring_pestisida_sarana_lain`
--

CREATE TABLE IF NOT EXISTS `sanitasi_skoring_pestisida_sarana_lain` (
  `id` int(11) NOT NULL AUTO_INCREMENT,
  `komponen` varchar(11) NOT NULL,
  `skor` int(11) NOT NULL,
  `skoring_pestisida` varchar(11) NOT NULL,
  PRIMARY KEY (`id`)
) ENGINE=MyISAM  DEFAULT CHARSET=latin1 AUTO_INCREMENT=8 ;

--
-- Dumping data for table `sanitasi_skoring_pestisida_sarana_lain`
--

INSERT INTO `sanitasi_skoring_pestisida_sarana_lain` (`id`, `komponen`, `skor`, `skoring_pestisida`) VALUES
(6, '123', 123, '2'),
(5, '123', 123, '2'),
(7, 'd', 4, '3');

-- --------------------------------------------------------

--
-- Table structure for table `sanitasi_skoring_pestisida_tata_letak`
--

CREATE TABLE IF NOT EXISTS `sanitasi_skoring_pestisida_tata_letak` (
  `id` int(11) NOT NULL AUTO_INCREMENT,
  `komponen` varchar(11) NOT NULL,
  `skor` int(11) NOT NULL,
  `skoring_pestisida` varchar(11) NOT NULL,
  PRIMARY KEY (`id`)
) ENGINE=MyISAM  DEFAULT CHARSET=latin1 AUTO_INCREMENT=6 ;

--
-- Dumping data for table `sanitasi_skoring_pestisida_tata_letak`
--

INSERT INTO `sanitasi_skoring_pestisida_tata_letak` (`id`, `komponen`, `skor`, `skoring_pestisida`) VALUES
(4, 'werewr', 123, '2'),
(5, 'b', 2, '3');

-- --------------------------------------------------------

--
-- Table structure for table `sanitasi_skoring_rumah`
--

CREATE TABLE IF NOT EXISTS `sanitasi_skoring_rumah` (
  `id_skoring_rumah` int(11) NOT NULL AUTO_INCREMENT,
  `komponen` varchar(255) NOT NULL,
  `jenis` varchar(50) NOT NULL,
  `bobot` int(11) NOT NULL,
  `skor_rumah_sehat` int(11) NOT NULL,
  `skor_rumah_tidak_sehat` int(11) NOT NULL,
  PRIMARY KEY (`id_skoring_rumah`)
) ENGINE=MyISAM  DEFAULT CHARSET=latin1 AUTO_INCREMENT=4 ;

--
-- Dumping data for table `sanitasi_skoring_rumah`
--

INSERT INTO `sanitasi_skoring_rumah` (`id_skoring_rumah`, `komponen`, `jenis`, `bobot`, `skor_rumah_sehat`, `skor_rumah_tidak_sehat`) VALUES
(2, 'Komponen Rumah', 'we', 123, 12, 12),
(3, 'Sarana Santasi', 'A', 1, 10, 5);

-- --------------------------------------------------------

--
-- Table structure for table `sanitasi_skoring_rumah_kriteria`
--

CREATE TABLE IF NOT EXISTS `sanitasi_skoring_rumah_kriteria` (
  `id` int(11) NOT NULL AUTO_INCREMENT,
  `skoring_rumah` varchar(11) NOT NULL,
  `kriteria` varchar(255) NOT NULL,
  `nilai` int(11) NOT NULL,
  PRIMARY KEY (`id`)
) ENGINE=MyISAM  DEFAULT CHARSET=latin1 AUTO_INCREMENT=23 ;

--
-- Dumping data for table `sanitasi_skoring_rumah_kriteria`
--

INSERT INTO `sanitasi_skoring_rumah_kriteria` (`id`, `skoring_rumah`, `kriteria`, `nilai`) VALUES
(19, '2', 'werwe', 12),
(18, '2', '123', 12),
(17, '2', '12', 12),
(20, '2', '123', 123),
(21, '3', 'aa', 1),
(22, '3', 'bb', 2);

-- --------------------------------------------------------

--
-- Table structure for table `sanitasi_skoring_sab`
--

CREATE TABLE IF NOT EXISTS `sanitasi_skoring_sab` (
  `id_skoring_sab` int(11) NOT NULL AUTO_INCREMENT,
  `sab` varchar(11) NOT NULL,
  `skor_memenuhi_syarat` double NOT NULL,
  `skor_tidak_memenuhi_syarat` double NOT NULL,
  PRIMARY KEY (`id_skoring_sab`)
) ENGINE=MyISAM  DEFAULT CHARSET=latin1 AUTO_INCREMENT=5 ;

--
-- Dumping data for table `sanitasi_skoring_sab`
--

INSERT INTO `sanitasi_skoring_sab` (`id_skoring_sab`, `sab`, `skor_memenuhi_syarat`, `skor_tidak_memenuhi_syarat`) VALUES
(2, '2', 12, 12),
(3, '3', 11, 1),
(4, '4', 80, 50);

-- --------------------------------------------------------

--
-- Table structure for table `sanitasi_skoring_sab_komponen`
--

CREATE TABLE IF NOT EXISTS `sanitasi_skoring_sab_komponen` (
  `id` int(11) NOT NULL AUTO_INCREMENT,
  `skoring_sab` varchar(11) NOT NULL,
  `komponen` varchar(50) NOT NULL,
  PRIMARY KEY (`id`)
) ENGINE=MyISAM  DEFAULT CHARSET=latin1 AUTO_INCREMENT=17 ;

--
-- Dumping data for table `sanitasi_skoring_sab_komponen`
--

INSERT INTO `sanitasi_skoring_sab_komponen` (`id`, `skoring_sab`, `komponen`) VALUES
(12, '2', 'ada kran'),
(10, '0', 'werwerewr'),
(9, '0', 'werewr ewr'),
(11, '0', 'wer'),
(13, '3', 'aa'),
(14, '3', 'bb'),
(15, '4', 'ada'),
(16, '4', 'ada 2');

-- --------------------------------------------------------

--
-- Table structure for table `sanitasi_skoring_tpm`
--

CREATE TABLE IF NOT EXISTS `sanitasi_skoring_tpm` (
  `id_skoring_tpm` int(11) NOT NULL AUTO_INCREMENT,
  `tpm` varchar(11) NOT NULL,
  `group` varchar(50) NOT NULL,
  `jenis_komponen` varchar(50) NOT NULL,
  `skor_baik` int(11) NOT NULL,
  `skor_cukup` int(11) NOT NULL,
  `skor_kurang` int(11) NOT NULL,
  PRIMARY KEY (`id_skoring_tpm`)
) ENGINE=MyISAM  DEFAULT CHARSET=latin1 AUTO_INCREMENT=6 ;

--
-- Dumping data for table `sanitasi_skoring_tpm`
--

INSERT INTO `sanitasi_skoring_tpm` (`id_skoring_tpm`, `tpm`, `group`, `jenis_komponen`, `skor_baik`, `skor_cukup`, `skor_kurang`) VALUES
(1, 'Sarana Non ', 'Komponen Rumah', 'wer', 123, 123, 123),
(2, 'Sarana Sani', '0', '123', 12, 12, 12),
(4, '1', 'Komponen Rumah', 'a', 2, 1, 0),
(5, '1', 'Komponen Rumah', 'b', 3, 2, 1);

-- --------------------------------------------------------

--
-- Table structure for table `sanitasi_skoring_tpm_kriteria`
--

CREATE TABLE IF NOT EXISTS `sanitasi_skoring_tpm_kriteria` (
  `id` int(11) NOT NULL AUTO_INCREMENT,
  `skoring_tpm` int(11) NOT NULL,
  `kriteria` varchar(50) NOT NULL,
  `nilai` int(11) NOT NULL,
  PRIMARY KEY (`id`)
) ENGINE=MyISAM  DEFAULT CHARSET=latin1 AUTO_INCREMENT=22 ;

--
-- Dumping data for table `sanitasi_skoring_tpm_kriteria`
--

INSERT INTO `sanitasi_skoring_tpm_kriteria` (`id`, `skoring_tpm`, `kriteria`, `nilai`) VALUES
(1, 1, '12', 123),
(2, 2, '12', 12),
(13, 4, 'we', 12),
(21, 0, 'aaab', 2),
(20, 0, 'aaa', 1),
(18, 5, 'x', 1),
(19, 5, 'xx', 1);

-- --------------------------------------------------------

--
-- Table structure for table `sanitasi_skoring_ttu`
--

CREATE TABLE IF NOT EXISTS `sanitasi_skoring_ttu` (
  `id_skoring_ttu` int(11) NOT NULL AUTO_INCREMENT,
  `ttu` varchar(11) NOT NULL,
  `kategori_variabel` varchar(50) NOT NULL,
  `subkategori_variabel` varchar(50) NOT NULL,
  `bobot` double NOT NULL,
  PRIMARY KEY (`id_skoring_ttu`)
) ENGINE=MyISAM  DEFAULT CHARSET=latin1 AUTO_INCREMENT=5 ;

--
-- Dumping data for table `sanitasi_skoring_ttu`
--

INSERT INTO `sanitasi_skoring_ttu` (`id_skoring_ttu`, `ttu`, `kategori_variabel`, `subkategori_variabel`, `bobot`) VALUES
(2, '1', 'we', 'rwer', 0),
(3, '2', 'Sirkulasi Udara', 'Sirkulasi Udara', 10),
(4, '2', 'a', 'a', 2);

-- --------------------------------------------------------

--
-- Table structure for table `sanitasi_skoring_ttu_komponen`
--

CREATE TABLE IF NOT EXISTS `sanitasi_skoring_ttu_komponen` (
  `id` int(11) NOT NULL AUTO_INCREMENT,
  `skoring_ttu` varchar(11) NOT NULL,
  `komponen` varchar(50) NOT NULL,
  `nilai` int(11) NOT NULL,
  PRIMARY KEY (`id`)
) ENGINE=MyISAM  DEFAULT CHARSET=latin1 AUTO_INCREMENT=17 ;

--
-- Dumping data for table `sanitasi_skoring_ttu_komponen`
--

INSERT INTO `sanitasi_skoring_ttu_komponen` (`id`, `skoring_ttu`, `komponen`, `nilai`) VALUES
(9, '2', 'werwerew', 12),
(10, '2', 'werwer', 12),
(14, '3', 'Apakah Ada Ventilasi ', 12),
(13, '3', 'Apakah Ada Jendela', 13),
(16, '4', 'ada atap tidak', 10);

-- --------------------------------------------------------

--
-- Table structure for table `sanitasi_skoring_ttu_upaya`
--

CREATE TABLE IF NOT EXISTS `sanitasi_skoring_ttu_upaya` (
  `id_skoring_ttu_item` int(11) NOT NULL AUTO_INCREMENT,
  `skoring_ttu` varchar(11) NOT NULL,
  `variabel` varchar(50) NOT NULL,
  `persentase` int(11) NOT NULL,
  PRIMARY KEY (`id_skoring_ttu_item`)
) ENGINE=MyISAM  DEFAULT CHARSET=latin1 AUTO_INCREMENT=12 ;

--
-- Dumping data for table `sanitasi_skoring_ttu_upaya`
--

INSERT INTO `sanitasi_skoring_ttu_upaya` (`id_skoring_ttu_item`, `skoring_ttu`, `variabel`, `persentase`) VALUES
(7, '2', '12', 12),
(9, '3', '123123', 10),
(11, '4', '1', 10);

-- --------------------------------------------------------

--
-- Table structure for table `sanitasi_t_inpeksi_pestisida`
--

CREATE TABLE IF NOT EXISTS `sanitasi_t_inpeksi_pestisida` (
  `id_inspeksi` int(11) NOT NULL AUTO_INCREMENT,
  `tgl_inspeksi` date NOT NULL,
  `pestisida` varchar(11) NOT NULL,
  `nama_pemilik` varchar(50) NOT NULL,
  `no_izin` varchar(50) NOT NULL,
  `jml_karyawan` varchar(11) NOT NULL,
  `pegawai` varchar(255) NOT NULL,
  PRIMARY KEY (`id_inspeksi`)
) ENGINE=MyISAM  DEFAULT CHARSET=latin1 AUTO_INCREMENT=4 ;

--
-- Dumping data for table `sanitasi_t_inpeksi_pestisida`
--

INSERT INTO `sanitasi_t_inpeksi_pestisida` (`id_inspeksi`, `tgl_inspeksi`, `pestisida`, `nama_pemilik`, `no_izin`, `jml_karyawan`, `pegawai`) VALUES
(1, '2012-06-04', '1', 'qwe', 'qwe', '1', '14'),
(2, '2012-06-04', '1', '12', '12', '12', '1'),
(3, '2012-06-16', '1', '1', '1', '1', '10');

-- --------------------------------------------------------

--
-- Table structure for table `sanitasi_t_inpeksi_pestisida_skoring_penjualan`
--

CREATE TABLE IF NOT EXISTS `sanitasi_t_inpeksi_pestisida_skoring_penjualan` (
  `id_skoring` int(11) NOT NULL AUTO_INCREMENT,
  `skoring` varchar(11) NOT NULL,
  `hasil_skoring` varchar(255) NOT NULL,
  `inspeksi` varchar(11) NOT NULL,
  PRIMARY KEY (`id_skoring`)
) ENGINE=MyISAM  DEFAULT CHARSET=latin1 AUTO_INCREMENT=3 ;

--
-- Dumping data for table `sanitasi_t_inpeksi_pestisida_skoring_penjualan`
--

INSERT INTO `sanitasi_t_inpeksi_pestisida_skoring_penjualan` (`id_skoring`, `skoring`, `hasil_skoring`, `inspeksi`) VALUES
(1, '4', 'on', '2'),
(2, '5', 'on', '3');

-- --------------------------------------------------------

--
-- Table structure for table `sanitasi_t_inpeksi_pestisida_skoring_ruang`
--

CREATE TABLE IF NOT EXISTS `sanitasi_t_inpeksi_pestisida_skoring_ruang` (
  `id_skoring` int(11) NOT NULL AUTO_INCREMENT,
  `skoring` varchar(11) NOT NULL,
  `hasil_skoring` varchar(255) NOT NULL,
  `inspeksi` varchar(11) NOT NULL,
  PRIMARY KEY (`id_skoring`)
) ENGINE=MyISAM  DEFAULT CHARSET=latin1 AUTO_INCREMENT=5 ;

--
-- Dumping data for table `sanitasi_t_inpeksi_pestisida_skoring_ruang`
--

INSERT INTO `sanitasi_t_inpeksi_pestisida_skoring_ruang` (`id_skoring`, `skoring`, `hasil_skoring`, `inspeksi`) VALUES
(1, '5', 'on', '1'),
(2, '4', 'on', '1'),
(3, '5', 'on', '2'),
(4, '5', 'on', '3');

-- --------------------------------------------------------

--
-- Table structure for table `sanitasi_t_inpeksi_pestisida_skoring_sarana`
--

CREATE TABLE IF NOT EXISTS `sanitasi_t_inpeksi_pestisida_skoring_sarana` (
  `id_skoring` int(11) NOT NULL AUTO_INCREMENT,
  `skoring` varchar(11) NOT NULL,
  `hasil_skoring` varchar(255) NOT NULL,
  `inspeksi` varchar(11) NOT NULL,
  PRIMARY KEY (`id_skoring`)
) ENGINE=MyISAM  DEFAULT CHARSET=latin1 AUTO_INCREMENT=3 ;

--
-- Dumping data for table `sanitasi_t_inpeksi_pestisida_skoring_sarana`
--

INSERT INTO `sanitasi_t_inpeksi_pestisida_skoring_sarana` (`id_skoring`, `skoring`, `hasil_skoring`, `inspeksi`) VALUES
(1, '4', 'on', '2'),
(2, '4', 'on', '3');

-- --------------------------------------------------------

--
-- Table structure for table `sanitasi_t_inpeksi_pestisida_skoring_tata_letak`
--

CREATE TABLE IF NOT EXISTS `sanitasi_t_inpeksi_pestisida_skoring_tata_letak` (
  `id_skoring` int(11) NOT NULL AUTO_INCREMENT,
  `skoring` varchar(11) NOT NULL,
  `hasil_skoring` varchar(255) NOT NULL,
  `inspeksi` varchar(11) NOT NULL,
  PRIMARY KEY (`id_skoring`)
) ENGINE=MyISAM  DEFAULT CHARSET=latin1 AUTO_INCREMENT=4 ;

--
-- Dumping data for table `sanitasi_t_inpeksi_pestisida_skoring_tata_letak`
--

INSERT INTO `sanitasi_t_inpeksi_pestisida_skoring_tata_letak` (`id_skoring`, `skoring`, `hasil_skoring`, `inspeksi`) VALUES
(1, '5', 'on', '2'),
(2, '4', 'on', '2'),
(3, '5', 'on', '3');

-- --------------------------------------------------------

--
-- Table structure for table `sanitasi_t_inpeksi_rumah`
--

CREATE TABLE IF NOT EXISTS `sanitasi_t_inpeksi_rumah` (
  `id_inspeksi` int(11) NOT NULL AUTO_INCREMENT,
  `tgl_inspeksi` date NOT NULL,
  `no_rm` varchar(50) NOT NULL,
  `petugas` varchar(50) NOT NULL,
  PRIMARY KEY (`id_inspeksi`)
) ENGINE=MyISAM  DEFAULT CHARSET=latin1 AUTO_INCREMENT=5 ;

--
-- Dumping data for table `sanitasi_t_inpeksi_rumah`
--

INSERT INTO `sanitasi_t_inpeksi_rumah` (`id_inspeksi`, `tgl_inspeksi`, `no_rm`, `petugas`) VALUES
(2, '2012-06-01', '6473026010080001R', '11'),
(3, '2012-06-04', '6473026010080001R', '10'),
(4, '2012-06-16', '6473026010080001R', '11');

-- --------------------------------------------------------

--
-- Table structure for table `sanitasi_t_inpeksi_rumah_skoring`
--

CREATE TABLE IF NOT EXISTS `sanitasi_t_inpeksi_rumah_skoring` (
  `id_skoring` int(11) NOT NULL AUTO_INCREMENT,
  `skoring` varchar(11) NOT NULL,
  `hasil_skoring` varchar(255) NOT NULL,
  `inspeksi` varchar(11) NOT NULL,
  PRIMARY KEY (`id_skoring`)
) ENGINE=MyISAM  DEFAULT CHARSET=latin1 AUTO_INCREMENT=9 ;

--
-- Dumping data for table `sanitasi_t_inpeksi_rumah_skoring`
--

INSERT INTO `sanitasi_t_inpeksi_rumah_skoring` (`id_skoring`, `skoring`, `hasil_skoring`, `inspeksi`) VALUES
(3, '17', 'on', '2'),
(4, '18', 'on', '2'),
(5, '17', 'on', '3'),
(6, '18', 'on', '3'),
(7, '20', 'on', '3'),
(8, '17', 'on', '4');

-- --------------------------------------------------------

--
-- Table structure for table `sanitasi_t_inpeksi_sab`
--

CREATE TABLE IF NOT EXISTS `sanitasi_t_inpeksi_sab` (
  `id_inspeksi` int(11) NOT NULL AUTO_INCREMENT,
  `tgl_inspeksi` date NOT NULL,
  `sab` varchar(11) NOT NULL,
  `jenis_inspeksi` varchar(50) NOT NULL,
  `kode_sarana` varchar(50) NOT NULL,
  `nama_pemilik` varchar(50) NOT NULL,
  `sampel` varchar(50) NOT NULL,
  `kode_sampel` varchar(11) NOT NULL,
  `koliform` varchar(50) NOT NULL,
  `tinja` varchar(50) NOT NULL,
  `saran_sab` varchar(255) NOT NULL,
  PRIMARY KEY (`id_inspeksi`)
) ENGINE=MyISAM  DEFAULT CHARSET=latin1 AUTO_INCREMENT=9 ;

--
-- Dumping data for table `sanitasi_t_inpeksi_sab`
--

INSERT INTO `sanitasi_t_inpeksi_sab` (`id_inspeksi`, `tgl_inspeksi`, `sab`, `jenis_inspeksi`, `kode_sarana`, `nama_pemilik`, `sampel`, `kode_sampel`, `koliform`, `tinja`, `saran_sab`) VALUES
(1, '2012-05-30', '1', '12', '12', '12', '12', '12', '0', '0', 'Tidak Ada'),
(2, '2012-05-30', '1', '12', '12', '1', '2', '12', '0', '0', 'Pembinaan'),
(3, '2012-05-30', '26', '12', '12', '12', '12', '12', '0', '0', 'Tidak Ada'),
(5, '2012-05-31', '26', '12', '123', '123', '123', '123', '0', '0', 'Tidak Ada'),
(6, '2012-06-01', '23', '', '', '', '', '2011', '0', '0', 'Tidak Ada'),
(7, '2012-06-05', '23', 'Air Bersih', '12', '12', 'Ya', '12', '12', '0', '12'),
(8, '2012-06-16', '25', 'Air Bersih', 'aa', 'aa', 'Ya', '1', '1', '0', '1');

-- --------------------------------------------------------

--
-- Table structure for table `sanitasi_t_inpeksi_sab_skoring`
--

CREATE TABLE IF NOT EXISTS `sanitasi_t_inpeksi_sab_skoring` (
  `id_skoring` int(11) NOT NULL AUTO_INCREMENT,
  `skoring` varchar(11) NOT NULL,
  `hasil_skoring` varchar(255) NOT NULL,
  `inspeksi` varchar(11) NOT NULL,
  PRIMARY KEY (`id_skoring`)
) ENGINE=MyISAM  DEFAULT CHARSET=latin1 AUTO_INCREMENT=19 ;

--
-- Dumping data for table `sanitasi_t_inpeksi_sab_skoring`
--

INSERT INTO `sanitasi_t_inpeksi_sab_skoring` (`id_skoring`, `skoring`, `hasil_skoring`, `inspeksi`) VALUES
(14, '13', 'on', '3'),
(13, '18', 'on', '2'),
(12, '13', 'on', '2'),
(15, '13', 'on', '5'),
(16, '14', 'on', '5'),
(17, '13', 'on', '7'),
(18, '13', 'on', '8');

-- --------------------------------------------------------

--
-- Table structure for table `sanitasi_t_inpeksi_tpm`
--

CREATE TABLE IF NOT EXISTS `sanitasi_t_inpeksi_tpm` (
  `id_inspeksi` int(11) NOT NULL AUTO_INCREMENT,
  `tgl_inspeksi` date NOT NULL,
  `tpm` varchar(11) NOT NULL,
  `nama_pemilik` varchar(50) NOT NULL,
  `jenis_pangan` varchar(50) NOT NULL,
  `no_izin` varchar(50) NOT NULL,
  `jml_karyawan` varchar(11) NOT NULL,
  `bangunan_tahun` varchar(11) NOT NULL,
  `bangunan_bulan` varchar(11) NOT NULL,
  `nilai_terdahulu` varchar(11) NOT NULL,
  `status_kunjungan` varchar(50) NOT NULL,
  `ket` varchar(255) NOT NULL,
  PRIMARY KEY (`id_inspeksi`)
) ENGINE=MyISAM  DEFAULT CHARSET=latin1 AUTO_INCREMENT=8 ;

--
-- Dumping data for table `sanitasi_t_inpeksi_tpm`
--

INSERT INTO `sanitasi_t_inpeksi_tpm` (`id_inspeksi`, `tgl_inspeksi`, `tpm`, `nama_pemilik`, `jenis_pangan`, `no_izin`, `jml_karyawan`, `bangunan_tahun`, `bangunan_bulan`, `nilai_terdahulu`, `status_kunjungan`, `ket`) VALUES
(1, '2012-05-30', '1', '12', '12', '12', '12', '12', '0', '0', 'Tidak Ada', '12'),
(2, '2012-05-30', '1', '12', '12', '1', '2', '12', '0', '0', 'Pembinaan', '1212'),
(3, '2012-05-30', '26', '12', '12', '12', '12', '12', '0', '0', 'Tidak Ada', '12'),
(5, '2012-05-31', '26', '12', '123', '123', '123', '123', '0', '0', 'Tidak Ada', '123123'),
(6, '2012-06-01', '23', '', '', '', '', '2011', '0', '0', 'Tidak Ada', ''),
(7, '2012-06-16', '23', 'a', 'a', 'a', 'a', '2222', '0', '0', 'Tidak Ada', '1');

-- --------------------------------------------------------

--
-- Table structure for table `sanitasi_t_inpeksi_tpm_skoring`
--

CREATE TABLE IF NOT EXISTS `sanitasi_t_inpeksi_tpm_skoring` (
  `id_skoring` int(11) NOT NULL AUTO_INCREMENT,
  `skoring` varchar(11) NOT NULL,
  `hasil_skoring` varchar(255) NOT NULL,
  `inspeksi` varchar(11) NOT NULL,
  PRIMARY KEY (`id_skoring`)
) ENGINE=MyISAM  DEFAULT CHARSET=latin1 AUTO_INCREMENT=7 ;

--
-- Dumping data for table `sanitasi_t_inpeksi_tpm_skoring`
--

INSERT INTO `sanitasi_t_inpeksi_tpm_skoring` (`id_skoring`, `skoring`, `hasil_skoring`, `inspeksi`) VALUES
(2, '13', 'on', '5'),
(3, '18', 'on', '5'),
(4, '13', 'on', '6'),
(5, '18', 'on', '6'),
(6, '13', 'on', '7');

-- --------------------------------------------------------

--
-- Table structure for table `sanitasi_t_inpeksi_ttu`
--

CREATE TABLE IF NOT EXISTS `sanitasi_t_inpeksi_ttu` (
  `id_inspeksi` int(11) NOT NULL AUTO_INCREMENT,
  `tgl_inspeksi` date NOT NULL,
  `ttu` varchar(11) NOT NULL,
  PRIMARY KEY (`id_inspeksi`)
) ENGINE=MyISAM  DEFAULT CHARSET=latin1 AUTO_INCREMENT=8 ;

--
-- Dumping data for table `sanitasi_t_inpeksi_ttu`
--

INSERT INTO `sanitasi_t_inpeksi_ttu` (`id_inspeksi`, `tgl_inspeksi`, `ttu`) VALUES
(5, '2012-06-01', '21'),
(7, '2012-06-16', '21');

-- --------------------------------------------------------

--
-- Table structure for table `sanitasi_t_inpeksi_ttu_header`
--

CREATE TABLE IF NOT EXISTS `sanitasi_t_inpeksi_ttu_header` (
  `id_header` int(11) NOT NULL AUTO_INCREMENT,
  `komponen` varchar(11) NOT NULL,
  `hasil_header` varchar(255) NOT NULL,
  `inspeksi` varchar(11) NOT NULL,
  PRIMARY KEY (`id_header`)
) ENGINE=MyISAM  DEFAULT CHARSET=latin1 AUTO_INCREMENT=22 ;

--
-- Dumping data for table `sanitasi_t_inpeksi_ttu_header`
--

INSERT INTO `sanitasi_t_inpeksi_ttu_header` (`id_header`, `komponen`, `hasil_header`, `inspeksi`) VALUES
(13, '3', 'q', '5'),
(14, '3', 'q', '5'),
(15, '3', 'q', '5'),
(21, '3', '1', '7'),
(20, '3', 'a', '7'),
(19, '3', 'a', '7');

-- --------------------------------------------------------

--
-- Table structure for table `sanitasi_t_inpeksi_ttu_skoring`
--

CREATE TABLE IF NOT EXISTS `sanitasi_t_inpeksi_ttu_skoring` (
  `id_skoring` int(11) NOT NULL AUTO_INCREMENT,
  `skoring` varchar(11) NOT NULL,
  `hasil_skoring` varchar(255) NOT NULL,
  `inspeksi` varchar(11) NOT NULL,
  PRIMARY KEY (`id_skoring`)
) ENGINE=MyISAM  DEFAULT CHARSET=latin1 AUTO_INCREMENT=20 ;

--
-- Dumping data for table `sanitasi_t_inpeksi_ttu_skoring`
--

INSERT INTO `sanitasi_t_inpeksi_ttu_skoring` (`id_skoring`, `skoring`, `hasil_skoring`, `inspeksi`) VALUES
(14, '13', 'on', '3'),
(13, '18', 'on', '2'),
(12, '13', 'on', '2'),
(15, '13', 'on', '5'),
(16, '14', 'on', '5'),
(19, '13', 'on', '7');

-- --------------------------------------------------------

--
-- Table structure for table `sanitasi_t_kunjungan`
--

CREATE TABLE IF NOT EXISTS `sanitasi_t_kunjungan` (
  `id_kunjungan` int(11) NOT NULL AUTO_INCREMENT,
  `status` enum('Penyakit Rujukan','Penyakit Non Rujukan','Konseling') NOT NULL,
  `no_rm` varchar(20) NOT NULL,
  `rm_pks` varchar(20) NOT NULL,
  `penyakit` varchar(11) NOT NULL,
  `diagnosa_poli` text NOT NULL,
  `diagnosa_penyebab` text NOT NULL,
  `saran_klinik` text NOT NULL,
  `tindak_lanjut` text NOT NULL,
  `kategori` varchar(50) NOT NULL,
  `tgl_inspeksi` date NOT NULL,
  `user` varchar(11) NOT NULL,
  PRIMARY KEY (`id_kunjungan`)
) ENGINE=MyISAM  DEFAULT CHARSET=latin1 AUTO_INCREMENT=18 ;

--
-- Dumping data for table `sanitasi_t_kunjungan`
--

INSERT INTO `sanitasi_t_kunjungan` (`id_kunjungan`, `status`, `no_rm`, `rm_pks`, `penyakit`, `diagnosa_poli`, `diagnosa_penyebab`, `saran_klinik`, `tindak_lanjut`, `kategori`, `tgl_inspeksi`, `user`) VALUES
(6, 'Penyakit Rujukan', '123', '123R', '1', 'qwe', 'qwe', 'qwe', 'qwe', 'Pilih..', '2012-02-03', ''),
(7, 'Penyakit Rujukan', 'NIK02', 'NIK02R', '1', '12', '3123', '123', '123123123', 'Pilih..', '2012-04-17', ''),
(8, 'Penyakit Rujukan', 'NIK02', 'NIK02R', '1', '123', '123123', '123', '123123123', 'Pilih..', '2012-04-17', ''),
(9, 'Penyakit Rujukan', 'NIK02', 'NIK02R', '1', 'qwe', 'qweqwe', 'qweqwe', 'qweqweqwe', 'Pilih..', '2012-04-17', ''),
(10, 'Penyakit Rujukan', 'NIK02', 'NIK02R', '1', 'fewr', 'werew', 'rwer', 'werr', 'Pilih..', '2012-04-17', ''),
(11, 'Penyakit Rujukan', 'NIK01', 'NIK01R', '1', '12', '123', '123', '123123123', 'Pilih..', '2012-04-17', ''),
(12, 'Penyakit Rujukan', '09', '09R', '1', 'qeqwe', 'er', 'qwe', 'qwe', 'Pilih..', '2012-04-17', ''),
(13, 'Penyakit Rujukan', 'NIK01', 'NIK01R', '1', '12', '12', '3123', '123123', 'Pilih..', '2012-04-17', ''),
(14, 'Penyakit Rujukan', 'NIK01', 'NIK01R', '1', 'qwe', 'qwe', 'qwe', 'qweqwe', 'Pilih..', '2012-04-17', ''),
(15, 'Penyakit Rujukan', 'NIK02', 'NIK02R', '1', 'werew', 'wer', 'wer', 'werewrewr', 'Pilih..', '2012-04-17', ''),
(16, 'Penyakit Non Rujukan', '09', '09NR', '1', 'qwe', 'qwe', 'qwe', 'qweqweqwe', 'Pilih..', '2012-04-17', ''),
(17, 'Konseling', '6473026010080001', '6473026010080001R', '1', 'a', 'a', 'a', 'a', 'Sarana Air Bersih (SAB)', '2012-05-24', '');

-- --------------------------------------------------------

--
-- Table structure for table `sanitasi_t_kunjungan_klas`
--

CREATE TABLE IF NOT EXISTS `sanitasi_t_kunjungan_klas` (
  `id` int(11) NOT NULL AUTO_INCREMENT,
  `kunjungan` varchar(11) NOT NULL,
  `jenis` text NOT NULL,
  `permasalahan` text NOT NULL,
  `saran` text NOT NULL,
  `ket` text NOT NULL,
  PRIMARY KEY (`id`)
) ENGINE=MyISAM  DEFAULT CHARSET=latin1 AUTO_INCREMENT=7 ;

--
-- Dumping data for table `sanitasi_t_kunjungan_klas`
--

INSERT INTO `sanitasi_t_kunjungan_klas` (`id`, `kunjungan`, `jenis`, `permasalahan`, `saran`, `ket`) VALUES
(5, '17', 'ada', 'ada', 'ada', 'ada'),
(6, '17', 'ada', 'ada', 'ada', 'ada');

-- --------------------------------------------------------

--
-- Table structure for table `sanitasi_t_kunjungan_polling`
--

CREATE TABLE IF NOT EXISTS `sanitasi_t_kunjungan_polling` (
  `id` int(11) NOT NULL AUTO_INCREMENT,
  `kunjungan` varchar(11) NOT NULL,
  `jawaban` varchar(11) NOT NULL,
  `catatan` text NOT NULL,
  PRIMARY KEY (`id`)
) ENGINE=MyISAM  DEFAULT CHARSET=latin1 AUTO_INCREMENT=8 ;

--
-- Dumping data for table `sanitasi_t_kunjungan_polling`
--

INSERT INTO `sanitasi_t_kunjungan_polling` (`id`, `kunjungan`, `jawaban`, `catatan`) VALUES
(1, '1', '17', ''),
(2, '1', '18', 'diastole ewrwer'),
(3, '1', '17', ''),
(4, '1', '19', 'Sistole qweqwe'),
(5, '1', '17', ''),
(6, '1', '18', ''),
(7, '1', '21', '');

-- --------------------------------------------------------

--
-- Table structure for table `sanitasi_t_pengambilan_sampel`
--

CREATE TABLE IF NOT EXISTS `sanitasi_t_pengambilan_sampel` (
  `id_pengambilan` int(11) NOT NULL AUTO_INCREMENT,
  `inspeksi` varchar(11) NOT NULL,
  `tgl_pengambilan` date NOT NULL,
  `sab_kimia` varchar(50) NOT NULL,
  `sab_mikrobiologi` varchar(50) NOT NULL,
  `sam_kimia` varchar(50) NOT NULL,
  `sam_mikrobiologi` varchar(50) NOT NULL,
  `dam_kimia` varchar(50) NOT NULL,
  `dam_mikrobiologi` varchar(50) NOT NULL,
  `tanah` varchar(50) NOT NULL,
  `makanan` varchar(50) NOT NULL,
  PRIMARY KEY (`id_pengambilan`)
) ENGINE=MyISAM  DEFAULT CHARSET=latin1 AUTO_INCREMENT=4 ;

--
-- Dumping data for table `sanitasi_t_pengambilan_sampel`
--

INSERT INTO `sanitasi_t_pengambilan_sampel` (`id_pengambilan`, `inspeksi`, `tgl_pengambilan`, `sab_kimia`, `sab_mikrobiologi`, `sam_kimia`, `sam_mikrobiologi`, `dam_kimia`, `dam_mikrobiologi`, `tanah`, `makanan`) VALUES
(2, '7', '2012-06-16', 'Memenuhi Syarat', 'Diperiksa', 'Diperiksa', 'Diperiksa', 'Diperiksa', 'Diperiksa', 'Diperiksa', 'Diperiksa'),
(3, '8', '2012-06-16', 'Diperiksa', 'Memenuhi Syarat', 'Memenuhi Syarat', 'Diperiksa', 'Memenuhi Syarat', 'Memenuhi Syarat', 'Diperiksa', 'Diperiksa');

-- --------------------------------------------------------

--
-- Table structure for table `sanitasi_t_rincian_dasar`
--

CREATE TABLE IF NOT EXISTS `sanitasi_t_rincian_dasar` (
  `id_rincian_dasar` int(11) NOT NULL AUTO_INCREMENT,
  `puskesmas` varchar(11) NOT NULL,
  `kelurahan` varchar(11) NOT NULL,
  `jml_pend` int(11) NOT NULL,
  `jml_rumah` int(11) NOT NULL,
  `jml_kk` int(11) NOT NULL,
  PRIMARY KEY (`id_rincian_dasar`)
) ENGINE=MyISAM  DEFAULT CHARSET=latin1 AUTO_INCREMENT=10 ;

--
-- Dumping data for table `sanitasi_t_rincian_dasar`
--

INSERT INTO `sanitasi_t_rincian_dasar` (`id_rincian_dasar`, `puskesmas`, `kelurahan`, `jml_pend`, `jml_rumah`, `jml_kk`) VALUES
(1, '0', '1', 12, 12, 12),
(2, '0', '1', 12, 12, 12),
(3, '0', '1', 12, 12, 12),
(4, '4', '1', 12, 12, 1212),
(7, '7', '1', 140, 12, 12),
(8, '60', '1', 123, 123, 123),
(9, '3', '1', 100, 20, 15);

-- --------------------------------------------------------

--
-- Table structure for table `sanitasi_t_rincian_dasar_pestisida`
--

CREATE TABLE IF NOT EXISTS `sanitasi_t_rincian_dasar_pestisida` (
  `id` int(11) NOT NULL AUTO_INCREMENT,
  `rincian_dasar` varchar(11) NOT NULL,
  `pestisida` varchar(11) NOT NULL,
  `nama` varchar(50) NOT NULL,
  `alamat` varchar(255) NOT NULL,
  PRIMARY KEY (`id`)
) ENGINE=MyISAM  DEFAULT CHARSET=latin1 AUTO_INCREMENT=28 ;

--
-- Dumping data for table `sanitasi_t_rincian_dasar_pestisida`
--

INSERT INTO `sanitasi_t_rincian_dasar_pestisida` (`id`, `rincian_dasar`, `pestisida`, `nama`, `alamat`) VALUES
(1, '2', '1', '12', '12'),
(2, '3', '1', '12', '12'),
(23, '4', '1', '12', '12'),
(27, '7', '1', 'Pestisida', 'Rembagn'),
(9, '0', '1', '12', '12'),
(22, '4', '1', '12', '12'),
(21, '8', '1', '123123', '123123'),
(26, '9', '1', 'ada', 'Tarakan');

-- --------------------------------------------------------

--
-- Table structure for table `sanitasi_t_rincian_dasar_sab`
--

CREATE TABLE IF NOT EXISTS `sanitasi_t_rincian_dasar_sab` (
  `id` int(11) NOT NULL AUTO_INCREMENT,
  `rincian_dasar` varchar(11) NOT NULL,
  `sab` varchar(11) NOT NULL,
  `nama` varchar(50) NOT NULL,
  `alamat` varchar(255) NOT NULL,
  PRIMARY KEY (`id`)
) ENGINE=MyISAM  DEFAULT CHARSET=latin1 AUTO_INCREMENT=29 ;

--
-- Dumping data for table `sanitasi_t_rincian_dasar_sab`
--

INSERT INTO `sanitasi_t_rincian_dasar_sab` (`id`, `rincian_dasar`, `sab`, `nama`, `alamat`) VALUES
(1, '1', '1', '12', '12'),
(2, '2', '1', '12', '12'),
(3, '3', '1', '12', '12'),
(23, '4', '3', 'aa', 'aa'),
(27, '7', '3', 'cc', 'cc'),
(10, '0', '1', '12', '12'),
(22, '4', '3', 'ada', 'ada'),
(21, '8', '1', '123', '123'),
(26, '9', '3', 'ada', 'Tarakan'),
(28, '7', '4', 'aa', 'aa');

-- --------------------------------------------------------

--
-- Table structure for table `sanitasi_t_rincian_dasar_tpm`
--

CREATE TABLE IF NOT EXISTS `sanitasi_t_rincian_dasar_tpm` (
  `id` int(11) NOT NULL AUTO_INCREMENT,
  `rincian_dasar` varchar(11) NOT NULL,
  `tpm` varchar(11) NOT NULL,
  `nama` varchar(50) NOT NULL,
  `alamat` varchar(255) NOT NULL,
  PRIMARY KEY (`id`)
) ENGINE=MyISAM  DEFAULT CHARSET=latin1 AUTO_INCREMENT=26 ;

--
-- Dumping data for table `sanitasi_t_rincian_dasar_tpm`
--

INSERT INTO `sanitasi_t_rincian_dasar_tpm` (`id`, `rincian_dasar`, `tpm`, `nama`, `alamat`) VALUES
(1, '1', '1', '12', '12'),
(2, '2', '1', '12', '12'),
(3, '3', '1', '12', '12'),
(21, '4', '1', 'cc', 'cc'),
(25, '7', '1', 'Kafe Cokro', 'Rembang'),
(10, '0', '1', '12', '12'),
(20, '4', '1', 'bb', 'aa'),
(19, '8', '1', '123', '123'),
(24, '9', '2', 'ada', 'Tarakan');

-- --------------------------------------------------------

--
-- Table structure for table `sanitasi_t_rincian_dasar_tps`
--

CREATE TABLE IF NOT EXISTS `sanitasi_t_rincian_dasar_tps` (
  `id` int(11) NOT NULL AUTO_INCREMENT,
  `rincian_dasar` varchar(11) NOT NULL,
  `lokasi` varchar(50) NOT NULL,
  `alamat` varchar(255) NOT NULL,
  PRIMARY KEY (`id`)
) ENGINE=MyISAM  DEFAULT CHARSET=latin1 AUTO_INCREMENT=36 ;

--
-- Dumping data for table `sanitasi_t_rincian_dasar_tps`
--

INSERT INTO `sanitasi_t_rincian_dasar_tps` (`id`, `rincian_dasar`, `lokasi`, `alamat`) VALUES
(1, '3', '12', '12'),
(35, '7', 'Sudo ', 'Rembang'),
(10, '0', 'qwe', 'qweqw'),
(9, '0', '12', '12'),
(31, '4', 'a2', '12'),
(30, '4', 'a1', '12'),
(29, '8', '123', '123123'),
(34, '9', 'TPS 1', 'Tarakan');

-- --------------------------------------------------------

--
-- Table structure for table `sanitasi_t_rincian_dasar_ttu`
--

CREATE TABLE IF NOT EXISTS `sanitasi_t_rincian_dasar_ttu` (
  `id` int(11) NOT NULL AUTO_INCREMENT,
  `rincian_dasar` varchar(11) NOT NULL,
  `ttu` varchar(11) NOT NULL,
  `nama` varchar(50) NOT NULL,
  `alamat` varchar(255) NOT NULL,
  PRIMARY KEY (`id`)
) ENGINE=MyISAM  DEFAULT CHARSET=latin1 AUTO_INCREMENT=24 ;

--
-- Dumping data for table `sanitasi_t_rincian_dasar_ttu`
--

INSERT INTO `sanitasi_t_rincian_dasar_ttu` (`id`, `rincian_dasar`, `ttu`, `nama`, `alamat`) VALUES
(1, '1', '1', '12', '12'),
(2, '2', '1', '12', '12'),
(3, '3', '1', '12', '12'),
(19, '4', '2', 'ada', 'ada'),
(23, '7', '3', 'aa', 'aa'),
(10, '0', '1', '12', '12'),
(18, '8', '2', '123', '123'),
(22, '9', '3', 'GKB ada', 'Tarakan');

-- --------------------------------------------------------

--
-- Table structure for table `satuan`
--

CREATE TABLE IF NOT EXISTS `satuan` (
  `id_satuan` int(11) NOT NULL AUTO_INCREMENT,
  `nama_satuan` varchar(255) NOT NULL,
  PRIMARY KEY (`id_satuan`)
) ENGINE=MyISAM  DEFAULT CHARSET=latin1 AUTO_INCREMENT=8 ;

--
-- Dumping data for table `satuan`
--

INSERT INTO `satuan` (`id_satuan`, `nama_satuan`) VALUES
(4, 'UNIT'),
(3, 'PCS'),
(5, 'SET'),
(6, 'KG'),
(7, 'sdfdsf');

-- --------------------------------------------------------

--
-- Table structure for table `sik_diagnosa`
--

CREATE TABLE IF NOT EXISTS `sik_diagnosa` (
  `id_diagnosa` int(11) NOT NULL AUTO_INCREMENT,
  `register` varchar(20) NOT NULL,
  `icd` varchar(11) NOT NULL,
  `time_diagnosa` timestamp NOT NULL DEFAULT CURRENT_TIMESTAMP,
  `kasus` varchar(20) NOT NULL,
  PRIMARY KEY (`id_diagnosa`)
) ENGINE=MyISAM DEFAULT CHARSET=latin1 AUTO_INCREMENT=1 ;

--
-- Dumping data for table `sik_diagnosa`
--


-- --------------------------------------------------------

--
-- Table structure for table `sik_gigi`
--

CREATE TABLE IF NOT EXISTS `sik_gigi` (
  `id_gigi` int(11) NOT NULL AUTO_INCREMENT,
  `register` varchar(20) NOT NULL,
  `termal` varchar(10) NOT NULL,
  `soundase` varchar(10) NOT NULL,
  `percusi` varchar(10) NOT NULL,
  `druk` varchar(10) NOT NULL,
  `jaringan_lunak` varchar(10) NOT NULL,
  `debris_indek` varchar(10) NOT NULL,
  `calculus_indek` varchar(10) NOT NULL,
  `status_localis` varchar(10) NOT NULL,
  `ekstra_oral` varchar(255) NOT NULL,
  PRIMARY KEY (`id_gigi`)
) ENGINE=MyISAM DEFAULT CHARSET=latin1 AUTO_INCREMENT=1 ;

--
-- Dumping data for table `sik_gigi`
--


-- --------------------------------------------------------

--
-- Table structure for table `sik_gizi_buruk`
--

CREATE TABLE IF NOT EXISTS `sik_gizi_buruk` (
  `id` int(11) NOT NULL AUTO_INCREMENT,
  `register` varchar(50) NOT NULL,
  `penyakit` varchar(50) NOT NULL,
  `tindak_lanjut` varchar(50) NOT NULL,
  `status_kasus` varchar(50) NOT NULL,
  `time_gizi_buruk` timestamp NOT NULL DEFAULT CURRENT_TIMESTAMP,
  PRIMARY KEY (`id`)
) ENGINE=MyISAM DEFAULT CHARSET=latin1 AUTO_INCREMENT=1 ;

--
-- Dumping data for table `sik_gizi_buruk`
--


-- --------------------------------------------------------

--
-- Table structure for table `sik_gizi_posyandu`
--

CREATE TABLE IF NOT EXISTS `sik_gizi_posyandu` (
  `id_posyandu` int(11) NOT NULL AUTO_INCREMENT,
  `kelurahan` varchar(11) NOT NULL,
  `tgl` date NOT NULL,
  `jml_pend` int(11) NOT NULL,
  `jml_by` int(11) NOT NULL,
  `jml_blt` int(11) NOT NULL,
  `jml_posy` int(11) NOT NULL,
  `posy_jml` int(11) NOT NULL,
  `posy_by` int(11) NOT NULL,
  `posy_blt` int(11) NOT NULL,
  `status` varchar(50) NOT NULL,
  `tindak_lanjut` varchar(255) NOT NULL,
  PRIMARY KEY (`id_posyandu`)
) ENGINE=MyISAM DEFAULT CHARSET=latin1 AUTO_INCREMENT=1 ;

--
-- Dumping data for table `sik_gizi_posyandu`
--


-- --------------------------------------------------------

--
-- Table structure for table `sik_gizi_vitamin`
--

CREATE TABLE IF NOT EXISTS `sik_gizi_vitamin` (
  `id_vitamin` int(11) NOT NULL AUTO_INCREMENT,
  `kelurahan` int(11) NOT NULL,
  `tgl` date NOT NULL,
  `sasaran_by` int(11) NOT NULL,
  `sasaran_blt` int(11) NOT NULL,
  `sasaran_bufas` int(11) NOT NULL,
  `sasaran_bumil` int(11) NOT NULL,
  `sasaran_wus` int(11) NOT NULL,
  `vit_by` int(11) NOT NULL,
  `vit_blt` int(11) NOT NULL,
  `vit_bufas` int(11) NOT NULL,
  `fe1_bumil` int(11) NOT NULL,
  `fe3_bumil` int(11) NOT NULL,
  `ukur_lila_bumil` int(11) NOT NULL,
  `kurang_lila_bumil` int(11) NOT NULL,
  PRIMARY KEY (`id_vitamin`)
) ENGINE=MyISAM DEFAULT CHARSET=latin1 AUTO_INCREMENT=1 ;

--
-- Dumping data for table `sik_gizi_vitamin`
--


-- --------------------------------------------------------

--
-- Table structure for table `sik_imunisasi`
--

CREATE TABLE IF NOT EXISTS `sik_imunisasi` (
  `id_imunisasi` int(11) NOT NULL AUTO_INCREMENT,
  `register` varchar(20) NOT NULL,
  `bcg` varchar(50) NOT NULL,
  `hb0_7` varchar(50) NOT NULL,
  `dpt_hb1` varchar(50) NOT NULL,
  `pol1` varchar(50) NOT NULL,
  `campak` varchar(20) NOT NULL,
  `hb8_28` varchar(20) NOT NULL,
  `dpt_hb2` varchar(20) NOT NULL,
  `pol2` varchar(20) NOT NULL,
  `dpt_hb3` varchar(20) NOT NULL,
  `pol3` varchar(20) NOT NULL,
  `pol4` varchar(20) NOT NULL,
  `fk_user` varchar(11) NOT NULL,
  `tgl_imunisasi` date NOT NULL,
  `ket` varchar(255) NOT NULL,
  PRIMARY KEY (`id_imunisasi`)
) ENGINE=MyISAM DEFAULT CHARSET=latin1 AUTO_INCREMENT=1 ;

--
-- Dumping data for table `sik_imunisasi`
--


-- --------------------------------------------------------

--
-- Table structure for table `sik_kb_kunjungan_ulang`
--

CREATE TABLE IF NOT EXISTS `sik_kb_kunjungan_ulang` (
  `id` int(11) NOT NULL AUTO_INCREMENT,
  `no_rm` varchar(20) NOT NULL,
  `register` varchar(20) NOT NULL,
  `anak_hidup_l` int(11) NOT NULL,
  `anak_hidup_p` int(11) NOT NULL,
  `umur_anak_terkecil` varchar(50) NOT NULL,
  `status_peserta` varchar(50) NOT NULL,
  `kb_terakhir` varchar(50) NOT NULL,
  `tgl_datang` date NOT NULL,
  `bb` int(11) NOT NULL,
  `tekanan_darah` int(11) NOT NULL,
  `haid_terakhir` date NOT NULL,
  `pp_tes` varchar(50) NOT NULL,
  `hasil` varchar(255) NOT NULL,
  `efek_samping` varchar(50) NOT NULL,
  `efek_samping_ket` varchar(255) NOT NULL,
  `efek_komplikasi` varchar(50) NOT NULL,
  `efek_komplikasi_ket` varchar(255) NOT NULL,
  `tindakan` varchar(50) NOT NULL,
  `tindakan_ket` varchar(255) NOT NULL,
  `tgl_kembali` date NOT NULL,
  PRIMARY KEY (`id`)
) ENGINE=MyISAM DEFAULT CHARSET=latin1 AUTO_INCREMENT=1 ;

--
-- Dumping data for table `sik_kb_kunjungan_ulang`
--


-- --------------------------------------------------------

--
-- Table structure for table `sik_kb_status`
--

CREATE TABLE IF NOT EXISTS `sik_kb_status` (
  `id` int(11) NOT NULL AUTO_INCREMENT,
  `no_rm` varchar(20) NOT NULL,
  `register` varchar(20) NOT NULL,
  `anak_hidup_l` int(11) NOT NULL,
  `anak_hidup_p` int(11) NOT NULL,
  `umur_anak_terkecil` varchar(50) NOT NULL,
  `status_peserta` varchar(50) NOT NULL,
  `kb_terakhir` varchar(50) NOT NULL,
  `keadaan_umum` varchar(50) NOT NULL,
  `tekanan_darah` int(11) NOT NULL,
  `hamil` varchar(50) NOT NULL,
  `haid_terakhir` date NOT NULL,
  `sakit_kuning` varchar(50) NOT NULL,
  `pendarahan_vagina` varchar(50) NOT NULL,
  `tumor_payudara` varchar(20) NOT NULL,
  `tumor_rahim` varchar(20) NOT NULL,
  `tumor_indung_telur` varchar(20) NOT NULL,
  `tumor_tertis` varchar(20) NOT NULL,
  `tumor_orchifis` varchar(20) NOT NULL,
  `hiv` varchar(20) NOT NULL,
  `posisi_rahim` varchar(50) NOT NULL,
  `tanda_radang` varchar(50) NOT NULL,
  `tumor_ginekologi` varchar(50) NOT NULL,
  `tanda_diabetes` varchar(50) NOT NULL,
  `kelainan_darah` int(11) NOT NULL,
  `kontrasepsi_boleh` varchar(50) NOT NULL,
  `konseling` varchar(50) NOT NULL,
  `kontrasepsi_diberikan` varchar(50) NOT NULL,
  `tgl_dipesan` date NOT NULL,
  `tgl_dilayani` date NOT NULL,
  `tgl_dilepas` date NOT NULL,
  PRIMARY KEY (`id`)
) ENGINE=MyISAM DEFAULT CHARSET=latin1 AUTO_INCREMENT=1 ;

--
-- Dumping data for table `sik_kb_status`
--


-- --------------------------------------------------------

--
-- Table structure for table `sik_kebidanan_antenatal`
--

CREATE TABLE IF NOT EXISTS `sik_kebidanan_antenatal` (
  `id_antenatal` int(11) NOT NULL AUTO_INCREMENT,
  `no_rm` varchar(20) NOT NULL,
  `register` varchar(20) NOT NULL,
  `tgl_periksa` date NOT NULL,
  `keluhan_sekarang` varchar(255) NOT NULL,
  `bb` int(11) NOT NULL,
  `fundus` int(11) NOT NULL,
  `denyut_jantung_janin` int(11) NOT NULL,
  `hasil_lab` varchar(255) NOT NULL,
  `terapi_tt` varchar(255) NOT NULL,
  `umur_kehamilan` int(11) NOT NULL,
  `letak_janin` varchar(50) NOT NULL,
  `kaki_bengkak` varchar(50) NOT NULL,
  `terapi_fe` varchar(50) NOT NULL,
  `saran` varchar(2555) NOT NULL,
  `tgl_kembali` date NOT NULL,
  PRIMARY KEY (`id_antenatal`)
) ENGINE=MyISAM DEFAULT CHARSET=latin1 AUTO_INCREMENT=1 ;

--
-- Dumping data for table `sik_kebidanan_antenatal`
--


-- --------------------------------------------------------

--
-- Table structure for table `sik_kebidanan_kia`
--

CREATE TABLE IF NOT EXISTS `sik_kebidanan_kia` (
  `id_kia` int(11) NOT NULL AUTO_INCREMENT,
  `no_rm` varchar(20) NOT NULL,
  `puskesmas` varchar(11) NOT NULL,
  `tgl_kia` date NOT NULL,
  PRIMARY KEY (`id_kia`)
) ENGINE=MyISAM DEFAULT CHARSET=latin1 AUTO_INCREMENT=1 ;

--
-- Dumping data for table `sik_kebidanan_kia`
--


-- --------------------------------------------------------

--
-- Table structure for table `sik_kebidanan_nifas`
--

CREATE TABLE IF NOT EXISTS `sik_kebidanan_nifas` (
  `id_nifas` int(11) NOT NULL AUTO_INCREMENT,
  `no_rm` varchar(20) NOT NULL,
  `register` varchar(20) NOT NULL,
  `tgl` date NOT NULL,
  `jam` time NOT NULL,
  `anamnesa` varchar(255) NOT NULL,
  `tekanan_darah` int(11) NOT NULL,
  `nafas` varchar(50) NOT NULL,
  `kontraksi_rahim` varchar(50) NOT NULL,
  `pendarahan` varchar(50) NOT NULL,
  `lochia` varchar(50) NOT NULL,
  `bab` varchar(50) NOT NULL,
  `bak` varchar(50) NOT NULL,
  `menyusui_dini` varchar(50) NOT NULL,
  `tindakan` varchar(255) NOT NULL,
  `nadi` int(11) NOT NULL,
  `suhu` int(11) NOT NULL,
  `vit_a` varchar(50) NOT NULL,
  PRIMARY KEY (`id_nifas`)
) ENGINE=MyISAM DEFAULT CHARSET=latin1 AUTO_INCREMENT=1 ;

--
-- Dumping data for table `sik_kebidanan_nifas`
--


-- --------------------------------------------------------

--
-- Table structure for table `sik_kebidanan_pengamatan_kehamilan`
--

CREATE TABLE IF NOT EXISTS `sik_kebidanan_pengamatan_kehamilan` (
  `id_pengamatan_kehamilan` int(11) NOT NULL AUTO_INCREMENT,
  `register` varchar(20) NOT NULL,
  `hpht` date NOT NULL,
  `htp` date NOT NULL,
  `kehamilan_sekarang` varchar(50) NOT NULL,
  `lila` int(11) NOT NULL,
  `riwayat_ibu` varchar(255) NOT NULL,
  `riwayat_alergi` varchar(255) NOT NULL,
  `keluhan_utama` varchar(255) NOT NULL,
  `jml_anak_hidup` int(11) NOT NULL,
  `jml_lahir_mati` int(11) NOT NULL,
  `jarak_persalinan` int(11) NOT NULL,
  `persalinan` varchar(50) NOT NULL,
  `persalinan_bantuan` varchar(50) NOT NULL,
  `kontrasepsi` varchar(50) NOT NULL,
  `resiko_tgl` date NOT NULL,
  `resiko_jenis` varchar(50) NOT NULL,
  `rujuk_tgl` date NOT NULL,
  `rujuk_ke` varchar(255) NOT NULL,
  `tindakan_sementara` varchar(255) NOT NULL,
  `g` varchar(50) NOT NULL,
  `p` varchar(50) NOT NULL,
  `a` varchar(50) NOT NULL,
  `m` varchar(50) NOT NULL,
  `tb` int(11) NOT NULL,
  PRIMARY KEY (`id_pengamatan_kehamilan`)
) ENGINE=MyISAM DEFAULT CHARSET=latin1 AUTO_INCREMENT=1 ;

--
-- Dumping data for table `sik_kebidanan_pengamatan_kehamilan`
--


-- --------------------------------------------------------

--
-- Table structure for table `sik_kebidanan_persalinan`
--

CREATE TABLE IF NOT EXISTS `sik_kebidanan_persalinan` (
  `id_persalinan` int(11) NOT NULL AUTO_INCREMENT,
  `no_rm` varchar(20) NOT NULL,
  `register` varchar(20) NOT NULL,
  `tgl_persalinan` date NOT NULL,
  `jam_persalinan` time NOT NULL,
  `tekanan_darah` int(11) NOT NULL,
  `nafas` varchar(50) NOT NULL,
  `his` varchar(50) NOT NULL,
  `his_lama` varchar(50) NOT NULL,
  `djj_frek` varchar(50) NOT NULL,
  `hasil_pemeriksaan` varchar(255) NOT NULL,
  `nadi` int(11) NOT NULL,
  `suhu` int(11) NOT NULL,
  `his_frek` varchar(50) NOT NULL,
  `his_kuat` varchar(50) NOT NULL,
  `djj_teratur` varchar(50) NOT NULL,
  PRIMARY KEY (`id_persalinan`)
) ENGINE=MyISAM DEFAULT CHARSET=latin1 AUTO_INCREMENT=1 ;

--
-- Dumping data for table `sik_kebidanan_persalinan`
--


-- --------------------------------------------------------

--
-- Table structure for table `sik_laboratorium`
--

CREATE TABLE IF NOT EXISTS `sik_laboratorium` (
  `id_laboratorium` int(11) NOT NULL AUTO_INCREMENT,
  `register` varchar(20) NOT NULL,
  `produk` varchar(11) NOT NULL,
  `harga_sp` int(11) NOT NULL,
  `qtt_produk` int(11) NOT NULL,
  `time_laboratorium` timestamp NOT NULL DEFAULT CURRENT_TIMESTAMP,
  `hasil` float NOT NULL,
  `fk_user` varchar(11) NOT NULL,
  PRIMARY KEY (`id_laboratorium`)
) ENGINE=MyISAM DEFAULT CHARSET=latin1 AUTO_INCREMENT=1 ;

--
-- Dumping data for table `sik_laboratorium`
--


-- --------------------------------------------------------

--
-- Table structure for table `sik_pemeriksaan`
--

CREATE TABLE IF NOT EXISTS `sik_pemeriksaan` (
  `id_pemeriksaan` int(11) NOT NULL AUTO_INCREMENT,
  `keluhan_utama` varchar(50) DEFAULT NULL,
  `keluhan_sekunder` varchar(50) DEFAULT NULL,
  `respirasi` int(11) DEFAULT NULL,
  `suhu_badan` int(11) DEFAULT NULL,
  `denyut_nadi` int(11) DEFAULT NULL,
  `bb` int(11) DEFAULT NULL,
  `tb` int(11) DEFAULT NULL,
  `fisik` varchar(100) DEFAULT NULL,
  `register` varchar(20) DEFAULT NULL,
  PRIMARY KEY (`id_pemeriksaan`)
) ENGINE=MyISAM  DEFAULT CHARSET=latin1 AUTO_INCREMENT=2 ;

--
-- Dumping data for table `sik_pemeriksaan`
--

INSERT INTO `sik_pemeriksaan` (`id_pemeriksaan`, `keluhan_utama`, `keluhan_sekunder`, `respirasi`, `suhu_badan`, `denyut_nadi`, `bb`, `tb`, `fisik`, `register`) VALUES
(1, 'sesak nafas', 'susah tidur', 65, 26, 45, 56, 178, 'kurang sehat', '1');

-- --------------------------------------------------------

--
-- Table structure for table `sik_petugaslists`
--

CREATE TABLE IF NOT EXISTS `sik_petugaslists` (
  `id` int(10) unsigned zerofill NOT NULL AUTO_INCREMENT,
  `admission_registrasi_id` varchar(15) NOT NULL,
  `admission_petugas_id` int(5) NOT NULL,
  PRIMARY KEY (`id`)
) ENGINE=MyISAM DEFAULT CHARSET=latin1 AUTO_INCREMENT=1 ;

--
-- Dumping data for table `sik_petugaslists`
--


-- --------------------------------------------------------

--
-- Table structure for table `sik_t_kegiatan`
--

CREATE TABLE IF NOT EXISTS `sik_t_kegiatan` (
  `id` int(11) NOT NULL AUTO_INCREMENT,
  `tgl` date NOT NULL,
  `jml` int(11) NOT NULL,
  `unker` varchar(11) NOT NULL,
  `kegiatan` varchar(11) NOT NULL,
  `poli` varchar(50) NOT NULL,
  PRIMARY KEY (`id`)
) ENGINE=MyISAM DEFAULT CHARSET=latin1 AUTO_INCREMENT=1 ;

--
-- Dumping data for table `sik_t_kegiatan`
--


-- --------------------------------------------------------

--
-- Table structure for table `sik_t_kir`
--

CREATE TABLE IF NOT EXISTS `sik_t_kir` (
  `id_kir` int(11) NOT NULL AUTO_INCREMENT,
  `register` varchar(50) NOT NULL,
  `no_kir` varchar(50) NOT NULL,
  `hasil` text NOT NULL,
  `guna` varchar(255) NOT NULL,
  `dokter` varchar(11) NOT NULL,
  `tgl_kir` date NOT NULL,
  PRIMARY KEY (`id_kir`)
) ENGINE=MyISAM DEFAULT CHARSET=latin1 AUTO_INCREMENT=1 ;

--
-- Dumping data for table `sik_t_kir`
--


-- --------------------------------------------------------

--
-- Table structure for table `sik_t_kunjungan`
--

CREATE TABLE IF NOT EXISTS `sik_t_kunjungan` (
  `id_kunjungan` bigint(20) NOT NULL AUTO_INCREMENT,
  `register` varchar(20) NOT NULL,
  `no_rm` varchar(20) NOT NULL,
  `time_kunjungan` timestamp NOT NULL DEFAULT CURRENT_TIMESTAMP ON UPDATE CURRENT_TIMESTAMP,
  `poli` varchar(50) NOT NULL,
  `status_kunjungan` varchar(20) NOT NULL,
  `antrian` varchar(11) NOT NULL,
  `register_rujuk` varchar(50) NOT NULL,
  `ket_rujuk` varchar(255) NOT NULL,
  `fk_user` varchar(11) NOT NULL,
  `unker` varchar(11) NOT NULL,
  `f_periksa` varchar(1) NOT NULL,
  `f_payment` varchar(1) NOT NULL,
  PRIMARY KEY (`id_kunjungan`)
) ENGINE=MyISAM DEFAULT CHARSET=latin1 AUTO_INCREMENT=1 ;

--
-- Dumping data for table `sik_t_kunjungan`
--


-- --------------------------------------------------------

--
-- Table structure for table `sik_t_kunjungan_bdn`
--

CREATE TABLE IF NOT EXISTS `sik_t_kunjungan_bdn` (
  `id_bdn` int(11) NOT NULL AUTO_INCREMENT,
  `register` varchar(20) NOT NULL,
  `tgl_kia` date NOT NULL,
  `pelayanan` varchar(11) NOT NULL,
  PRIMARY KEY (`id_bdn`)
) ENGINE=MyISAM DEFAULT CHARSET=latin1 AUTO_INCREMENT=1 ;

--
-- Dumping data for table `sik_t_kunjungan_bdn`
--


-- --------------------------------------------------------

--
-- Table structure for table `sik_t_kunjungan_payment`
--

CREATE TABLE IF NOT EXISTS `sik_t_kunjungan_payment` (
  `id_payment` bigint(20) NOT NULL AUTO_INCREMENT,
  `register` varchar(20) NOT NULL,
  `bayar` varchar(11) NOT NULL,
  `total_netto` int(11) NOT NULL,
  `piutang` int(11) NOT NULL,
  `total_bayar` int(11) NOT NULL,
  PRIMARY KEY (`id_payment`)
) ENGINE=MyISAM DEFAULT CHARSET=latin1 AUTO_INCREMENT=1 ;

--
-- Dumping data for table `sik_t_kunjungan_payment`
--


-- --------------------------------------------------------

--
-- Table structure for table `sik_t_tindakan`
--

CREATE TABLE IF NOT EXISTS `sik_t_tindakan` (
  `id_tindakan` int(11) NOT NULL AUTO_INCREMENT,
  `register` varchar(20) NOT NULL,
  `produk` varchar(11) NOT NULL,
  `harga_sp` int(11) NOT NULL,
  `qtt_produk` int(11) NOT NULL,
  `time_tindakan` timestamp NOT NULL DEFAULT CURRENT_TIMESTAMP,
  `fk_user` varchar(11) NOT NULL,
  PRIMARY KEY (`id_tindakan`)
) ENGINE=MyISAM DEFAULT CHARSET=latin1 AUTO_INCREMENT=1 ;

--
-- Dumping data for table `sik_t_tindakan`
--


-- --------------------------------------------------------

--
-- Table structure for table `sosial_agama`
--

CREATE TABLE IF NOT EXISTS `sosial_agama` (
  `id` int(11) NOT NULL AUTO_INCREMENT,
  `nama_agama` varchar(20) NOT NULL,
  `keterangan` varchar(20) NOT NULL,
  PRIMARY KEY (`id`)
) ENGINE=MyISAM  DEFAULT CHARSET=latin1 AUTO_INCREMENT=112 ;

--
-- Dumping data for table `sosial_agama`
--

INSERT INTO `sosial_agama` (`id`, `nama_agama`, `keterangan`) VALUES
(70, 'Islam', ''),
(69, 'Budha', ''),
(4, 'Katholik', ''),
(5, 'Hindhu', ''),
(6, 'Kristen', '');

-- --------------------------------------------------------

--
-- Table structure for table `sosial_anggota_keluarga`
--

CREATE TABLE IF NOT EXISTS `sosial_anggota_keluarga` (
  `id` int(11) NOT NULL AUTO_INCREMENT,
  `tanggal_registrasi` date NOT NULL,
  `no_rm` varchar(30) NOT NULL,
  `nik` bigint(20) NOT NULL,
  `nama_anggota` varchar(50) NOT NULL,
  `alamat` text NOT NULL,
  `sex` varchar(10) NOT NULL,
  `tempat_lahir` varchar(50) NOT NULL,
  `tanggal_lahir` date NOT NULL,
  `agama_id` int(2) NOT NULL,
  `pendidikan_id` int(2) NOT NULL,
  `pekerjaan_id` int(2) NOT NULL,
  `status_pernikahan_id` int(2) NOT NULL,
  `status_anggota_id` int(2) NOT NULL,
  `kewarganegaran` varchar(20) NOT NULL,
  `nama_ayah` varchar(50) NOT NULL,
  `nama_ibu` varchar(50) NOT NULL,
  `puskesmas_id` varchar(11) NOT NULL,
  `kk_id` varchar(20) NOT NULL,
  `telepon` varchar(30) NOT NULL,
  `unit_kerja_id` int(11) NOT NULL,
  PRIMARY KEY (`id`)
) ENGINE=MyISAM  DEFAULT CHARSET=latin1 AUTO_INCREMENT=26 ;

--
-- Dumping data for table `sosial_anggota_keluarga`
--

INSERT INTO `sosial_anggota_keluarga` (`id`, `tanggal_registrasi`, `no_rm`, `nik`, `nama_anggota`, `alamat`, `sex`, `tempat_lahir`, `tanggal_lahir`, `agama_id`, `pendidikan_id`, `pekerjaan_id`, `status_pernikahan_id`, `status_anggota_id`, `kewarganegaran`, `nama_ayah`, `nama_ibu`, `puskesmas_id`, `kk_id`, `telepon`, `unit_kerja_id`) VALUES
(17, '2013-06-10', '3310082406890001', 3310082406890001, 'Asih Priyatno', 'Banjarsari Dompyongan jogonalan klaten', 'l', 'Klaten', '1989-06-24', 70, 9, 24, 0, 0, '', '', '', '', '', '085643892690', 0),
(23, '2013-06-10', '331008009111', 331008009111, 'Muhammad Roziqin', 'Rembang', 'l', 'Rembang', '1990-06-04', 70, 9, 24, 0, 0, '', '', '', '', '', '085699999999', 0),
(25, '2013-06-11', '3310089076542', 3310089076542, 'Rahmawati Isnaini', 'Depok sleman yogyakarta', 'p', 'Jakarta', '2010-06-07', 70, 1, 27, 0, 0, '', '', '', '', '', '123123', 0),
(24, '2013-06-11', '3321234567', 3321234567, 'Jibril Elhaq', 'Kudus', 'l', 'Kudus', '1990-03-07', 70, 8, 24, 0, 0, '', '', '', '', '', '123456', 0);

-- --------------------------------------------------------

--
-- Table structure for table `sosial_kabupaten`
--

CREATE TABLE IF NOT EXISTS `sosial_kabupaten` (
  `id_kabupaten` int(5) NOT NULL AUTO_INCREMENT,
  `nama_kabupaten` varchar(50) NOT NULL,
  PRIMARY KEY (`id_kabupaten`)
) ENGINE=MyISAM  DEFAULT CHARSET=latin1 AUTO_INCREMENT=3 ;

--
-- Dumping data for table `sosial_kabupaten`
--

INSERT INTO `sosial_kabupaten` (`id_kabupaten`, `nama_kabupaten`) VALUES
(1, 'Tes Kabupaten 1'),
(2, 'Tes Kabupaten 2');

-- --------------------------------------------------------

--
-- Table structure for table `sosial_kecamatan`
--

CREATE TABLE IF NOT EXISTS `sosial_kecamatan` (
  `id_kecamatan` int(11) NOT NULL AUTO_INCREMENT,
  `nama_kecamatan` varchar(255) NOT NULL,
  PRIMARY KEY (`id_kecamatan`)
) ENGINE=MyISAM  DEFAULT CHARSET=latin1 AUTO_INCREMENT=34 ;

--
-- Dumping data for table `sosial_kecamatan`
--

INSERT INTO `sosial_kecamatan` (`id_kecamatan`, `nama_kecamatan`) VALUES
(1, 'Tarakan Barat'),
(2, 'Tarakan Tengah'),
(3, 'Tarakan Timur'),
(4, 'Tarakan Utara');

-- --------------------------------------------------------

--
-- Table structure for table `sosial_kelurahan`
--

CREATE TABLE IF NOT EXISTS `sosial_kelurahan` (
  `id_kelurahan` int(11) NOT NULL AUTO_INCREMENT,
  `nama_kelurahan` varchar(50) NOT NULL,
  `id_kecamatan` varchar(11) NOT NULL,
  PRIMARY KEY (`id_kelurahan`)
) ENGINE=MyISAM  DEFAULT CHARSET=latin1 AUTO_INCREMENT=33 ;

--
-- Dumping data for table `sosial_kelurahan`
--

INSERT INTO `sosial_kelurahan` (`id_kelurahan`, `nama_kelurahan`, `id_kecamatan`) VALUES
(1, 'Karang Anyar', '1'),
(2, 'Karang Balik', '1'),
(8, 'Selumit', '2'),
(4, 'Karang Anyar Pantai', '2'),
(5, 'Karang Rejo', '1'),
(6, 'Karang Harapan', '1'),
(9, 'Sebengkok', '2'),
(10, 'Pamusian', '2'),
(11, 'Kampung 1/SKIP', '2'),
(12, 'Mamburungan', '3'),
(13, 'Mamburungan Timur', '3'),
(14, 'Pantai Amal', '3'),
(16, 'Kampung IV/Empat', '3'),
(17, 'Kampung VI/Enam', '3'),
(18, 'Gunung Lingkas', '3'),
(19, 'Lingkas Ujung', '3'),
(21, 'Juata Permai', '4'),
(22, 'Juata Kerikil', '4'),
(23, 'Juata Laut', '4'),
(26, 'Selumit Pantai', '2');

-- --------------------------------------------------------

--
-- Table structure for table `sosial_kepala_keluarga`
--

CREATE TABLE IF NOT EXISTS `sosial_kepala_keluarga` (
  `id` int(11) NOT NULL AUTO_INCREMENT,
  `no_kk` varchar(50) NOT NULL,
  `nama_kk` varchar(50) NOT NULL,
  `alamat` text NOT NULL,
  `rt` int(3) NOT NULL,
  `rw` int(3) NOT NULL,
  `kelurahan_id` int(11) NOT NULL,
  `kecamatan_id` int(11) NOT NULL,
  PRIMARY KEY (`id`)
) ENGINE=MyISAM  DEFAULT CHARSET=latin1 AUTO_INCREMENT=32 ;

--
-- Dumping data for table `sosial_kepala_keluarga`
--

INSERT INTO `sosial_kepala_keluarga` (`id`, `no_kk`, `nama_kk`, `alamat`, `rt`, `rw`, `kelurahan_id`, `kecamatan_id`) VALUES
(20, '1111111', 'Sutimin Suranto', 'Desa Gayam', 2, 4, 1, 1),
(22, '6666632662', 'Klemen Leri Blikon', 'Jambi', 1, 2, 9, 2),
(29, '47487487', 'syalala', '54464', 1, 12, 4, 2),
(30, '45887787', 'roziq', 'jogja', 1, 1, 1, 1),
(31, '235235', 'Sulkifli Sungkarnaen', 'Surabaya', 1, 3, 1, 1);

-- --------------------------------------------------------

--
-- Table structure for table `sosial_pekerjaan`
--

CREATE TABLE IF NOT EXISTS `sosial_pekerjaan` (
  `id` int(11) NOT NULL AUTO_INCREMENT,
  `nama_pekerjaan` varchar(20) NOT NULL,
  `keterangan` varchar(20) NOT NULL,
  PRIMARY KEY (`id`)
) ENGINE=MyISAM  DEFAULT CHARSET=latin1 AUTO_INCREMENT=35 ;

--
-- Dumping data for table `sosial_pekerjaan`
--

INSERT INTO `sosial_pekerjaan` (`id`, `nama_pekerjaan`, `keterangan`) VALUES
(13, 'IRT', ''),
(12, 'LAIN-LAIN', ''),
(14, 'PELAJAR/MAHASISWA', ''),
(15, 'BURUH', ''),
(16, 'PETANI', ''),
(17, 'NELAYAN', ''),
(18, 'PEDAGANG', ''),
(19, 'WIRASWASTA', ''),
(20, 'HONORER', ''),
(21, 'PURNAWIRAWAN', ''),
(22, 'PENSIUNAN PEG.', ''),
(23, 'TNI/POLRI', ''),
(24, 'PEG. SWASTA', ''),
(25, 'PEG. BUMN', ''),
(26, 'PEG. NEGERI', ''),
(27, 'BLM/TDK BEKERJA', '');

-- --------------------------------------------------------

--
-- Table structure for table `sosial_pendidikan`
--

CREATE TABLE IF NOT EXISTS `sosial_pendidikan` (
  `id` int(11) NOT NULL AUTO_INCREMENT,
  `nama_pendidikan` varchar(20) NOT NULL,
  `keterangan` varchar(20) NOT NULL,
  PRIMARY KEY (`id`)
) ENGINE=MyISAM  DEFAULT CHARSET=latin1 AUTO_INCREMENT=15 ;

--
-- Dumping data for table `sosial_pendidikan`
--

INSERT INTO `sosial_pendidikan` (`id`, `nama_pendidikan`, `keterangan`) VALUES
(1, 'TDK/BLM SEKOLAH', ''),
(2, 'TK/PG', ''),
(3, 'SD', ''),
(4, 'SLTP', ''),
(5, 'SLTA', ''),
(6, 'D1', ''),
(7, 'D2', ''),
(8, 'D3', ''),
(9, 'S1', ''),
(10, 'S2', ''),
(11, 'S3', '');

-- --------------------------------------------------------

--
-- Table structure for table `sosial_status_anggota`
--

CREATE TABLE IF NOT EXISTS `sosial_status_anggota` (
  `id` int(11) NOT NULL AUTO_INCREMENT,
  `nama_status_anggota` varchar(20) NOT NULL,
  `keterangan` varchar(20) NOT NULL,
  PRIMARY KEY (`id`)
) ENGINE=MyISAM  DEFAULT CHARSET=latin1 AUTO_INCREMENT=16 ;

--
-- Dumping data for table `sosial_status_anggota`
--

INSERT INTO `sosial_status_anggota` (`id`, `nama_status_anggota`, `keterangan`) VALUES
(2, 'Pendamping', ''),
(3, 'Anak', ''),
(11, 'Kepala Keluarga', '');

-- --------------------------------------------------------

--
-- Table structure for table `sosial_status_pernikahan`
--

CREATE TABLE IF NOT EXISTS `sosial_status_pernikahan` (
  `id` int(11) NOT NULL,
  `nama_status_pernikahan` varchar(20) NOT NULL,
  `keterangan` varchar(20) NOT NULL
) ENGINE=MyISAM DEFAULT CHARSET=latin1;

--
-- Dumping data for table `sosial_status_pernikahan`
--


-- --------------------------------------------------------

--
-- Table structure for table `tbl_absensi`
--

CREATE TABLE IF NOT EXISTS `tbl_absensi` (
  `id_absensi` int(255) NOT NULL AUTO_INCREMENT,
  `nip_pegawai` varchar(20) NOT NULL,
  `jam_masuk` varchar(8) NOT NULL,
  `jam_keluar` varchar(8) NOT NULL,
  `tanggal_absensi` date NOT NULL,
  PRIMARY KEY (`id_absensi`)
) ENGINE=MyISAM  DEFAULT CHARSET=latin1 AUTO_INCREMENT=35 ;

--
-- Dumping data for table `tbl_absensi`
--

INSERT INTO `tbl_absensi` (`id_absensi`, `nip_pegawai`, `jam_masuk`, `jam_keluar`, `tanggal_absensi`) VALUES
(1, '1', '14:40:32', '08:51:06', '2013-07-04'),
(2, '2', '15:00:50', '15:04:46', '2013-07-04'),
(3, '3', '15:03:04', '15:13:17', '2013-07-04'),
(4, '4', '15:03:09', '15:13:20', '2013-07-04'),
(5, '1', '07:59:14', '08:51:06', '2013-07-05'),
(6, '2', '08:43:46', '', '2013-07-05'),
(7, '3', '08:51:00', '', '2013-07-05'),
(8, '7', '13:41:03', '', '2013-07-05'),
(9, '1', '12:49:49', '', '2013-07-06'),
(10, '2', '12:49:53', '', '2013-07-06'),
(11, '3', '12:49:56', '', '2013-07-06'),
(12, '4', '12:49:58', '', '2013-07-06'),
(13, '5', '12:50:00', '', '2013-07-06'),
(14, '6', '12:50:02', '', '2013-07-06'),
(15, '7', '12:50:04', '', '2013-07-06'),
(16, '8', '12:50:06', '', '2013-07-06'),
(17, '9', '12:50:08', '', '2013-07-06'),
(18, '10', '12:50:14', '', '2013-07-06'),
(19, '11', '12:50:16', '', '2013-07-06'),
(20, '12', '12:50:19', '', '2013-07-06'),
(21, '13', '12:50:21', '', '2013-07-06'),
(22, '15', '12:50:23', '', '2013-07-06'),
(23, '16', '12:50:25', '', '2013-07-06'),
(24, '18', '12:50:30', '', '2013-07-06'),
(25, '19', '12:50:34', '', '2013-07-06'),
(26, '20', '12:50:39', '', '2013-07-06'),
(27, '1', '14:23:39', '', '2013-07-08'),
(28, '2', '14:26:36', '', '2013-07-08'),
(29, '3', '14:26:38', '', '2013-07-08'),
(30, '4', '14:26:41', '', '2013-07-08'),
(31, '5', '14:26:45', '', '2013-07-08'),
(32, '6', '14:26:47', '', '2013-07-08'),
(33, '8', '14:26:51', '', '2013-07-08'),
(34, '9', '14:26:53', '', '2013-07-08');

-- --------------------------------------------------------

--
-- Table structure for table `tbl_appointment`
--

CREATE TABLE IF NOT EXISTS `tbl_appointment` (
  `id_appointment` int(7) NOT NULL AUTO_INCREMENT,
  `tanggal_registrasi` date NOT NULL,
  `nama` varchar(40) NOT NULL,
  `alamat` varchar(50) NOT NULL,
  `tanggal_lahir` date NOT NULL,
  `no_telepon` varchar(12) NOT NULL,
  `jenis_kelamin` varchar(2) NOT NULL,
  `dokter_id` varchar(11) NOT NULL,
  `keperluan` text NOT NULL,
  PRIMARY KEY (`id_appointment`)
) ENGINE=InnoDB  DEFAULT CHARSET=latin1 AUTO_INCREMENT=2 ;

--
-- Dumping data for table `tbl_appointment`
--

INSERT INTO `tbl_appointment` (`id_appointment`, `tanggal_registrasi`, `nama`, `alamat`, `tanggal_lahir`, `no_telepon`, `jenis_kelamin`, `dokter_id`, `keperluan`) VALUES
(1, '2013-06-30', 'as', 'asd', '2013-07-01', '1234567', 'l', '001', 'ok');

-- --------------------------------------------------------

--
-- Table structure for table `tbl_jabatan`
--

CREATE TABLE IF NOT EXISTS `tbl_jabatan` (
  `id_jabatan` int(11) NOT NULL AUTO_INCREMENT,
  `nama_jabatan` varchar(20) NOT NULL,
  PRIMARY KEY (`id_jabatan`)
) ENGINE=InnoDB  DEFAULT CHARSET=latin1 AUTO_INCREMENT=2 ;

--
-- Dumping data for table `tbl_jabatan`
--

INSERT INTO `tbl_jabatan` (`id_jabatan`, `nama_jabatan`) VALUES
(1, 'PTPN 12');

-- --------------------------------------------------------

--
-- Table structure for table `tbl_jam_kerja`
--

CREATE TABLE IF NOT EXISTS `tbl_jam_kerja` (
  `id_jam_kerja` int(11) NOT NULL AUTO_INCREMENT,
  `jam_masuk` varchar(5) NOT NULL,
  `jam_keluar` varchar(5) NOT NULL,
  `jam_keluar_istirahat` varchar(5) NOT NULL,
  `jam_masuk_istirahat` varchar(5) NOT NULL,
  `shift_id` int(2) NOT NULL,
  PRIMARY KEY (`id_jam_kerja`)
) ENGINE=MyISAM  DEFAULT CHARSET=latin1 AUTO_INCREMENT=4 ;

--
-- Dumping data for table `tbl_jam_kerja`
--

INSERT INTO `tbl_jam_kerja` (`id_jam_kerja`, `jam_masuk`, `jam_keluar`, `jam_keluar_istirahat`, `jam_masuk_istirahat`, `shift_id`) VALUES
(2, '08.15', '04.15', '12.05', '13.00', 1),
(3, '16.00', '24.00', '21.00', '22.00', 5);

-- --------------------------------------------------------

--
-- Table structure for table `tbl_jam_kerja_pegawai`
--

CREATE TABLE IF NOT EXISTS `tbl_jam_kerja_pegawai` (
  `id_jam_kerja_pegawai` int(11) NOT NULL AUTO_INCREMENT,
  `pegawai_id` int(11) NOT NULL,
  `shift_id` int(11) NOT NULL,
  PRIMARY KEY (`id_jam_kerja_pegawai`)
) ENGINE=MyISAM  DEFAULT CHARSET=latin1 AUTO_INCREMENT=7 ;

--
-- Dumping data for table `tbl_jam_kerja_pegawai`
--

INSERT INTO `tbl_jam_kerja_pegawai` (`id_jam_kerja_pegawai`, `pegawai_id`, `shift_id`) VALUES
(1, 1, 5),
(6, 2, 1),
(3, 6, 1),
(5, 9, 5);

-- --------------------------------------------------------

--
-- Table structure for table `tbl_kelas_kamar`
--

CREATE TABLE IF NOT EXISTS `tbl_kelas_kamar` (
  `id_kelas_kamar` int(2) NOT NULL AUTO_INCREMENT,
  `nama_kelas_kamar` varchar(20) NOT NULL,
  PRIMARY KEY (`id_kelas_kamar`)
) ENGINE=InnoDB  DEFAULT CHARSET=latin1 AUTO_INCREMENT=6 ;

--
-- Dumping data for table `tbl_kelas_kamar`
--

INSERT INTO `tbl_kelas_kamar` (`id_kelas_kamar`, `nama_kelas_kamar`) VALUES
(1, 'Utama'),
(2, 'Kelas I'),
(3, 'Kelas II'),
(5, 'Kelas III');

-- --------------------------------------------------------

--
-- Table structure for table `tbl_pasien`
--

CREATE TABLE IF NOT EXISTS `tbl_pasien` (
  `id_pasien` int(11) NOT NULL AUTO_INCREMENT,
  `no_rm` varchar(15) NOT NULL,
  `tanggal_registrasi` date NOT NULL,
  `nama_lengkap` varchar(30) NOT NULL,
  `nama_panggilan` varchar(20) NOT NULL,
  `tempat_lahir` varchar(30) NOT NULL,
  `tanggal_lahir` date NOT NULL,
  `umur` int(3) NOT NULL,
  `jenis_kelamin` varchar(2) NOT NULL,
  `alamat` varchar(50) NOT NULL,
  `rt` varchar(3) NOT NULL,
  `rw` varchar(3) NOT NULL,
  `desa` varchar(20) NOT NULL,
  `kecamatan` varchar(20) NOT NULL,
  `kota` varchar(30) NOT NULL,
  `jenis_identitas` varchar(6) NOT NULL,
  `no_identitas` varchar(20) NOT NULL,
  `no_telepon_rumah` varchar(13) NOT NULL,
  `no_hp` varchar(13) NOT NULL,
  `agama_id` int(11) NOT NULL,
  `nama_agama` varchar(20) NOT NULL,
  `pekerjaan_id` int(11) NOT NULL,
  `nama_pekerjaan` varchar(20) NOT NULL,
  `status_pernikahan` varchar(15) NOT NULL,
  `pendidikan_id` int(11) NOT NULL,
  `nama_pendidikan` varchar(20) NOT NULL,
  `rekanan_id` int(11) NOT NULL,
  `nama_rekanan` varchar(20) NOT NULL,
  `ptpn_id` int(11) NOT NULL,
  `nama_ptpn` varchar(20) NOT NULL,
  `jabatan_id` int(11) NOT NULL,
  `nama_jabatan` varchar(20) NOT NULL,
  PRIMARY KEY (`id_pasien`),
  FULLTEXT KEY `desa` (`desa`)
) ENGINE=MyISAM  DEFAULT CHARSET=latin1 AUTO_INCREMENT=22 ;

--
-- Dumping data for table `tbl_pasien`
--

INSERT INTO `tbl_pasien` (`id_pasien`, `no_rm`, `tanggal_registrasi`, `nama_lengkap`, `nama_panggilan`, `tempat_lahir`, `tanggal_lahir`, `umur`, `jenis_kelamin`, `alamat`, `rt`, `rw`, `desa`, `kecamatan`, `kota`, `jenis_identitas`, `no_identitas`, `no_telepon_rumah`, `no_hp`, `agama_id`, `nama_agama`, `pekerjaan_id`, `nama_pekerjaan`, `status_pernikahan`, `pendidikan_id`, `nama_pendidikan`, `rekanan_id`, `nama_rekanan`, `ptpn_id`, `nama_ptpn`, `jabatan_id`, `nama_jabatan`) VALUES
(3, '2013-06/00001', '2013-06-25', 'Roziqin', 'iqin', 'Rembang', '1994-06-21', 19, 'p', 'Rembang', '10', '11', 'rembang', 'rembang', 'rembang', 'KTP', '12345', '1234', '123', 70, 'Islam', 23, '0', 'sudah menikah', 9, 'S1', 0, '', 0, '', 0, ''),
(8, '2013-06/00008', '2013-06-25', 'Lucki Wahyu', 'Wahyu', 'Yogyakarta', '1994-06-15', 19, 'p', 'Sleman', '32', '10', 'Nganlik', 'Sleman', 'Yogyakarta', 'KTP', '1234568', '002', '009', 69, 'Budha', 20, '0', 'sudah menikah', 5, 'SLTA', 0, '', 0, '', 29, 'Perawat'),
(7, '2013-06/00007', '2013-06-28', 'Jibril Elhaq', 'JBL', 'Kudus', '1994-06-01', 19, 'p', 'Kudus', '21', '11', 'Kudus', 'Kudus', 'Jawa', 'KTP', '123456789', '001', '001', 70, 'Islam', 26, 'PEG. NEGERI', 'sudah menikah', 3, 'SD', 1, 'PT. KAI', 0, '', 0, ''),
(9, '2013-06/00009', '2013-06-28', 'Andreas Pirlo', 'PP', 'Klaten', '1994-06-01', 19, 'l', 'Wedi', '21', '11', 'Wedi', 'Gantiwarno', 'Klaten', 'KTP', '123456', '001', '002', 70, 'Islam', 24, '0', 'sudah menikah', 9, 'S1', 0, '', 0, '', 26, 'Dokter'),
(21, '2013-07/00016', '2013-07-02', 'Icamg', '', '', '0000-00-00', 15, 'l', '', '', '', '', '', '', '0', '', '', '', 0, '', 0, '', '0', 0, '', 0, '', 0, '', 0, ''),
(14, '2013-06/00012', '2013-06-28', 'asd', 'asd', 'asd', '2013-06-03', 0, 'p', 'asd', '', '', 'asd', 'asd', 'asd', 'SIM', '345678901', '33', '33', 70, 'Islam', 24, 'PEG. SWASTA', 'belum menikah', 8, 'D3', 0, '', 0, '', 29, 'Perawat'),
(13, '2013-06/00011', '2013-06-27', 'Karunia Andi', 'Andi', 'Kudus', '1994-01-03', 19, 'l', 'Kudus', '21', 'XI', 'Kkms', 'kudus', 'Kudus', 'SIM', '456123', '098765432', '0123456', 70, 'Islam', 21, '0', 'belum menikah', 10, 'S2', 0, '', 0, '', 0, ''),
(20, '2013-06/00015', '2013-06-28', 'No Name', '', '', '0000-00-00', 33, 'l', '', '', '', '', '', '', '0', '', '', '', 70, 'Islam', 12, 'LAIN', '0', 3, 'SD', 0, '', 0, '', 0, ''),
(15, '2013-06/00013', '2013-06-28', 'Agung Budi Setiawan', '', 'Purwokerto', '1983-06-21', 30, 'l', 'Purwokerto', '', '', 'Kali', 'Purwokerto', 'Jawa Tengah', 'SIM', '123456', '', '', 70, 'Islam', 14, 'PELAJAR/MAHASISWA', 'belum menikah', 8, 'D3', 0, '', 1, 'PTPN 12', 0, ''),
(16, '2013-06/00014', '2013-06-28', 'Yulianto Andi', '', 'Rembang', '1989-06-01', 24, 'l', 'Klaten', '', '', 'Rembang', 'Rembang', 'Rembang', 'SIM', '123456', '', '', 70, 'Islam', 24, 'PEG. SWASTA', 'sudah menikah', 9, 'S1', 0, '', 1, 'PTPN 12', 0, '');

-- --------------------------------------------------------

--
-- Table structure for table `tbl_pasien_kebidanan`
--

CREATE TABLE IF NOT EXISTS `tbl_pasien_kebidanan` (
  `id_pasien_kebidanan` int(11) NOT NULL AUTO_INCREMENT,
  `tgl_registrasi` date NOT NULL,
  `pasien_id` int(11) NOT NULL,
  `no_rm` varchar(15) NOT NULL,
  `nama_lengkap` varchar(30) NOT NULL,
  `umur` int(3) NOT NULL,
  `jenis_kelamin` varchar(2) NOT NULL,
  `alamat` varchar(50) NOT NULL,
  `no_hp` varchar(13) NOT NULL,
  `rekanan_id` int(11) NOT NULL,
  `nama_rekanan` varchar(20) NOT NULL,
  `ptpn_id` int(11) NOT NULL,
  `nama_ptpn` varchar(20) NOT NULL,
  `jabatan_id` int(11) NOT NULL,
  `nama_jabatan` varchar(20) NOT NULL,
  `nama_penanggung_jawab` varchar(30) NOT NULL,
  `no_penanggung_jawab` int(13) NOT NULL,
  `hubungan_dengan_pasien` varchar(20) NOT NULL,
  PRIMARY KEY (`id_pasien_kebidanan`)
) ENGINE=MyISAM  DEFAULT CHARSET=latin1 AUTO_INCREMENT=2 ;

--
-- Dumping data for table `tbl_pasien_kebidanan`
--


-- --------------------------------------------------------

--
-- Table structure for table `tbl_pasien_pendukung`
--

CREATE TABLE IF NOT EXISTS `tbl_pasien_pendukung` (
  `id_pasien_pendukung` int(11) NOT NULL AUTO_INCREMENT,
  `tgl_registrasi` date NOT NULL,
  `pasien_id` int(11) NOT NULL,
  `no_rm` varchar(15) NOT NULL,
  `nama_lengkap` varchar(30) NOT NULL,
  `umur` int(3) NOT NULL,
  `jenis_kelamin` varchar(2) NOT NULL,
  `alamat` varchar(50) NOT NULL,
  `no_hp` varchar(13) NOT NULL,
  `rekanan_id` int(11) NOT NULL,
  `nama_rekanan` varchar(20) NOT NULL,
  `ptpn_id` int(11) NOT NULL,
  `nama_ptpn` varchar(20) NOT NULL,
  `jabatan_id` int(11) NOT NULL,
  `nama_jabatan` varchar(20) NOT NULL,
  `nama_penanggung_jawab` varchar(30) NOT NULL,
  `no_penanggung_jawab` int(13) NOT NULL,
  `hubungan_dengan_pasien` varchar(20) NOT NULL,
  `pendukung_id` int(11) NOT NULL,
  `nama_pendukung` varchar(20) NOT NULL,
  PRIMARY KEY (`id_pasien_pendukung`)
) ENGINE=MyISAM DEFAULT CHARSET=latin1 AUTO_INCREMENT=1 ;

--
-- Dumping data for table `tbl_pasien_pendukung`
--


-- --------------------------------------------------------

--
-- Table structure for table `tbl_pasien_rawat_inap`
--

CREATE TABLE IF NOT EXISTS `tbl_pasien_rawat_inap` (
  `id_pasien_rawat_inap` int(11) NOT NULL AUTO_INCREMENT,
  `tgl_registrasi` date NOT NULL,
  `pasien_id` int(11) NOT NULL,
  `no_rm` varchar(15) NOT NULL,
  `nama_lengkap` varchar(30) NOT NULL,
  `umur` int(3) NOT NULL,
  `jenis_kelamin` varchar(2) NOT NULL,
  `alamat` varchar(50) NOT NULL,
  `no_hp` varchar(13) NOT NULL,
  `rekanan_id` int(11) NOT NULL,
  `nama_rekanan` varchar(20) NOT NULL,
  `ptpn_id` int(11) NOT NULL,
  `nama_ptpn` varchar(20) NOT NULL,
  `jabatan_id` int(11) NOT NULL,
  `nama_jabatan` varchar(20) NOT NULL,
  `nama_penanggung_jawab` varchar(30) NOT NULL,
  `no_penanggung_jawab` int(13) NOT NULL,
  `hubungan_dengan_pasien` varchar(20) NOT NULL,
  `klinik_id` int(11) NOT NULL,
  `nama_klinik` varchar(20) NOT NULL,
  `kelas_kamar_id` int(2) NOT NULL,
  `nama_kelas_kamar` varchar(20) NOT NULL,
  `ruang_kamar_id` int(2) NOT NULL,
  `nama_ruang_kamar` varchar(20) NOT NULL,
  PRIMARY KEY (`id_pasien_rawat_inap`)
) ENGINE=MyISAM DEFAULT CHARSET=latin1 AUTO_INCREMENT=1 ;

--
-- Dumping data for table `tbl_pasien_rawat_inap`
--


-- --------------------------------------------------------

--
-- Table structure for table `tbl_pasien_rawat_jalan`
--

CREATE TABLE IF NOT EXISTS `tbl_pasien_rawat_jalan` (
  `id_pasien_rawat_jalan` int(11) NOT NULL AUTO_INCREMENT,
  `tgl_registrasi` date NOT NULL,
  `pasien_id` int(11) NOT NULL,
  `no_rm` varchar(15) NOT NULL,
  `nama_lengkap` varchar(30) NOT NULL,
  `umur` int(3) NOT NULL,
  `jenis_kelamin` varchar(2) NOT NULL,
  `alamat` varchar(50) NOT NULL,
  `no_hp` varchar(13) NOT NULL,
  `rekanan_id` int(11) NOT NULL,
  `nama_rekanan` varchar(20) NOT NULL,
  `ptpn_id` int(11) NOT NULL,
  `nama_ptpn` varchar(20) NOT NULL,
  `jabatan_id` int(11) NOT NULL,
  `nama_jabatan` varchar(20) NOT NULL,
  `nama_penanggung_jawab` varchar(30) NOT NULL,
  `no_penanggung_jawab` int(13) NOT NULL,
  `hubungan_dengan_pasien` varchar(20) NOT NULL,
  `klinik_id` int(11) NOT NULL,
  `nama_klinik` varchar(20) NOT NULL,
  PRIMARY KEY (`id_pasien_rawat_jalan`)
) ENGINE=MyISAM DEFAULT CHARSET=latin1 AUTO_INCREMENT=1 ;

--
-- Dumping data for table `tbl_pasien_rawat_jalan`
--


-- --------------------------------------------------------

--
-- Table structure for table `tbl_pendukung`
--

CREATE TABLE IF NOT EXISTS `tbl_pendukung` (
  `id_pendukung` int(11) NOT NULL AUTO_INCREMENT,
  `nama_pendukung` varchar(20) NOT NULL,
  PRIMARY KEY (`id_pendukung`)
) ENGINE=MyISAM  DEFAULT CHARSET=latin1 AUTO_INCREMENT=3 ;

--
-- Dumping data for table `tbl_pendukung`
--

INSERT INTO `tbl_pendukung` (`id_pendukung`, `nama_pendukung`) VALUES
(1, 'X-RAY PHOTO'),
(2, 'IGD');

-- --------------------------------------------------------

--
-- Table structure for table `tbl_ptpn`
--

CREATE TABLE IF NOT EXISTS `tbl_ptpn` (
  `id_ptpn` int(11) NOT NULL AUTO_INCREMENT,
  `nama_ptpn` varchar(20) NOT NULL,
  PRIMARY KEY (`id_ptpn`)
) ENGINE=InnoDB  DEFAULT CHARSET=latin1 AUTO_INCREMENT=2 ;

--
-- Dumping data for table `tbl_ptpn`
--

INSERT INTO `tbl_ptpn` (`id_ptpn`, `nama_ptpn`) VALUES
(1, 'PTPN 12');

-- --------------------------------------------------------

--
-- Table structure for table `tbl_rekanan`
--

CREATE TABLE IF NOT EXISTS `tbl_rekanan` (
  `id_rekanan` int(11) NOT NULL AUTO_INCREMENT,
  `nama_rekanan` varchar(20) NOT NULL,
  PRIMARY KEY (`id_rekanan`)
) ENGINE=InnoDB  DEFAULT CHARSET=latin1 AUTO_INCREMENT=2 ;

--
-- Dumping data for table `tbl_rekanan`
--

INSERT INTO `tbl_rekanan` (`id_rekanan`, `nama_rekanan`) VALUES
(1, 'PT. KAI');

-- --------------------------------------------------------

--
-- Table structure for table `tbl_rekening`
--

CREATE TABLE IF NOT EXISTS `tbl_rekening` (
  `id_rekening` int(2) NOT NULL AUTO_INCREMENT,
  `nama_rekening` varchar(200) NOT NULL,
  PRIMARY KEY (`id_rekening`)
) ENGINE=InnoDB  DEFAULT CHARSET=latin1 AUTO_INCREMENT=4 ;

--
-- Dumping data for table `tbl_rekening`
--

INSERT INTO `tbl_rekening` (`id_rekening`, `nama_rekening`) VALUES
(2, 'Tindakan'),
(3, 'Obat');

-- --------------------------------------------------------

--
-- Table structure for table `tbl_ruang_kamar`
--

CREATE TABLE IF NOT EXISTS `tbl_ruang_kamar` (
  `id_ruang_kamar` int(2) NOT NULL AUTO_INCREMENT,
  `nama_ruang_kamar` varchar(20) NOT NULL,
  `kelas_kamar_id` int(2) NOT NULL,
  `status` int(2) NOT NULL,
  `harga` varchar(10) NOT NULL,
  `fasilitas` text NOT NULL,
  PRIMARY KEY (`id_ruang_kamar`)
) ENGINE=InnoDB  DEFAULT CHARSET=latin1 AUTO_INCREMENT=6 ;

--
-- Dumping data for table `tbl_ruang_kamar`
--

INSERT INTO `tbl_ruang_kamar` (`id_ruang_kamar`, `nama_ruang_kamar`, `kelas_kamar_id`, `status`, `harga`, `fasilitas`) VALUES
(1, 'Utama A', 1, 0, '', ''),
(3, 'Utama B', 1, 0, '', ''),
(4, 'Utama C', 1, 0, '', ''),
(5, 'Utama C', 2, 0, '', '');

-- --------------------------------------------------------

--
-- Table structure for table `tbl_shift`
--

CREATE TABLE IF NOT EXISTS `tbl_shift` (
  `id_shift` int(11) NOT NULL AUTO_INCREMENT,
  `nama_shift` varchar(11) NOT NULL,
  PRIMARY KEY (`id_shift`)
) ENGINE=MyISAM  DEFAULT CHARSET=latin1 AUTO_INCREMENT=6 ;

--
-- Dumping data for table `tbl_shift`
--

INSERT INTO `tbl_shift` (`id_shift`, `nama_shift`) VALUES
(1, 'Shift 1'),
(5, 'Shift 2');

-- --------------------------------------------------------

--
-- Table structure for table `tbl_users`
--

CREATE TABLE IF NOT EXISTS `tbl_users` (
  `id` int(11) NOT NULL AUTO_INCREMENT,
  `nama` varchar(30) NOT NULL,
  `username` varchar(50) NOT NULL,
  `password` varchar(50) NOT NULL,
  `telp` int(15) NOT NULL,
  `email` varchar(100) NOT NULL,
  `pegawai_id` int(11) NOT NULL,
  `users_groups_id` int(11) NOT NULL,
  `users_operators_id` int(11) NOT NULL,
  PRIMARY KEY (`id`)
) ENGINE=MyISAM  DEFAULT CHARSET=latin1 AUTO_INCREMENT=33 ;

--
-- Dumping data for table `tbl_users`
--

INSERT INTO `tbl_users` (`id`, `nama`, `username`, `password`, `telp`, `email`, `pegawai_id`, `users_groups_id`, `users_operators_id`) VALUES
(1, 'Bidan', 'bidan', '0a2f7ac05ba8edee61b4e46aa5ec3957', 987654321, 'sfsfsf@yahoo.com', 7, 3, 10),
(2, 'Laporans', 'laporans', '0a2f7ac05ba8edee61b4e46aa5ec3957', 2147483647, 'rozq@yahoo.com', 17, 3, 8),
(3, 'Loket', 'loket', '0a2f7ac05ba8edee61b4e46aa5ec3957', 2147483647, 'loket@yahoo.com', 5, 3, 3),
(4, 'Admin DKK', 'admin', '0a2f7ac05ba8edee61b4e46aa5ec3957', 2147483647, 'admin_dinas@yahoo.com', 1, 1, 1),
(5, 'Farmaker', 'farmasi', '0a2f7ac05ba8edee61b4e46aa5ec3957', 2147483647, 'farmasi@yahoo.com', 9, 3, 16),
(6, 'Apoteker', 'apotek', '0a2f7ac05ba8edee61b4e46aa5ec3957', 2147483647, 'apotik@yahoo.com', 8, 3, 17),
(7, 'gudang apotek', 'gudang2', '0a2f7ac05ba8edee61b4e46aa5ec3957', 2147483647, 'asreds.claten@yahoo.com', 22, 3, 23),
(8, 'Apoteker Dinkes', '87', '0a2f7ac05ba8edee61b4e46aa5ec3957', 2147483647, 'oziq_13@yahoo.com', 23, 3, 17),
(9, 'gudang2', 'gudang', '0a2f7ac05ba8edee61b4e46aa5ec3957', 776766, 'sdsdsds@yahoo.com', 24, 3, 23),
(10, 'gudang3', 'gudang3', '0a2f7ac05ba8edee61b4e46aa5ec3957', 2147483647, 'dfsdsd@yahoo.com', 25, 3, 23),
(11, 'gudang4', 'gudang4', '0a2f7ac05ba8edee61b4e46aa5ec3957', 463757, 'sdfvsdgd@yahoo.com', 26, 3, 23),
(12, 'farmasi2', 'farmasi2', '0a2f7ac05ba8edee61b4e46aa5ec3957', 436674574, 'dfhdfhdf@yahoo.com', 27, 3, 16),
(13, 'apotek2', 'apotek2', '0a2f7ac05ba8edee61b4e46aa5ec3957', 34656457, 'fdgfdhgfh@yahoo.com', 28, 3, 17),
(14, 'apotek5', '5676', '0a2f7ac05ba8edee61b4e46aa5ec3957', 23564, 'dsfggdfh@yahoo.com', 29, 3, 17),
(15, 'rwerw', '24243', '0a2f7ac05ba8edee61b4e46aa5ec3957', 213, 'test@gorontalo.com', 30, 3, 3),
(16, 'Agung Yulianto Nugroho', '012010210', 'e3e5c0d2bd05a383c88e4558791df736', 5454, 'VDT@TGRDT.COM', 31, 2, 2),
(17, 'Ahmad Nur Diansyah', '012010211', '0a2f7ac05ba8edee61b4e46aa5ec3957', 86576, 'fdtdhyf@hgur.com', 32, 3, 3),
(18, 'Ancha', '06523277', '0a2f7ac05ba8edee61b4e46aa5ec3957', 465465, 'adek_ariani@ymail.com', 33, 3, 3),
(19, 'Rozi', '1111111', '7fa8282ad93047a4d6fe6111c93b308a', 1111111, 'aibeyc@yahoo.com', 34, 3, 3),
(20, 'joko', '1111112', '7c6f9bb459d2945d8e9d12bd0e6cbe41', 5454, 'jhds@ccc.xom', 35, 3, 10),
(21, 'ahmadiyah', '06523278', '5ff66f3761e1770727528f6e6f8ee78e', 765768, 'asreds.claten@yahoo.com', 36, 3, 10),
(22, 'Bambang Nurdiansyah', '1234561', '0a2f7ac05ba8edee61b4e46aa5ec3957', 54657687, 'asasa@sss.com', 37, 3, 3),
(23, 'Yukijoy', '0000001', '0a2f7ac05ba8edee61b4e46aa5ec3957', 35345456, 'sasasa@dede.com', 38, 3, 10),
(24, 'Siswanto Joyo', '0000002', '0a2f7ac05ba8edee61b4e46aa5ec3957', 786755, 'dadada@adadad.com', 39, 3, 3),
(25, 'Dr sarijo', '0000003', '0a2f7ac05ba8edee61b4e46aa5ec3957', 67675654, 'dadad@gagagga.com', 40, 3, 10),
(26, 'sastrowarto', '0000004', '0a2f7ac05ba8edee61b4e46aa5ec3957', 8767665, 'eaeaee@tatatat.com', 41, 3, 17),
(27, 'tukimin', '0000005', '0a2f7ac05ba8edee61b4e46aa5ec3957', 87868776, 'adafaffa@jdjdjd.com', 42, 3, 16),
(28, 'jikin', '30', 'a7cce404a61a079ce75459ba78ea8096', 989876, 'aaaa@yahoo.com', 43, 3, 28),
(29, 'Dokter', '3', '0a2f7ac05ba8edee61b4e46aa5ec3957', 2147483647, 'email@yahoo.com', 4, 3, 26),
(30, 'Dokter Anak', '12', '0a2f7ac05ba8edee61b4e46aa5ec3957', 82398484, 'anak@yahoo.com', 44, 3, 24),
(31, 'Perawat Anak', '123', '0a2f7ac05ba8edee61b4e46aa5ec3957', 8333232, 'anak@yahoo.com', 45, 3, 24),
(32, 'HRD', 'hrd', '0a2f7ac05ba8edee61b4e46aa5ec3957', 9687564, 'hrd@yahoo.com', 31, 3, 37);

-- --------------------------------------------------------

--
-- Table structure for table `tb_hasil_pemeriksaan_lab`
--

CREATE TABLE IF NOT EXISTS `tb_hasil_pemeriksaan_lab` (
  `id_hasil_lab` int(11) NOT NULL AUTO_INCREMENT,
  `permohonan_lab` varchar(11) NOT NULL,
  `tgl_pemeriksaan` date NOT NULL,
  `hasil_s1` varchar(50) NOT NULL,
  `hasil_p` varchar(50) NOT NULL,
  `hasil_s2` varchar(50) NOT NULL,
  `laboran` varchar(50) NOT NULL,
  `ket_hasil_lab` varchar(255) NOT NULL,
  PRIMARY KEY (`id_hasil_lab`)
) ENGINE=MyISAM DEFAULT CHARSET=latin1 AUTO_INCREMENT=1 ;

--
-- Dumping data for table `tb_hasil_pemeriksaan_lab`
--


-- --------------------------------------------------------

--
-- Table structure for table `tb_increment_register`
--

CREATE TABLE IF NOT EXISTS `tb_increment_register` (
  `nama` varchar(50) NOT NULL,
  `val` int(11) NOT NULL,
  `tpl` varchar(20) NOT NULL,
  PRIMARY KEY (`nama`)
) ENGINE=MyISAM DEFAULT CHARSET=latin1;

--
-- Dumping data for table `tb_increment_register`
--

INSERT INTO `tb_increment_register` (`nama`, `val`, `tpl`) VALUES
('no_nota', 10, 'PNJ');

-- --------------------------------------------------------

--
-- Table structure for table `tb_kip_header`
--

CREATE TABLE IF NOT EXISTS `tb_kip_header` (
  `id_kip_header` int(11) NOT NULL AUTO_INCREMENT,
  `no_rm_tb` varchar(11) NOT NULL,
  `catatan` varchar(255) NOT NULL,
  `fk_user` varchar(11) NOT NULL,
  `time` timestamp NOT NULL DEFAULT CURRENT_TIMESTAMP,
  PRIMARY KEY (`id_kip_header`)
) ENGINE=MyISAM DEFAULT CHARSET=latin1 AUTO_INCREMENT=1 ;

--
-- Dumping data for table `tb_kip_header`
--


-- --------------------------------------------------------

--
-- Table structure for table `tb_kip_konsul_dokter`
--

CREATE TABLE IF NOT EXISTS `tb_kip_konsul_dokter` (
  `id_konsul` int(11) NOT NULL AUTO_INCREMENT,
  `header` varchar(11) NOT NULL,
  `tgl_konsul` date NOT NULL,
  `tahap` varchar(20) NOT NULL,
  `jml_obat` int(11) NOT NULL,
  `tgl_kembali` date NOT NULL,
  PRIMARY KEY (`id_konsul`)
) ENGINE=MyISAM DEFAULT CHARSET=latin1 AUTO_INCREMENT=1 ;

--
-- Dumping data for table `tb_kip_konsul_dokter`
--


-- --------------------------------------------------------

--
-- Table structure for table `tb_kip_periksa_dahak`
--

CREATE TABLE IF NOT EXISTS `tb_kip_periksa_dahak` (
  `id_dahak` int(11) NOT NULL AUTO_INCREMENT,
  `tgl_pengambilan` date NOT NULL,
  `bulan` varchar(11) NOT NULL,
  `header` varchar(11) NOT NULL,
  PRIMARY KEY (`id_dahak`)
) ENGINE=MyISAM DEFAULT CHARSET=latin1 AUTO_INCREMENT=1 ;

--
-- Dumping data for table `tb_kip_periksa_dahak`
--


-- --------------------------------------------------------

--
-- Table structure for table `tb_kpp`
--

CREATE TABLE IF NOT EXISTS `tb_kpp` (
  `id` int(11) NOT NULL AUTO_INCREMENT,
  `no_rm` varchar(20) NOT NULL,
  `no_rm_tb` varchar(30) NOT NULL,
  `reg_upk` varchar(20) NOT NULL,
  `reg_kab` varchar(20) NOT NULL,
  `nama_pmo` varchar(50) NOT NULL,
  `status_pmo` varchar(50) NOT NULL,
  `alamat_pmo` varchar(128) NOT NULL,
  `parut_bcg` varchar(50) NOT NULL,
  `riwayat_pengobatan` varchar(50) NOT NULL,
  `catatan` varchar(25) NOT NULL,
  `perujuk` varchar(50) NOT NULL,
  `klasifikasi` varchar(50) NOT NULL,
  `tipe_pasien` varchar(50) NOT NULL,
  `pindahan_reg_kab` varchar(50) NOT NULL,
  `pindahan_tgl_berobat` date DEFAULT NULL,
  `tahap_intensif` varchar(50) NOT NULL,
  `jenis_obat` varchar(50) NOT NULL,
  `hasil_akhir` varchar(50) NOT NULL,
  `hasil_ket` varchar(255) NOT NULL,
  `tgl` date NOT NULL,
  `user` varchar(11) NOT NULL,
  `unker` varchar(11) NOT NULL,
  PRIMARY KEY (`id`)
) ENGINE=MyISAM DEFAULT CHARSET=latin1 AUTO_INCREMENT=1 ;

--
-- Dumping data for table `tb_kpp`
--


-- --------------------------------------------------------

--
-- Table structure for table `tb_kpp_dosis`
--

CREATE TABLE IF NOT EXISTS `tb_kpp_dosis` (
  `id` int(11) NOT NULL AUTO_INCREMENT,
  `kpp` varchar(20) NOT NULL,
  `kdt` int(11) NOT NULL,
  `streptomichin` int(11) NOT NULL,
  `katriokmosasol` int(11) NOT NULL,
  `arv` int(11) NOT NULL,
  `lainnya` int(11) NOT NULL,
  PRIMARY KEY (`id`)
) ENGINE=MyISAM DEFAULT CHARSET=latin1 AUTO_INCREMENT=1 ;

--
-- Dumping data for table `tb_kpp_dosis`
--


-- --------------------------------------------------------

--
-- Table structure for table `tb_kpp_jadwal`
--

CREATE TABLE IF NOT EXISTS `tb_kpp_jadwal` (
  `id` int(11) NOT NULL AUTO_INCREMENT,
  `kpp` varchar(20) NOT NULL,
  `tgl` date NOT NULL,
  PRIMARY KEY (`id`)
) ENGINE=MyISAM DEFAULT CHARSET=latin1 AUTO_INCREMENT=1 ;

--
-- Dumping data for table `tb_kpp_jadwal`
--


-- --------------------------------------------------------

--
-- Table structure for table `tb_kpp_kontak`
--

CREATE TABLE IF NOT EXISTS `tb_kpp_kontak` (
  `id` int(11) NOT NULL AUTO_INCREMENT,
  `nama` varchar(50) NOT NULL,
  `kelamin` varchar(10) NOT NULL,
  `tgl_lahir` date NOT NULL,
  `tgl_periksa` date NOT NULL,
  `hasil` varchar(255) NOT NULL,
  `kpp` varchar(20) NOT NULL,
  PRIMARY KEY (`id`)
) ENGINE=MyISAM DEFAULT CHARSET=latin1 AUTO_INCREMENT=1 ;

--
-- Dumping data for table `tb_kpp_kontak`
--


-- --------------------------------------------------------

--
-- Table structure for table `tb_kroscek`
--

CREATE TABLE IF NOT EXISTS `tb_kroscek` (
  `id_kroscek` int(11) NOT NULL AUTO_INCREMENT,
  `tgl_terima` date NOT NULL,
  `tgl_kirim` date NOT NULL,
  `yankes` int(11) NOT NULL,
  `petugas_kab` varchar(50) NOT NULL,
  `petugas_kroscek` varchar(50) NOT NULL,
  PRIMARY KEY (`id_kroscek`)
) ENGINE=MyISAM DEFAULT CHARSET=latin1 AUTO_INCREMENT=1 ;

--
-- Dumping data for table `tb_kroscek`
--


-- --------------------------------------------------------

--
-- Table structure for table `tb_kroscek_item`
--

CREATE TABLE IF NOT EXISTS `tb_kroscek_item` (
  `id_kroscek_item` int(11) NOT NULL AUTO_INCREMENT,
  `kroscek` varchar(11) NOT NULL,
  `permohonan_lab` varchar(11) NOT NULL,
  `tgl_kroscek` date NOT NULL,
  `kroscek_hasil_s1` varchar(10) NOT NULL,
  `kroscek_hasil_p` varchar(11) NOT NULL,
  `kroscek_hasil_s2` varchar(11) NOT NULL,
  `kualitas_sediaan` varchar(50) NOT NULL,
  `kualitas_pewarnaan` varchar(50) NOT NULL,
  PRIMARY KEY (`id_kroscek_item`)
) ENGINE=MyISAM DEFAULT CHARSET=latin1 AUTO_INCREMENT=1 ;

--
-- Dumping data for table `tb_kroscek_item`
--


-- --------------------------------------------------------

--
-- Table structure for table `tb_laboran`
--

CREATE TABLE IF NOT EXISTS `tb_laboran` (
  `id` int(11) NOT NULL AUTO_INCREMENT,
  `nama` varchar(50) NOT NULL,
  `telp` varchar(20) NOT NULL,
  `alamat` varchar(50) NOT NULL,
  PRIMARY KEY (`id`)
) ENGINE=MyISAM DEFAULT CHARSET=latin1 AUTO_INCREMENT=1 ;

--
-- Dumping data for table `tb_laboran`
--


-- --------------------------------------------------------

--
-- Table structure for table `tb_m_kop_surat`
--

CREATE TABLE IF NOT EXISTS `tb_m_kop_surat` (
  `id_kop` int(11) NOT NULL AUTO_INCREMENT,
  `text` text NOT NULL,
  `pejabat` varchar(11) NOT NULL,
  PRIMARY KEY (`id_kop`)
) ENGINE=MyISAM DEFAULT CHARSET=latin1 AUTO_INCREMENT=1 ;

--
-- Dumping data for table `tb_m_kop_surat`
--


-- --------------------------------------------------------

--
-- Table structure for table `tb_m_kpp`
--

CREATE TABLE IF NOT EXISTS `tb_m_kpp` (
  `id` int(11) NOT NULL AUTO_INCREMENT,
  `nama` varchar(50) NOT NULL,
  `type` varchar(50) NOT NULL,
  PRIMARY KEY (`id`)
) ENGINE=MyISAM  DEFAULT CHARSET=latin1 AUTO_INCREMENT=2 ;

--
-- Dumping data for table `tb_m_kpp`
--


-- --------------------------------------------------------

--
-- Table structure for table `tb_m_tahapan_intensif`
--

CREATE TABLE IF NOT EXISTS `tb_m_tahapan_intensif` (
  `id` int(11) NOT NULL AUTO_INCREMENT,
  `nama` varchar(50) NOT NULL,
  PRIMARY KEY (`id`)
) ENGINE=MyISAM DEFAULT CHARSET=latin1 AUTO_INCREMENT=1 ;

--
-- Dumping data for table `tb_m_tahapan_intensif`
--


-- --------------------------------------------------------

--
-- Table structure for table `tb_m_unit_yankes`
--

CREATE TABLE IF NOT EXISTS `tb_m_unit_yankes` (
  `id` int(11) NOT NULL AUTO_INCREMENT,
  `nama` varchar(50) NOT NULL,
  `telp` varchar(20) NOT NULL,
  `alamat` varchar(50) NOT NULL,
  PRIMARY KEY (`id`)
) ENGINE=MyISAM DEFAULT CHARSET=latin1 AUTO_INCREMENT=1 ;

--
-- Dumping data for table `tb_m_unit_yankes`
--


-- --------------------------------------------------------

--
-- Table structure for table `tb_pemeriksaan_dahak`
--

CREATE TABLE IF NOT EXISTS `tb_pemeriksaan_dahak` (
  `id_pemeriksaan` int(11) NOT NULL AUTO_INCREMENT,
  `kpp` varchar(20) NOT NULL,
  `bulan` varchar(50) NOT NULL,
  `no_reg` varchar(11) NOT NULL,
  `bb` int(11) NOT NULL,
  PRIMARY KEY (`id_pemeriksaan`)
) ENGINE=MyISAM DEFAULT CHARSET=latin1 AUTO_INCREMENT=1 ;

--
-- Dumping data for table `tb_pemeriksaan_dahak`
--


-- --------------------------------------------------------

--
-- Table structure for table `tb_permohonan_lab`
--

CREATE TABLE IF NOT EXISTS `tb_permohonan_lab` (
  `id_permohonan_lab` int(11) NOT NULL AUTO_INCREMENT,
  `no_rm_tb` varchar(20) NOT NULL,
  `yankes` varchar(11) NOT NULL,
  `diagnosa` varchar(11) NOT NULL,
  `tgl_ambil_s1` date NOT NULL,
  `tgl_ambil_p` date NOT NULL,
  `tgl_ambil_s2` date DEFAULT NULL,
  `tgl_ambil_terakhir` date NOT NULL,
  `tgl_kirim_sediaan` date NOT NULL,
  `nanah_lendir_s1` varchar(11) NOT NULL,
  `nanah_lendir_p` varchar(10) NOT NULL,
  `nanah_lendir_s2` varchar(10) NOT NULL,
  `bercak_darah_s1` varchar(11) NOT NULL,
  `bercak_darah_p` varchar(10) NOT NULL,
  `bercak_darah_s2` varchar(10) NOT NULL,
  `air_liur_s1` varchar(11) NOT NULL,
  `register` varchar(11) NOT NULL,
  `tipe_diagnosa` varchar(5) NOT NULL,
  `air_liur_p` varchar(10) NOT NULL,
  `air_liur_s2` varchar(10) NOT NULL,
  PRIMARY KEY (`id_permohonan_lab`)
) ENGINE=MyISAM DEFAULT CHARSET=latin1 AUTO_INCREMENT=1 ;

--
-- Dumping data for table `tb_permohonan_lab`
--


-- --------------------------------------------------------

--
-- Table structure for table `tb_rujukan`
--

CREATE TABLE IF NOT EXISTS `tb_rujukan` (
  `id_rujukan` int(11) NOT NULL AUTO_INCREMENT,
  `kpp` varchar(20) NOT NULL,
  `nama_instansi` varchar(50) NOT NULL,
  `telp_instansi` varchar(20) NOT NULL,
  `tgl_rujukan` date NOT NULL,
  `user` varchar(11) NOT NULL,
  `unker` varchar(11) NOT NULL,
  PRIMARY KEY (`id_rujukan`)
) ENGINE=MyISAM DEFAULT CHARSET=latin1 AUTO_INCREMENT=1 ;

--
-- Dumping data for table `tb_rujukan`
--


-- --------------------------------------------------------

--
-- Table structure for table `tb_skoring_gejala`
--

CREATE TABLE IF NOT EXISTS `tb_skoring_gejala` (
  `id_skoring` int(11) NOT NULL AUTO_INCREMENT,
  `kpp` int(11) NOT NULL,
  `parut_bcg_skor` int(11) NOT NULL,
  `parut_bcg_desc` varchar(255) NOT NULL,
  `tuberklin_skor` int(11) NOT NULL,
  `tuberklin_desc` varchar(255) NOT NULL,
  `bb_skor` int(11) NOT NULL,
  `bb_desc` varchar(255) NOT NULL,
  `demam_tanpa_sebab_skor` int(11) NOT NULL,
  `demam_tanpa_sebab_desc` varchar(255) NOT NULL,
  `batuk_skor` int(11) NOT NULL,
  `batuk_desc` varchar(255) NOT NULL,
  `demam_tanpa_pembesaran_skor` int(11) NOT NULL,
  `demam_tanpa_pembesaran_desc` varchar(255) NOT NULL,
  `bengkak_tulang_skor` int(11) NOT NULL,
  `bengkak_tulang_desc` varchar(255) NOT NULL,
  `foto_toraks_skor` int(11) NOT NULL,
  `foto_toraks_desc` varchar(255) NOT NULL,
  `ket_hasil` text NOT NULL,
  PRIMARY KEY (`id_skoring`)
) ENGINE=MyISAM DEFAULT CHARSET=latin1 AUTO_INCREMENT=1 ;

--
-- Dumping data for table `tb_skoring_gejala`
--


-- --------------------------------------------------------

--
-- Table structure for table `tunjangan`
--

CREATE TABLE IF NOT EXISTS `tunjangan` (
  `id` int(3) NOT NULL AUTO_INCREMENT,
  `nama_tunjangan` varchar(30) NOT NULL,
  PRIMARY KEY (`id`)
) ENGINE=MyISAM  DEFAULT CHARSET=latin1 AUTO_INCREMENT=7 ;

--
-- Dumping data for table `tunjangan`
--

INSERT INTO `tunjangan` (`id`, `nama_tunjangan`) VALUES
(6, 'Jabatan'),
(2, 'Tunjangan Keluarga'),
(3, 'Tunjangan Transportasi');

-- --------------------------------------------------------

--
-- Table structure for table `tunjangan_pegawai`
--

CREATE TABLE IF NOT EXISTS `tunjangan_pegawai` (
  `id_tunjangan_pegawai` int(11) NOT NULL AUTO_INCREMENT,
  `tunjangan_id` int(11) NOT NULL,
  `nilai_tunjangan` int(20) NOT NULL,
  `pegawai_id` int(11) NOT NULL,
  PRIMARY KEY (`id_tunjangan_pegawai`)
) ENGINE=MyISAM  DEFAULT CHARSET=latin1 AUTO_INCREMENT=6 ;

--
-- Dumping data for table `tunjangan_pegawai`
--

INSERT INTO `tunjangan_pegawai` (`id_tunjangan_pegawai`, `tunjangan_id`, `nilai_tunjangan`, `pegawai_id`) VALUES
(1, 2, 20000, 48),
(2, 6, 100000, 31),
(3, 6, 10000, 48),
(4, 6, 10000, 30),
(5, 3, 10000, 48);

-- --------------------------------------------------------

--
-- Table structure for table `umurs`
--

CREATE TABLE IF NOT EXISTS `umurs` (
  `id` int(3) NOT NULL AUTO_INCREMENT,
  `nama_umur` varchar(20) NOT NULL,
  `batas_bawah` int(3) NOT NULL,
  `batas_atas` int(3) NOT NULL,
  PRIMARY KEY (`id`)
) ENGINE=MyISAM  DEFAULT CHARSET=latin1 AUTO_INCREMENT=13 ;

--
-- Dumping data for table `umurs`
--

INSERT INTO `umurs` (`id`, `nama_umur`, `batas_bawah`, `batas_atas`) VALUES
(1, '0 - 7 Hr', 0, 7),
(2, '8 - 28 Hr', 8, 29),
(3, '1 Bl - 1 Th', 29, 1),
(4, '1 - 4 Th', 1, 5),
(5, '5 - 9 Th', 5, 10),
(6, '10 - 14 Th', 10, 15),
(7, '15 - 19 Th', 15, 20),
(8, '20 - 44 Th', 20, 45),
(9, '45 - 54 Th', 45, 55),
(10, '55 - 60 Th', 55, 60),
(11, '60 - 69 Th', 60, 70),
(12, '> 70 Th', 70, 200);

-- --------------------------------------------------------

--
-- Table structure for table `unit_kerja`
--

CREATE TABLE IF NOT EXISTS `unit_kerja` (
  `id_unit_kerja` int(11) NOT NULL AUTO_INCREMENT,
  `kode_unit_kerja` varchar(50) NOT NULL,
  `nama_unit_kerja` varchar(50) NOT NULL,
  `alamat` text NOT NULL,
  `telp` varchar(50) NOT NULL,
  `fax` varchar(50) NOT NULL,
  `kode_jabatan` varchar(50) NOT NULL,
  `kepala` varchar(255) NOT NULL,
  `nip` varchar(30) NOT NULL,
  `id_bidang` varchar(11) NOT NULL,
  `kategori` varchar(11) NOT NULL,
  PRIMARY KEY (`id_unit_kerja`)
) ENGINE=MyISAM  DEFAULT CHARSET=latin1 AUTO_INCREMENT=9 ;

--
-- Dumping data for table `unit_kerja`
--

INSERT INTO `unit_kerja` (`id_unit_kerja`, `kode_unit_kerja`, `nama_unit_kerja`, `alamat`, `telp`, `fax`, `kode_jabatan`, `kepala`, `nip`, `id_bidang`, `kategori`) VALUES
(1, '12.11.26.01.00', 'Puskesmas Karang Rejo', 'Karang Rejo', '0', '0', 'Kepala Puskesmas', 'Nama', '0', '', '0'),
(2, '12.11.26.02.00', 'Puskesmas Mamburungan', 'Mamburungan', '0', '0', '0', '0', '0', '', '0'),
(3, '12.11.26.03.00', 'Puskesmas Gunung Lingkas', 'Gunung Lingkas', '0', '0', '0', '0', '0', '', '0'),
(4, '12.11.26.04.00', 'Puskesmas Juata Laut', 'Juata Laut', '0', '0', '0', '0', '0', '', '0'),
(5, '12.11.26.05.00', 'Puskesmas Juata Permai', 'Juata Permai', '0', '0', '0', '0', '0', '', '0'),
(6, '12.11.26.06.00', 'Puskesmas Pantai Amal', 'Pantai Amal', '0', '0', '0', '0', '0', '', '0'),
(7, '12.11.26.07.00', 'Puskesmas Sebengkok', 'Sebengkok', '0', '0', '0', '0', '0', '', '0'),
(8, '12.11.26.00.00', 'Dinas Kesehatan Kota Tarakan', 'Tarakan', '0', '0', '0', '0', '0', '', '0');

-- --------------------------------------------------------

--
-- Table structure for table `user`
--

CREATE TABLE IF NOT EXISTS `user` (
  `id` int(11) NOT NULL AUTO_INCREMENT,
  `username` varchar(50) NOT NULL,
  `pwd` varchar(255) NOT NULL,
  `nama` varchar(50) NOT NULL,
  `email` varchar(255) NOT NULL,
  `group` varchar(20) NOT NULL,
  `operator` varchar(50) NOT NULL,
  `bagian` varchar(50) NOT NULL,
  PRIMARY KEY (`id`)
) ENGINE=MyISAM  DEFAULT CHARSET=latin1 AUTO_INCREMENT=35 ;

--
-- Dumping data for table `user`
--

INSERT INTO `user` (`id`, `username`, `pwd`, `nama`, `email`, `group`, `operator`, `bagian`) VALUES
(1, 'admin', '21232f297a57a5a743894a0e4a801fc3', 'admin', '', 'root', '', ''),
(27, '15', '9bf31c7ff062936a96d3c8bd1f8f2ff3', '0', '', 'Operator', 'Dinkes TB', ''),
(26, '3', 'eccbc87e4b5ce2fe28308fd9f2a7baf3', '0', '', 'Operator', 'Dokter Umum', ''),
(25, '14', 'c4ca4238a0b923820dcc509a6f75849b', '0', '', 'Operator TB', 'Petugas TB', ''),
(24, '10', 'd3d9446802a44259755d38e6d163e820', '0', '', 'Operator TB', 'Laboran Puskesmas', ''),
(28, '8', 'c9f0f895fb98ab9159f51fd0297e236d', '0', '', 'Operator', 'Farmasi', ''),
(29, '7', '8f14e45fceea167a5a36dedd4bea2543', '0', '', 'Operator', 'Apoteker', ''),
(30, '4', 'a87ff679a2f3e71d9181a67b7542122c', '0', '', 'Operator', 'Loket', ''),
(31, '99', 'ac627ab1ccbdb62ec96e702f07f6425b', '0', '', 'Operator', 'Apoteker', ''),
(32, '6', '1679091c5a880faf6fb5e6087eb1b2dc', '0', '', 'Operator', 'Bidan', ''),
(33, '1234567890', 'c4ca4238a0b923820dcc509a6f75849b', '0', 'eko@gmail.com', 'Operator', 'Farmasi', ''),
(34, '30', '34173cb38f07f89ddbebc2ac9128303f', '0', 'ika@email.com', 'Admin Puskesmas', '', '');

-- --------------------------------------------------------

--
-- Table structure for table `users`
--

CREATE TABLE IF NOT EXISTS `users` (
  `id` int(11) NOT NULL AUTO_INCREMENT,
  `username` varchar(50) NOT NULL,
  `password` text NOT NULL,
  `nama` varchar(100) NOT NULL,
  `group_id` int(11) NOT NULL,
  `role` int(11) NOT NULL,
  `unit_kerja_id` int(11) NOT NULL,
  `telp` int(15) NOT NULL,
  `email` varchar(100) NOT NULL,
  PRIMARY KEY (`id`)
) ENGINE=MyISAM  DEFAULT CHARSET=latin1 AUTO_INCREMENT=7 ;

--
-- Dumping data for table `users`
--

INSERT INTO `users` (`id`, `username`, `password`, `nama`, `group_id`, `role`, `unit_kerja_id`, `telp`, `email`) VALUES
(5, 'roziqin', '832947981ba1f78096cbb6754f3f6f6b', 'roziqin', 2, 3, 7, 2147483647, 'rozq@yahoo.com');

-- --------------------------------------------------------

--
-- Table structure for table `users_akses`
--

CREATE TABLE IF NOT EXISTS `users_akses` (
  `id` int(11) NOT NULL AUTO_INCREMENT,
  `nama_kontroler` varchar(50) NOT NULL,
  `aksi` varchar(50) NOT NULL,
  `users_groups_id` int(11) NOT NULL,
  PRIMARY KEY (`id`)
) ENGINE=MyISAM  DEFAULT CHARSET=latin1 AUTO_INCREMENT=2 ;

--
-- Dumping data for table `users_akses`
--

INSERT INTO `users_akses` (`id`, `nama_kontroler`, `aksi`, `users_groups_id`) VALUES
(1, 'loket', 'loket', 3);

-- --------------------------------------------------------

--
-- Table structure for table `users_group`
--

CREATE TABLE IF NOT EXISTS `users_group` (
  `id` int(11) NOT NULL AUTO_INCREMENT,
  `nama_group` varchar(25) NOT NULL,
  PRIMARY KEY (`id`)
) ENGINE=MyISAM  DEFAULT CHARSET=latin1 AUTO_INCREMENT=5 ;

--
-- Dumping data for table `users_group`
--

INSERT INTO `users_group` (`id`, `nama_group`) VALUES
(1, 'Loket'),
(2, 'IFK'),
(3, 'Apotek'),
(4, 'Labkesda');

-- --------------------------------------------------------

--
-- Table structure for table `users_groups`
--

CREATE TABLE IF NOT EXISTS `users_groups` (
  `id` int(11) NOT NULL AUTO_INCREMENT,
  `nama_users_groups` varchar(30) NOT NULL,
  PRIMARY KEY (`id`)
) ENGINE=MyISAM  DEFAULT CHARSET=latin1 AUTO_INCREMENT=4 ;

--
-- Dumping data for table `users_groups`
--

INSERT INTO `users_groups` (`id`, `nama_users_groups`) VALUES
(1, 'Admin Dinkes'),
(2, 'Admin Puskesmas'),
(3, 'Operator');

-- --------------------------------------------------------

--
-- Table structure for table `users_operators`
--

CREATE TABLE IF NOT EXISTS `users_operators` (
  `id` int(11) NOT NULL AUTO_INCREMENT,
  `nama_users_operators` varchar(30) NOT NULL,
  `users_groups_id` int(11) NOT NULL,
  `hak_akses` text NOT NULL,
  PRIMARY KEY (`id`)
) ENGINE=MyISAM  DEFAULT CHARSET=latin1 AUTO_INCREMENT=38 ;

--
-- Dumping data for table `users_operators`
--

INSERT INTO `users_operators` (`id`, `nama_users_operators`, `users_groups_id`, `hak_akses`) VALUES
(1, 'admin_dinkes', 1, 'admin,admin'),
(24, 'klinik_anak', 3, 'poli,polianak,poliriwayat,data,popup'),
(3, 'loket', 3, 'loket,sosial_kepala_keluarga,sosial_anggota_keluarga,admission_registrasi,tbl_pasien_rawat_jalan,tbl_pasien_kebidanan,list_registrasi,tbl_pasien_rawat,tbl_pasien_pendukung,tbl_pasien_rawat_inap,list_pasien_rawat_jalan,list_pasien_rawat_inap,list_pasien_pendukung,list_pasien_kebidanan,pendaftaran_pasien,pendaftaran_pasien_rekanan,pendaftaran_pasien_internal,pendaftaran_pasien_ptpn,appointment,laporan_loket'),
(25, 'klinik_igd', 3, 'poli,poliigd,poliriwayat,data,popup'),
(8, 'laporans', 3, 'laporans,apotek_lplpo,farmasi_lplpo,gudang_lplpo,laporan_lb1'),
(10, 'klinik', 3, 'poli,data,giziburuk,home,kegiatan,labkesda,labkesda_home,laboratorium,lap_anak,lap_chart,lap_dewasa,lap_gigi,lap_gizi,lap_igd,lap_imunisasi,lap_kb,lap_kia,lap_labkesda,lap_laboratorium,lap_lansia,lap_lb,lap_lb3,lap_lb4,lap_penyakit,login,poli,polianak,polibidan,policetaklabkesda,polidewasa,poligigi,poligizi,poligiziburuk,poliigd,poliimun,polikb,polilab,polilansia,poliperiksalabkesda,poliposyandu,poliriwayat,polisampel,polisampellabkesda,polivita,popup,laporan_1,laporan_2,laporan_3,laporan_4,laporan_5,laporan_6,laporan_grafik,laporan_hasil,laporan_kip,laporan_kpp,laporan_permohonan,laporan_rujukan,laporan_sedian,laporan_ulang,master_kpp,transaksi_dahak,transaksi_kip,transaksi_kpp,transaksi_kroscek,transaksi_lab,transaksi_permohonan,transaksi_rujukan,transaksi_skoring,welcome'),
(28, 'klinik_gizi', 3, 'poli,poligizi,poliriwayat,popup,data,poligiziburuk,poliposyandu,polivita'),
(16, 'farmasi', 3, 'farmasi,apt_gol,apt_sales,apt_satuan,apt_sumber,apt_supplier,farmasi,farmasi_obat_jenis,farmasi_obats,farmasi_penerimaan,farmasi_pengeluaran,laporan_farmasi_penerimaan,laporan_obat,laporan_farmasi_pengeluaran,permintaan_obat_supplier,obat,tunjangan_pegawai,tunjangan,penerimaan_obat_supplier'),
(17, 'apotik', 3, 'apotek,apotek_penerimaan,apotek_pengeluaran,laporan_apotek_penerimaan'),
(27, 'klinik_lansia', 3, 'poli,polilansia,poliriwayat,popup,data'),
(26, 'klinik_dewasa', 3, 'poli,polidewasa,poliriwayat,popup'),
(23, 'gudang', 3, 'gudang,gudang_penerimaan,gudang_pengeluaran,mutasi_pengeluaran,laporan_gudang_apotek_penerimaan,laporan_gudang_apotek_pengeluaran,laporan_mutasi_pengeluaran'),
(29, 'klinik_gigi', 3, 'poli,poligigi,poliriwayat,popup,data'),
(30, 'klinik_imunisasi', 3, 'poli,poliimun,poliriwayat,popup,data'),
(31, 'klinik_kia', 3, 'poli,polibidan,poliriwayat,popup,data'),
(32, 'klinik_kb', 3, 'poli,polikb,popup,data'),
(33, 'klinik_laborat', 3, 'poli,polisampel,polilab'),
(34, 'klinik_laporan', 3, 'poli,lap_penyakit,lap_chart,lap_igd,lap_dewasa,lap_lansia,lap_anak,lap_gizi,lap_gigi,lap_imunisasi,lap_kb,lap_kia,lap_laboratorium,lap_lb3,lap_lb4'),
(35, 'labkesda', 3, 'poli,labkesda_home,labkesda,polisampellabkesda,poliperiksalabkesda,policetaklabkesda,lap_labkesda'),
(36, 'tb', 3, 'tb,home,master_kpp,transaksi_kpp,transaksi_kip,transaksi_permohonan,transaksi_dahak,transaksi_lab,transaksi_skoring,transaksi_kroscek,transaksi_rujukan,laporan_kpp,laporan_kip,laporan_permohonan,laporan_rujukan,laporan_hasil,laporan_sedian,laporan_1,laporan_2,laporan_3,laporan_4,laporan_5,laporan_6,laporan_ulang,laporan_grafik'),
(37, 'hrd', 3, 'hrd,hrd_home,admission_klinik,pegawai,riwayat_pegawai,tunjangan_pegawai,tunjangan,shift,jam_kerja,surat_ijin,jam_kerja_pegawai,absensi,gaji,gaji_pegawai,gaji_jabatan,sinkronisasi_absensi');

-- --------------------------------------------------------

--
-- Table structure for table `users_role`
--

CREATE TABLE IF NOT EXISTS `users_role` (
  `id` int(11) NOT NULL AUTO_INCREMENT,
  `nama_role` varchar(25) NOT NULL,
  PRIMARY KEY (`id`)
) ENGINE=MyISAM  DEFAULT CHARSET=latin1 AUTO_INCREMENT=4 ;

--
-- Dumping data for table `users_role`
--

INSERT INTO `users_role` (`id`, `nama_role`) VALUES
(1, 'Admin Dinkes'),
(2, 'Admin Puskesmas'),
(3, 'Operator');

-- --------------------------------------------------------

--
-- Table structure for table `user_privilege`
--

CREATE TABLE IF NOT EXISTS `user_privilege` (
  `id_user_privilege` int(11) NOT NULL AUTO_INCREMENT,
  `nama` varchar(50) NOT NULL,
  `privilege` text NOT NULL,
  PRIMARY KEY (`id_user_privilege`)
) ENGINE=MyISAM  DEFAULT CHARSET=latin1 AUTO_INCREMENT=7 ;

--
-- Dumping data for table `user_privilege`
--

INSERT INTO `user_privilege` (`id_user_privilege`, `nama`, `privilege`) VALUES
(1, 'rwer', 'apotik_tbar, data_master_tbar, laporan_tbar'),
(2, 'HND', 'penata_jasa_tbar ELM, penata_jasa_tbar TMO, penata_jasa_tbar TMNO'),
(3, 'TEST', 'penata_jasa_tbar Elektromedik, penata_jasa_tbar Tindakan Medik Operatif, penata_jasa_tbar Tindakan Medik Non Operatif'),
(4, 'a', 'penata_jasa_tbar Elektromedik, penata_jasa_tbar Tindakan Medik Operatif, penata_jasa_tbar Tindakan Medik Non Operatif, apotik_tbar'),
(5, 'c', 'pendaftaran_tbar, penata_jasa_tbar ELM, penata_jasa_tbar TMO, penata_jasa_tbar TMNO'),
(6, 'rm', 'pendaftaran_tbar, kasir_tbar, pindah_kamar_tbar, administrasi_akomodasi_tbar, instalasi_rajal_tbar, instalasi_ranap_tbar, instalasi_rm_tbar');

-- --------------------------------------------------------

--
-- Table structure for table `x_resep`
--

CREATE TABLE IF NOT EXISTS `x_resep` (
  `id_resep` int(11) NOT NULL AUTO_INCREMENT,
  `no_resep` text NOT NULL,
  `pemeriksaan_id` int(11) NOT NULL,
  `tanggal_resep` timestamp NOT NULL DEFAULT CURRENT_TIMESTAMP,
  `nett_total` int(11) NOT NULL,
  `dokter_id` varchar(11) NOT NULL,
  PRIMARY KEY (`id_resep`)
) ENGINE=InnoDB  DEFAULT CHARSET=latin1 AUTO_INCREMENT=2 ;

--
-- Dumping data for table `x_resep`
--

INSERT INTO `x_resep` (`id_resep`, `no_resep`, `pemeriksaan_id`, `tanggal_resep`, `nett_total`, `dokter_id`) VALUES
(1, '1', 1, '2013-04-26 14:49:29', 0, '004');

-- --------------------------------------------------------

--
-- Table structure for table `x_resep_detail`
--

CREATE TABLE IF NOT EXISTS `x_resep_detail` (
  `id_detail` int(11) NOT NULL AUTO_INCREMENT,
  `item_id` int(11) NOT NULL,
  `jumlah` int(11) NOT NULL,
  `segma` text NOT NULL,
  `ket_resep` text NOT NULL,
  `total` int(11) NOT NULL,
  `pemeriksaan_id` int(11) NOT NULL,
  PRIMARY KEY (`id_detail`)
) ENGINE=InnoDB  DEFAULT CHARSET=latin1 AUTO_INCREMENT=4 ;

--
-- Dumping data for table `x_resep_detail`
--

INSERT INTO `x_resep_detail` (`id_detail`, `item_id`, `jumlah`, `segma`, `ket_resep`, `total`, `pemeriksaan_id`) VALUES
(1, 32, 6, 'sehabis tidur', 'makna pake pisang enak', 0, 1),
(3, 8, 12, 'pembelian tanpa resep', 'ok', 0, 1);

/*!40101 SET CHARACTER_SET_CLIENT=@OLD_CHARACTER_SET_CLIENT */;
/*!40101 SET CHARACTER_SET_RESULTS=@OLD_CHARACTER_SET_RESULTS */;
/*!40101 SET COLLATION_CONNECTION=@OLD_COLLATION_CONNECTION */;
